<?xml version="1.0"?>
    <?xml-model href="http://www.tei-c.org/release/xml/tei/custom/schema/relaxng/tei_all.rng" type="application/xml" schematypens="http://relaxng.org/ns/structure/1.0"?>    
    <TEI xmlns="http://www.tei-c.org/ns/1.0" xml:id="d872914">
       <teiHeader>
          <fileDesc>
             <titleStmt>
                <title>Heft 10 (1807-1810)
                </title>
                <author>Anna Maria Preiswerk-Iselin</author>
             </titleStmt>
             <publicationStmt>
                <publisher xml:id="editor">Tagebücher Anna Maria Preiswerk-Iselin Projekt</publisher>
                <pubPlace>Basel</pubPlace>
                <date when="2022-03">March 2021</date>
                <availability>
                   <licence notBefore="2022-03-01" target="http://creativecommons.org/licenses/by-sa/4.0/">
                      <p>[...]</p>
                      <p>This work is licensed under a Creative Commons Attribution-ShareAlike 4.0 International License.</p>
                      <p> You are free to: <list>
                            <item> Share — copy and redistribute the material in any medium or format</item>
                            <item> Adapt — remix, transform, and build upon the material</item>
                         </list>
                      </p>
                      <p> Under the following terms: <list>
                            <item> Attribution — You must give appropriate credit, provide a link to the license, and indicate if changes were made. You
                               may do so in any reasonable manner, but not in any way that suggests the licensor endorses you or your use.</item>
                            <item> ShareAlike — If you remix, transform, or build upon the material, you must distribute your contributions under the same
                               license as the original.</item>
                            <item> No additional restrictions — You may not apply legal terms or technological measures that legally restrict others from
                               doing anything the license permits.</item>
                         </list>
                      </p>
                      <p>The licence was added on March first, 2022.</p>
                   </licence>
                </availability>
             </publicationStmt>
             <sourceDesc>
                <msDesc>
                   <msIdentifier>
                      <settlement>Basel</settlement>
                      <repository>Staatsarchiv</repository>
                      <idno>StABS PA 511 304-03-04</idno>
                      <msName>Heft 12 (1815-1816) - Anna Maria Preiswerk-Iselin </msName>
                   </msIdentifier>
                </msDesc>
    <listPerson><person xml:id="i868068"><persName>Sophia Vischer-Preiswerk</persName></person><person xml:id="i868154"><persName>Wilhelm Vischer-Bilfinger</persName></person><person xml:id="i872969"><persName>Johann Hugo Wyttenbach</persName></person><person xml:id="i867938"><persName>Niclaus Preiswerk-Iselin</persName></person><person xml:id="i873014"><persName>Johann Gottlieb Fichte</persName></person><person xml:id="i835836"><persName>Susanna Paravicini-Preiswerk</persName></person><person xml:id="i835771"><persName>Dietrich Preiswerk-Bischoff</persName></person><person xml:id="i867825"><persName>Isaak Iselin-Forcart</persName></person><person xml:id="i835869"><persName>Lux</persName></person><person xml:id="i868031"><persName>Sophia Burckhardt-Vischer</persName></person><person xml:id="i836911"><persName>Dietrich Iselin-Ryhiner</persName></person><person xml:id="i836705"><persName>Adelheid Iselin</persName></person><person xml:id="i836899"><persName>Dietrich Iselin</persName></person><person xml:id="i836982"><persName>Emilia Bischoff-Iselin</persName></person><person xml:id="i837114"><persName>Isaac Achilles Iselin-Burckhardt</persName></person><person xml:id="i868080"><persName>Sophie Elisabeth Iselin-Iselin</persName></person></listPerson><listObject><object xml:id="i910645" type="tag"><objectIdentifier><objectName>Trübe Stimmung</objectName></objectIdentifier></object><object xml:id="i873943" type="tag"><objectIdentifier><objectName>Alter(n)</objectName></objectIdentifier></object><object xml:id="i899009" type="tag"><objectIdentifier><objectName>Wunsch</objectName></objectIdentifier></object><object xml:id="i874029" type="tag"><objectIdentifier><objectName>Rückblick</objectName></objectIdentifier></object><object xml:id="i873990" type="tag"><objectIdentifier><objectName>Selbstreflexion</objectName></objectIdentifier></object><object xml:id="i873852" type="tag"><objectIdentifier><objectName>Brief</objectName></objectIdentifier></object><object xml:id="i874090" type="tag"><objectIdentifier><objectName>Personenbeschreibung</objectName></objectIdentifier></object><object xml:id="i874235" type="tag"><objectIdentifier><objectName>Ausbildung</objectName></objectIdentifier></object><object xml:id="i874148" type="tag"><objectIdentifier><objectName>Besuch</objectName></objectIdentifier></object><object xml:id="i922800" type="tag"><objectIdentifier><objectName>Einsamkeit</objectName></objectIdentifier></object><object xml:id="i873901" type="tag"><objectIdentifier><objectName>Trennung</objectName></objectIdentifier></object><object xml:id="i874141" type="tag"><objectIdentifier><objectName>Gedanken über den Tod</objectName></objectIdentifier></object><object xml:id="i874436" type="tag"><objectIdentifier><objectName>Über das weibliche Geschlecht</objectName></objectIdentifier></object><object xml:id="i874486" type="tag"><objectIdentifier><objectName>Gedanken zur Ehe</objectName></objectIdentifier></object><object xml:id="i899058" type="tag"><objectIdentifier><objectName>Alter(n) anderer Personen</objectName></objectIdentifier></object><object xml:id="i873936" type="tag"><objectIdentifier><objectName>Philosophie</objectName></objectIdentifier></object><object xml:id="i873831" type="tag"><objectIdentifier><objectName>Selbstzeugnis schreiben</objectName></objectIdentifier></object><object xml:id="i873922" type="tag"><objectIdentifier><objectName>Religion</objectName></objectIdentifier></object><object xml:id="i873825" type="tag"><objectIdentifier><objectName>Altersgebrechen</objectName></objectIdentifier></object><object xml:id="i874226" type="tag"><objectIdentifier><objectName>Gedanken zur Gesellschaft</objectName></objectIdentifier></object><object xml:id="i874019" type="tag"><objectIdentifier><objectName>Zweifel</objectName></objectIdentifier></object><object xml:id="i906860" type="book_etc"><objectIdentifier><objectName>Fichte: Die Anweisung zum seligen Leben.</objectName></objectIdentifier></object><object xml:id="i873964" type="tag"><objectIdentifier><objectName>Selbstkritik</objectName></objectIdentifier></object><object xml:id="i874077" type="tag"><objectIdentifier><objectName>Tätigkeiten</objectName></objectIdentifier></object><object xml:id="i874045" type="tag"><objectIdentifier><objectName>Gedanken zur Erziehung</objectName></objectIdentifier></object><object xml:id="i898746" type="tag"><objectIdentifier><objectName>Schmerz/Krankheit Familie</objectName></objectIdentifier></object><object xml:id="i873894" type="tag"><objectIdentifier><objectName>Allgemeine Stimmung</objectName></objectIdentifier></object><object xml:id="i892101" type="tag"><objectIdentifier><objectName>Geburt</objectName></objectIdentifier></object><object xml:id="i873957" type="tag"><objectIdentifier><objectName>Freundschaft</objectName></objectIdentifier></object><object xml:id="i874064" type="tag"><objectIdentifier><objectName>Empfinden</objectName></objectIdentifier></object><object xml:id="i873908" type="tag"><objectIdentifier><objectName>Geschäfte</objectName></objectIdentifier></object><object xml:id="i910740" type="tag"><objectIdentifier><objectName>Unnütz/Untätig</objectName></objectIdentifier></object></listObject>
    </sourceDesc>
      </fileDesc>
      <profileDesc>
         <textClass>
            <!-- vérifier !!! -->
            <catRef scheme="#genre" target="#journal"/>
         </textClass>
         <langUsage>
            <language ident="de">Deutsch</language>
         </langUsage>
      </profileDesc>
   </teiHeader>
       <text><body><div xml:id="d23389398" corresp="d872922" ><head resp="#editor">Tagebucheintrag<date> 27.08.1807 </date></head><pb n="9"/><p>1807 8 27 <lb/>Was meine Seele am meisten erhebt u stärkt<lb/>wenn <rs ref="#i910645" type="object">Niedergeschlagenheit</rs> mich befallen wollen, ist<lb/>dieser <del>Gedanke</del>; „ Du hast nie aus eigennützigen kleinherzi-<lb/>gen Beweggründen gehandelt dich nie kriechend<lb/>geschmiegt dich nie <supplied>vor</supplied> keiner Arbeit entzogen<lb/>die Stand u Umstände von dir foderten.“ Wenn <lb/>meine Kräfte auch schwinden, was thuts? Es ist<lb/><rs ref="#i873943" type="object">der Lauf der Natur</rs>, sie kann nichts wollen<lb/>was nicht gut ist: Wenn ich nur mit meinen<lb/>Kräften wohl gewirthschaftet so lange sie mir<lb/>verliehen waren, so kann ich mich ruhig dem<lb/>Lauf der zerstörenden aber auch wieder neu<lb/>belebenden Natur überlassen.<lb/>Nicht daß <supplied>daß</supplied> die Umstände sich so fügen wie<lb/>es meinem Bedünken gut scheint, will ich vom Himmel<lb/>erflehn: sondern nur, daß ich in allen Umständen<lb/>mich so betrage wie es einem vernünftigen, sich über<lb/>die Umstände <del><supplied>sich</supplied></del> erhaben fühlendes, Wesen anständig ist.</p></div><div xml:id="d23389400" corresp="d872931" ><head resp="#editor">Tagebucheintrag<date> 23.08.1808 </date></head><pb n="10"/><p>1808 8 23 <lb/>Ein Jahr nach dem Andern verstreicht u meine <lb/><rs ref="#i899009" type="object">Sehnsucht nach Ruhe u stiller Erholung </rs>bleibt<lb/>unbefriedigt. <rs ref="#i874029" type="object">Fünfzig Jahre</rs> sind dahin unter<lb/>manchen Sorgen u Leiden, aber mein Streben<lb/>nach edlerem Geistesgenuß ist der gleiche:<lb/>soll er immer unbefriedigt bleiben? Soll ich<lb/>nie nur eine Stunde des Tages <supplied>nur</supplied> mir<lb/>selbst leben können, ohne <rs ref="#i873943" type="object">von Arbeit ermüdet<lb/></rs>mich ruhig mit heiterm Sinn dem freien<lb/>denken überlassen können? O es ist<lb/>mir wahre Wonne mit heiterm Sinn eine <lb/>allgemeine Wahrheit aus sich selbst zu schöpfen.<lb/>Ob ich zu viel in Mühe u Arbeit mich verwoben?<lb/>frage ich mich oft, habe michs oft gefragt,<lb/>u immer gefunden daß Thätigkeit des Menschen<lb/>Natur angemessen, daß Unthätigkeit Tod<lb/>der Kräfte sey. Ein andrer Spielraum<lb/>hätte ich oft meiner Thätigkeit gewünscht;<lb/>aber habe ich nicht vieles, sehr Vieles, vor<lb/>den meisten Menschen voraus? Bleibt mir<lb/>nicht Lust u Freude am Guten u Schönen? <rs ref="#i873990" type="object">Ich klage nicht<lb/></rs></p></div><div xml:id="d23389402" corresp="d872940" ><head resp="#editor">Tagebucheintrag<date> 24.08.1808 </date></head><pb n="11"/><p>1808 8 24<lb/>Die schönen Momente des <rs ref="#i874029" type="object">vergangnen Lebens </rs>sind<lb/>wie Träume aus Elisium, sie schweben um den er-<lb/>matteten Geist der in dem düren alltagsleben bald<lb/>erkranken würde beleben u erhöhen ihn wieder.<lb/>Frage niemand was sie seyen diese schönen<lb/>Momente: wer sie nicht fühlt dem kan sie Niemand<lb/>erklären.<lb/> </p><p><rs ref="#i873852" type="object">An –</rs></p><p><rs ref="#i874090" type="object">Du gleichst dem Mangnet,</rs> zwei Pole hast du;<lb/>mit dem einen ziehst du an, mit dem andern<lb/>stößest du zurück. Schöne Anlagen hat dir die<lb/>Natur geschenkt, aber sie sind nicht durch weise Leitung<lb/>ausgebildet worden. Du verachtest den Umgang der<lb/>Menschen weil du <rs ref="#i874235" type="object">nicht gebildet genug bist </rs>um den<lb/>der edlern gehörig zu geniesen u zu übermüthig<lb/>nur diesen Genuß noch zu erwerben. O schade!<lb/>Es thut mir wehe, sehr wehe wenn ich Menschen die<lb/>mich nache angehen ängstlich nur aus Furcht geleitet<lb/>handlen sehe. Ich liebe die Freiheit u möchte auch die<lb/>frei sehen die mich angehn. Wie weit entfernt vom wahren<lb/>Christenthum ist ein knechtischer Sinn!</p><pb n="12"/><p> </p><p><supplied>Hoflichkeit</supplied> Wenn du in deiner frühsten Jugend<lb/>Menschen od nur einen Menschen um dich hast<lb/>der dir Achtung u Ehrfurcht einflößt so hast<lb/>du den schönsten Grund zu deiner Bildung, du<lb/>bist ein Liebling Gottes, der dir durch die<lb/>veredelte Menschheit an die Seite trit.<lb/>Der Umgang mit edlen Menschen scheint mir unter allen <lb/>Gaben des Himmels die beste.<lb/> </p><p>Verzeihen. Sich versöhnen, was will das sagen?<lb/>Einem Menschen der mir aus Niederträchtigkeit böses<lb/>thut, werde ich nicht wieder böses thun, weil es klein u<lb/>elend wäre: aber ihn achten, oder ihm Achtung vor-<lb/>spiegeln das stritte ganz wieder <del><supplied>mein</supplied></del> innerstes Gefühl.<lb/>Offner kraftvoller Sinn für das was recht u gut ist, das<lb/>sollte der erste der hauptsachliche Zweck bey Bildung<lb/>der Kinder seyn. Aber was treibt und führt die<lb/>meisten Menschen um uns her? Eine ärmliche Politik<lb/>die elende Selbstsucht zum Triebrad hat, elender knechti-<lb/>scher Sklavinsinn Gewinnsucht ohne Fähigkeit zu irgend einem<lb/>edlern Genuß.</p></div><div xml:id="d23389404" corresp="d872949" ><head resp="#editor">Tagebucheintrag<date> 26.09.1808 </date></head><pb n="13"/><p>1808 9 26 <lb/>Nun sind <rs ref="#i874029" type="object">6 schöne Wochen</rs> vorbey wo mir das Glück<lb/>wurde von den Lieben Meinigen <rs ref="#i874148" type="object">um mich zu haben<lb/></rs>wo ich ihnen Liebe erweisen wo ich von ihnen Liebe<lb/>empfangen konnte. Dem Himmel sey dafür gedankt.<lb/>Aber <rs ref="#i922800" type="object">einsam</rs> bin ich nun, mich erfreut nicht mehr<lb/>die liebende Stimme meiner <rs ref="#i868068" type="person">Tochter</rs>, mir lächelt nicht<lb/>mehr der <rs ref="#i868154" type="person">Säugling</rs>! Die schöne Gegend um mich<lb/>her hat ihre Zierde verlohren! Für was hängt<lb/>der Baum voller Früchte die Reben voller Trauben<lb/>wenn ich sie Euch Ihr Lieben, nicht darbringen kann?<lb/>Wie schmerzlich ist <rs ref="#i873901" type="object">Abschied</rs>? Hat der Mensch<lb/>ein gewisses <rs ref="#i873943" type="object">Alter</rs> erreicht so ist bey nahe jeder<lb/><rs ref="#i874141" type="object">Tag ein Abschiedstag</rs>! Muß das Herz voll Liebe<lb/>nur lieben um täglich neu zu bluten? Immer verlieren<lb/>und endlich einsam verlassen dazustehen? O ihr<lb/>Lieben, für die ich gelebt für die ich noch lebe, wißt<lb/>ihr was ihr mir seyd? Schwinde dan alles dahin<lb/>nur du nicht Trosterin Hoffnung, die mir die Zukunft<lb/>noch darbiethet, wo ich die Lieben dan alle, die so mich<lb/>früh schon verlassen, die so nur leise sich trennen, wieder<lb/>finde und dan ungetrennt ewig sie faße.</p></div><div xml:id="d23389408" corresp="d872960" ><head resp="#editor">Tagebucheintrag<date> 15.12.1808 </date></head><pb n="14"/><p>1808 12 15 <lb/>Mir fällt vor einigen Tagen <supplied>von</supplied> eine Stelle die ich in<lb/>dem schönen Buche („Aussprüche der ph. Vernunft <lb/>u des reinen Herzens 3 Band Seite 395) sonderbar auf<lb/>Sie lautet so. „<rs ref="#i872969" type="person">Da ja der Glaube des Weibes an sich<lb/>selbst und an ihre Unschuld u Tugend davon abhängt daß<lb/>sie nie aufhören müsste ihren Mann über alle seines Geschlechtes<lb/>zu achten und zu lieben.</rs>“ In wie ferne dieser Ausspruch<lb/>giltig ist, möchte ich mir doch selbst gerne erklären.<lb/>Gewiß ist es mir, daß das <rs ref="#i874436" type="object">Weib</rs> vor allen Andern<lb/>das größte Glück besitzt, dem das Schiksal einen<lb/>Gatten gegeben der verdient über alle anderen geachtet<lb/>u geliebt zu werden: Verächtlich kömmt mir das Weib<lb/>vor das sich mit einem <rs ref="#i874486" type="object">Mann verbinden würde</rs>, von dem<lb/>es nicht hofft daß er verdiene über alle ander geachtet<lb/>u geliebt zu werden: Aber ach wie manche wird so traurig<lb/>in ihren Hoffnungen betrogen! In der unerfahrnen<lb/>Jugend wo das edelste Gemüth sich am leichtesten der<lb/>frohen Hoffnung ergiebt, wird das Bündniß geschloßen<lb/>Ählich sind sich im Frühling die Blüthen des prachtvollen<lb/>Baumes, aber wie manche Blüthe statt erquikende<lb/>Frucht zu bringen welket frühe dahin oder bringt</p><pb n="15"/><p> </p><p>nur eine verkrüpelte Frucht! Ich glaube daß die <lb/>meisten Menschen in der Jugend besser sind als<lb/>sie im <rs ref="#i873943" type="object">Alter</rs> werden, <rs ref="#i899058" type="object">nur wenige edle Gemüther<lb/>streben fort an zur veredlung ihrer selbst</rs>.<lb/>Noch mehr ist das beym mänlichen Geschlecht der Fall:<lb/>im Gedränge der Weld u der Berufsgeschäfte<lb/>erstirbt so mancher gute Keim. Das Weib<lb/>hingegen wenn sie mit den sanften Gefühlen ihres<lb/>Geschlechts begabt ist, wird in der Pflege liebender<lb/>Kinder Befriedigung u Nahrung der zärtlichen<lb/>Triebe finden u sich nicht so leicht zu niedrigem<lb/>Eigennutz dahinreißen laßen.<lb/>Wäre es möglich daß ein Weib welches das Unglück<lb/>hatt einem Manne zu theil zu werden der fühllos<lb/>für alles Gute in Irthum u niedren Lüsten dahin<lb/>taumelt, wäre es möglich daß sie diesen Mann<lb/>über alle seines Geschlechtes achten könnte?<lb/>Und daß, wenn sie das nicht könnte, sie darüber<lb/>ihre Unschuld ihre Seelenruhe sollte verlohren haben?</p><pb n="16"/><p> </p><p>O ihr Männer ihr <rs ref="#i873936" type="object">Philosophen</rs> was könnt ihr nicht<lb/>für sonderbare Meinungen hinwerfen wie irre<lb/>führt Euch Übermuth u Eigendünkel!<lb/>Unschuld u Seelenruhe eines Weibes sollte von<lb/>den Launen des Mannes abhängen! Das<lb/>arme Weib dem das Schicksal von zeitlichen<lb/>Gütern das wünschenswertheste versagt, nehmlich<lb/>das an der Seite eines edlen Gatten ihr Leben<lb/>zuzubringen, die sollte auch noch darüber ihren<lb/>innern Werth verlieren! Sie die ohne<lb/>Stütze, ja trotz aller Reitzungen zum Bösen doch<lb/>gut bleibt, ihrer Pflicht getreu nur Gott u ihr<lb/>Gewissen zum Führer, tausend Leiden erträgt<lb/>ohne zu hassen ohne müde zu werden, o diese,<lb/>diese sollte ihren Werth verlohren haben!<lb/>Scheint es mir doch als ob die Vorsehung manches<lb/>edle Weib in diese Lage gesetzt um ihre Tugend <lb/>noch mehr zu prüfen! Den wahrlich mir scheint es</p><pb n="17"/><p> </p><p>für ein Weib was leichtes an der Hand eines recht-<lb/>schafnen liebenden Mannes <supplied>durchs</supplied> tugendhaft<lb/>durchs Leben zu wandeln, wie leicht wird ihr jede<lb/>Pflicht ihr entflieht jeder Anlas zum Bösen.<lb/>Solltet ihr Männer dem Weib allen innern Werth<lb/>alles Gefühl für Recht absprechen? Dem wieder-<lb/>spräche doch zu sehr die tägliche Erfahrung:<lb/>Und wenn ihr das nicht könnt, wenn ihr sie so<lb/>wie den Mann als denkendes Wesen erkennt, wie<lb/>könnt ihr ein sollches Urtheil über sie fällen!<lb/>O Vater der Menschen du hast viele Güter dem<lb/>Weib so wie dem Manne ins innre des Busens<lb/>gelegt; nur der Gute wird sie erkennen u dank-<lb/>bar dafür dich preisen! So wird das Weib<lb/>dem das Glück eines guten Gatten versagt ist<lb/>trauernd u liebend dir nahe und liebend wirst <lb/>du ihr <del>rufen</del> Harre u leide u kämpfe, nur was mit<lb/>Mühe errungen schmücket noch schöner den Preis.</p></div><div xml:id="d23389413" corresp="d872985" ><head resp="#editor">Tagebucheintrag<date> 22.12.1808 </date></head><pb n="18"/><p>1808 12 22 <lb/>Ich habe mir schon so oft vorgenomen eine kleine<lb/><rs ref="#i873831" type="object">Skize meines Lebens zu entwerfen</rs> um mich <lb/><rs ref="#i873990" type="object">meinen Kinder besser kennen</rs> zu geben als ich es<lb/><supplied>ka</supplied> nur mündlich kann; aber die gleiche Ursache<lb/>die mich abhält mündlich mit ihnen über mein<lb/><rs ref="#i874029" type="object">Schicksal</rs> zu reden hat mich auch bis dahin abgehalten<lb/>es schriftlich zu thun. Ich muß wenn ich so manches<lb/>dunkle klar machen will [xxx]<lb/>mir sie daran<lb/>zu erinnern. <supplied>Aber</supplied> Von allen Leiden dich ich<lb/>ertragen habe ist mir doch keines so tief<lb/>schmerzend als zu denken, deine Kinder könnten <lb/>vieleicht <supplied>denke</supplied> glauben du hättest auf innige<lb/><rs ref="#i874486" type="object">Weise ihren Vater</rs> anderst führen u auf<lb/>besserm Weg erhalten können. [xxx]<lb/>mit der <rs ref="#i867938" type="person">er<lb/></rs>suchte meine Kinder von mir abzuziehen ist von</p><pb n="19"/><p> </p><p>allem Übel das <rs ref="#i867938" type="person">er</rs> mir zugefügt das einzige das<lb/>ich Mühe habe ihm zu verzeichen. Bey meinen Töchtern<lb/>konnte er nicht bey kommen [xxx]<lb/>Gott wie muß das<lb/>schmerzen! Sollte es mir nicht erlaubt, sollte <lb/>es nicht Pflicht seyn mich ihnen auch auf kosten<lb/>[xxx] so zu zeigen wie<lb/>ich immer war u seyn werde so lang mir Gott<lb/>Leben u Kräfte schenkt. Aufrichtig werden sie<lb/>mich ja glauben den die Blätter werden ihnen erst<lb/>zu Gesichte kommen wenn ich vor Gottes Richterstuhl stehen<lb/>werde.</p><pb n="20"/><p> </p><p>Fliehet dahin ihr Tage, ihr Jahre, mit allen den<lb/>Freuden den Leiden<lb/>Bringt wie das Schiksal es will schaueliche Täge<lb/>und Nächte.<lb/>Aber es wanke der Muth nicht, felsenfest stehe<lb/>der Glaube<lb/>daß der gütige Schöpfer der ein innres Licht, das<lb/>heller im Finstern stets leuchtet<lb/>das die vergangnen Stürme mich ruhig u heiter<lb/>läß anschaun<lb/>Immer mir Vater seyn werde, ewig, seys<lb/> hier oder dort.</p></div><div xml:id="d23389417" corresp="d872996" ><head resp="#editor">Tagebucheintrag<date> 23.12.1808 </date></head><pb n="20"/><p>d 23 D<lb/>Ich wäre doch gerne übermorgen zum <rs ref="#i873922" type="object">Nachtmahl<lb/></rs>gegangen allein meine <rs ref="#i873825" type="object">Gesundheit</rs> erlaubt mirs nicht<lb/>und sie darüber einzubüssen wäre kein Verdienst<lb/>den mein Beispiel würde nichts gutes wirken, sondern<lb/>nur <rs ref="#i874226" type="object">Anlaß zum Gespött geben</rs>. Es ist doch traurig<lb/>daß die Religion bey den meisten Menschen so wenig<lb/>in Achtung steht! Aber wie kann es bey uns anders<lb/>seyn da die Prediger meist so schlecht sind und jungen</p><pb n="21"/><p> </p><p>Leuten die eine <rs ref="#i874235" type="object">halbe Bildung haben lange Weile machen.<lb/></rs>Ich bitte zu Gott daß ich die Mittel finden möge wie<lb/>ich Religion vertheidigen könne ohne Gespött zu<lb/>erregen! Den Zweifler will ich nicht verdammen,<lb/>denn durch <rs ref="#i874019" type="object">Zweifel</rs> wird man zum Nachdenken und durch<lb/>Nachdenken zur Wahrheit geführt. Aber der<lb/>einseitige Spott der das Nachdenken u die Wahrheit<lb/>übertäubt der kränkt mich tief, sehr tief.<lb/>Unsre gegenwärtige Lebensart, die Menge von<lb/>Bedürftnißn, Bedürftnisse die wenig, fast nur<lb/>eingebildeten Genuß gewähren, erfodern so viele<lb/>Thätigkeit so vieles Nachsinnen, daß die edlere<lb/>Ausbildung wenig gefühlt werden kann. Ich bin<lb/>weit entfernt Fleiß und Geschäftigkeit zu misbilligen,<lb/>sie ist schon ein großer Schritt die Menschen von<lb/>Roheit und unsittlichkeit zurück zu ziehn, sie bringt<lb/>vielen Armen Brod u hält sie vom Verderben zurück,<lb/>sie setzt in Unabhängigkeit, welches letztere <supplied>für</supplied><lb/>für den Vernünftigen einen großen Vortheil ist;<lb/>den aber Manche oft sehr oft misbrauchen.</p><pb n="22"/><p> </p><p>Der Mensch der <supplied>nicht</supplied> nur arbeitet um sich die<lb/>nöthigen Bedürfniße zu verschaffen od um Geld<lb/>zu sammlen, seine Geschäfte mögen noch so ausgedehnt<lb/>die Zahl derer die er in Thätigkeit setzt noch so<lb/><supplied>zahlreich</supplied><del>groß</del> seyn, kömmt mir blos als ein Mensch im dienst-<lb/>baren Stande vor. Nur der so das Gute das er<lb/>wirkt fühlt sich darüber freut, auch im Stande<lb/>wäre Aufopferungen <supplied>zu</supplied> an eignem Erwerb zu<lb/>machen wenn er des Guten mehr verbreiten könnte,<lb/>nur der hat in meinen Augen Werth.</p></div><div xml:id="d23389419" corresp="d873005" ><head resp="#editor">Epitom<date> 31.12.1808 </date></head><pb n="22"/><p>1808 12 31 <lb/>„Was ist Gott? Er ist das, was der ihm<lb/>ergebene, und von ihm begeisterte thut.<lb/>Willst du Gott schauen, wie er in sich selber ist, von<lb/>Angesicht zu Angesicht? suche ihn nicht jenseitz<lb/>der Wolken; du kannst ihn allenthalben finden wo<lb/>du bist. Schaue an das leben seiner Ergebnen,<lb/>und du schauest Ihn an; ergieb dich ihm, und du<lb/>findest ihn in deiner Brust.[“]<lb/><rs ref="#i873014" type="person">Fiechte, G. J.</rs> <rs ref="#i906860" type="book_etc">Seite<lb/></rs>146</p><p>[xxx]</p></div><div xml:id="d23389424" corresp="d873029" ><head resp="#editor">Tagebucheintrag<date> 11.04.1809 </date></head><pb n="42"/><p>1809 4 11 <lb/>Es ist doch immer Schwachheit sich den Wogen<lb/>des Schicksals nicht mit Muth unterwerfen zu können.<lb/>Über <rs ref="#i874226" type="object">Kleinigkeiten zu jammern</rs>, glauben wir sey schwach,<lb/>aber wenn das so wir am meisten schätzen uns<lb/>entrissen wird glauben wir zum jammern berechtigt<lb/>zu seyn. Aber ist nicht alles was uns kann<lb/>entrissen werden nur vergänglich?<rs ref="#i873990" type="object"> Soll ich</rs> der<lb/>Klagen berechtigt seyn wenn mir Gott dieses<lb/>od[er] jenes an dem mein Herz hing entriß, weil<lb/>es in meinen Augen einen größren Werth hatte<lb/>als viele andre Gütter des Lebens? Sich ganz<lb/>in den Willen Gottes zu fügen u sein Wille für das beste<lb/>zu halten das mag wohl der einzige Weg seyn, weise<lb/>zu werden u jede Klage zu unterdrücken.<lb/>Durch Unfälle die wir mit Muth tragen werden wir<lb/>gebessert, nur der Schwächling erliegt, u wenn auch<lb/>der bessere Mensch auf e<del>i</del>nige Zeit darniedergedrückt<lb/>bleibt, richtet er sich mit mehr Muth wieder auf,<lb/>lernt seine Schwächen kennen u wird auch dadurch gebessert<lb/>die Zeit so ich oft über eitlem Klagen zubrachte<lb/>will ich so viel möglich anwenden, das Übel um mich<lb/>her zu vermindern.</p><pb n="43"/><p> </p><p>Sind mit Mühe u Sorgen die Tage mir öfters<lb/>erfüllet,<lb/>Nun so seys, wenn nur Unmuth entfernt von<lb/>mir bleibt<lb/>Weiß ich doch daß <supplied>daß sich</supplied> ein jeder der<lb/>unter den Sternen <del>hier</del> wallet<lb/>fühle daß Kampf u Übung sey allgemeines Loos.</p></div><div xml:id="d23389426" corresp="d873039" ><head resp="#editor">Tagebucheintrag<date> 15.04.1809 </date></head><pb n="43"/><p>1809 4 15<lb/>An den Meinigen immer gleich mit herzlicher Theilnahme haften,<lb/>aber nicht bei jedem Unfalle der ihnen begegnet bänglich<lb/>mich quälen: weiß ich doch daß die Begegniße von oben herab<lb/>verhängt sind, daß sie Gutes oder Böses bringen, mehr<lb/>durch die Art wie wir sie aufnehmen als durch ihre<lb/>Beschaffenheit. Möge ich doch fernerhin durch Muth und<lb/>Ergebung in die Fügungen des Schicksals, den Meinigen<lb/>ein lehrreiches Beyspiel seyn!<lb/>An die Erinnerung<lb/>die du mit sanften Schwingen die Erde überdeckst<lb/>Und um ihr Trost zu bringen gestorbne Freuden weckst<lb/>Von allen Menschenzungen wird Holde Zauberin,<lb/>Ein Danklied dir Gesungen, o nim auch meines hin,<lb/>Wenn oft die Mittags Schwülle, den armen Jüngling brennt,<lb/>Und er sich Quel u Kühle zu finden müd gerennt<lb/>dan bietest du dem Lecher, den Durst u Sonne drückt,<lb/>den vollen Labebecher, er trinkt u ist erquikt.</p><pb n="44"/><p> </p><p>Wenn unter seiner Bürde der Lebens Pilger keucht<lb/>Und weder Gold noch Würde den Kummer von ihm scheucht<lb/>dan zauberst du den Müden verschwundne Freuden vor<lb/>Und hebst durch stillen Frieden sein krankes Herz empor<lb/>dem Greise der am Stabe mit matten Schritten schwankt<lb/>und nächer seinem Grabe, mit jedem Tritte wankt<lb/>Reicht deine Hand die Schale, u heller wird sein Blick<lb/>Vom Berg herab zum Thale, das ihn gebahr zurück.</p></div><div xml:id="d23389428" corresp="d873048" ><head resp="#editor">Tagebucheintrag<date> 19.07.1809 </date></head><pb n="44"/><p>1809 7 19 <lb/>Warum ich mein Leben in unruhiger Thätigkeit<lb/>verbringe? fragen die Menschen um mich her;<lb/><rs ref="#i873990" type="object">frage ich zuweilen selbst</rs> wenn ein Augenblick<lb/>von Unmuth mein Inners trübt: den Menschen<lb/>die meine Empfindungen nicht kennen kann ich meine<lb/>Beweggründe nicht sagen, es wäre vergebens,<lb/>aber mir selbst kann ich so antworten.<lb/>Wenn mich das Schicksal in eine Lage gesetzt<lb/>hätte, worin ich entweder ganz unabhängig, od<lb/>abhangig von einem Menschen den ich schätzen u<lb/>lieben könnte von dem ich mit Freuden empfinge,<lb/>so würde ich so viel möglich meine Zeit anwenden</p><pb n="29"/><p> </p><p>in der Hoffnung daß ich einmal ruhige Zeit<lb/>haben werde u dan <rs ref="#i873831" type="object">möchte ich meine Lebens<lb/>geschichte abfassen,</rs> nicht weil sie besonders<lb/>interressant, sondern weil sie die meine<lb/>ist u mir dazu dienen wird mich selbst<lb/>und meine Gefühle bey den besondern Anlässen<lb/>recht zu über sehen, mich selbst <supplied>kennen</supplied> zu <lb/>lernen u <rs ref="#i873964" type="object">wo möglich noch mehr ins reine <lb/>zu kommen</rs>.<lb/> </p></div><div xml:id="d23389431" corresp="d873057" ><head resp="#editor">Tagebucheintrag<date> 27.07.1809 </date></head><pb n="29"/><p>1809 7 27<lb/><rs ref="#i874019" type="object">Ob ich einmal noch mein Zweck</rs> erreichen<lb/>werde, mich herauszuschwingen in eine<lb/>Lage in deren ich mein Schärfchen zur Linderung<lb/>des menschlichen=elendes werde beytragen<lb/>können?<rs ref="#i873990" type="object"> Immer wird mein Können</rs> doch klein<lb/>sehr klein seyn; aber viel Kleines giebt<lb/>endlich auch was Großes: u so will ich bey<lb/>meinem Thun immer denken daß auf richtiges <lb/>Streben nach einem guten Zweck nie ganz<lb/>verlohren seyn kann: diese Wahrheit schon stärkt<lb/>u beseligt.</p></div><div xml:id="d23389433" corresp="d873071" ><head resp="#editor">Tagebucheintrag<date> 07.09.1809 </date></head><pb n="30"/><p>1809 9 7 <lb/>Es ist Thorheit sich durch Arbeit das Leben zu<lb/>erschweren wenn man ohne dieselbe sein Unter-<lb/>halt hat: Aber was ist <rs ref="#i874226" type="object">Leben ohne Thätigkeit</rs>, ist<lb/>es nicht Tod? Was ist Leben nur um sich zu<lb/>nähren u sich gütlich zu thun ist dies des bessern<lb/>Menschen würdig? Nein ich will fort arbeiten,<lb/>durch den Gedanken daß in der Folge <del>ich</del> mich in eine<lb/>Lage setzen werde, wo ich <rs ref="#i873990" type="object">hie u da was Gutes<lb/></rs>werde stiften können, ganz durch mich selbst, soll<lb/>u wird meine Arbeit mir Freude seyn, ja sie ist<lb/>es schon: nicht zur Befriedigung elender Bedürft-<lb/>nisse nicht für die Nahrung der Eitelkeit, nein<lb/>über diese bin ich hinaus: aber edlere Bedürft-<lb/>nisse die in einem wohlwollenden Herzen keimen<lb/>diese werde ich Zeit Lebens zu befriedigen suchen<lb/>und über diesem Suchen froh seyn.</p></div><div xml:id="d23389435" corresp="d873080" ><head resp="#editor">Tagebucheintrag<date> 01.10.1809 </date></head><pb n="30"/><p>9 10 1<lb/>Daß ich mit ebenso lebhaftem Vergnügen an ein<lb/><rs ref="#i874077" type="object">interressantes Buch hinsitze</rs> <rs ref="#i873943" type="object">wie in meinen jungen<lb/>Jahren</rs>, das ist mir ein Beweis daß meine Art</p><pb n="31"/><p> </p><p>zu leben u mich zu beschäftigen den bessern Kräften<lb/>in mir nicht nachtheilig ist. Ich sehe so viele<lb/><rs ref="#i899058" type="object">Menschen die mit den Jahren den Geschmack fürs<lb/>schöne verlieren</rs>, dies giebt mir immer ein<lb/>so schmerzhaftes Gefühl! Wenn ich alles was ich<lb/>gelitten, was ich entbehrt, alle Dornen die <lb/>mich auf meinem Lebenspfade gestochen zusamen<lb/>nehme wollte ich lieber alles nochmals ertragen<lb/>u leiden, als noch leben zu müssen u in den<lb/><rs ref="#i874226" type="object">Kältsin in die Gefühllosigkeit</rs> zu verfallen<lb/>in die manche Menschen verfallen.<lb/><rs ref="#i874045" type="object">Mit meinen Kindern habe ich Ursache zufrieden<lb/></rs>zu seyn, ja ich danke oft Gott daß sie mir nie<lb/>keinen hauptsachlichen Schmerz verursacht. Meine<lb/><rs ref="#i835836" type="person"><rs ref="#i868068" type="person">Tochtern</rs></rs> sind <rs ref="#i874090" type="object">liebende gute Seelen</rs> die mir herzlich<lb/>zugethan sind: Mein <rs ref="#i835771" type="person">dt</rs> ist ein junger Mann der<lb/>mehr Geist u Fähigkeit als die meisten and[eren] jungen<lb/>Leute hat. [xxx],ob die</p><pb n="32"/><p> </p><p>[xxx]<lb/>daß die offne Stimme der Wahrheit der liebenden <lb/>Mutter keine süsse Stimme mehr für ihn ist!<lb/>Wie freute mich in seiner Jugend seine auf-<lb/>fallende Ahnlichkeit mit meinem so innigst ver-<lb/>ehrten u geliebten <rs ref="#i867825" type="person">Vater</rs>, was träumte ich<lb/>mir für Hoffnungen! Geht ihr dan alle dahin<lb/>Ihr schönen Hoffnungen meiner jüngern Jahren?<lb/>O möchte mir diese nicht ganz dahin gehen!<lb/>Mein Leben alles gebe ich dafür hin!</p></div><div xml:id="d23389441" corresp="d873094" ><head resp="#editor">Tagebucheintrag<date> 24.12.1809 </date></head><pb n="33"/><p>1809 12 24 <lb/>Es thut uns so wehe uns von den Gütern die wir<lb/>besitzen zu <rs ref="#i873901" type="object">trennen</rs>. Kein empfindlicherer Verlurst<lb/>giebt es als wenn der <rs ref="#i874141" type="object">Mensch Personen verliert<lb/></rs>die ihm äusserst lieb waren. Aber wie verschieden<lb/>sind die Klagen die darüber geführt werden!<lb/>Die meisten Menschen scheuen nur den Schmerz<lb/>u wünschen davon los zu seyn; so höre ich Eltern<lb/>die erwachsne Kinder verlieren klagen, o warum<lb/>sie jung gestorben ehe wir durch so viele Bande<lb/>an sie geknüpf ehe die Freude die sie uns<lb/>gaben sie uns so theuer machten! Ist das nicht<lb/>Unverstand Undank für genoßne Gütter?<lb/>Wird nicht die Erinnerung vernünftig <del>genoßner</del> Freuden<lb/>eine Quelle süsser Emfpindungen von Freude u<lb/>Schmerz verwebt. Der Mensch sollte sein <lb/>Leben als eine Wanderschaft ansehn wo er aus<lb/>einer Lage in die andre kömmt, <supplied>oft</supplied> zuweilen in ein<lb/>Schauspiel trit das ihm auf einige Zeit den herrlich-<lb/>sten Genuß darbietet; wenn das Schauspiel ein<lb/>Ende hat so klagt er deswegen nicht daß es nicht</p><pb n="34"/><p> </p><p>fort dauert. Sollten wir nicht alle Güter des<lb/>Lebens als vergänglich betrachten, sie dankbar<lb/>froh genießen so lange der Himmel sie uns läßt,<lb/>u wenn sie uns entrissen werden, den Schmerz<lb/>den der Verlurst uns verursacht mit Muth<lb/>ertragen und uns dankbar des genoßnen<lb/>Gutes erinnern? Ist es doch des <rs ref="#i873936" type="object">Menschen<lb/></rs>Natur durch Leiden u Freuden seiner Bestimmung<lb/>entgegen zu gehen.<lb/>Wie vielen Verlust hat mir das Schiksal nicht<lb/>zugedacht, wie manche schmerzliche tiefe Wunde<lb/>geschlagen, wie manche Klage bey mir erregt?<lb/>Aber beschämt mußte ich imer zurück treten<lb/>u sagen, <rs ref="#i873990" type="object">wer kann verlieren als der so<lb/>genoßen hat</rs>.</p><pb n="35"/><p> </p><p>Eine unglückliche Lage in die uns das Schicksal<lb/>versetzt gebiert immer neuen Schmerz so wie<lb/>ein Fehler den wir begehn manche andre nach<lb/>sich zieht. <rs ref="#i874029" type="object">Manches Bittre habe ich überstanden<lb/>manchen Kampf ausgekämpft</rs> aber Nähe von<lb/>aussen scheint nie mein Loos zu werden!<lb/>Nun zerreißt ein <rs ref="#i898746" type="object">neuer Kummer</rs> mein gekränktes<lb/>Herz. <rs ref="#i898746" type="object">Der Mangel an Übereinstimmenden Gesinnungen<lb/></rs>meiner beiden <rs ref="#i835771" type="person"><rs ref="#i835869" type="person">Söhnen</rs></rs>. Ich will es nicht Lieb-<lb/>losigkeit nennen, aber leider nächerts ihr;<lb/>o könnte ich Rath schaffen möge der Himmel<lb/>mir Kraft dazu verleichen! Möge doch<lb/>der unselige Geist der Zwietracht der ihr<lb/><rs ref="#i867938" type="person">Vater</rs> jämmerlich zerreißt, sich nicht bei ihnen<lb/>einschleichen! Kann reiner Wahrheitssinn<lb/>kann die Stimme der Mutter das schleichende<lb/>Übel nicht abwenden. [xxx]</p><pb n="36"/><p> </p><p>hätte ich ihr nicht gehorcht mir bliebe nun gar<lb/>nichts mehr zur Besserung zu hoffen.</p></div><div xml:id="d23389445" corresp="d873106" ><head resp="#editor">Tagebucheintrag<date> XX.XX.1810 </date></head><pb n="36"/><p>1810</p><p><rs ref="#i874029" type="object">Sie fliehen dahin die Jahre</rs>, aber was <lb/>sollte der Mensch der an Gott an Fortdauer<lb/>glaubt sich darüber beschweren! <rs ref="#i873894" type="object">Ich geniesse<lb/>des Guten Vieles</rs>, erkenne es dankbar,<lb/>aber sehe ruhig der Zukunft entgegen.<lb/>Die gleiche Macht die mich bisher geleitet<lb/>wird dort wie hier über mich wachen.<lb/><rs ref="#i874141" type="object">Meine Tage gut zu nutzen</rs> das sey mein<lb/>einziges Streben.</p></div><div xml:id="d23389447" corresp="d873115" ><head resp="#editor">Tagebucheintrag<date> 03.01.1810 </date></head><pb n="36"/><p>1810 1 3 </p><p>Wenn die Menschen die wir lieben </p></div><div xml:id="d23389449" corresp="d873130" ><head resp="#editor">Tagebucheintrag<date> 18.01.1810 </date></head><pb n="37"/><p>den 18 Jenner <rs ref="#i892101" type="object">gebahr</rs> meine Tochter <rs ref="#i868068" type="person">Vischer<lb/></rs>ein <rs ref="#i868031" type="person">Mädchen</rs>, das erfreute mich sehr. Allein<lb/>wie vermischt ist unser Schiksal! Wie bald<lb/>wurde ich auf die traurigste art durch die<lb/><rs ref="#i898746" type="object">Krankheit meines <rs ref="#i836911" type="person">Bruders</rs> </rs>gedrückt.<lb/>Mein Herz ist auf so vielfache Art gekränkt<lb/>ja auf die empfindlichste von so manchen<lb/>Seiten. Ich muß den Spruch wohl wahr<lb/>halten daß „Gott die heimsucht so er lieb hat“<lb/><rs ref="#i873990" type="object">Wem kann ich meine Leiden klagen als dem<lb/>der mein Innres sieht</rs>. Ich kenne kein Mensch<lb/>der meine Leiden faßen kann. Möge Gott mir<lb/>ferner Kraft geben sie zu tragen.<lb/>Häusliches Glück, gegenseitige Liebe, Theilnahme<lb/><rs ref="#i873957" type="object">Freundschaft</rs>, dies schienen mir die wünschens-<lb/>werthesten Gütter des Lebens und eben diese<lb/><rs ref="#i874064" type="object">sind mir versagt</rs>! <rs ref="#i874226" type="object">Wie Kalt wie<lb/>egoistisch ist die jetzige Weld</rs>!</p></div><div xml:id="d23389454" corresp="d873142" ><head resp="#editor">Tagebucheintrag<date> 07.02.1810 </date></head><pb n="38"/><p>1810 2 7 <lb/>Der <rs ref="#i874141" type="object">Tod </rs>hatt schon manches von mir gerissen<lb/>das meinem Herzen nahe war ich sollte an <lb/><rs ref="#i873901" type="object">Trennung</rs> gewöhnt seyn, aber das Herz <lb/>behält seine Rechte der Verlurst eines<lb/><rs ref="#i836911" type="person">Bruders</rs> der so väterlich für all die seinen<lb/>gesorgt der 5 <rs ref="#i836705" type="person"><rs ref="#i836899" type="person"><rs ref="#i836982" type="person"><rs ref="#i837114" type="person"><rs ref="#i868080" type="person">Waisen</rs></rs></rs></rs></rs> hinterläßt der <rs ref="#i898746" type="object">schmerzt<lb/></rs>tief. Der Himmel hat es so gefügt; aber<lb/>auch er hat unsre Herzen zur gefühlvollre<lb/>Theilnahme gebildet. In den Augenblicken<lb/>der tiefsten Rührung ist der Mensch am<lb/>wohlthätigsten gestimmt: möchten doch diese<lb/>Eindrücke lange dauren! Aber bey Vielen<lb/>werden sie bald durch Trägheit u Eigennutz<lb/>ausgelöscht. Ich wünschte im Fall zu seyn meine<lb/>Liebe, meine Erkenntlichkeit an den Hinder-<lb/>lassnen zu bezeugen, aber es sind andre da<lb/>die mehr Rechte dazu haben. Aber es kann<lb/>doch hie u da der Fall kommen, sey aufmerksam<lb/>sey treu mein Herz, <rs ref="#i873990" type="object">sey Muthvoll</rs> u laß dich<lb/>nicht zurückschrecken durch <rs ref="#i874226" type="object">Menschenfurcht<lb/></rs></p><pb n="39"/><p> </p><p>[„]Die Religion ist nicht blos andächtiges träumen,<lb/>sagte ich; die Religion ist nicht bloses andächtiges<lb/>träumen, ist überhaupt nicht ein für sich bestehendes<lb/>Geschäft, das man abgesondert von andern Geschäften<lb/>etwa in gewissen Tagen u Stunden treiben könnte,<lb/>Sondern sie ist der innre Geist, der alles unser,<lb/>übrigens seinen Weg ununterbrochen fortsetzendes,<lb/>Denken u Handlen durchdringt, belebt und in sich einfängt.<lb/>Wer einen niedrigen Beruf hat dem wird selbst<lb/>dieser niedrige durch die Religion geheiligt;<lb/>und erhält durch sie <supplied>wenn auch nicht</supplied> wenn auch<lb/>nicht das Materiale dennoch die Form, der höhern<lb/>moralität; zu welcher nichts mehr gehört als<lb/>daß man sein Geschäft als den Willen Gottes an<lb/>uns, u in uns, erkenne und liebe. So jemand in<lb/>diesem Glauben sein Feld bestellt, od das unbedeut-<lb/>endste Handwerk mit Treue treibt, so ist dieser<lb/>höher u seliger, als ob Jemand, falls dieses möglich<lb/>wäre, ohne diesen Glauben die Menschheit auf Jahrtau-<lb/>sende beglückseeligte.[“] <rs ref="#i873014" type="person">Fichte, G. L</rs>. <rs ref="#i906860" type="book_etc">S.151<lb/></rs></p><pb n="40"/><p> </p><p><rs ref="#i874029" type="object">Wieder ein Jahr dahin</rs>: doch ja nicht für den <lb/>dahin, der die Zeit gebrauchen und geniesen <lb/>konnte. Nimm mir die Tage, oder gieb mir<lb/>die Tage, o Vater! Aber nimmer laß mich<lb/>sie<rs ref="#i910740" type="object"> unbenutzt u ungenoßen</rs> verstreichen!<lb/>Ferne sey von mir die finstre Laune des<lb/>Undankbaren, laß jedes Gute als Gabe von<lb/>dir mit dankbarem Herzen geniesen, kein<lb/>Blümchen laß ungepflückt auf meinem Wege<lb/>stehn! Ach aber dornen stechende Dornen<lb/>haben mich schon viele tief gestochen, aber auch<lb/>du hast sie wachsen lassen, nicht zum Verder-<lb/>ben, auch zu edlem Zweck nur mir verborgen.<lb/>Ein <rs ref="#i899009" type="object">Wunsch</rs> nur wag ich zu thun: gewehr o gewehr<lb/>ihn mir Armen! Laß die so meinem Herzen<lb/>nahe sind, rechtschaffen gut u edel durchs Leben<lb/>gehn, Freundschaft u Liebe belebe sie u ziehe noch<lb/>gute Menschen in unsre Mitte.</p><pb n="41"/><p> </p><p>Jedes neue Verhältniß entwickelt in uns<lb/>Fähigkeiten die ohne dies schlafend geblieben wären;<lb/>es giebt solche Verhältniße die scheinen bestimmt<lb/>zu seyn den Menschen ins Verderben zu führen, aber<lb/>auch diese sind Proben die der gute Mensch sich<lb/>zu Nütze macht. Hier kann man sagen was in <lb/>Evangelia steht „denen die Gott lieben müssen<lb/>alle Dinge zum besten dienen.“ [Röm 8:28]<lb/>Mein Leben noch zum Nutzen andrer Menschen<lb/>thätig anzuwenden das ist mir beynahe zum<lb/>Bedürftniß geworden. <rs ref="#i874077" type="object">Zwecklose Thätigkeit ist<lb/>mir unerträglich</rs>. Ist es der Wille der Vorsehung<lb/>daß mir ein Theil meiner <rs ref="#i873908" type="object">Geschäfte</rs> abgenommen<lb/>werden, so suche ich meine Muße, meinem eifrig-<lb/>sten Wunsche gemäß, zur <rs ref="#i874235" type="object">Ausbildung</rs> meines Geistes<lb/>anzuwenden, <rs ref="#i873990" type="object">Zurückgezogenheit u Sparsamkeit<lb/></rs>werden mir die Mittel geben andern Menschen<lb/>hilfreiche Hand zu bieten. Schmerzlich sehr schmerz-<lb/>lich ist es mir, daß ich mich hierin wie in Anderm<lb/>sehr einschränken muß. Doch Gott kennt mein Herz.<lb/>Zu thun was den Umständen nach mir als das<lb/>Beste vorkömmt das sey mir Pflicht.<lb/> </p></div>
       </body></text>
   </TEI>
    