<?xml version="1.0"?>
    <?xml-model href="http://www.tei-c.org/release/xml/tei/custom/schema/relaxng/tei_all.rng" type="application/xml" schematypens="http://relaxng.org/ns/structure/1.0"?>    
    <TEI xmlns="http://www.tei-c.org/ns/1.0" xml:id="d872829">
       <teiHeader>
          <fileDesc>
             <titleStmt>
                <title>Heft 9 (1801)
                </title>
                <author>Anna Maria Preiswerk-Iselin</author>
             </titleStmt>
             <publicationStmt>
                <publisher xml:id="editor">Tagebücher Anna Maria Preiswerk-Iselin Projekt</publisher>
                <pubPlace>Basel</pubPlace>
                <date when="2022-03">March 2021</date>
                <availability>
                   <licence notBefore="2022-03-01" target="http://creativecommons.org/licenses/by-sa/4.0/">
                      <p>[...]</p>
                      <p>This work is licensed under a Creative Commons Attribution-ShareAlike 4.0 International License.</p>
                      <p> You are free to: <list>
                            <item> Share — copy and redistribute the material in any medium or format</item>
                            <item> Adapt — remix, transform, and build upon the material</item>
                         </list>
                      </p>
                      <p> Under the following terms: <list>
                            <item> Attribution — You must give appropriate credit, provide a link to the license, and indicate if changes were made. You
                               may do so in any reasonable manner, but not in any way that suggests the licensor endorses you or your use.</item>
                            <item> ShareAlike — If you remix, transform, or build upon the material, you must distribute your contributions under the same
                               license as the original.</item>
                            <item> No additional restrictions — You may not apply legal terms or technological measures that legally restrict others from
                               doing anything the license permits.</item>
                         </list>
                      </p>
                      <p>The licence was added on March first, 2022.</p>
                   </licence>
                </availability>
             </publicationStmt>
             <sourceDesc>
                <msDesc>
                   <msIdentifier>
                      <settlement>Basel</settlement>
                      <repository>Staatsarchiv</repository>
                      <idno>StABS PA 511 304-03-04</idno>
                      <msName>Heft 12 (1815-1816) - Anna Maria Preiswerk-Iselin </msName>
                   </msIdentifier>
                </msDesc>
    <listPerson><person xml:id="i835869"><persName>Lux</persName></person><person xml:id="i835885"><persName>Anna Maria Preiswerk-Forcart</persName></person><person xml:id="i872849"><persName>Karl Friedrich Hensler</persName></person><person xml:id="i870104"><persName>Anne Louise Germaine de Staël-Holstein</persName></person><person xml:id="i870018"><persName>Johann Christoph Friedrich von Schiller</persName></person></listPerson><listObject><object xml:id="i883976" type="book_etc"><objectIdentifier><objectName>Goethe, Johann Wolfgang: Wilhelm Meisters Lehrjahre</objectName></objectIdentifier></object><object xml:id="i873859" type="tag"><objectIdentifier><objectName>Ratschlag an die Kinder</objectName></objectIdentifier></object><object xml:id="i906797" type="book_etc"><objectIdentifier><objectName>Hensler: Heroine.</objectName></objectIdentifier></object><object xml:id="i874436" type="tag"><objectIdentifier><objectName>Über das weibliche Geschlecht</objectName></objectIdentifier></object><object xml:id="i874226" type="tag"><objectIdentifier><objectName>Gedanken zur Gesellschaft</objectName></objectIdentifier></object><object xml:id="i906811" type="book_etc"><objectIdentifier><objectName>Staël: De l’influence des passions sur le bonheur des individus et des nations.</objectName></objectIdentifier></object><object xml:id="i874064" type="tag"><objectIdentifier><objectName>Empfinden</objectName></objectIdentifier></object><object xml:id="i873936" type="tag"><objectIdentifier><objectName>Philosophie</objectName></objectIdentifier></object><object xml:id="i884031" type="tag"><objectIdentifier><objectName>Gedanke zur Politik</objectName></objectIdentifier></object><object xml:id="i874235" type="tag"><objectIdentifier><objectName>Ausbildung</objectName></objectIdentifier></object></listObject>
    </sourceDesc>
      </fileDesc>
      <profileDesc>
         <textClass>
            <!-- vérifier !!! -->
            <catRef scheme="#genre" target="#journal"/>
         </textClass>
         <langUsage>
            <language ident="de">Deutsch</language>
         </langUsage>
      </profileDesc>
   </teiHeader>
       <text><body><div xml:id="d23389374" corresp="d872839" ><head resp="#editor">Tagebucheintrag<date> 20.10.1801 </date></head><pb n="22"/><p><rs ref="#i873859" type="object">für</rs> <rs ref="#i835869" type="person">Lux Iselin</rs> u <rs ref="#i835885" type="person">A Maria Forkard<lb/></rs>1801 10 20<lb/>In den Kranz <del>der Jugend Jahre</del> <supplied>Lebens Laufes</supplied><lb/>Flochten alle <del>guthen</del> [?] <supplied>liebes</supplied> Götter<lb/>Euch die schönsten Blumen ein<lb/>Lange mög er <supplied>er</supplied> so Euch grünen<lb/>Und verwelkt des Lenzes Blüthe<lb/>O so flechten Euch die Güttigen<lb/>Dan des Sommers schöne Blumen<lb/>Samt den goldnen Früchten ein!<lb/>An des Lebens spatem Abend<lb/>In der Mitte froher Enkel<lb/>Löste [?] erst die Hand der Parze<lb/><del>Sanft des</del> <supplied>Euren</supplied> Lebensfaden <del>ab</del></p><pb n="3"/><p> </p><p><rs ref="#i872849" type="person">über das Schauspiel, die <rs ref="#i906797" type="book_etc">Heroine<lb/></rs></rs>In diesem Stücke sind die Gefühle eines edlen reinen Herzen<lb/>nicht zu miskennen; aber unbegreifflich ist es mir daß<lb/>mein Freund der so viele Menschenkenntniße besitzt, dieser<lb/>Gegenstand zu einem Stück das offentlich soll aufgeführt<lb/>werden, wählt? Ein Mädchen das seinem Geliebten als<lb/>Soldat nachläuft; u ein Officier der seinem Mädchen zu<lb/>gefallen seine Pflicht verletzt. Sind das Gegenstände<lb/>um die Liebe ehrwürdig u heilig abzubilden? Freund<lb/>wo hast du dein <supplied>feines</supplied> scharfes Urtheil über feines<lb/>weibliches Gefühl,u über erhabner mänlicher Stolz<lb/>gehabt, als du dieses Stück bildetest.<lb/>Es thut mir leid das <rs ref="#i874436" type="object">Weibliche Ideal</rs> so wenig nach<lb/>meinem Sinn zu finden: ich <supplied>wie</supplied> fühle gewiß daß das<lb/>edelste Weib das sey muß welches am innigsten, tiefsten<lb/>und treusten lieben wird, aber die Liebe des Weibs soll<lb/>nie in eine Leidenschaft ausarten welche die Schranken der<lb/>Bescheidenheit u Sittsamkeit überschreittet, ihre Höchstes ist<lb/>in ihrem Innern wie in ihrem Häuslichen alles in Ordnung <lb/>und Übereinstimmung zu erhalten; nur die äusserste<lb/>Noth, ein zusammenstoßen wiedriger Umstände die kein ander<lb/>Mittel übrig lassen als dem Geliebten zu folgen um sich nicht<lb/>einem andern zu ergeben od sich auf irgend eine Art entehren<lb/>zu müssen, kan uns ein Mädchen als Soldat erträglich machen:<lb/>aber von diesen Umständen ist in dem Stück nichts gesagt:<lb/>der Gedanke dringt sich unwilkürlich auf, das Mädchen</p><pb n="4"/><p> </p><p>habe <del>ihre</del> Eltern verlassen und in Unruhe gesetzt, <supplied>nicht</supplied> um<lb/>ihrem Geliebten zu folgen, und durch ihr beiseyn setzt<lb/>sie ihn in den Fall gegen seine Pflicht u die Ehre seines<lb/>Standes zu handeln. Wäre ihre Liebe nicht von feinerer<lb/>Art gewesen hätte ihre That nicht mehr weiblichen Helden-<lb/>muth bewiesen, wenn sie bey dem gleichen Grad der Liebe<lb/>sich in ihre häußlich Sphäre eingeschloßen u dort alle<lb/>Qualen der Entfernung erlitten, um den Geliebten nicht in<lb/>Fall zu setzen wieder die Ehre seines <rs ref="#i874226" type="object">Standes</rs> zu handeln?<lb/>Wäre es nicht edler gewesen sich all den Qualen welche der<lb/>Tod, ihres von ihr entfernten Geliebten ihr verursacht haben<lb/>würde, zu unterwerfen, <supplied>als</supplied> lieber sich dem Leyden eines<lb/>langsamen Aufzehrens zu <supplied>unterwerfen</supplied> <del>ergeben</del>, als sich <supplied>u den</supplied> <del>beide</del><lb/><del>Geliebten</del> in eine Lage zu setzen, die ihrer Liebe in den<lb/>Augen der Weld den Anstrich einer ganz gemeinen<lb/>Anhänglichkeit <supplied>zu</supplied> geben könnte?<lb/>Ich begreiffe wohl daß die meisten Mädchen aus mangel<lb/>von Gefühl das nicht thun würden was Hermione that,<lb/>aber das edelste Weib würde aus feinerm Gefühl es <lb/>auch nicht thun. Das Mädchen das auf die innigste u edel-<lb/>ste Art liebt wird mit der gleichen heiligen innigen Liebe<lb/>nur in einem andern Grad <supplied>alles vor dem</supplied> alles umfaßt<lb/>haben was ihr nahe war, alles was Gut edel u schön ist.<lb/>Ein Mädchen das nicht fähig war ehe sie den Geliebten<lb/>kannte sich für Eltern Geschwister od andere an welche<lb/>sie durch die schönen Gefühle der ersten Lebensjahre</p><pb n="5"/><p> </p><p>gefeßelt war, <del>aufzuopfern</del> wird der höchsten Liebe nicht würdig,<lb/>u auch nicht fähig seyn einen würdigen Mann auf lange<lb/>zu feßeln. Nie habe ich was gelesen das mir höcher,<lb/>schöner, tiefer die reinste Weiblichkeit lebendig darstellte<lb/>als in <rs ref="#i883976" type="book_etc">W.M</rs>. die Worte Nathaliens als Wilhelm sie fragte<lb/>„Haben sie den nie geliebt?“ “Immer oder nie“: wen muß dieser<lb/>Ausspruch nicht lebendig ergreiffen, wer kan ihn ganz faßen?<lb/>Im gleichen Buch sagt Jarno nicht ohne Grund „es sey ein<lb/>köstliches Ding um ein Herz das der Liebe u Leidenschaft<lb/>fähig sey“. Aber welcher Ausspruch kan mehr Gewicht <lb/>haben? Der eines trocknen Jarno od der von Wilhelm<lb/>u Lothario, u welchem von diesen Männern wird ein edles<lb/>Mädchen lieber gefallen? Wer könnte eine<lb/>Lidie einer Nathalien vorziehen.<lb/>Ich fühle wie schwer es ist die Liebe auf eine würdige Art<lb/>zu behandeln, da die wenigsten Menschen sich einen würdigen<lb/>Begriff davon machen; wie oft wird sie mit dem blos thierischen<lb/>Naturtrieb verwechselt.</p></div><div xml:id="d23389382" corresp="d872870" ><head resp="#editor">Tagebucheintrag<date> 15.05.1801 </date></head><pb n="6"/><p>1801 5 15 <lb/><rs ref="#i906811" type="book_etc">De l’influence des passions sur le bonheur<lb/>des <supplied>I</supplied> individus et des Nations<lb/></rs> </p><p>Ich finde in diesem Buch ein sonderbares Gemisch von<lb/>tiefen Empfindungen und verwornen Begriffen, <supplied>ich<lb/>begreiffe</supplied> <rs ref="#i884031" type="object"><del>es befremdet</del> mich wie das Buch</rs> so viel Aufsehns gemacht<lb/>besondrs fält mir das Capitel über die <del><supplied>wahre</supplied></del> Liebe auf:<lb/>sie sagt, wenig Menschen hätten die <del>wahre</del> Liebe gekant, das<lb/>bin ich versichert: und mir ahndet nach dem was sie<lb/>darüber sagt, sie selbst habe sie nicht in ihrer edelsten<lb/>Gestallt gekannt; sonderbar ist’s daß sie diese Leiden-<lb/>schaft anfänglich als das höchste Ziel nicht nur irdischer<lb/>Glückseligkeit, sondern auch deren die der Mensch in der<lb/>künftigen <del>Weld</del> erwarten könnte, abschildert; und endet, die<lb/>Menschen vor dieser Leidenschaft zu warnen! Wäre<lb/>nicht ein Mittel zu treffen? Ein Rath mitzutheilen wie<lb/>man dem Verderben dieser Leidenschaft entgehen <del>könnte</del>,<lb/>ohne sie ganz zu fliehn? Sollte das edelste in<lb/>der Natur ganz verworfen werden, weil es<lb/>durch den Misbrauch schädliche Folgen nach sich zieht?<lb/>Daß es schwer ist in dieser so hinreissenden<lb/>Leidenschaft Regeln vorzuschreiben, ist gewiß:<lb/>doch sollte es nicht ebenso unnütz seyn vor dieser <lb/>Leidenschaft zu warnen, da so wenig Menschen ihrer</p><pb n="7"/><p> </p><p>fähig, u die so es sind schwerlich durch Vorschriften<lb/>werden zurückgehalten werden. Die Warnungen<lb/>der <rs ref="#i870104" type="person">Md de Staehl</rs> mögen wohl nur die coqueterie und<lb/>das was <supplied>man</supplied> den wahren Nahmen Liebe nicht ver-<lb/>dient betreffen, u dahin mögen sie wohl passen.<lb/>Aber das was <rs ref="#i870104" type="person">M d St</rs> die <rs ref="#i874436" type="object">Frauenzimmer</rs> betreffend<lb/>sagt, bin ich nicht zufrieden: daß sie empfindsamer<lb/>tiefer bleibender Eindrücke fähiger als die Männer<lb/>sind, ist nicht zu wiedersprechen; daß sie ihrer<lb/>sanftrer Gemüthsart wegen mehr Bedürftniß<lb/>zu lieben in sich fühlen ist’s eben so <del>wenig</del> <supplied>unleserlich</supplied>: aber<lb/>wäre wahr, daß sie eben des wegen die Liebe<lb/>ganz fliehn, wahr, daß sie dadurch ganz so ung-<lb/>lücklich, ohne Rettung Unglücklich würden ? Jede<lb/><rs ref="#i874064" type="object">Leidenschaft</rs> entstellt das Weib mehr als den Mann<lb/>in <supplied>einem edlen Weib</supplied> <del>ihr</del> soll keine Leidenschaft die<lb/>Schranken überschreitten; die Natur hat ihr eine <lb/>andere Art von Empfindsamkeit als dem Manne<lb/>gegeben, alles wirkt tief aufs Innere, so stark<lb/>auch die Wirkung sey, zeigt sie sich nie in Heftigen<lb/>Ausbrüchen, so lange das Weib Weib bleibt<lb/>u nicht ausartet. Alles soll in ihrem Gemüth</p><pb n="8"/><p> </p><p>reine Harmonie seyn, so sollte die Liebe nur<lb/>die Blüthe ja ich möchte sagen das resultat aller<lb/>ihrer übrigen schönen Gefühle seyn; ein Mädchen<lb/>das sich nicht frühe in kindlicher brüderlicher<lb/>Liebe, in allgemeinem Wohlwollen, in jeder<lb/>Art von Wohltätigkeit geübt, wird der höchsten<lb/>reinen Liebe nie fähig seyn: hat es aber diese<lb/>edlen Eigenschafften frühe geäussert, so werden<lb/>eben diese der gänzlichen Zerstörung einer<lb/>unglücklichen Liebe zuvorkommen, höchst <del>leidend</del> <supplied>unglück- <lb/>lich</supplied> wird sie wohl seyn, und sollte der Schmerz<lb/>allzu stark an ihrem zarten Herzen nagen, sollte<lb/>für sie kein liebender Gegenstand mehr übrig<lb/>seyn, der sie zur Noth auf einige Zeit, bis der<lb/><supplied>der</supplied> schneideste Schmerz wieder etwas gemildert<lb/>seyn wird, im Leben zurückhalten könnte?<lb/>So würde sie fallen diese zarte Blume nach dem<lb/>sie in ihrem kurzen daseyn die höchsten Leiden<lb/>und die höchsten Freuden, vieleicht den höchsten<lb/>Grad von Bildung würde erhalten haben;<lb/>kein mitleidiges Aug würde ihr eine warme<lb/>Thräne versagen. Daß bey einer solchen</p><pb n="9"/><p> </p><p>Liebe des Weibes, der Gegenstand <del>derselben</del> möge noch<lb/>so unwürdig gewesen seyn, Schande u Reue<lb/>die Folge seyn wird, kan nicht seyn: es ist<lb/>äusserst schmerzlich seine Begrieffe von einer edlen<lb/>Menschheit, die als schöne Ahndungen aus der jugend-<lb/>lichen Seele hervorgiengen, u die einige Zeit in dem<lb/>geliebten Gegenstand realisiert zu seyn schienen, ins<lb/>Nichts verschwunden zu glauben; der peinlichste Zweifel,<lb/>der an Menschen Würde kan daraus entstehen,<lb/>aber nur auf einige Zeit, die <supplied>unschuldige</supplied> <del>schöne edle</del> Seele<lb/>wird aus sich selbst die Beweise dagegen finden:<lb/>es ist schmerzlich unschuldig zu leiden, schmerzlich<lb/>den Gegenstand seiner Liebe <supplied>elend u</supplied> unedel <supplied>zu finden</supplied><lb/>gegen sich handeln zu sehen; aber Reue mit Schande<lb/>begleitet, kan nur die Folge einer schlechten<lb/>art zu denken od zu handeln, <supplied>aber</supplied> <del>doch</del> nicht einer<lb/>edlen aber unglücklichen Liebe seyn.<lb/>Mir misfällt die Wehrlosigkeit u Schwäche<lb/>in welcher <rs ref="#i870104" type="person">Md de St</rs> das Weib erscheinen läßt.<lb/>Eine besondere art von Stärke hat die Natur dem<lb/>Mann, eine besondere dem Weib mitgetheilt.<lb/>Ich glaube daß im Ertragen von aller Arten</p><pb n="10"/><p> </p><p>von Unfällen, in Beweisen von ausharender<lb/>Zuneigung (dies giebt zwar Md de St auch zu) <supplied>der</supplied><lb/>in Festigkeit einen Entschluß den sie für gut<lb/>eingesehn, auszuführen, im Hilfe leisten <supplied>u d</supplied><lb/>und der daraus entstehenden Körperlichen<lb/>Leiden, das Weib bewehrter erfunden würde,<lb/>u das eben darum weil sie eines hochren Gra-<lb/>des der Zuneigung u Liebe fähig  ist; u<lb/>wer weiß nicht daß dem der aus Liebe für eine<lb/>Sache od einen Gegenstand handelt, vielmehr<lb/>ausrichtet als man seinen Kräften zutraute.<lb/>Wenig Männer würden im Stande seyn sich in <lb/>der Stärke der Weiber hervorzuthun, aber<lb/>nicht so selten sind die Beyspiele wo durch Zufälle<lb/>in gefährliche Lagen versetzt <supplied>sich</supplied> Weiber einen<lb/>hochen Grad männlicher Standhaftigkeit bewiesen.<lb/>M d St giebt zu daß die Natur dem Weib mehr<lb/>Fähigkeit zum Lieben als dem Manne zugetheilt<lb/>habe <supplied>als dem Manne</supplied>; ich möchte also fragen<lb/>in wie fern es gut sey dem von der Natur</p><pb n="11"/><p> </p><p>angewiesene Weg geradezu entgegen zu ar-<lb/>beiten? Ich glaube die gegenwärtige Weld ist auf<lb/>einer Stuffe wo viel zu viel gethan worden um der<lb/>Natur entgegen zu arbeiten, ein großer Theil des<lb/>Menschlichen elendes kömmt daher: möchten doch Moralisten,<lb/>Weise u Dichter statt die Natur zu unterdrücken,<lb/>uns die schöne <rs ref="#i873936" type="object">Natur</rs> verbilden! Möchten sie besonders<lb/>jeden Trieb im Menschlichen Herz erst recht erkennen<lb/>ehe sie ihn abschneiden u ins Feuer werfen wollen,<lb/>u dadurch die Natur u den Schöpfer, oder vielmehr<lb/>sich selbst entheiligten.</p></div><div xml:id="d23389388" corresp="d872883" ><head resp="#editor">Tagebucheintrag<date> 06.10.1801 </date></head><pb n="11"/><p>1801 10 6<lb/>Aus zwei verschiednen Quellen schöpf der Mensch seine<lb/>Glückseeligkeit, aus der Bildung von aussen, und<lb/>aus seinen innern Kräften; beide haben einen sehr<lb/>wichtigen Einfluß:<rs ref="#i873936" type="object"> ohne Umgang mit Menschen </rs>was wäre<lb/>der Mensch? Es ist schauderhaft daran zu denken!<lb/>Wie unzweckmässig ist also das Leben ausser der<lb/><rs ref="#i874226" type="object">Gesellschaft</rs>, wie wohl es Fälle giebt wo das sehnen<lb/>darnach, wo der wirkliche Entschluß zu verzeihen ja<lb/>zu bewundern ist. Im Umgang der Menschen lernt<lb/>der Mensch erst das Fühlen was ihn <lb/>zum Menschen macht</p><pb n="12"/><p> </p><p>ohne Übung der Kräfte u Fähigkeiten blieben<lb/>sie ewig todt. Auf zwei Weise wird der Mensch<lb/>durch den Menschen gebildet: durch <supplied>den</supplied> Umgang<lb/>mit denen welche um und mit ihnen leben, durch<lb/>den Unterricht aus den Schriften derer die in<lb/>allen Zeiten sich durch erhabne Fähigkeiten her-<lb/>vorgethan; die erste ist für alle Menschen<lb/>unumgänglich nöthig ohne <del>sie</del> <supplied>ihr</supplied> könnte die ander<lb/>nie statt haben, so hoch sie wohl mit recht von<lb/>einigen geschätzt wird, so kan sie doch allein ohne<lb/>Beyhilfe des Umgangs mit lebenden nie wahre<lb/>ganz gebildete Menschen hervorbringen; das<lb/>wird der gewiß fühlen der auf sich selbst wohl<lb/>acht gehabt, der das über alles erwünschte Glück<lb/>gehabt <supplied>h</supplied> Menschen zu finden die gemacht waren auf<lb/>sein Inners zu wirken; dies ist erst der Zeit-<lb/>punkt unsers seyns wo das was vorher als<lb/>dunkles Schattenbild in uns schwebte, nun zur leben-<lb/>digen Gestalt wird, wo wir erst uns <supplied>uns</supplied> <lb/>selbst ganz fühlen und empfinden lernen.</p><pb n="13"/><p> </p><p>Wenn wir die Menschen deren Kunstwerke uns <lb/>so viele Seeligkeit gewähren, befragen könnten,<lb/>so würden wir hören, daß nicht allein das Forschen<lb/>in Büchern, sondern <supplied>das</supplied> die Einwirkung edler für<lb/>sie gestimmte Menschen, das lebendige in ihnen<lb/>geweckt habe. Es möge nun Bücher oder Umgang <lb/>mit Menschen seyn der dich <rs ref="#i874235" type="object">gebildet</rs> so bleibe der<lb/>Ausspruch unsers <rs ref="#i870018" type="person">Dichters</rs> dir heilig<lb/>„Von der Menschheit? Du kanst nie edel genug<lb/>von ihr denken,<lb/>Wie du im Herzen sie trägst, prägst du durch<lb/>Thaten sie aus.“</p></div><div xml:id="d23389391" corresp="d872893" ><head resp="#editor">Tagebucheintrag<date> 19.10.1801 </date></head><pb n="13"/><p>1801 10 19<lb/>Ists möglich daß nur in meiner Phantasie die <rs ref="#i874064" type="object">Unvergäng-<lb/>lichkeit der Zuneigungen</rs> bestehe? Ist sie ein Traum?<lb/>Für mich ist sie mehr, sie ist ewig fest in meinem Innern<lb/>gegründet: wie unglücklich würde der Glaube mich machen<lb/>daß ich allein so empfände! O nur der Glaube an Großmuth<lb/>an Treu an den Adel des Herzens bringt uns den Menschen<lb/>nahe die solche edle Eigenschaften besitzen, gewiß es herrscht<lb/>Kraft der Anziechung der Geister nach welcher edle<lb/>reine Seelen sich anziehn: freilich hat diese nur bey denen</p><pb n="14"/><p> </p><p>statt die sich ganz den Gefühlen eines reinen unverdorbnen<lb/>Herzen überlassen können</p></div><div xml:id="d23389393" corresp="d872902" ><head resp="#editor">Sinnspruch<date> XX.XX.1805 </date></head><pb n="21"/><p> </p><p>1805</p><p>Ungleich sind sie die Wege die uns die Vorsehung<lb/>leitet;<lb/>Viele wandlen gebückt auf ebnem gebahntem Pfad<lb/>Immer verfehlend des Ziels.<lb/>Finster verworrne Wege durchdringen (zwar<lb/>wenig nur) aufrecht;<lb/>Niemals verfehlend das Ziel.<lb/> </p><p>Übermuth blähet den Sinn, zeugt Eigennutz, feind-<lb/>liche Triebe.<lb/>Edles Gefühl seiner selbst zeugt Wohlwollen,<lb/>Liebe und Hoffnung<lb/>diese Gemüthsart ofreund, suche wie Perlen<lb/>und Gold<lb/>Köstliche Schätze verschaft sie: Freundschaft<lb/>Zufriedenheit Muth. </p></div>
       </body></text>
   </TEI>
    