<?xml version="1.0"?>
    <?xml-model href="http://www.tei-c.org/release/xml/tei/custom/schema/relaxng/tei_all.rng" type="application/xml" schematypens="http://relaxng.org/ns/structure/1.0"?>    
    <TEI xmlns="http://www.tei-c.org/ns/1.0" xml:id="d898223">
       <teiHeader>
          <fileDesc>
             <titleStmt>
                <title>Heft 21 (1824-1825)
                </title>
                <author>Anna Maria Preiswerk-Iselin</author>
             </titleStmt>
             <publicationStmt>
                <publisher xml:id="editor">Tagebücher Anna Maria Preiswerk-Iselin Projekt</publisher>
                <pubPlace>Basel</pubPlace>
                <date when="2022-03">March 2021</date>
                <availability>
                   <licence notBefore="2022-03-01" target="http://creativecommons.org/licenses/by-sa/4.0/">
                      <p>[...]</p>
                      <p>This work is licensed under a Creative Commons Attribution-ShareAlike 4.0 International License.</p>
                      <p> You are free to: <list>
                            <item> Share — copy and redistribute the material in any medium or format</item>
                            <item> Adapt — remix, transform, and build upon the material</item>
                         </list>
                      </p>
                      <p> Under the following terms: <list>
                            <item> Attribution — You must give appropriate credit, provide a link to the license, and indicate if changes were made. You
                               may do so in any reasonable manner, but not in any way that suggests the licensor endorses you or your use.</item>
                            <item> ShareAlike — If you remix, transform, or build upon the material, you must distribute your contributions under the same
                               license as the original.</item>
                            <item> No additional restrictions — You may not apply legal terms or technological measures that legally restrict others from
                               doing anything the license permits.</item>
                         </list>
                      </p>
                      <p>The licence was added on March first, 2022.</p>
                   </licence>
                </availability>
             </publicationStmt>
             <sourceDesc>
                <msDesc>
                   <msIdentifier>
                      <settlement>Basel</settlement>
                      <repository>Staatsarchiv</repository>
                      <idno>StABS PA 511 304-03-04</idno>
                      <msName>Heft 12 (1815-1816) - Anna Maria Preiswerk-Iselin </msName>
                   </msIdentifier>
                </msDesc>
    
    </sourceDesc>
      </fileDesc>
      <profileDesc>
         <textClass>
            <!-- vérifier !!! -->
            <catRef scheme="#genre" target="#journal"/>
         </textClass>
         <langUsage>
            <language ident="de">Deutsch</language>
         </langUsage>
      </profileDesc>
   </teiHeader>
       <text><body><div xml:id="d23405749" corresp="d898233" ><head resp="#editor"><date> 05.11.1824 </date></head><pb n="1"/><p>5.11.1824      <lb/>Seit vorgestern bin ich in der Statt: dem Himmel kann<lb/>ich nicht genug danken daß ich noch die Kräfte<lb/>hatte meine Geschäfte zu besorgen, auch für die<lb/>Heiterkeit meines Gemüthes u daß ich all die<lb/>lieben Meinigen gesund angetroffen.<lb/>Wie viele, viele Ursache habe ich meinen Dank Gott<lb/>darzubringen! Möchte ich es nur würdig thun<lb/>können morgen gehe ich zur h. communion möchte<lb/>ich alle guten Entschlüße so ich aufs neue u mit<lb/>dem aufrichtigsten Herzen faßte, ausführen, möchte<lb/>meine Seele von allen kleinlichen Absichten, besonders<lb/>von aller Eigenliebe u aller Menschenfurcht frei,<lb/>so handeln daß sie sich des Wohlgefallen<supplied>s</supplied> Gottes<lb/>erfreuen kann! Will er meine Absichten begünstigen<lb/>so bitte ich in Demuth um Kraft sie gut auszuführen<lb/>soll nichts daraus werden so bitte um Gelassenheit<lb/>u Ergebung! Ich besorge noch nicht ganz<lb/>die reine Menschenliebe zu besitzen die mir eigen<lb/>seyn sollte um des vorhabenden Unternehmens würdig</p><pb n="2"/><p>zu seyn; mochte mir der wahre christliche Sinn zu<lb/>Theil werden!</p></div><div xml:id="d23405750" corresp="d898241" ><head resp="#editor"><date> 13.11.1824 </date></head><p>13.11.24        <lb/>Gestern machte ich meinen Besuch bei Fr B. Ihre Bereitwillig[keit]<lb/>macht mir viele Freude; wir müssen nur unsre Ansichten<lb/>bei einer gemächlichern Zeit gegen einander verhalten<lb/>ich hoffe wir schreiten zusamen! Ich werde von meinen<lb/>Grundsätzen nicht weichen: aber in Manchem nachgebn<lb/>um nicht alles aufzugeben. Ihre Bekanntschaften<lb/>mit Personen welche bei der Sache schön mitwirken<lb/>konnten, freuen mich sehr. Doch wie vieles ist noch<lb/>zu erlesen u ins Reine zu bringen! Doch mit Gottes<lb/>Hilfe, mit reiner Menschenliebe u festem Wille, kann<lb/>oft Unmöglich scheinendes geleistet werden.</p></div><div xml:id="d23405751" corresp="d898249" ><head resp="#editor"><date> 25.11.1824 </date></head><p>25.11.24        <lb/>Vor einigen [Tagen?] war mir so wohl, ich konnte so thätig<lb/>seyn u diese Thätigkeit wirkte so wohlthätig auf<lb/>meine Heiterkeit; jetzt wurde ich wieder von einer<lb/>plötzlichen Unpäßlichkeit befallen die mir alle Bewegung<lb/>untersagt: sollte nicht meine Heiterkeit darunter leiden?<lb/>kämpfen will ich um jeden Unmuth zu verscheuen<lb/>Vor einigen Tagen fragte ich mich noch was bedeutet<lb/>[3]</p><p>die ungewöhnliche Heiterkeit deines Geistes, ist sie ein<lb/>Pfand deiner noch inwohnenden Kräften, welche die Vorsehung<lb/>zu wohlthätiger Wirksamkeit noch gebrauchen will? Oder<lb/>ist sie Pfand des nahen Entfeßelns deines Geistes von<lb/>den Feßeln des Körpers: beides war mir erfreulich u<lb/>ruhig warte ich auf Gottes Entscheidung. Sollen mich nun<lb/>wieder körperliche Leiden drücken will ich getrost denken[?]<lb/>auch diese führen mich meinem gewünschten Ziele entgegen.<lb/> </p><p>Ich las vor einiger Zeit die Lebensgeschichte von Salo Maimon;<lb/>ich bewunderte den hellen Sinn, die unbezwingbare Wahrheitsliebe<lb/>dieses Mannes! Welchen Kampf kostete es ihn um aus dem<lb/>Sumpf von Vorurtheilen sich heraus zu schwingen in welchem der<lb/>niedrige u größte Theil seines Volks noch versunken war;<lb/>doch wie erstaunte ich auch über die großen Ideen, die sie<lb/>aus ihren Schriftstellern u besonders aus der Bibel, haben:<lb/>merkwürdig waren mir seine Gedanken über Moses, welche<lb/>mit den meinigen in vielem übereinstimmten. Doch bei ihm<lb/>auch findet man daß zu vieles Licht oft schädlich ist, in wie<lb/>traurige Zweifel führte es ihn! Welche unendlichen<lb/>Vorzüge gewährt uns die christliche Religion!</p><pb n="4"/><p><supplied>zu seyn; mochte mir der wahre christliche Sinn zu<lb/>Theil werden!</supplied></p></div><div xml:id="d23405752" corresp="d898257" ><head resp="#editor"><date> 05.12.1824 </date></head><p>5.12.24          <lb/>Ich [xxx[G1] ] „Blätter aus dem Tagebuch eines<lb/>Früh-Vollendeten (Salomon Müllers) dieses<lb/>Buch spricht mich auf herrlichste an, u ist wie<lb/>aus meinem Herzen gesprochen; welcher Grund<lb/>von Religiositet, von hellem Urtheil, von Liebe<lb/>zu allem Guten u Schönen! Wie gerne hätte ich<lb/>so manches abgeschrieben doch fand ich weder Zeit<lb/>noch Kräfte; doch das Buch will ich trachten<lb/>mir anzuschaffen: nicht für mich allein auch<lb/>für die Meinigen die es fassen; das ist<lb/>eines der Bücher so man alljährlich wieder<lb/>lesen sollte.</p><p> [G1]zwei Wörrt unleserlich; evtl: „Ich las nun“</p></div><div xml:id="d23405753" corresp="d898265" ><head resp="#editor"><date> 20.12.1824 </date></head><pb n="5"/><p>20.12.24        <lb/>Das Ende des Jahres nahet heran, ich habe so mancherlei<lb/>fürs oekonomische zu sorgen u wenig Zeit für mein<lb/>lieblings Projekt zu denken, doch schwebt es mir immer<lb/>im Kopf u Herz; möchten sich nur nicht so viele Hinder-<lb/>niße zeigen! Ein hauptsächlichstes ist mein Alter u<lb/>meine Schwächlichkeit: doch ich will alles in Gottes<lb/>Hand legen, u daran arbeiten als ob ich der Aus-<lb/>führung sicher wäre, stirb ich ob meinem Wünschen,<lb/>so gehts mir wie so vielen Sterblichen, u derselben<lb/>habe ich mich nicht zu schämen.<lb/>Ich konnte vorige Nacht keinen Schlaf finden, griff zu meinem<lb/>gewohnlichen Mittel, schlug Licht u bereitete ein Glas Wein [???]<lb/>ergriff die Bibel u fand daß ich den 1sten statt den 2ten Thl<lb/>zum Beth gelegt, es war mir leid, doch ich wählt die<lb/>Psalmen: wie noch nie fand ich mich über die einfache<lb/>Erhabenheit derselben ergriffen, ich prüfte mich über<lb/>das was mir eigentlich so wohl that: u fand daß es<lb/>das feste liebevolle Zutrauen des Psalmisten zu Gott<lb/>sey. Was ist eigentlich das Wahre u Ächte in der Religion<lb/>wenn es nicht das kindliche feste Vertrauen zu Gott ist</p><pb n="6"/><p>Was ist das Größte in Christus, als sein tiefes Gefühl<lb/>seines Einsseyns mit Gott? Wenn wir mit Gefühl das<lb/>Gebeth so uns Christus gelehrt hersagen, so ist schon<lb/>der Anfang „Unser Vater“ von einem unendlichen Gehalt<lb/>wohl dem der es innig fühlt!</p></div><div xml:id="d23405754" corresp="d898273" ><head resp="#editor"><date> 21.12.1824 </date></head><p>21.12.24        <lb/>Ich entschloß mich diesen Nachmittag bei trübem aber<lb/>warmen Wetter, die Kraft meiner Füße zu ver-<lb/>suchen, u wanderte in die freie, zwar schlafende Natur:<lb/>ich gieng fast doppelt so weit als das Cahsino u mir<lb/>war so wohl auf diesem stillen einsamen Gange<lb/>wie lieblich schien mir diese trauliche Gegend! O möchte<lb/>ich bei ihr zu Hause werden u bald im Bewußtseyn<lb/>nützlicher Thätigkeit, die schöne Gegend vielfach froh<lb/>begrüßen!</p></div><div xml:id="d23405755" corresp="d898281" ><head resp="#editor"><date> 23.12.1824 </date></head><p>23.12.24        <lb/>Ich habe heute viel Freude gehabt meine beiden<lb/>GßSohne Diet. P u Wilhelm V. von Hofwyl kommend<lb/>wieder zu sehen: sie sind sehr verschieden, doch jeder<lb/>nach seiner Art können Beide gute u nützliche Menschen<lb/>werden. Gott erhöre meine Wünsche für sie.</p></div><div xml:id="d23405756" corresp="d898289" ><head resp="#editor"><date> 03.01.1825 </date></head><pb n="7"/><p>3.1.1825        <lb/>Ob ich gleich über den Jahreswechsel meine Gedanken<lb/>nicht aufsetzen konnte so waren sie doch oft gesammelt;<lb/>u jetzt da ich einen ruhigen Augenblick habe wo mir<lb/>noch etwas Kräfte gewahrt sind will ich es thun.<lb/>In dem erst verfloßnen Jahre habe ich von Gott<lb/>viele Wohlthaten erhalten: meine Gesundheit wurde<lb/>gestärkt ich hatte hinlänglich Kräfte um meine Geschäfte<lb/>zu vollbringen u was mir am wichtigsten war, für<lb/>meine beiden Enkel den Kind[ern] meines Sohns, noch in<lb/>etwas nützlich zu seyn: daß diese beiden Kinder,<lb/>nun wie ich hoffe, gut versorgt sind ist eine große<lb/>Beruhigung für mich, u mildert den Schmerz den ich<lb/>über ihrenVater, u wohl auch über ihre Mutter <lb/>habe, möge Gott ihren Schmerz lindern!<lb/>[xxx[G1] ]</p><pb n="8"/><p>Kraft u Muth verleihe ihn darin zu ermuntern,<lb/>auch für die Besserung ihrer Gesundheit bin ich          <lb/>Gott von Herzen dankbar. Doch vor Allem auch<lb/>dafür daß mein Gemüth mehr Heiterkeit u Ruhe fühlte,<lb/>daß mir der Trost der Religeon lebhafter u inniger<lb/>zu Theil ward als je vorher u mein Muth zum Guten<lb/>kräftiger u nicht so sehr von Menschenfurcht getrübt<lb/>wurde; doch diese kleinen Fortschritte wie geringe<lb/>sind sie, wie sehr sollen sie mich anspornen noch<lb/>weiter zu komen. Noch eine Wohlthat die mir im verfloßnen<lb/>Jahr zu Theil wurde, ist die Rückkehr meines lieben<lb/>Bruders, dessen Gegenwart so viel erheiterndes für<lb/>mich hat; zwar ist sie auch wie alles in der Weld mit<lb/>schmerzlichen Gefühlen vermischt: doch wie wohl<lb/>thut es im Alter die [xxx[G2] ]</p><p> [G1]Ca. 5 Zeilen herausgeschnitten<lb/> [G2]Restliche Seite herausgeschnitten.</p></div><div xml:id="d23405757" corresp="d898297" ><head resp="#editor"><date> 21.01.1825 </date></head><pb n="9"/><p>21.1.25          <lb/>Eine unbeschreibliche Freude macht es mir daß<lb/>der gute Bruder nun eine Stelle erhalten die<lb/>ihm Beschäftigung, eine für seine Bedürftnisse<lb/>hinreic[h]ende unabhängende Existenz, u auch in<lb/>der Folge vieleicht Veranlassung gewährt manches<lb/>Gute zu bewirken. Meinen innigsten Dank<lb/>bringe ich Gott dafür.<lb/> </p><p>„Handbuch der Evangelisch-reformierten<lb/>Glaubenslehre.<lb/>Nach Anleitungs des Zürch Cathechismus<lb/> „Von Salomon Vögelin<lb/>Zürich<lb/>Habe den erst Theil durchgangen u vortrefflich<lb/>gefunden: nur etwas weitläuffig.</p><pb n="10"/><p>Christus kan jedem das Höchst alles in<lb/>Allem seyn;<lb/>Aber unmöglich Jedem auf gleiche Weise.<lb/> </p><p>Halte dein Urtheil schonend zurück u sprich<lb/>kein Verdammniß.<lb/>Denk dir im tobenden Saulus, den Keim des<lb/>segnenden Paulus.</p></div><div xml:id="d23405758" corresp="d898305" ><head resp="#editor"><date> 07.03.1825 </date></head><p>7.3.25<lb/>Ich bin gestern zum h Abendmal gegangen;<lb/>weil ich jetzt noch Ruhe u Muße hate, mit<lb/>Nachdenken diese h Handlung zu begehen u<lb/>auch gesund bin: zwar kam ich wenig zum <lb/>Lesen, mir behagte mehr stilles Nachdenken<lb/>u ich hoff zu Gott daß mein stilles Gelübd,<lb/>allem Guten fester zu werden mir zum<lb/>Nutzen gereichen werde! Möge wahre<lb/>Demuth, fester Muth zum Guten, reine</p><pb n="11"/><p>Liebe in meinem Herzen immer zunehmen u ich<lb/>durch meine Ruhe Heiterkeit u Milde ein<lb/>Beweis seyn, daß wahrer Christensinn in<lb/>mir lebe. Was du o Gott ferner für<lb/>mich bestimmt habest das laß mich so an-<lb/>nehmen wie es dem christlichen Muth<lb/>geziemet!</p></div><div xml:id="d23405759" corresp="d898313" ><head resp="#editor"><date> 08.03.1825 </date></head><p>8.3.25<lb/>Je menschlicher der Mensch ist, je erhabenere<lb/>Begriffe wird er sich von der Gottheit machen:<lb/>je erhabner diese sind, je muthiger wird<lb/>er sich zu ihr hinauf streben, je menschlicher<lb/>wird er werden.<lb/>Alle Einschränkungen u bestimmte Religions-<lb/>formeln können nur den Geist einschränken<lb/>od gar tödten: besonders die welche dem Menschen<lb/>den Wahn geben, von ihr hange ganz unbe-<lb/>dingt der Weg zur Seligkeit ab.</p><pb n="12"/><p>Wenn ich mir einbilde durch die Annahme<lb/>irgend eines Glaubensartickels zu den<lb/>rechtgläubigen, den Auserwählten zu<lb/>gehören, so giebt mir das [xxx[G1] ]<lb/>den Wahn besser als Andre zu seyn, die<lb/>andre Formeln annehmen u giebt mir einen<lb/>christlichen Stoltz, welcher dem Sinn des<lb/>wahren Christenthums, der in Besserung des<lb/>Herzens, in Demuth u Liebe besteht, ganz<lb/>entgegen gesetzt ist. Dem Menschen<lb/>kömmt es zu die Handlungen der Menschen<lb/>zu beurtheilen: u da noch, wie vielem<lb/>Irtum ist er ausgesetzt! Der Glaube<lb/>richtet allein Gott.</p><p> [G1]Halbe Zeile getilgt; evtl. rekonstruierbar.</p></div><div xml:id="d23405760" corresp="d898321" ><head resp="#editor"><date> 15.03.1825 </date></head><pb n="13"/><p>15.3.25          <lb/>Der Plan den ich mir zu meiner Lebensart u Be-<lb/>schäftigung vorgesetzt, im Fall ich mich des Guthes<lb/>entledigte, macht meiner Tochter V. so viele Unruhe<lb/>daß ich den Muth nicht habe der Par. die eben nicht<lb/>wohl ist, davon zu reden; ich bin so gerne meinen<lb/>Töchtern gefällig wo es nur immer seyn kann,<lb/>in sofern es meinem innern Gefühl wiederspricht.<lb/>Doch ist das Ziel das ich mir vorgesetzt<lb/>habe so in mancher Rücksicht wohlthätig,<lb/>daß ich glaube mich durch keine Hinderniße<lb/>davon abschrecken zu lassen. Nichts Gutes<lb/>ist je geschehn das nicht anfangs mit vielen<lb/>Hindernissen zu kämpfen hatte. Ich will in der <lb/>Stille meinen kräftigen Gang befolgen u dem<lb/>Himmel überlassen ob ichs ausführen kann.<lb/>Meinen Töchtern wollen es herzlich gut mit mir<lb/>deswegen schmerzt es mich ihnen zuwieder zu handeln<lb/>aber sie kennen die Bedürfniße meines Herzens nicht</p><pb n="14"/><p>Sollt ich getreu nicht meiner Pflicht,<lb/>Nach meiner innern Stimme wandeln,<lb/>Noch fürchten was die Menge spricht,<lb/>Und nicht nach Überzeugung handeln?</p><p>Kann in des Lebens letzten Stunden<lb/>Ich, nach dem schwer vollbrachten Lauff<lb/>Bei manchen kaum vernarbten Wunden<lb/>Nicht ruhig sehn zum Himmel auf!<lb/> </p><p>Ist Jedem nicht sein eignes Loos beschieden,<lb/>Nicht anders jedes Herz gestimmt?<lb/>Such Jeder nur nach innerm Frieden<lb/>Und nähr’ den Funken der in seinem Innern glimmt<lb/> </p><p>Sollt ich das kleine Pfund das Gottes Huld bescherte<lb/>Nach innerm Ruff nicht treulich wenden an?<lb/>Wenn sich mein Herz nach Jedes Urtheil kehrte,</p><pb n="15"/><p>Lief ich dan schön die mir gesetzte Bahn?</p><p>Entfernt von Eitelkeit u allem aussern Glanz<lb/>In Lieb’ u Demuth nur such ich Verlaßner Wohl<lb/>dem Lehrer den ich ehr, dem will ich folgen ganz<lb/>Und will nach freier Wahl nur das thun was ich soll.</p></div><div xml:id="d23405761" corresp="d898329" ><head resp="#editor"><date> 21.03.1825 </date></head></div><div xml:id="d23405762" corresp="d898337" ><head resp="#editor"><date> 20.04.1825 </date></head></div><div xml:id="d23405763" corresp="d898345" ><head resp="#editor"><date> 25.04.1825 </date></head></div><div xml:id="d23405764" corresp="d898353" ><head resp="#editor"><date> 04.05.1825 </date></head></div><div xml:id="d23405765" corresp="d898361" ><head resp="#editor"><date> 11.05.1825 </date></head></div><div xml:id="d23405766" corresp="d898369" ><head resp="#editor"><date> 17.05.1825 </date></head></div><div xml:id="d23405767" corresp="d898377" ><head resp="#editor"><date> 20.05.1825 </date></head></div><div xml:id="d23405768" corresp="d898385" ><head resp="#editor"><date> 26.05.1825 </date></head></div><div xml:id="d23405769" corresp="d898393" ><head resp="#editor"><date> 07.06.1825 </date></head></div><div xml:id="d23405770" corresp="d898401" ><head resp="#editor"><date> 14.06.1825 </date></head></div><div xml:id="d23405771" corresp="d898409" ><head resp="#editor"><date> 30.06.1825 </date></head></div><div xml:id="d23405772" corresp="d898417" ><head resp="#editor"><date> 06.07.1825 </date></head></div><div xml:id="d23405773" corresp="d898425" ><head resp="#editor"><date> 09.07.1825 </date></head></div><div xml:id="d23405774" corresp="d898433" ><head resp="#editor"><date> 15.08.1825 </date></head></div><div xml:id="d23405775" corresp="d898441" ><head resp="#editor">Sinnspruch<date> Beilage Heft 21 </date></head><p>Beilage 1 Heft 21</p><p>            Hier wird der Staub sich bald mit anderm Staub verweben,<lb/>            Jenseitz schwingt sich der Geist zu ewig sel’gem Leben.<lb/>            ___________________________________________________<lb/>            Herb war die Trennung wohl in diesem Erdenleben,<lb/>            Einst wird das Wiedersehn die schönste Freude geben.<lb/>            ____________________________________________________<lb/>            A M Preiswerkh<lb/>            gebohren d       Octo  1778<lb/>            gestor      d 7 Juny 1797<lb/>            _______________________________<lb/>            Tochter von<lb/>            Nicolaus Preiswerkh<lb/>                         u<lb/>            Anna Maria<lb/>            Preiswerkh Iselin</p></div><div xml:id="d23405776" corresp="d898449" ><head resp="#editor"><date> Beilage Heft 21 </date></head><p>Beilage 2 Heft 21<lb/>            Als ich das letzte Mal das Glück hatte Sie zu sehen besuchen waren meine<lb/>                                                                                                                 Gefühle<lb/>            so manichfach angesprochen daß ich Ihnen nur wenig sagen konnte<lb/>            nicht desto minder rührte mich Ihr liebevoller Empfang, um so mehr<lb/>            da mein guter Bruder ihn theilte. Sie äusserten damals den<lb/>            Wunsch uns noch ein Mal hier besuchen zu können: dies nahm ich<lb/>            als ein Zeichen Ihres gütigen Wohlwollens mit Freuden auf; doch<lb/>            seither ist mir der Gedanke u Wunsch gekoen, ob Sie vieleicht<lb/>            prophetische Worte gesprochen! möchten Sie vieleicht den Abend<lb/>                            _________________  2._______________________<lb/>            Ihres Lebens im Schoose der Freundschaft ruhend u so viel als Ihre<lb/>            Kräfte erlaubten auf eine Art die Ihrer edlen Seele angemessen <lb/>            noch fürs Wohl der Menschheit thätig seyn ! o wie<lb/>            glücklich macht mich dieser Traum, wie glücklich wenn es nicht nur<lb/>            beym Traum bliebe u zur Wirklichkeit gedeihte! Vieleicht in der <lb/>            Zukunft ein Mehrers wenn der Hiel meine Absichten begünstigte.</p></div>
       </body></text>
   </TEI>
    