<?xml version="1.0"?>
    <?xml-model href="http://www.tei-c.org/release/xml/tei/custom/schema/relaxng/tei_all.rng" type="application/xml" schematypens="http://relaxng.org/ns/structure/1.0"?>    
    <TEI xmlns="http://www.tei-c.org/ns/1.0" xml:id="d892262">
       <teiHeader>
          <fileDesc>
             <titleStmt>
                <title>Heft 15 (1818-1819)
                </title>
                <author>Anna Maria Preiswerk-Iselin</author>
             </titleStmt>
             <publicationStmt>
                <publisher xml:id="editor">Tagebücher Anna Maria Preiswerk-Iselin Projekt</publisher>
                <pubPlace>Basel</pubPlace>
                <date when="2022-03">March 2021</date>
                <availability>
                   <licence notBefore="2022-03-01" target="http://creativecommons.org/licenses/by-sa/4.0/">
                      <p>[...]</p>
                      <p>This work is licensed under a Creative Commons Attribution-ShareAlike 4.0 International License.</p>
                      <p> You are free to: <list>
                            <item> Share — copy and redistribute the material in any medium or format</item>
                            <item> Adapt — remix, transform, and build upon the material</item>
                         </list>
                      </p>
                      <p> Under the following terms: <list>
                            <item> Attribution — You must give appropriate credit, provide a link to the license, and indicate if changes were made. You
                               may do so in any reasonable manner, but not in any way that suggests the licensor endorses you or your use.</item>
                            <item> ShareAlike — If you remix, transform, or build upon the material, you must distribute your contributions under the same
                               license as the original.</item>
                            <item> No additional restrictions — You may not apply legal terms or technological measures that legally restrict others from
                               doing anything the license permits.</item>
                         </list>
                      </p>
                      <p>The licence was added on March first, 2022.</p>
                   </licence>
                </availability>
             </publicationStmt>
             <sourceDesc>
                <msDesc>
                   <msIdentifier>
                      <settlement>Basel</settlement>
                      <repository>Staatsarchiv</repository>
                      <idno>StABS PA 511 304-03-04</idno>
                      <msName>Heft 12 (1815-1816) - Anna Maria Preiswerk-Iselin </msName>
                   </msIdentifier>
                </msDesc>
    <listPerson><person xml:id="i869458"><persName>Johann Wolfgang von Goethe</persName></person><person xml:id="i870097"><persName>Sokrates</persName></person><person xml:id="i868080"><persName>Sophie Elisabeth Iselin-Iselin</persName></person><person xml:id="i868797"><persName>Abraham Iselin-Iselin</persName></person><person xml:id="i870104"><persName>Anne Louise Germaine de Staël-Holstein</persName></person><person xml:id="i869290"><persName>Maria Edgeworth</persName></person><person xml:id="i869102"><persName>Frances Burney d'Arblay</persName></person><person xml:id="i869662"><persName>Elizabeth Inchbald</persName></person><person xml:id="i869916"><persName>Amelia Opie</persName></person><person xml:id="i892442"><persName>Joanna Bailie</persName></person><person xml:id="i892457"><persName>Rachel (Lady) Russell</persName></person><person xml:id="i870006"><persName>Johann Gaudenz von Salis-Seewis</persName></person><person xml:id="i867987"><persName>Salomé Köchlin-Iselin</persName></person><person xml:id="i867877"><persName>Louise Köchlin</persName></person><person xml:id="i867825"><persName>Isaak Iselin-Forcart</persName></person><person xml:id="i869675"><persName>Johann Paul Friedrich Richter</persName></person><person xml:id="i870018"><persName>Johann Christoph Friedrich von Schiller</persName></person><person xml:id="i892528"><persName>Friedrich Ludwig Zacharias Werner</persName></person><person xml:id="i867913"><persName>Maria Helena Hoffmann-Preiswerk</persName></person><person xml:id="i868683"><persName>Anna Maria Preiswerk-Iselin</persName></person><person xml:id="i892568"><persName>Elisabeth Vonder Mühll-Bischoff </persName></person><person xml:id="i892582"><persName>Juliana Paravicini-Vonder Mühll</persName></person></listPerson><listObject><object xml:id="i892398" type="book_etc"><objectIdentifier><objectName>Goethe, Aus meinem Leben.</objectName></objectIdentifier></object><object xml:id="i873922" type="tag"><objectIdentifier><objectName>Religion</objectName></objectIdentifier></object><object xml:id="i891654" type="tag"><objectIdentifier><objectName>Heirat</objectName></objectIdentifier></object><object xml:id="i892418" type="book_etc"><objectIdentifier><objectName>Germaine de Staël-Holenstein: Considérations sur la Révolution française (1818).</objectName></objectIdentifier></object><object xml:id="i874077" type="tag"><objectIdentifier><objectName>Tätigkeiten</objectName></objectIdentifier></object><object xml:id="i873990" type="tag"><objectIdentifier><objectName>Selbstreflexion</objectName></objectIdentifier></object><object xml:id="i874436" type="tag"><objectIdentifier><objectName>Über das weibliche Geschlecht</objectName></objectIdentifier></object><object xml:id="i874141" type="tag"><objectIdentifier><objectName>Gedanken über den Tod</objectName></objectIdentifier></object><object xml:id="i873936" type="tag"><objectIdentifier><objectName>Philosophie</objectName></objectIdentifier></object><object xml:id="i874226" type="tag"><objectIdentifier><objectName>Gedanken zur Gesellschaft</objectName></objectIdentifier></object><object xml:id="i874045" type="tag"><objectIdentifier><objectName>Gedanken zur Erziehung</objectName></objectIdentifier></object><object xml:id="i873831" type="tag"><objectIdentifier><objectName>Selbstzeugnis schreiben</objectName></objectIdentifier></object><object xml:id="i874090" type="tag"><objectIdentifier><objectName>Personenbeschreibung</objectName></objectIdentifier></object><object xml:id="i873845" type="tag"><objectIdentifier><objectName>Krankheit</objectName></objectIdentifier></object><object xml:id="i873880" type="tag"><objectIdentifier><objectName>Tod Familie</objectName></objectIdentifier></object><object xml:id="i873929" type="tag"><objectIdentifier><objectName>Trauer</objectName></objectIdentifier></object><object xml:id="i874029" type="tag"><objectIdentifier><objectName>Rückblick</objectName></objectIdentifier></object><object xml:id="i922909" type="tag"><objectIdentifier><objectName>Ruhe</objectName></objectIdentifier></object><object xml:id="i873943" type="tag"><objectIdentifier><objectName>Alter(n)</objectName></objectIdentifier></object><object xml:id="i892389" type="tag"><objectIdentifier><objectName>Paginierung gemäss Anna Maria Preiswerk-Iselin</objectName></objectIdentifier></object><object xml:id="i874235" type="tag"><objectIdentifier><objectName>Ausbildung</objectName></objectIdentifier></object><object xml:id="i892512" type="book_etc"><objectIdentifier><objectName>Schiller: Die verschiedene Bestimmung.</objectName></objectIdentifier></object><object xml:id="i873159" type="tag"><objectIdentifier><objectName>Ortserwähnung</objectName></objectIdentifier></object><object xml:id="i875143" type="tag"><objectIdentifier><objectName>Stadt-Land</objectName></objectIdentifier></object><object xml:id="i892544" type="book_etc"><objectIdentifier><objectName>Werner: Die Söhne des Thales. Ein dramatisches Gedicht. Zweiter Theil: Die Kreuzesbrüder.  </objectName></objectIdentifier></object><object xml:id="i873852" type="tag"><objectIdentifier><objectName>Brief</objectName></objectIdentifier></object><object xml:id="i873838" type="tag"><objectIdentifier><objectName>Unbekannte Person</objectName></objectIdentifier></object><object xml:id="i874148" type="tag"><objectIdentifier><objectName>Besuch</objectName></objectIdentifier></object></listObject>
    </sourceDesc>
      </fileDesc>
      <profileDesc>
         <textClass>
            <!-- vérifier !!! -->
            <catRef scheme="#genre" target="#journal"/>
         </textClass>
         <langUsage>
            <language ident="de">Deutsch</language>
         </langUsage>
      </profileDesc>
   </teiHeader>
       <text><body><div xml:id="d23400872" corresp="d892271" ><head resp="#editor">Tagebucheintrag<date> 14.02.1818 </date></head><pb n="1"/><p> </p><p>1818 2 14<lb/>Ich lese nun <rs ref="#i869458" type="person">Gothens</rs> <rs ref="#i892398" type="book_etc">Leben</rs> von ihm selbst geschrieben:<lb/>es macht mir eine wahre Freude, diesen Mann,<lb/>dem ich seit mehr als 40 Jahren so manche frohe<lb/>Stunde zu danken habe, in dessen Schriften ich wohl<lb/>manches fand dem mein Gefühl, meine Begriffe von<lb/>Moralität nicht beipflichten konnte; der aber in<lb/>Anderem, besonders in seinen Charackerschilderungen<lb/>mein Gemüth so sehr erheiterte und erhob, den ich<lb/>aber kaum laut loben dürfte, in diesem Werk<lb/>so vielfältig gerechtfertigt zu finden! Wie gerne<lb/>vergiebt man ihm seine Abweichungen in Betracht<lb/>seiner biedern edlen schönen Gemüthsart! Ich bin<lb/>zwar noch nicht in der Mitte des 2ten Bandes, hoffe<lb/>aber das Übrige werde dem Anfang entsprechen,<lb/>Besonders freuen mich seine Äusserungen über Religion<lb/>seine kurze Darstellung der Symbole der christlichen <lb/>Kirche entzückte mich: sie entspricht so ganz dem</p><pb n="2"/><p> </p><p>was mir oft dunkel geahndet, aber mir nicht ganz<lb/>klar machen konnte; er fühlt so schön was dem<lb/>edlen Gemüth Bedürfniß ist, was unserm<lb/>kirchlien [?] ritus mangelt! In dem ersten Band<lb/>zwar, fand ich was er über <del>den</del> Glauben sagt, mit meinen<lb/>Begriffen davon nicht übereinstimmend: so viel ich<lb/>mich noch erinnere, sagt er daß die allgemeine<lb/>natürliche Religion des Glaubens nicht bedürfe,<lb/>sondern nur eine besondere u positive, habe<lb/>ihn nöthig. Dieses streitet gegen den Begriff<lb/>den ich mir nach langen hin und hersuchen von<lb/>wahren Glauben gemacht habe: ich halte ihn<lb/>als Hauptbedingniß bei jeder <rs ref="#i873922" type="object">Religion</rs>, die<lb/>diesen Namen wirklich verdient, ich halte ihn für<lb/>das lebendige Gefühl unsrer Abhängigkeit von<lb/>der Gottheit, <supplied>unseres</supplied> ihres Daseyns in uns, unsers<lb/>Leben in ihr unsers Vertrauens zu ihr im Leben</p><pb n="3"/><p> </p><p>und Tod: durch denselben hat <rs ref="#i870097" type="person">Sokrates</rs> mit Muth<lb/>den Giftbecher getrunken, ist Christus am<lb/>Kreuze gestorben, erträgt jeder edle Mensch<lb/>die Leiden dieses Leben, in Geduld und Hoffnung.</p></div><div xml:id="d23400885" corresp="d892279" ><head resp="#editor">Sinnspruch<date> 30.04.1818 </date></head><pb n="4"/><p> </p><p>1818 4 30 <lb/>Meiner Nicht <rs ref="#i868080" type="person">Sophie Iselin</rs> bei Ihrer <rs ref="#i891654" type="object">Vermählung</rs> <lb/>mit <rs ref="#i868797" type="person">Ab[raham] Iselin</rs> den 5 Mai 1818<lb/> </p><p>Was aller Erdenschätze, nicht erkauffen kann<lb/>die reine Liebe, hat der Himmel Euch beschieden.<lb/>Durch sie beglückt durchwandelt Eure Bahn,<lb/>Nur sie giebt Ruh, den wahren Seelenfrieden<lb/>Sie halt Euch dankbar fest an Spender jeder Gabe<lb/>So fließ Euch sanf das Loos bis zu dem spätsten Grabe</p></div><div xml:id="d23400874" corresp="d892287" ><head resp="#editor">Tagebucheintrag<date> 03.09.1818 </date></head><pb n="4"/><p>18 9 3<lb/>Übung unsrer <rs ref="#i874077" type="object">Kräfte</rs> so wohl phisische als geistige<lb/>sind zum Wohlbefinden unsers ganzen Wesens<lb/>nöthig: verschieden sind hierin die Bedürftnisse eines<lb/>Jeden, theils durch die Anlagen der Natur theils<lb/>durch Erziechung u Gewohnheit. Ich habe mirs<lb/>zur <rs ref="#i873990" type="object">strengsten Pflicht</rs> gemacht keines der Geschäffte<lb/>welche Stand u Lage von mir fodern mir zu geringe<lb/>zu achten od. unter <rs ref="#i874436" type="object">meiner Würde</rs> zu achten<lb/>in der Überzeugung daß man durch die Art</p><pb n="5"/><p> </p><p>der Ausführung, der Zweck in welcher man es thut,<lb/>einige Würde beilegen könnte. Durch diese<lb/>Gesinnung habe ich mir mancher Unmuth erspart<lb/>ja manche wahre Freude bereitet: allein<lb/>wenn gar zu viele Arbeiten, welche nur auf<lb/>unbedeutende Gegenstände abzweckten, die<lb/>weder meinem Kopf noch mein Herz hinlänglich<lb/>nährten, auf mir lasten u mich hindern meine<lb/>bessern Kräfte zu üben, so entsteht eine gewiße<lb/>Leere in mir, welche keine gute Wirkung auf mein<lb/>Gemüth hat; ich glaube allso es sey Pflicht mir so<lb/>viel Muße als möglich zu verschaffen nicht um<lb/>in trägem Nichtsthun meine Zeit zu verschleudern,<lb/>sondern um die Kräfte zu sammeln u sie nach den<lb/>Bedürftnissen meines bessern Wesens anzuwenden.</p><pb n="6"/><p> </p><p>das Werck der Md d <rs ref="#i870104" type="person">Stael </rs>über die fr. <rs ref="#i892418" type="book_etc">Revolution<lb/></rs>hat mir äusserst viele Freude gemacht: die<lb/>übereinstimmungen ihrer Ansichten mit den<lb/>meinigen, in so fern meine eingeschränkte Lage<lb/>u das wenige meines Wissens mir erlaubten.<lb/>Mir ist als ob dies Werk mich heraushöbe,<lb/>als ob es meine dunkeln Gefühle, die ich nur<lb/>im stillen wagte nun zur Klarheit geworden wären.<lb/>Die Leichtigkeit mit welcher sie alles erfaßt<lb/>die Gründlichkeit die Wahrhaftigkeit die<lb/>Freimüthigkeit mit welcher sie sich über<lb/>alles äussert ist für mich sehr erfreulich.<lb/>Mag sie wohl in einigem irren, so sagt sie<lb/>doch nie was anders als was sie für wahr hält<lb/>nie was Anders als was <supplied>sie für gründlich wahr<lb/>halt.</supplied> <del>fühlt.</del></p><pb n="7"/><p> </p><p>Die englischen Frauen die sie als gute Schriftstellerinnen<lb/>angiebt sind Mis <rs ref="#i869290" type="person">Edgeworth</rs>. Md<rs ref="#i869102" type="person"> d’Arblay</rs>  d' <rs ref="#i869662" type="person">Jnchbald</rs>.<lb/>Md. <rs ref="#i869916" type="person">Opie.</rs> Mdell <rs ref="#i892442" type="person">Byly</rs>. Schöner Charakter der <rs ref="#i892457" type="person">Lady Rußel<lb/></rs></p></div><div xml:id="d23400875" corresp="d892295" ><head resp="#editor">Tagebucheintrag<date> 29.11.1818 </date></head><pb n="9"/><p> </p><p>1818 11 29<lb/>Noch nie habe ich <rs ref="#i874141" type="object">meinem Ende</rs> mit so vieler Ruhe,<lb/>ja ich kann sagen mit freudiger Sehnsucht entgegen<lb/>gesehen als jetzo: ist es ein Zeichen daß es<lb/>bald erfolgen werde oder da ich besser darauf<lb/>vorbereitet bin? Dem sey wie es wolle, Gott sey dank<lb/>daß es so ist. Nich daß ich glaube ich hätte<lb/>mein Ziel schon erreicht, nein ich fühle täglich<lb/>wie vieles mir noch fehlt; aber ich zähle auf die<lb/>unendliche Güte Gottes; wie sollte ich mich fürchten<lb/>sey ich hier od an einem andern Ort! Er der in<lb/>der phisischen Schöpfung nichts zu Grunde gehn <supplied>läßt</supplied><lb/>nur dahinsinken läßt um in erneuerter Gestalt<lb/>wieder aufleben zu lassen, wie sollte er das<lb/>Edelste seiner Schöpfung nicht veredelt wieder aufleben<lb/>lassen! Hätte er meinem Geist die Sehnsucht nach<lb/>etwas besserm eingehaucht wenn er sie nicht dereinst<lb/>befriedigen wollte! Könnte ich ihn dan als die höchste<lb/>Güte u Weisheit, kindlich verehren!</p></div><div xml:id="d23400876" corresp="d892303" ><head resp="#editor">Tagebucheintrag<date> 10.12.1818 </date></head><pb n="10"/><p> </p><p>18 12 10<lb/>Die Harmonie in welcher ich mit allem Schönen u Guten<lb/>in der Natur stehe, so wohl in der lebendigen als leblosen<lb/>ist mir einer der großten Beweise der Güte u Weisheit<lb/>Gottes. Welche unendliche Quelle von Vergnügen strömt<lb/>dadurch in des Menschen Natur! Warum ist aber<lb/>so viele <rs ref="#i873936" type="object">Disharmonie unter den Menschen</rs>? Warum<lb/>fühlen so wenige das Gleiche? Doch möchte diese<lb/>Verschiedenheit nicht zur höchern, aber uns unbekannten<lb/>Harmonie gehören, zur Ausbildung unsrer Kräfte<lb/>zur Übung unsrer Geduld zur Anstreng unsers Muths<lb/>endlich auch zur Belebung unsrer Sehnsucht nach etwas<lb/>Höcherm das uns jenseits dem Grabe wartet!<lb/>Ich bin oft darniedergeschlagen wenn ich so viele Menschen,<lb/>ja sogar von denen die mir lieb sind, sehe, wie sie<lb/>sich mit Nichtswürdigkeiten beschäftigen u so wenig<lb/>darnach streben das Höchste in ihnen zu veredlen,<lb/>aber wenn sie nun einmal kein höchres Bedürfnis haben<lb/>was ist zu thun! Wäre ich nur <rs ref="#i874226" type="object">weiter ausgebildeter<lb/></rs>mehr geschaffen um mich mitzutheilen um bei Andern den<lb/>Geschmack am Schönen zu beleben! Allein das kann ich gar</p><pb n="11"/><p> </p><p>zu wenig,<rs ref="#i874045" type="object"> höchstens bei Kindern</rs>: das kömmt daher daß<lb/>ich in der Jugend so empfindlich zurückgestoßen wurde,<lb/>daß man meine Denkungsart, meine Lust zum Lernen<lb/>Pedanterie nannte, daß man mich mit dem gelehrt thun<lb/>aufzog: das schreckte mich in mich selbst zurück u raubte<lb/>mir bis in mein Alter die Freude der heitern Mittheilung.<lb/>O kämme ich doch einmal zur nöthigen Ruhe, wie froh wäre<lb/>ich <rs ref="#i873831" type="object">meinen Lebenslauf aufzuzeichnen</rs>! Er enthielte zwar<lb/>wenig auffallendes, nichts Romanhaftes aber doch manches<lb/>Belehrendes über die innern Gefühle des Herzens: diente<lb/>er Niemand so wäre es mir Befriedigung mir über<lb/>mich selbst Rechenschaft u Aufschluß zu geben. Vieleicht<lb/>doch könnte er auch Andern lehrreich seyn! Welche<lb/>Befriedigung wäre dies für mich!<lb/>Als ich obiges aus der Hand legte fiel mir Folgendes von <rs ref="#i870006" type="person">Salis<lb/></rs>in die Hand.<lb/>Verkannte klaget nicht wenn hier die Bosheit siegt<lb/>Erwartet, Edle, nie Gerechtigkeit <supplied>zum Lohn</supplied> <del>im Leben</del>!<lb/>Das Beste was im Menschen liegt,<lb/>Wird man am schwersten ihm vergeben. </p></div><div xml:id="d23400877" corresp="d892311" ><head resp="#editor">Tagebucheintrag<date> 14.12.1818 </date></head><pb n="12"/><p> </p><p>1818 12 14<lb/>Uber meine theure, leidende Schw. <rs ref="#i867987" type="person">K<lb/></rs>Wenn eine junge Person die eine sorgfaltige<lb/>Erziechung genoßen, mit allen <rs ref="#i874090" type="object">Vorzügen</rs> eines<lb/>guten Verstandes u edlen Herzens, in der<lb/>Blüthe der Jahren, in eine harte Gefangenschaft<lb/>geriete, wenn sie lange Jahre in derselben schmachtete<lb/>wenn wohl in der Folge der Zeit ihre Bande lockrer<lb/>geknüpft würden u sie einiger Freiheit geniesen<lb/>dürfte? Aber als dan die <rs ref="#i873845" type="object">Wunden</rs> ihrer langen<lb/>schweren Haft, so tief eingewurzelt, daß keine<lb/>Genesung mehr möglich wäre, daß sie unter<lb/>tiefen grausten Leiden viele Jahre noch seufzen<lb/>müßte, bis endlich der Zerstörer alles irdischen<lb/>Übels, der wohlthätige <rs ref="#i873880" type="object">Tod</rs> <supplied>ihrem</supplied> die Arme endlich<lb/>erlösen würde: würde nicht da das allgemeine<lb/>Mitleid rege werden u laut seine Klage äussern?<lb/>Und du arme, sanfte Dulderin, bis du nicht ähnlich<lb/>obigem Bilde? Nur aber von Wenigen recht gekannt</p><pb n="13"/><p> </p><p>von wenigen so geschätzt wie du es verdientest,<lb/>ein hartes Schicksal verfolgte dich: o wo finde<lb/>ich das Ubermaß von Leiden wie du, du mir<lb/>so theure, sie erlitten; gebe Gott daß du nun<lb/>möchtest ausgekämpft haben, daß deine das<lb/>Gute suchende, nach Licht schmachtende Seele nun<lb/>endlich von den Banden des siehen  Körpers befreit<lb/>sich hinauf schwingen mit leichten Fittigen zu den ihr <lb/>verwandten Seelen, und frei sich ihnen nahe u<lb/>mit ihnen der Seligkeit der Gerechten geniesen!<lb/>Ja ich darf es hoffen daß Glaube fester Glaube und<lb/>Hoffnung zu Gott zu unserm Retter u Heiland<lb/>den 20 Dec Morgens um 10 Uhr verschied die theure<lb/>Schwester<lb/> </p></div><div xml:id="d23400878" corresp="d892319" ><head resp="#editor">Tagebucheintrag<date> 22.12.1818 </date></head><pb n="13"/><p>1818 12 22<lb/>Nun so <rs ref="#i873880" type="object">hast du ausgekämpf liebe</rs>, <rs ref="#i867987" type="person">theure Seele</rs>! Schon<lb/>schwebt deine geläuterte Seele, den Seligen entgegen<lb/>die dir vorangegangen, die dir, bekannt od unbekannt<lb/>doch im Geiste deine Verwandten waren: o wie wehmüthig<lb/>fließen meine <rs ref="#i873929" type="object">Thränen</rs>! <rs ref="#i874141" type="object">Wie bald werde auch ich dir<lb/></rs></p><pb n="14"/><p> </p><p>folgen o Beste! Noch eine kurze Weile o laß<lb/>mich dieselbe gut benützen zu meiner Besserung<lb/>zum Trost der Meinigen! Wohl dir, wohr dir,<lb/>Nun in dieser Stunde stehn die Deinigen um deinen<lb/>Sarg, sehn zum letzten Mal die Reste deines<lb/>Staubes, deiner ausgelittnen irdischen Hülle! O welche<lb/>Erinnerungen, welche Segnungen folgen dir nach!<lb/>Aber wie öde wird es Euch armen Verlassnen<lb/>seyn, wie war Euer Daseyn mit dem der Selgen<lb/>so enge verknüpft! Besonders du o liebe, von<lb/>der Weld fast ganz abgeschiedene <rs ref="#i867877" type="person">Lise</rs>, deren<lb/>einziges Trachten es war die Wünsche der theuren<lb/>Mutter zu erfüllen, ihre, auch die kleinsten Bedürfniße<lb/>mit zärtlicher Liebe zu besorgen, o wie wird es dir<lb/>seyn wenn du die letzte Spuren der innig geliebten weg<lb/>tragen <del>sehn</del>, die Erde auf Ihren Grabhügel wirst werfen<lb/>hören, o du Liebe wie öde wird alles um dich her<lb/>seyn! Ich bin ferne von dir, konnte die theure Hülle</p><pb n="15"/><p> </p><p>nicht mehr küssen, nicht meine Thränen mit den<lb/>deinigen mischen, aber sie fließen nicht minder:<lb/>im Geiste stehe ich neben dir, neben deinen Schwestern<lb/>ich bitte Gott um Trost um Seegen, o möchte er<lb/>auf Euch in reichem Maaße wohnen, der Segen den<lb/>Eure theure Mutter von Gott für Euch erflehte u nun<lb/>in verklärtem Lichte, mit geläutertem Geiste von<lb/>Ihm erflehen wird! Kann ich Euch, durch Eure Mutter<lb/>mir theuren, noch auf irgend eine Weise zu Liebe<lb/>seyn so wird es Wohlthat für mich seyn.</p></div><div xml:id="d23400879" corresp="d892327" ><head resp="#editor">Tagebucheintrag<date> 29.12.1818 </date></head><pb n="15"/><p>18 12 29<lb/>Eine sonderbare Lücke empfindet mein Wesen,<lb/>wie gerne mochte ich stille seyn, nicht mehr<lb/>Thränen der <rs ref="#i873929" type="object">Trauer</rs>, nein Thränen der süssen<lb/>Wehmuth über deine Erlosung theure <rs ref="#i867987" type="person">Schwester<lb/></rs>vergiessen, mir denken wie du im Kreise vieler<lb/>Edlen in der Näche unsers sel. <rs ref="#i867825" type="person">Vaters</rs> in einem er-<lb/>höhten Daseyn, weit über die elenden Erden Plagen<lb/>in das sorgenvolle Vergangne wie in eine über-</p><pb n="16"/><p> </p><p>standne <rs ref="#i873845" type="object">Kinderkrankheit</rs> zurückblicken wirst.<lb/>Wie du mit hellerm Lichte begabt, in die Rathschläge<lb/>des Ewigen schauend, das was hier die deinen<lb/>noch plaget mit Segen u Freude, dem Rath<lb/>des Ewigen anheim stellen wirst!<lb/>O wenn unser Glaube fester stünde wie viele<lb/><supplied>dieser</supplied> Spuren dieser Seeligkeit könnten wir<lb/>schon hier geniesen! Wie ungerecht, wie kindisch<lb/>sind die meisten unsrer Klagen! Wie manche<lb/>würde wegfallen wenn Glaube, Liebe u Hoffnung uns<lb/>mehr u reiner belebten! </p></div><div xml:id="d23400880" corresp="d892335" ><head resp="#editor">Tagebucheintrag<date> 30.12.1818 </date></head><pb n="16"/><p>1818 12 30<lb/><rs ref="#i874029" type="object">Wieder ein flüchtiges Jahr</rs> hinüber ins Meer der<lb/>Ewigkeit: ich glaube es war nicht ganz vergeblich<lb/>verstrichen, aber wie klein ist der Schritt den<lb/>ich zu meiner Besserung gethan! <rs ref="#i922909" type="object">Ruhiger</rs> ist wohl<lb/>mein Gemüth mit mehr Gelassenheit, mit vesterm<lb/>Vertrauen zu Gott, kann ich die Ereignisse des<lb/>Lebens ertragen: aber sollte ich mir darauf was</p><pb n="17"/><p> </p><p>zu gut halten, ist nicht vieleicht das fortgerückte<lb/><rs ref="#i873943" type="object">Alter</rs> der langsamere Lauf meines Blut zum Theil<lb/>Veranlassung dazu! In jedem Fall sey Gott allein die<lb/>Ehre. Aber wie Vieles, Vieles habe ich noch zu<lb/>ändern <rs ref="#i873922" type="object">wenn Gott </rs>mir <rs ref="#i874141" type="object">noch längers Leben bestimmt!<lb/></rs>Wie viel mehr Ruhe u Zufriedenheit sollt in mir wohnen,<lb/>wie viel freier, von Menschenfurcht entfernt, sollte<lb/>ich meine Grundsätze äussern, wie viel mehr durch<lb/>meine Ruhe u Heiterkeit eben diese Grundsätze<lb/>bei andern empfehlen! Ja ich fühle es wohl daß<lb/>wenn aller Unmuth alle grämliche Laune ganz von<lb/>mir gewichen wäre, die Verträglichkeit die wahre<lb/>christliche Liebe in hocherm Maaße mich beseelen<lb/>würden u daß eben diese mir Muth u Kräfte<lb/>verleihn würden das zu thun u zu seyn was ich in<lb/>meiner Lage thun u seyn sollte. Um Kräfte dieses<lb/>Ziel zu erreichen flehe ich allein zu Gott; alles Übrige<lb/>empfehle ich ganz seiner Güte, so für mich so für die <lb/>Meinigen so für alle Menschen!</p></div><div xml:id="d23400881" corresp="d892343" ><head resp="#editor">Tagebucheintrag<date> 07.01.1818 </date></head><p>[18] <lb/> </p><p><rs ref="#i892389" type="object">1</rs></p><p>1819 1 7<lb/>Wir haben einen wichtigen Zeitpunkt überlebt<lb/>das <rs ref="#i874029" type="object">Fest der Reformation die vor 300 Jahren</rs> auch <lb/>unsere Statt beleuchtete: es ist rührend schon eine<lb/>große Versammlung von Menschen sich vereint zu<lb/>ihrem Schöpfer, mit dankbarem Herzen erheben zu<lb/>sehen; man wird wie von einem heiligen Eifer entflamt<lb/>auch Seelen die meist kalt u gleichgültig sind, werden<lb/>vom Beispiel der Andern erwärmt u kommen<lb/>dadurch zu Gefühlen die geseegnete Folgen mit sich<lb/>führen. Mir gefällt es sehr wohl wenn der [Ma?]<lb/>so in vorigen Zeiten uns mit Aufopfrung ihres zeit-<lb/>lichen Vortheils, uns Licht u Freiheit bereitet, mit<lb/>Wärme, dankbares Lob dargebracht wird: was<lb/>kann mehr den noch glimmenden Funken in edlen Seelen<lb/>zur Flamme erheben! Wäre nicht zu wünschen<lb/>daß, bei der sonst so segensreichen <rs ref="#i873922" type="object">Reformation</rs>, das<lb/>Andenken der sogenannten Heiligen nicht so ganz in<lb/>Vergeßenheit gerathen wäre: die Catholiken<lb/>trieben Abgötterei mit ihnen, die reformierten<lb/>vergeßen Ihrer beinahe ganz: wäre nicht ein</p><pb n="19"/><p> </p><p>2</p><p>Mittelweg zu treffen welcher auf menschliche Bedürfnisse<lb/>besser berechnet, leichter den heiligen Funken in<lb/>den Menschenseelen entflammen u zum Schönen u<lb/>Edlen emporstreben machte!<lb/>Noch manches wäre bei der evangelischen Kirche von<lb/>den Catholiken beizubehalten gut gewesen! Z.B. mehr<lb/>Feierlichkeit beym Gottesdienst besonders schöne Kirch-<lb/>enmusik; sollten wir nicht die Gefühle der Menschen<lb/>ja sogar die Sinnen in Anspruch nehmen um den<lb/>Reizungen zum Bösen, die Sinnen u Gefühle so gewaltig<lb/>feßeln, kräftigern Wiederstand leisten zu können?<lb/>Ich bin weit entfernt das Klosterleben zu verthei-<lb/>digen: aber einiges davon hätte man beibehalten<lb/>sollen. <del>xN 2</del> [sic!] Wie manche verwaiste durchs Schicksal verfolgte<lb/>Seele hätte darin Trost finden, ja nicht nur das,<lb/>hätte für die menschliche Gesellschaft sehr nützlich seyn<lb/>können! Und jetz schmachtet sie unütz u mühsehlig ihre<lb/>Tage dahin! Besonders ist dadurch das <rs ref="#i874436" type="object">weibliche Geschlecht<lb/></rs>aus einem schönen Theil seines Wirkungskreises weggerückt</p><pb n="20"/><p> </p><p>3</p><p>worden: Mit <supplied>bed</supplied> demüthigender Beneidung sehe<lb/>ich wie in katholischen Ländern den Weibern so manche<lb/>Bahn offen stehn um ihrem wohlwollenden Herzen genüge<lb/>zu leisten: dort sehe ich sie in Armen u Krank-<lb/>enhäusern, in Erziechungsanstalten, Findelhäusern ihrem<lb/>wohlwollenden Herzen edle Beschäftigung gewähren<lb/>ihrem wahren religiosen Sinn genüge leisten:<lb/>bei uns ist ihr dazu jeder Weg abgeschnitten.<lb/>Sind nicht bei uns der unverheuratheten Frauenzimmer<lb/>der Wittwen so manche, welche sich in einen edlen<lb/>Wirkungskreis versetzt wünschte, welche fähig<lb/>wäre ihr auf eine würdige Weise auszufüllen?<lb/>Nicht allein für diese die solche Stellen erhielten, auch<lb/>für alle ihre Schwestern wäre diese Einrichtung eine<lb/>Quelle edler Bildung. Was erhebt die Menschheit mehr<lb/>als schöne Beispiele, besonders von ihrer <rs ref="#i874226" type="object">Klasse</rs>, von<lb/>ihrem Geschlecht und in ihrer Nähe! Wo ist der<lb/>gemeine Bürger gessitteter in einem Lande wo ihm<lb/>der Weg offen steht auch höchere Stellen zu erreichen</p><pb n="21"/><p> </p><p>4</p><p>oder da wo ausschließende Geschlechter mit Verachtung<lb/>auf die übrigen heruntersehn u sich allein aller<lb/>Vorzüge bemächtigen so die menschliche Gesellschaft<lb/>darbietet? Ich bin weit entfernt die ausschließenden<lb/>Vorrechte einzelner Geschlechter gutzuheissen, es<lb/>scheint mir als wenn sie ein Vorrecht das der ganzen<lb/>Menschheit angehört auf deren Kosten wegraubten; u<lb/>jeder Raub empört das reine menschen Gefühl.<lb/>Aber doch glaube ich daß in den Geschlechtern die dieses<lb/>Vorzuges theilhaftig waren, besonders in ältern<lb/>Zeiten wo dieses Recht noch nicht bestritten war, wo<lb/>es jeder, entweder als eine Gabe Gottes, oder als<lb/>eine Folge der edeln Thaten der Väter, ohne Vorwürfe<lb/>sich zueignete; es unter ihnen mehr Hochherzigkeit mehr<lb/>Trieb zu großen Thaten sich vorfanden als in den Übrigen.<lb/>Nicht weil ihre Naturen ursprünglich edler waren; nein,<lb/>aber weil sie in einem freiern Kreis wirken konnten<lb/>weil schöne Beispiele der Ahnen, sie erhob, ihnen die<lb/>Lust der Nachahmung einflößte, ihnen den Weg bahnte.</p><pb n="22"/><p> </p><p>5</p><p>Gebe man jeder menschen Klasse das edle Gefühl seiner<lb/>Würde, lehre sie alles schöne u Große schätzen, gebe<lb/>ihnen den Glauben daß auch in ihnen selbst das Große<lb/>u Gute aufkeimen könne, o wie wird dan jede Natur<lb/>all die in sich wohnenden Kräfte entwickeln u zum Wohl<lb/>der Menschheit in Thätigkeit setzen!<lb/>Nur der engherzige Eigennutz nur Beschränktheit eigner<lb/>Fähigkeiten u Kräfte kann die wahre Aufklärung<lb/>hemmen wollen, nur sie erzeugen den Despotismus der<lb/>nicht an  [unles.] allein, der auch in Hütten seine Stelle<lb/>behauptet <supplied>will</supplied>. „Nur das Auge fürchtet das Licht.“<lb/>Wenn wahre Aufklärung ausgebreiteter wäre so würde<lb/>jeder dem Andern seinen Theil gönnen u einsehn daß<lb/><supplied>die</supplied> ihm des Andern Wohl <supplied>nichts</supplied> <del>das seine nicht</del> entziehe nein daß das<lb/>selbe dadurch befödert werde.<lb/>Immer stellt sich mir der Gedanke wieder dar daß<lb/>nichts auf junge Gemüther edler u kräftiger wirkt als<lb/>Ehrfurcht einflösende Beispiele: ein Kind dem seine Eltern<lb/>Hochachtung einflösen, dem ist schon die Bahn zu allem</p><pb n="23"/><p> </p><p>6</p><p>Guten geöfnet, das gewöhnt sich an Empfindungen von<lb/>liebevoller Ehrfurcht aus welchen in der Folge wahre<lb/>Ehrfurcht vor Gott, reine Religiosität hervorgehn wird.<lb/>Nichts ist für mein Gefühl so kränkend als wenn ich<lb/>Eltern sehe, die in Gegenwart der Kinder sich gegenseitig<lb/>verächtlich begegnen: o möchten sie es fühlen welches<lb/>Gift sie ins Herz ihrer Kinder legen!<lb/>Scheinbar bin ich von meinem Gegenstand abgegangen,<lb/>die Betrachtung über <supplied>das</supplied> den Nutzen des Achtung und<lb/>Ehrfurcht einflösenden riß mich hin. Ich hoffe mich<lb/>nicht geirrt zu haben u möchte nun noch in Erwägung<lb/>ziehn ob es für das weibliche Geschlecht nützlich u heilsam<lb/>wäre wenn ihm eine Bahn geöffnet würde auf welcher<lb/>die Vorzüglichsten unter ihnen, sich auszeichnen und zum<lb/>Vorbild ihrer Schwestern aufgestellt werden könnten?<lb/>Ob dieses der menschlichen Gesellschaft im ganzen kein<lb/>Nachtheil brächte? Mir fält es immer auf daß Vor-<lb/>bilder edler Frauen uns nur aus ferner Vorzeit<lb/>in grauem Nebelduft erscheinen, daß sie uns mehr<lb/>als fabelhafte Legenden, als wirkliche Vorbilder zur</p><pb n="24"/><p> </p><p>7</p><p>zur Nachahmung geeignet erscheinen: sie beschäf-<lb/>tigen auf Augenblicke die Einbildung, aber sie<lb/>dringen nicht an Kopf u Herz. Die schale<lb/>Oberflächlichkeit der Mangel an religiosem<lb/>Kraftsinn, der Hang zu Schwärmerei u Frömelei<lb/>scheinen mir aus Mangel einer <supplied>scho</supplied> wahren Richtung<lb/>nach etwas edelem und Guten herzurühren: diese, zwar<lb/><del>allgemeine</del> Herabwürdigung, findet doch am meisten in den soge-<lb/>nannten höchern Klassen, besonders der des reichern<lb/>Kaufmannsstandes, statt; wo des Weibes Thun u<lb/>Walten noch vieles zum Wohl des Hauses beitragen<lb/>kann, da ist ihm noch ein höcheres Ziel gesteckt,<lb/>da hat mehr Selbstgefühl statt, u wird auch mehr<lb/>Achtung der Frau des Hauses bewiesen. Beim reichen<lb/>Kaufmann in dessen Hause das Wirken des Weibes<lb/>weit weniger anerkannt ist, weniger zu bedeuten scheint,<lb/>zwar nur scheint, den im Grunde sollte bei jedem<lb/>Hauswesen ihr Thun von Bedeutung seyn: je mehr<lb/>zu verwalten ist, je wichtiger ist die Verwaltung<lb/>je mehr Ausbildung, je eine höchere Hinsicht sollte die<lb/>Verwallterin haben: allein wie selten haben diese statt</p><pb n="25"/><p> </p><p>8</p><p>wie selten fühlt sich das Weib wie es sollte! Wie selten<lb/>auch wünscht der Mann daß diese <rs ref="#i874235" type="object">Ausbildung</rs> dieses<lb/>Selbstgefühl statt haben möchte! Ist dieses Verhält-<lb/>niß wenn es auch mit vielen Ausnahmen, auch nur<lb/>zum Theil statt hat, für die menschliche Gesellschaft<lb/>vortheilhaft? <del>xN 1</del> [sic!] Zwei Dinge sagt <rs ref="#i869675" type="person">J.P.</rs> werden in der<lb/>gegenwärtigen Zeit zu wenig geachtet die Weiber u die<lb/>Religion. Als die Menschheit noch in der Kindheit noch<lb/>der Natur gemasser lebte, genoß das Weib seiner Rechte<lb/>die ihm von der Gottheit angewiesen war – es war wie<lb/>die Bibel sagt, die Gehilfin des Mannes. Als die Mensch-<lb/>heit in Barbarei verfiel wurde es des Mannes Sclavin<lb/>die Dienerin seiner Launen u Lüste. „Je roher u<lb/>ungebildeter eine Nation ist desto weniger sind bei ihr die <lb/>Weiber geehrt“, sagt J.P. irgendwo in seinen Schriften.<lb/>Der berechnende, alle edlen Gefühle tödtende Eigennutz,<lb/>braucht alles nur auch oft das Heiligste, als Mittel zu<lb/>zu seinen Zwecken. Die Kindheit der Menschheit liegt<lb/>in grauer Ferne: auch die Zeiten der gröbsten Barbarei;<lb/>aber wie viele Spuren derselben lasten noch auf uns, in unsern<lb/>sogenannten <rs ref="#i873936" type="object">aufgeklärten Zeiten</rs>, wo die meisten Köpfe</p><pb n="26"/><p> </p><p>9</p><p>so ausgebildet die meisten Herzen aber so kalt und<lb/>gefühlloos sind! Wenn dem Weib noch eine andere<lb/>Aussicht bliebe als die sich zu verheurathen, od als Jungfrau<lb/>ein oft einsames u freudenleeres Leben dahin zu schleudern<lb/>so würde gewiß ein edlerer Eifer sie in Ausbildung<lb/>ihrer intellecktuellen Kräfte statt haben, besonders<lb/>in den Jahren wo das Herz am meisten zu einer Art<lb/>Schwärmerei geneigt ist. Wäre es nicht zweckmässiger<lb/>ihr noch ein andrer Gegenstand darzubiethen <supplied>der</supplied> als<lb/>den sich den Männern gefällig zu machen?<lb/>Ich weis zwar wohl daß in der edlen Weiberseele<lb/>noch ein heiliger Funke lodert, der sie weit über<lb/>die eitle Gefallsucht hinaushebt; dem ungeacht<lb/>wäre ein Antrieb von aussen doch von herrlichen<lb/>Folgen. Man besorge nicht daß eine solche Einrich-<lb/>tung der Fortpflanzung des Menschengeschlechtes<lb/>hinderlich seyn würde: wenn nur von allen unver-<lb/>heuratheten Frauenzimmern ein Dritthel zu den edlen<lb/>Zwecken angestelt würden so wäre es hinreichend,</p></div><div xml:id="d23400889" corresp="d892343" ><head resp="#editor">Tagebucheintrag<date> 07.01.1818 </date></head><pb n="27"/><p> </p><p><rs ref="#i892389" type="object">10</rs></p><p>auch würden immer der größte Theil eine günstige<lb/><rs ref="#i891654" type="object">Heurath</rs> einem Art Klosterleben vorziehn: denn<lb/>mit Recht sagt der <rs ref="#i870018" type="person">Dichter</rs> „Viele sorgen dafür daß<lb/>die Gattung bestehe<lb/>Aber wenige nur daß sich die Menschheit erhält.<rs ref="#i892512" type="book_etc">“<lb/></rs>In jedem Fall aber würde durch ein Herausheben<lb/>der edelsten aus ihrem <rs ref="#i874436" type="object">Geschlecht</rs>; durch eine<lb/>Anerkennung ihrer Verdienste, zwar ohne Gepränge<lb/>und mehr im stillen durch Selbstgefühl lohnend; das<lb/>ganze Geschlecht veredelt, u zum Wohl der menschlichen<lb/>Gesellschaft brauchbarer werden. Von welcher<lb/>Wirkung dieses für das männliche Geschlecht seyn<lb/>würde, lasse ich jeden Unbefangenen beurtheilen.<lb/>ich zweifle auch nicht daß der edelste u auch ein<lb/>großer Theil unter ihnen von meiner Meinung<lb/>seyn würde! Ich hoffe es sey eine anerkannte Wahrheit<lb/>daß die wahre <rs ref="#i874235" type="object">Ausbildung</rs> eines Einzelnen schon von<lb/>erwünschten Folgen sey: wie viel mehr die eines beträcht-<lb/>lichen Theils der Menschheit! [xxx]</p><pb n="40"/><p> </p><p>Notte zur Seite 8 N 1.<lb/>Ich kenne einen Ort deren Bewohner mit vorzüglichen<lb/>Fähigkeiten begabt sind; dieser <rs ref="#i873159" type="object">Ort</rs> gieng allzu schnel<lb/>vom nahnhaften [sic] <rs ref="#i875143" type="object">Landstädtchen</rs> zur reichen Statt hinüber<lb/>Vor 40 Jahren war der sogenannte feine Ton daselbst<lb/>über Weiber Schwachheiten u Religion zu spotten.<lb/>Was war die Folge davon? Vor 20 Jahren war die<lb/>Unsittlichkeit auf einen so hochen Grad gestiegen<lb/>daß die bessern unter ihnen so wie ihre Nachbarn<lb/>davor schauderten. Es ist zu hoffen daß die<lb/>traurige Erfahrung u die Stimme der Bessern<lb/>sie zurückführen werde.<lb/> </p><p>Notte zur Seite 2. N 2<lb/>Es war natürlich daß die Ausartung der Klöster<lb/>die gänzliche Abweichung von ihrer Bestimmung, den<lb/>prüffenden Sinn unsrer Väter empörte, daß sie<lb/>ihn abhauten den düren Stamm, u ins Feuer warfen.<lb/>Aber wäre es nicht möglich daß seine nun schlafenden<lb/>Wurzeln wieder emporsproßen, u Stamm u Aeste</p><pb n="41"/><p> </p><p>treiben könnte unter deren Schatten Manche<lb/>lieblich ruhen würden! Alles menschliche ist in<lb/>seiner äussern Form vergängliche: nur der heilige<lb/>Kern besteht u nimt auch dem Bedürftniß das Bildungs-<lb/>grades auf welchem die Menschheit steht, eine neue<lb/>aber wieder vergängliche Form an. Möchte die <lb/>Zeit nahe sein wo wir mit wahrem christlichem Sinn<lb/>der Lehre des Apostel folgen möchten „Prüffet<lb/>alles u nehmet das Beste daraus“! [xxx]</p></div><div xml:id="d23400882" corresp="d892351" ><head resp="#editor">Tagebucheintrag<date> 20.01.1819 </date></head><pb n="43"/><p> </p><p>1819 1 20<lb/><rs ref="#i892544" type="book_etc">Die Tempelherrn</rs> von <rs ref="#i892528" type="person">Werner<lb/></rs>Ich glaube daß der Kunstrichter manches daran<lb/>werde zu tadeln finden, ich laße das dahingestellt: nur<lb/>die Gefühle so es in mir erregt kann ich dankbar<lb/>erkennen; es herrscht ein edler hocher Sinn darin<lb/>der uns über die Begegnisse des Lebens heraushebt<lb/>der uns dem <rs ref="#i874141" type="object">Tode</rs> ruhig entgegen sehn laßt, der<lb/>uns gegen den Mittmenschen verträglicher macht,<lb/>der uns das Große u Schöne lieb gewinnen macht,<lb/>u das ist wahrlich schon viel!<lb/>Nur den Charackter des Erzbischoffs erregte mir<lb/>ein Misbehangen kann ich nicht fasten u nicht dulden.</p></div><div xml:id="d23400883" corresp="d892359" ><head resp="#editor">Sinnspruch<date> Beilage 1 Heft 15 </date></head><p><rs ref="#i892389" type="object">1</rs></p><p>1818 <lb/><rs ref="#i873852" type="object">an </rs>meine Großtochter <rs ref="#i867913" type="person">Marie Pr <lb/></rs>an ihrem Geburtstag<lb/>Schnell fliehn sie hin die Stunden die Tage <lb/>die Jahre,<lb/>Ungewiß ist ihre Zahl, doch gar wichtig <lb/>ihre Benutzung.<lb/>Manche gleichen dem Spreu, so statt dem <lb/>Saamen man säet;<lb/>Andre dem Saamen des Unkrauts <supplied>die</supplied> der <lb/>wohl keimet.<lb/>Doch bringt <del>er</del> statt Früchte die lieblich <lb/>erquiken<lb/>Unmuth, Reue und Schmerz. Andre <del>sind</del> <supplied>doch</supplied><lb/><supplied>doch</supplied> köstlichen Saame<lb/>Der uns Blüthen und Früchte [unverso?]<lb/>erlabend<lb/>Hier u in ewickkeit blühe. Samle der</p><pb n="2"/><p> </p><p><del>Beilage 1 Heft XV. 2</del><lb/> </p><p>der letztern dir viele<lb/>O Liebe! Daß sie zum herrlichen Kranze <lb/>dich in jeglicher Lage<lb/>dich in Freuden u Schmerz stärken<lb/>zum herrlichen Sieg!</p></div><div xml:id="d23400884" corresp="d892367" ><head resp="#editor">Brief<date> Beilage 2 Heft 15 </date></head><p><del>Beilage 2 Heft XV</del><lb/> </p><p><rs ref="#i873852" type="object">30 Aprill 1819<lb/></rs>Ich zeige dir zu der Beruhigung von<lb/>Jfr. <rs ref="#i873838" type="object">Stähle</rs> an, daß wir von dem<lb/>Project wegen<rs ref="#i873838" type="object"> H: J:</rs> niemand ge-<lb/>sprochen haben &amp; durch uns nichts<lb/>davon auskommen soll.<lb/>Mir geht es besser, doch darf ich<lb/>es noch nicht wagen das Zimmer<lb/>zu verlassen &amp; <del>ich</del> werde also Sonntags<lb/>das Vergnügen nicht haben können,<lb/><rs ref="#i868683" type="person">Dich</rs> zu <rs ref="#i874148" type="object">besuchen</rs>. Ich werde<lb/>aber trachten es einzurichten daß <lb/>jemand mit meiner Frau kömmt.<lb/>Wir grüssen Euch alle herzlichst<lb/><rs ref="#i873838" type="object">D.O.B.<lb/></rs> </p><p>Frau <rs ref="#i892568" type="person">Vondermühl</rs> läßt Jfr. Stahle bitten<lb/>ihr das Fürtuch für <rs ref="#i892582" type="person">Julie</rs> durch erste Gelegen-<lb/>heit zu schicken, indem sie es sehr nöthig<lb/>brauche.</p></div>
       </body></text>
   </TEI>
    