<?xml version="1.0"?>
    <?xml-model href="http://www.tei-c.org/release/xml/tei/custom/schema/relaxng/tei_all.rng" type="application/xml" schematypens="http://relaxng.org/ns/structure/1.0"?>    
    <TEI xmlns="http://www.tei-c.org/ns/1.0" xml:id="d897614">
       <teiHeader>
          <fileDesc>
             <titleStmt>
                <title>Heft 18 (1822-1823)
                </title>
                <author>Anna Maria Preiswerk-Iselin</author>
             </titleStmt>
             <publicationStmt>
                <publisher xml:id="editor">Tagebücher Anna Maria Preiswerk-Iselin Projekt</publisher>
                <pubPlace>Basel</pubPlace>
                <date when="2022-03">March 2021</date>
                <availability>
                   <licence notBefore="2022-03-01" target="http://creativecommons.org/licenses/by-sa/4.0/">
                      <p>[...]</p>
                      <p>This work is licensed under a Creative Commons Attribution-ShareAlike 4.0 International License.</p>
                      <p> You are free to: <list>
                            <item> Share — copy and redistribute the material in any medium or format</item>
                            <item> Adapt — remix, transform, and build upon the material</item>
                         </list>
                      </p>
                      <p> Under the following terms: <list>
                            <item> Attribution — You must give appropriate credit, provide a link to the license, and indicate if changes were made. You
                               may do so in any reasonable manner, but not in any way that suggests the licensor endorses you or your use.</item>
                            <item> ShareAlike — If you remix, transform, or build upon the material, you must distribute your contributions under the same
                               license as the original.</item>
                            <item> No additional restrictions — You may not apply legal terms or technological measures that legally restrict others from
                               doing anything the license permits.</item>
                         </list>
                      </p>
                      <p>The licence was added on March first, 2022.</p>
                   </licence>
                </availability>
             </publicationStmt>
             <sourceDesc>
                <msDesc>
                   <msIdentifier>
                      <settlement>Basel</settlement>
                      <repository>Staatsarchiv</repository>
                      <idno>StABS PA 511 304-03-04</idno>
                      <msName>Heft 12 (1815-1816) - Anna Maria Preiswerk-Iselin </msName>
                   </msIdentifier>
                </msDesc>
    <listPerson><person xml:id="i837130"><persName>Isaac Iselin</persName></person><person xml:id="i835836"><persName>Susanna Paravicini-Preiswerk</persName></person><person xml:id="i868068"><persName>Sophia Vischer-Preiswerk</persName></person><person xml:id="i835869"><persName>Lux</persName></person><person xml:id="i901169"><persName>Carl Sarasin-Heusler</persName></person><person xml:id="i837114"><persName>Isaac Achilles Iselin-Burckhardt</persName></person><person xml:id="i836899"><persName>Dietrich Iselin</persName></person><person xml:id="i868520"><persName>Elisabeth Iselin-Ryhiner</persName></person><person xml:id="i901212"><persName>Sebastian Fahrländer</persName></person><person xml:id="i836718"><persName>Adele Sarasin-Vischer</persName></person><person xml:id="i867913"><persName>Maria Helena Hoffmann-Preiswerk</persName></person><person xml:id="i868665"><persName>Emanuel Hoffmann-Preiswerk</persName></person><person xml:id="i901240"><persName> Anna Katharina Vonder Mühll-Hoffmann </persName></person><person xml:id="i901271"><persName>Valeria Sophia Forcart-Hoffmann</persName></person><person xml:id="i901304"><persName>Elisabeth Hoffmann-Merian</persName></person><person xml:id="i901354"><persName>Franz Michael Vierthaler</persName></person><person xml:id="i835806"><persName>Susanna Preiswerk-Bischoff </persName></person><person xml:id="i837045"><persName>Friedrich Preiswerk</persName></person><person xml:id="i836759"><persName>Anna Maria Burckhardt-La Roche-Preiswerk</persName></person><person xml:id="i868141"><persName>Wilhelm Preiswerk</persName></person><person xml:id="i837033"><persName>Esther Iselin</persName></person><person xml:id="i901428"><persName>Friedrich Wilhelm Krummacher</persName></person><person xml:id="i868031"><persName>Sophia Burckhardt-Vischer</persName></person><person xml:id="i868044"><persName>Sophia Geigy-Preiswerk</persName></person><person xml:id="i867825"><persName>Isaak Iselin-Forcart</persName></person><person xml:id="i869890"><persName>August Hermann Niemeyer</persName></person><person xml:id="i837084"><persName>Helena Iselin-Iselin</persName></person><person xml:id="i903731"><persName>Isaak Iselin</persName></person><person xml:id="i901062"><persName>Christoph Ehinger-Merian</persName></person><person xml:id="i903754"><persName>Anna Maria Ehinger-Merian</persName></person><person xml:id="i903765"><persName>Susanna Merian-Werthemann</persName></person><person xml:id="i903774"><persName>Anna Maria Merian-Werthemann</persName></person><person xml:id="i900975"><persName>Philipp Jakob Spener</persName></person><person xml:id="i835771"><persName>Dietrich Preiswerk-Bischoff</persName></person><person xml:id="i869942"><persName>Johann Heinrich Pestalozzi</persName></person><person xml:id="i869860"><persName>Johannes Niederer-Kasthofer</persName></person></listPerson><listObject><object xml:id="i873852" type="tag"><objectIdentifier><objectName>Brief</objectName></objectIdentifier></object><object xml:id="i899058" type="tag"><objectIdentifier><objectName>Alter(n) anderer Personen</objectName></objectIdentifier></object><object xml:id="i873825" type="tag"><objectIdentifier><objectName>Altersgebrechen</objectName></objectIdentifier></object><object xml:id="i873922" type="tag"><objectIdentifier><objectName>Religion</objectName></objectIdentifier></object><object xml:id="i873838" type="tag"><objectIdentifier><objectName>Unbekannte Person</objectName></objectIdentifier></object><object xml:id="i875143" type="tag"><objectIdentifier><objectName>Stadt-Land</objectName></objectIdentifier></object><object xml:id="i874148" type="tag"><objectIdentifier><objectName>Besuch</objectName></objectIdentifier></object><object xml:id="i874090" type="tag"><objectIdentifier><objectName>Personenbeschreibung</objectName></objectIdentifier></object><object xml:id="i898746" type="tag"><objectIdentifier><objectName>Schmerz/Krankheit Familie</objectName></objectIdentifier></object><object xml:id="i873159" type="tag"><objectIdentifier><objectName>Ortserwähnung</objectName></objectIdentifier></object><object xml:id="i874775" type="book_etc"><objectIdentifier><objectName>Platons Werke, 6 Bde</objectName></objectIdentifier></object><object xml:id="i873866" type="tag"><objectIdentifier><objectName>Reisen</objectName></objectIdentifier></object><object xml:id="i873943" type="tag"><objectIdentifier><objectName>Alter(n)</objectName></objectIdentifier></object><object xml:id="i873845" type="tag"><objectIdentifier><objectName>Krankheit</objectName></objectIdentifier></object><object xml:id="i874141" type="tag"><objectIdentifier><objectName>Gedanken über den Tod</objectName></objectIdentifier></object><object xml:id="i899128" type="tag"><objectIdentifier><objectName>Krankheit anderer Personen</objectName></objectIdentifier></object><object xml:id="i910699" type="tag"><objectIdentifier><objectName>Heiterkeit</objectName></objectIdentifier></object><object xml:id="i874226" type="tag"><objectIdentifier><objectName>Gedanken zur Gesellschaft</objectName></objectIdentifier></object><object xml:id="i873950" type="tag"><objectIdentifier><objectName>Ereignis</objectName></objectIdentifier></object><object xml:id="i901342" type="book_etc"><objectIdentifier><objectName>Vierthaler: Philosophische Geschichte der Menschen und Völker.</objectName></objectIdentifier></object><object xml:id="i874077" type="tag"><objectIdentifier><objectName>Tätigkeiten</objectName></objectIdentifier></object><object xml:id="i922784" type="tag"><objectIdentifier><objectName>Unruhe</objectName></objectIdentifier></object><object xml:id="i873901" type="tag"><objectIdentifier><objectName>Trennung</objectName></objectIdentifier></object><object xml:id="i874045" type="tag"><objectIdentifier><objectName>Gedanken zur Erziehung</objectName></objectIdentifier></object><object xml:id="i874064" type="tag"><objectIdentifier><objectName>Empfinden</objectName></objectIdentifier></object><object xml:id="i901417" type="book_etc"><objectIdentifier><objectName>Krummacher:Gedichte</objectName></objectIdentifier></object><object xml:id="i910645" type="tag"><objectIdentifier><objectName>Trübe Stimmung</objectName></objectIdentifier></object><object xml:id="i903700" type="book_etc"><objectIdentifier><objectName> Niemeyer: Beobachtungen auf Reisen in und ausser Deutschland.</objectName></objectIdentifier></object><object xml:id="i903712" type="tag"><objectIdentifier><objectName>Behandlung/Kur</objectName></objectIdentifier></object><object xml:id="i874895" type="tag"><objectIdentifier><objectName>Mädchenschule?</objectName></objectIdentifier></object><object xml:id="i874436" type="tag"><objectIdentifier><objectName>Über das weibliche Geschlecht</objectName></objectIdentifier></object><object xml:id="i873990" type="tag"><objectIdentifier><objectName>Selbstreflexion</objectName></objectIdentifier></object><object xml:id="i873887" type="tag"><objectIdentifier><objectName>Tod</objectName></objectIdentifier></object><object xml:id="i873929" type="tag"><objectIdentifier><objectName>Trauer</objectName></objectIdentifier></object><object xml:id="i873964" type="tag"><objectIdentifier><objectName>Selbstkritik</objectName></objectIdentifier></object><object xml:id="i903793" type="book_etc"><objectIdentifier><objectName>Rochlitz: Jährliche Mittheilungen.</objectName></objectIdentifier></object><object xml:id="i903804" type="book_etc"><objectIdentifier><objectName>Suabedissen: Philipp Jakob Spener.</objectName></objectIdentifier></object><object xml:id="i922997" type="tag"><objectIdentifier><objectName>Wehmut</objectName></objectIdentifier></object><object xml:id="i903843" type="book_etc"><objectIdentifier><objectName>Manso: Leben Constantin des Grossen.</objectName></objectIdentifier></object><object xml:id="i903873" type="book_etc"><objectIdentifier><objectName>Kottmeier: Erhebung und Ermunterung für Christen in Predigten gehalten im Dom zu Bremen.</objectName></objectIdentifier></object><object xml:id="i903884" type="book_etc"><objectIdentifier><objectName>Jacobi: Von den göttlichen Dingen.</objectName></objectIdentifier></object><object xml:id="i903895" type="book_etc"><objectIdentifier><objectName>Klopstock: Sämmtliche Werke, 12 Bde.</objectName></objectIdentifier></object><object xml:id="i903906" type="book_etc"><objectIdentifier><objectName>Schläger: Zur Feyer des ersten öffentlichen Glaubensbekenntnisses junger Christen.</objectName></objectIdentifier></object><object xml:id="i903917" type="book_etc"><objectIdentifier><objectName>Schweizer: Reisebeschreibung nach Nordamerika.</objectName></objectIdentifier></object><object xml:id="i903928" type="book_etc"><objectIdentifier><objectName>Scott: Das Fräulein vom See. </objectName></objectIdentifier></object><object xml:id="i903939" type="book_etc"><objectIdentifier><objectName>Kaykāvūs ibn Iskandar ibn Qābūs, ´Unṣur al-Maʻālī: Das Buch des Kabus.</objectName></objectIdentifier></object><object xml:id="i903950" type="book_etc"><objectIdentifier><objectName>Selchow: Europa’s Länder und Völker.</objectName></objectIdentifier></object><object xml:id="i903961" type="book_etc"><objectIdentifier><objectName> Wagner: Wilibald’s Ansichten des Lebens.</objectName></objectIdentifier></object><object xml:id="i903972" type="book_etc"><objectIdentifier><objectName>Niemeyer: Der Greis an den Jüngling.</objectName></objectIdentifier></object><object xml:id="i873957" type="tag"><objectIdentifier><objectName>Freundschaft</objectName></objectIdentifier></object></listObject>
    </sourceDesc>
      </fileDesc>
      <profileDesc>
         <textClass>
            <!-- vérifier !!! -->
            <catRef scheme="#genre" target="#journal"/>
         </textClass>
         <langUsage>
            <language ident="de">Deutsch</language>
         </langUsage>
      </profileDesc>
   </teiHeader>
       <text><body><div xml:id="d23405555" corresp="d897623" ><head resp="#editor"><date> 02.09.1822 </date></head><pb n="1"/><p>2.9.1822[1]<lb/>Gestern <rs ref="#i873852" type="object">schrieb</rs> ich an Bd. <rs ref="#i837130" type="person">J.</rs> sagte ihm frei meine<lb/>Meinung: wenn ers nur gut aufnimmt und meinem<lb/>Rat folgt. Es würde mich so sehr freuen ihm zu seinen<lb/>Absichten zu verhelfen. Es würde ihm so wohl thun<lb/>einer der Gegenstände meiner kindlichen zärtlichen <lb/>Zuneigung um mich zu sehen! Allein wie manche <lb/>trübe Wolke hat seit der fernen Zeit den schönen<lb/>Frühlings Himmel getrübt! Wie manche würde wohl<lb/>auch den Abendhimmel trüben! Doch solls ja in <lb/>unserem Nebelland hienieden nicht wohl anders seyn!</p><p>[1] Schreibweise nicht mehr wie im Original.</p></div><div xml:id="d23405556" corresp="d897631" ><head resp="#editor"><date> 03.09.1822 </date></head><p>22 9 3 (?) <lb/>Jede Veränderung der Lage od Zustandes auch wenn<lb/>er zum Bessern ist, verursacht eine Storung in unserm<lb/>Seyn: natürlich ist es also daß der <rs ref="#i873825" type="object">Mangel<lb/>am Gehör</rs> den ich seit einigen Wochen fühle, mir<lb/>beschwerlich ist: allein ich will mich wohl hütten dar-<lb/>über ungehalten zu werden od unnütze Klagen zu <lb/>äussern, dadurch würde ich mir u Andern nur<lb/>noch beschwerlicher fallen! Wohl ist es Pflicht zu trachten</p><pb n="2"/><p>dem Übel abzuhelfen: wozu ich mir aber nicht viel<lb/>Hoffnung machen kann; u dan wenns vergeblich ist<lb/>so will ich mich gelassen darein ergeben: sind<lb/>ja so <rs ref="#i899058" type="object">viele Andre auch mit diesem Übel geplagt<lb/></rs>sollte ich mich nicht geduldig darein fügen?<lb/>Und darf ich nicht dazu noch hoffen daß wenn mir<lb/>einer der äussern Sinne geschwächt ist, ich durch <lb/>mehreres zurückziehe von der äussern Weld sich<lb/>mir der innere Sinn desto mehr aufschließen werde!<lb/>U sollte das mich nicht trösten?</p></div><div xml:id="d23405557" corresp="d897639" ><head resp="#editor"><date> 05.09.1822 </date></head><pb n="2"/><p>d 5ten Sept<lb/>Heute ist Bettag ich habe diesen Morgen eine<lb/>schöne <rs ref="#i873922" type="object">Predig</rs> u and gelesen, war aber nicht so <lb/>wie ich’s gewünscht hätte zum stillen Nachdenken<lb/>aufgelegt, deswegen schrieb ich dan 2 <rs ref="#i873852" type="object">Briefe<lb/></rs>einer an eine ehmalige Köchin [unleserlich] <rs ref="#i873838" type="object">Rümmelin<lb/></rs>1 an<rs ref="#i873838" type="object"> Fr Doctor Bauer</rs>: Beiden hätte ich längst<lb/>antworten sollen nun bin ich froh es gethan<lb/>zu haben; bin aber doch nicht so ganz mit mir zufrieden<lb/>weil mir’s scheint der Tag wäre zu anderm bestimmt</p><pb n="3"/><p>die öffentlichen Festtage sind doch geeignet um <lb/>germeinschaftlich gefeirt zu werden u deswegen<lb/>thut es mir oft wehe daß hier weder ich, noch ein<lb/>Theil derer die bei mir sind dem öffentlichen Gottesdienst<lb/>beiwohnen können; zwar hat für mich stille Andacht oft<lb/>weit mehr werth alls öffentliche: doch hat jede ihren<lb/>besondern Werth u keine soll unterlassen werden.<lb/>Man schätzt oft das am hochsten was man eben nicht<lb/>haben kann, u zu gering was man täglich hat.<lb/>Denke ich der schönen Eindrücke so die herrliche <lb/>Natur um mich her in mich ergießt u zum gütigen<lb/>Schöpfer erheben, sollte ich mich deren nicht dankbar<lb/>freuen! Wie würde mir in den engen Mauren<lb/>der <rs ref="#i875143" type="object">Statt</rs> wie in denen einer dumpfen Kirche <lb/>zu Muthe seyn!<lb/>Der reinste Dank sey Gott geweiht,<lb/>Für Prüffung, Leiden u für Freud,<lb/>Für alles was zu ihm mich führt,<lb/>O blieb ich stäts von frohem Dank gerührt!</p></div><div xml:id="d23405558" corresp="d897647" ><head resp="#editor"><date> 09.09.1822 </date></head><pb n="4"/><p>9.9.22<lb/>Gestern hatte ich zimlich zahlreiche <rs ref="#i874148" type="object">Besuche</rs> meine<lb/><rs ref="#i835836" type="person"><rs ref="#i868068" type="person">Tochtern</rs></rs> u <rs ref="#i835869" type="person">Sohn</rs> samt seinem Freund<rs ref="#i901169" type="person"> H C Sarasin</rs>,<lb/>ein<rs ref="#i874090" type="object"> recht liebens würdiger Mann</rs>, den ich<lb/>mit so vielem Vergnügen als Vertrauten meines<lb/>Sohnes sehe, ich glaube ihn von den besten Grund-<lb/>sätzen beseelt! Störend u schmerzend war es<lb/>für mich dass mein <rs ref="#i835869" type="person">Sohn</rs> ihn einige Male so unfreund-<lb/>lich u grob behandelte: unzufrieden war ich <lb/>mit mir daß ich ihm nicht mit mehr Ernst <lb/>meine Meinung darüber sagte; doch wenn<lb/>ich allein mit ihm bin hat er immer so vieles<lb/>Wirkliches u Eingebildetes zu klagen, sieht <lb/>so übel u abgehärmt aus, daß ich seinen <lb/><rs ref="#i898746" type="object">Unmuth nicht zu vermehren im Stande bin</rs>: möchte <lb/>Gott ihm ruhige Selbsterkenntniss u Gelaßenheit <lb/>gewähren! Ich kann nichts als für ihn beten.<lb/>Auch meine 2 Neffen<rs ref="#i837114" type="person"> Isaac</rs> u <rs ref="#i836899" type="person">Dt Iselin</rs> waren<lb/>hier; mit Ersterem sprach ich über <rs ref="#i873838" type="object">Bruder</rs> u <lb/>war mit seiner Ansicht u der Versicherung der</p><pb n="5"/><p>Gesinnungen seiner <rs ref="#i868520" type="person">Mutter</rs> u Bruder sehr zufrieden<lb/>Über Tisch störte mich mein <rs ref="#i873825" type="object">Übelhören</rs> sehr, denn<lb/>ich verstand beinahe nichts was gesprochen <lb/>wurde. Doch konnte ich mich gelassen darein<lb/>schicken, wie wohl ich die Entbehrung tief fühle.<lb/>Daß die <rs ref="#i835836" type="person">l S.P</rs>.[8] sich anfängt in <rs ref="#i873159" type="object">Jf</rs> zu gefallen<lb/>hat mich sehr gefreut, ich hoffe es werde viel <lb/>zur Gesundheit meiner Tochter </p><p>Plato. Kratylos. Übersetz von <rs ref="#i874775" type="book_etc">Schleiermacher<lb/></rs>2 Thl. 2ter Band. Ste. 49<lb/>„daher sagt er ganz richtig (Hesiodot) wie auch viele<lb/>andre Dichter thun, daß wenn ein guter stirbt, er<lb/>großer Ehre u Glückseligkeit teilhaftig und ein <lb/>Dämon wird, vom daheim seyn all sogenannt. Eben<lb/>das nun nehme ich an daß Jeder der dort daheim<lb/>gehört ein Seliger ist im Leben und im Tode u<lb/>mit Recht ein Dämon genannt wird.</p></div><div xml:id="d23405559" corresp="d897655" ><head resp="#editor"><date> 19.09.1822 </date></head><pb n="6"/><p>19.9.1822<lb/>Gestern war ich in der <rs ref="#i873866" type="object">Statt </rs>in der Absicht<lb/><rs ref="#i874148" type="object">den Arzt</rs> zu berathen, lange mochte ich es nicht <lb/>thun, weil ich glaubte es sey <rs ref="#i873943" type="object">in meinem Alter<lb/></rs>nicht viel mehr zu hoffen. Allein die <rs ref="#i873825" type="object">Beschwerden<lb/></rs>des Übelhörens u die Zunahme des <rs ref="#i873845" type="object">Hustens<lb/></rs>bewogen mich dazu. Ich beruff<rs ref="#i901212" type="person"> Dr Fahrlände</rs>r<lb/>dieser Mann scheind viel Geist u Scharfblick zu <lb/>haben allein seine Phisionomie schreckt zurück, <lb/>er erregt mehr Bewunderung als zutrauliche <lb/>Achtung. Ich erwarte ruhig den Erfolg seiner <lb/>Mittel nicht wissend ob ein längres Leben od<lb/>baldiges <rs ref="#i874141" type="object">Ende</rs> das Bessere für mich sey.<lb/>Die Meinen traf ich zimlich wohl an<lb/>nur die Kleine <rs ref="#i836718" type="person">Adele</rs>[2] hat <rs ref="#i899128" type="object">Husten</rs>, das<lb/>liebe Kind scheint nicht stark zu seyn.</p></div><div xml:id="d23405560" corresp="d897663" ><head resp="#editor"><date> 25.09.1822 </date></head><p>!!!! [25. September 1822]</p><pb n="6"/><p>25.9.1822<lb/>Gestern war meine Gsstochter Fr <rs ref="#i867913" type="person">Hofmann<lb/></rs>ihr <rs ref="#i868665" type="person">Mann</rs> u dessen <rs ref="#i901240" type="person"><rs ref="#i901271" type="person">Schwester</rs></rs> samt der <rs ref="#i873838" type="object">GssMutter<lb/></rs>Fr <rs ref="#i901304" type="person">Merian</rs> <rs ref="#i874148" type="object">bei mir zum Essen</rs>, dieser <rs ref="#i874148" type="object">Besuch<lb/></rs>freute mich u <rs ref="#i910699" type="object">heiterte</rs> Mich auf: lange war</p><pb n="7"/><p>ich nicht so heiter beim Schlafengehn. Fr. M. <lb/>ist eine sehr artige Frau u nimt noch an so Vielem<lb/>Interesen um das sich Andre gar nicht kümmern,<lb/>sie weiss<rs ref="#i874090" type="object"> was in der Weld vorgeht</rs>, hat ein<lb/>gutes Urtheil u ist daneben so einfach.<lb/>Wir sprachen von d. Griechen, sie glaubt sie <lb/>könnten: sie besorgt ohne die Hilfe einer Europa <lb/>Macht müssten sie zu Grunde gehn; ich wünsche <lb/>u hoffe das Gegentheil. Warum sollten die <lb/>neuen Griechen sich nicht so gut gegen die Türken<lb/>als die Alten gegen die Perser halten können?<lb/><rs ref="#i874226" type="object">U wir Schweizer,</rs> deren Ahnen sich gegen die <lb/>Macht Oestreichs mit dem schönsten Erfolg<lb/>vertheidigten, sollten das nicht glauben<lb/>Ich sehe es als eines der glücklichsten<lb/><rs ref="#i873950" type="object">Ereignisse</rs> fürs Wohl der Menschheit an<lb/>wenn die Grenzen ohne Beistand eines Monarchen</p><pb n="8"/><p>helfen könnten! Nur dan kann ihnen wirklich<lb/>geholfen werden, monarchische Hilfe, brächte<lb/>sie von einem Joch ins andere: eigne Kraft<lb/>u Hilfe von vereinten Menschenfreunden, können<lb/>ihnen allein die Freiheit erwerben.<lb/>Wohl ist es wahr „wer sich selbst nicht zu <lb/>helfen weisst, dem kann kein Mensch u kein<lb/>Gott helfen.“ Und welchen Einfluss muss<lb/>der schlechte od gute Ausgang dieser <lb/>Angelegenheit nicht auf die jetzige Lage<lb/>der menschlichen Angelegenheiten haben!</p><p>[4] Elisabeth Hoffmann-Merian (1778-1809). Entweder ich habe die falsche Grossmutter oder Stroux irrt sich, aber 1822 war Elisabeth bereits tot.</p></div><div xml:id="d23405561" corresp="d897671" ><head resp="#editor"><date> 27.09.1822 </date></head><pb n="8"/><p>27.9.22<lb/>Ich lese nun die<rs ref="#i901342" type="book_etc"> Geschichte Griechenlands</rs> von <rs ref="#i901354" type="person">Vierthaler<lb/></rs>sie interessiert mich, nur bedaure ich daß ich<lb/>nicht Vorkenntnisse genug habe, u so vieles dessen<lb/>was ich vorher wusste, <rs ref="#i873825" type="object">aus dem Gedächtniß <lb/>verlohren</rs> habe; Auffallend ist mir daß<lb/>Kauffleute mit unter den Helden eine glänzende<lb/>Rolle spielen u zur Civilisation beitragen,<lb/>Anders war wohl damals der <rs ref="#i874226" type="object">Handelsstand<lb/></rs></p><pb n="9"/><p>als Jetz und, ein ausgezeichneter Kauff<del>mann</del> mußte<lb/>mit Muth begabt seyn, um unbekannte Meere zu<lb/>durchschiffen, mit rohen Barbaren umgehn zu wissen<lb/>u oft als Krieger sich gegen diese zu vertheidigen<lb/>wissen: Glänzend war wohl der Erfolg, Stätte<lb/>wurden erbau<supplied>ch</supplied>t ja Reiche gegründet, die<lb/>Menschen erhielten eine Art von Bildung, welche<lb/>wohl öfters nicht von großerm Werth waren, sie<lb/>aber doch  vor der gänzlicher Rohheit entzogen<lb/>u ihn der Bildung zur Humanität fähiger machte.<lb/>Wie der einzelne Mensch so der Statt, wenn<lb/>Jener sich von Kindheit an irgend eine Thätigkeit,<lb/>sei sie auch nur mechanisch, gewöhnt, so wird er<lb/>doch weniger roh mehr zu andrer Bildung fähig<lb/>als wenn er gar keine Kräfte geübt hätte; ob<lb/>er gleich noch sehr ferne von wahrer Menschenbil[dung]<lb/>entfernt ist: mir scheint kauffmännische Staaten<lb/>hätten nie einen festen Grund gehabt, waren auch nie</p><pb n="10"/><p>von langem Bestand gewesen: ist nicht auch so mit<lb/>dem einzelnen Menschen welcher nicht daneben<lb/>Ausbildung des Kopfes u des Herzens sich ange-<lb/>eignet hat! Nur ein Mensch mit Tugend<lb/>u edlem Muth kann frei durch die Stürme<lb/>des Lebens u mit heitrer Hoffnung in jene <lb/>Weld gehen; nur ein Staat wo viele tugend-<lb/>hafte mit wahrem Muth begabte Bürger<lb/>hat wird in seinem Innern Ruhe haben,<lb/>u Stärke sich gegen äussere Angriffe<lb/>zu vertheidigen.</p><p>D 23 Sept erhielt ich<rs ref="#i873852" type="object"> Antwort</rs> von Brud <rs ref="#i837130" type="person">Is</rs>.<lb/>Ich war darüber sehr erfreut: er sieht<lb/>ein daß mein Rath gut war u befolgte ihn<lb/>möge der Erfolg gut seyn!</p></div><div xml:id="d23405562" corresp="d897679" ><head resp="#editor"><date> 21.10.1822 </date></head><pb n="11"/><p>21.10.21 <lb/>Ich war nun 3 Mal schon in <rs ref="#i873159" type="object">Basel</rs> um meine Tochter<lb/><rs ref="#i835836" type="person">Para</rs> zu <rs ref="#i874148" type="object">besuchen</rs>, welche <rs ref="#i899128" type="object">sehr krank war;</rs> sie berathet<lb/>seit einiger Zeit den Arzt <rs ref="#i901212" type="person">Fahr</rs>, der ihr Arzneien<lb/>giebt um ihr altes <rs ref="#i898746" type="object">Übel aufzurühren u wegzuschaffen</rs>.<lb/>Möge Gott seinen Seegen zu dieser Cur geben<lb/>u die l. Tochter ganz hergestellt werden!<lb/>Ich genoß in Basel viele Beweise von Liebe u<lb/>Achtung von den Meinigen die mir sehr wohlthätig<lb/>waren. Wie glücklich ist der Mensch dessen<lb/>Gemüth zur Liebe u Achtung gestimt ist! Wie<lb/>hart muß der büssen der.</p></div><div xml:id="d23405563" corresp="d897687" ><head resp="#editor"><date> 01.11.1822 </date></head><pb n="11"/><p>1.11.22 <lb/>Nun habe ich die <rs ref="#i922784" type="object">unruhigste</rs> Zeit im Jahre bald<lb/>übergangen u Gott sey dank dabei doch manchen<lb/>ruhigen Genuß gehabt: die Hilfe die ich nun an <rs ref="#i873838" type="object">Jf St.</rs> [R.?]<lb/>habe ist mir höchst wohlthätig u bringt mich meinem<lb/>sehnliche Wunsch nach Ruhe u Muße zum Nachdenken<lb/>etwas nächer; diese Wohlthat muß ich nur gehörig<lb/>zu geniesen suchen: das kommt mir etwas schwer vor<lb/>da die lange Gewohnheit u die Pflicht die ich mir vorschrieb</p><pb n="12"/><p>in stäter <rs ref="#i874077" type="object">Thätigkeit</rs> zu seyn, mir’s erschweren.<lb/>Doch wenn ich nun meine jetzige Lage, <rs ref="#i873825" type="object">die Abnahme<lb/>meiner Kräfte</rs> u mein <rs ref="#i873943" type="object">Alter</rs> betrachte so glaube ich<lb/>es sey ebenso wohl Pflicht mir nun Ruhe zu gewähren<lb/>als es ehmals Pflicht war thätig zu seyn.<lb/>Doch <supplied>un</supplied>thätig werde ich doch immerfort seyn so viel es<lb/>meine Kräfte erlauben, aber mehr auf eine meinen<lb/>Geist befriedigende Art.</p></div><div xml:id="d23405564" corresp="d897695" ><head resp="#editor"><date> 05.11.1822 </date></head><pb n="12"/><p>5.11.22 <lb/>Mir war der Vorgestrige Abend sehr <rs ref="#i873943" type="object">trübe<lb/></rs>u schwer verfloßen ich mußte mich um 6 Uhr<lb/>schon zu bethe legen, meine Sohnsfrau<rs ref="#i835806" type="person"> P.B</rs>. war mit<lb/>ihrer <rs ref="#i867913" type="person">Tochter</rs> u <rs ref="#i868665" type="person">Tochtermann</rs> u <rs ref="#i837045" type="person">Friz</rs> <rs ref="#i874148" type="object">hier</rs>, das freute<lb/>mich, auch mein <rs ref="#i835869" type="person">Sohn</rs>, der seine <rs ref="#i836759" type="person">Maria</rs> wieder<lb/>holte; dieser <rs ref="#i873901" type="object">Abschied</rs> that meinem Herzen wehe,<lb/>ich hätte das Mäd lieber bei mir behalten<lb/>um sie ausser dem Einfluß des Gesindes<lb/>zu haben; allein ich fühle wohl daß es eine große<lb/>Entbehrung für mein Sohn geweesen wäre u</p><pb n="13"/><p>gut sey daß beide <rs ref="#i836759" type="person"><rs ref="#i868141" type="person">Geschwister</rs></rs> beisammen sind, die<lb/><rs ref="#i873950" type="object">Verfügungen</rs> die mein Sohn ihrentwegen getroffen<lb/>sind so gut als es die Umstände erlauben: Gott<lb/>gebe daß sie unsern Wünschen entsprechen!<lb/>Ich will mich nun ruhig darein ergeben, da<lb/>ohnehin die <rs ref="#i874045" type="object">Besorgung u Leitung dieses Kindes<lb/></rs>meine Kräfte fast zu sehr in Anspruch nahmen,<lb/>diese fangen zu schwinden an, mein <rs ref="#i873845" type="object">Husten</rs>, mein<lb/><rs ref="#i873825" type="object">übles Gehör</rs>, alles weißt mich zur Ruhe u<lb/>Stille u mahnet mich daß der <rs ref="#i874141" type="object">Zeitpunkt</rs> heran-<lb/>naht,  wo ich auf dieser Erde nicht mehr werde<lb/>wirken können. Mit Glauben u Hoffnung sehe<lb/>ich der Zukunft entgegen: möge ich die Zeit so<lb/>mir noch gefristet ist zu meiner Besserung wohl<lb/>anwenden! Wie Manches bleibt mir hierin no[c]h<lb/>zu thun Gott verleihe mir Kräfte u Einsicht dazu!</p></div><div xml:id="d23405565" corresp="d897703" ><head resp="#editor"><date> 07.11.1822 </date></head><pb n="14"/><p>7.11.22 <lb/>Ungeachtet des wiedrigen Geschäfts des packens<lb/>u <rs ref="#i873866" type="object">verreisens</rs> bin ich doch Gott sey dank so<lb/>äusserst heiter u wohl: gebe nur Gott daß<lb/>ich <rs ref="#i874148" type="object">die Meinen morgen wohl antreffe</rs>.<lb/>Meinen innigsten dank zum Himmel für<lb/>alles Gute so ich diesen Sommer genoßen</p></div><div xml:id="d23405566" corresp="d897711" ><head resp="#editor"><date> 12.11.1822 </date></head><pb n="14"/><p>12.2.22 <lb/>Ich bin nun <rs ref="#i874148" type="object">seit dem 8ten hier</rs> habe die Meinen so gut<lb/>als ich hoffen konnte angetroffen meine ältere<lb/><rs ref="#i835836" type="person">Tochter</rs> ist in einer harten <rs ref="#i899128" type="object">Cur</rs> doch Gott lob<lb/>ist sie voller Hoffnung u hat ein unbegränztes<lb/>Zutrauen zu ihrem Arzt, möge alles gut gehn!<lb/>Von all den Meinigen bin ich liebevoll empfangen<lb/>worden dies that meinem Herzen wohl u inniger<lb/>dank steigt dafür zum Himmel. Doch mein übles<lb/><rs ref="#i873825" type="object">Gehör</rs> macht mich für die Gesellschaft so untauglich<lb/>dies ist sehr <rs ref="#i874064" type="object">peinlich</rs>: doch will ich um Geduld<lb/>von Gott flehen u mich so viel möglich in die Stille<lb/>zurück ziehen u meine Gedanken mehr nach droben</p><pb n="15"/><p>richten wohin ich hoffe bald meinen theuren schon hingegangnen<lb/><rs ref="#i874141" type="object">bald folgen zu können</rs>!<lb/>Einen <rs ref="#i873852" type="object">Brief</rs> empfing ich von meinem <rs ref="#i837130" type="person">Bruder</rs>, als ich<lb/>hierkam; dieser that meinem Herzen wohl, den<lb/>der gute Mensch nahm meine Freimüthigkeit nicht<lb/>übel auf u fühlt daß ichs wohl mit ihm meine;<lb/>nun hoffe ich daß er künftig Frühjahr hierkommen<lb/>werde! Ob ich ihn noch sehn werde! Ob ich noch<lb/>was für ihn werde thun können! Nun seys Gott<lb/>gedankt daß ich in Liebe in seinem Andenken bin<lb/>u daß die l. Schwester <rs ref="#i837033" type="person">Esther</rs> nun in der Lage ist<lb/>ihm hilfreiche Hand zu biethen; o möchte nur sie heiter<lb/>u froh werden! Wie<rs ref="#i898746" type="object"> schmerzt </rs>mich ihre Darnieder-<lb/>geschlagenheit, könnte ich ihr nur Trost einflösen<lb/>	<rs ref="#i901428" type="person">Krummachers</rs> <rs ref="#i901417" type="book_etc">Gedichte</rs>. Seite 190.<lb/>„Was weinst du so im stillen Blüthenthale?<lb/>Sahst du es nicht im lichten Himmelsstrahle<lb/>Dort oben nicht dein gold’nes Ziel erglühn?</p><pb n="16"/><p>Kannst du den Vorhof deines Himmels haßen,<lb/>So wirst du nie den Himmel selbst erfassen!<lb/>Wer beide liebt dem sollen beide blühn.</p></div><div xml:id="d23405567" corresp="d897719" ><head resp="#editor"><date> 15.11.1822 </date></head><pb n="16"/><p>15.11.22 <lb/>Es waltet ein <rs ref="#i910645" type="object">trüber Geist</rs> in mir gegen welchen<lb/>ich mit allen Kräften kämpfen muß. Mein Grund-<lb/>satz, daß es Pflicht des Menschen sey mit seinem<lb/>Zustand zufrieden zu seyn, will ich mir recht lebhaft<lb/>ins Gedächtniß ruffen: das <rs ref="#i873825" type="object">Hinschwinden meiner Kräfte<lb/></rs>werde ich viel lebhafter bewuß unter vielen Menschen<lb/>als auf dem Lande: dabei noch das Entbehren der<lb/>freien Natur u meiner lieblichen Umgebungen, der<lb/><rs ref="#i873901" type="object">Mangel von denen die mir lieb</rs> sind doch nicht so<lb/>viel umgeben zu seyn als ich wünschte, das thut mir<lb/>wehe. Doch mit Gottes Hilfe werde ich mich darin<lb/>ergeben.</p></div><div xml:id="d23405568" corresp="d897727" ><head resp="#editor"><date> 18.11.1822 </date></head><pb n="16"/><p>18.11.22<lb/>Gestern war mein <rs ref="#i835869" type="person">Sohn</rs> <rs ref="#i874148" type="object">hier</rs>: ich nahm mir vor ihm<lb/>aufs liebreichste meine Meinung über seine letztlichen<lb/>Äusserungen zu thun: er nahm sie bitter auf mein Herz<lb/>blutete darüber; o wüßte er wie ich ihn liebe wie ich</p><pb n="17"/><p>an <rs ref="#i898746" type="object">seinem Leide </rs>theil nehme, wie ich ihms so gerne lindern<lb/>möchte, er würde alles anders nehmen! Ich kann nichts<lb/>als Gott bitten daß er ihm mildere Gesinnungen einflösen<lb/>möge! Äusserst trübe steht es heute in meinem<lb/>Kopf, <rs ref="#i873825" type="object">meine Kräfte sind alle gelähmt</rs>: gieb mir o Gott<lb/>Geduld, die Härte des Schicksals u meine durch so manche<lb/>Stürme endlich untergrabnen Kräfte zu ertragen<lb/>laß das Vertrauen zu dir mich ruhig meinen rohen<lb/>Pfad durchwandeln u gieb daß ich nie den Meinen<lb/>durch Klagen beschwerlich falle! Die Hoffnung bald<lb/>in <rs ref="#i874141" type="object">eine bessere Weld aufgenommen </rs>zu werden belebe<lb/>u stärke mich! O möchte ich bald mein Haupt zur<lb/>Ruhe niederlegen können u es so thun daß die so<lb/>mich hier lieben sich nicht zu viel darüber betrüben<lb/>u in der Überzeugung meines frohen Hinschieds sich<lb/>trösten!</p></div><div xml:id="d23405569" corresp="d897735" ><head resp="#editor">Tagebucheintrag<date> 22.11.1822 </date></head><pb n="19"/><p>Seit ein pr Tagen ist es was besser u <rs ref="#i910699" type="object">heitrer</rs> in<lb/>mir der <rs ref="#i873825" type="object">Druck so auf meinen Ohren</rs> lag, so wie <lb/>der Nebel in meinem Empfindungs Vermögen sind</p><pb n="20"/><p>wie herzlich danke ich Gott dafür! Ich nehme mir<lb/>vor übermorgen zur <rs ref="#i873950" type="object">Communion</rs> zu gehen; möchte<lb/>ich diese heilige, zu unsrer Veredlung von unserm<lb/>theuren Erlöser eingesetzte Handlung würdig feiern.<lb/>O wäre ich immer mit Christi Geist erfüllt wie viel<lb/>heitrer würde es auch in mir seyn! Wie viel<lb/>weniger würden mich äussere Umstände misstimmen<lb/>wie viel ruhiger würde ich die Beschwerden des<lb/>Alters, das oft mir lieblos scheinende Betragen<lb/>Andrer ertragen! Wäre meine Seele immer <supplied>mit</supplied> <lb/>mit reiner Liebe erfüllt, so würde diese auch auf <lb/>andre übergehn u mir Liebe erwerben!<lb/>Könnten wir nur immer denken daß der Lauf<lb/>der Weld mit allen ihren Ereignißen von Gott<lb/>geordnet, u obgleich durch der Menschen Thorheit<lb/>oft so grausam getrübt; doch endlich, wo nicht hier,<lb/>doch Jenseitz <del>sich</del> in schöne Harmonie auflösen werde.</p><pb n="21"/><p>voller Mangel u Gebrechen sind wir schwachen Sterblichen,<lb/>aber voller Liebe u Gnade ist unser <rs ref="#i873922" type="object">Vater<lb/></rs>droben, welcher keines seiner Geschopfe ganz wird<lb/>versinken lassen u früher od. später nach seiner<lb/>Weisheit sie wieder begnadigen wird. Ich kann mirs<lb/>einmal nicht anders denken, als wie tugendhafter,<lb/>wie mit reineren Begriffen von seinen Pflichten u<lb/>von Gott, je glückseliger muß er sein, je weiter<lb/>davon entfernt je unglückseliger. Straft sich<lb/>allso nicht der Gottlose selbst? Es muß in Gottes<lb/>weiser u gnadenvoller Regierung eine höhre Ordnung<lb/>der Dinge statt finden als wir armen Sterblichen<lb/>uns zu denken fähig sind; u gewiß eine so viel<lb/>beglückseligendere für alle Geschöpfe, um so viel<lb/>größer die Liebe u Güte Gottes als die der<lb/>Menschen ist. Wie irrige Begriffe machen sich<lb/>doch so viele Menschen von der gnadenreichen Religion<lb/>Jesu! Sie die nach gesunden Begriffen aufgefaßt</p><pb n="22"/><p>Ruhe u Friede verbreiten sollte, ist so oft der<lb/>Vorwand von Übermuth, Haß, Neid u den daraus<lb/>entstehenden <rs ref="#i874226" type="object">Feind</rs>seligkeiten.</p></div><div xml:id="d23405570" corresp="d897743" ><head resp="#editor">Tagebucheintrag<date> 23.11.1822 </date></head><pb n="22"/><p>Wir leben in einem <rs ref="#i874226" type="object">Zeitalter</rs> voller Unruhe, Meinungs-<lb/>verschiedenheit Streit u Verfolgung, aber durch die<lb/>trüben Gewitterwolken dieses Sturms lächelt uns<lb/>hin u wieder ein heller Sonnenblick der uns schönere<lb/>Zeiten hoffen läßt. Wie manches ist besser als<lb/>vor 50 Jahren, z.B. welchen <rs ref="#i874045" type="object">Unterricht</rs> erhalten<lb/>meine <rs ref="#i836718" type="person"><rs ref="#i836759" type="person"><rs ref="#i867913" type="person"><rs ref="#i868031" type="person"><rs ref="#i868044" type="person">GßTochtern</rs></rs></rs></rs></rs> u welchen habe ich erhalten? Ob<lb/>gleich der Meine, dank sey es meinem theuren <rs ref="#i867825" type="person">Vater<lb/></rs>damals so gut als möglich für die Zeiten u Umstände<lb/>war. Besonders freut mich der treffliche Unterricht<lb/>den sie in der Religion erhalten, besonders die<lb/>so bei dem edlen <rs ref="#i873838" type="object">Röedrer</rs> unterrichtet werden:<lb/>hier ist es noch nicht so, es liegt noch so eine Be-<lb/>schränktheit, auch bei den besten unsrer Lehrer,<lb/>doch es muß auch bald besser kommen! Wie glücklich<lb/>sind die jungen Leute die in der <rs ref="#i873922" type="object">Religion</rs> einen festen</p><pb n="23"/><p>sicheren Grund legen wie manchen Irrweg erspart<lb/>es ihnen wie viel ruhiger u heitrer können sie<lb/>durchs <del>Leben gehen</del>, wie manche Zweifel wie manches bange Suchen<lb/>wird ihnen erspart. Ich glaube zwar daß ich<lb/>am Ende ans rechte Ziel gelangt: aber wie mühsam<lb/>u oft wie gefahrvoll! dank sey es Gott der mir<lb/>Kraft verliehen mich durchzukämpfen; dank daß<lb/>ich jetzt eine so zuversichtliche Überzeugung habe<lb/>daß die Lehre Jesu die beglückentste, die von Gott<lb/>für das ganze Menschengeschlecht auserkohrene u<lb/>vorzüglichste sey; daß meine Seele von Dank u Freude<lb/>den göttlichen Erlöser, mit Demuth anerkennt<lb/>u ihn den auserkohrnen. Ob gleich meine Ansichten<lb/>ihr besonders haben so will ich deswegen die anders<lb/>denkenden weder tadeln noch richten; Jeder folge dem<lb/>Licht so Gott in seine Seele gelegt, so wird er sich<lb/>nie gegen den Geist Gottes versündigen. Durch<lb/>manchen Streit muß doch endlich die Wahrheit<lb/>den Sieg davon tragen. Möge das bald geschehn.</p><pb n="24"/><p><rs ref="#i869890" type="person">Niemeiers</rs> <rs ref="#i903700" type="book_etc">Reisen</rs> –<lb/>trefflich was er über das Museum in Bremen<lb/>sagt Seite 25 weiter</p></div><div xml:id="d23405571" corresp="d897751" ><head resp="#editor">Tagebucheintrag<date> 29.11.1822 </date></head><pb n="24"/><p>22 11 29<lb/>Meine <rs ref="#i903712" type="object">Schweiß Cur,</rs> thut mir sehr wohl, sie erleich-<lb/>tert mein <rs ref="#i873825" type="object">Gehör</rs>, macht mir freier auf der Brust,<lb/>aber was weit weit kostbarer ist sie macht<lb/>mir den Kopf freier; so unangenehm der Zeit-<lb/>Verlust ist den sie mir verursacht in wie wenig<lb/>Betrachtung kömmt das dagegen: wie innigst danke<lb/>ich Gott dafür. Die liebevolle Art mir der mich<lb/>die gute <rs ref="#i837084" type="person">Schwester</rs> heute u auch die vorigen Mal<lb/>empfangen war Balsam für mein Herz; o möchte<lb/>die Gute mir recht gesund werden!</p></div><div xml:id="d23405572" corresp="d897759" ><head resp="#editor">Tagebucheintrag<date> 31.11.1822 </date></head><pb n="24"/><p>22 11 31 <lb/>Sollten meine <rs ref="#i873825" type="object">Kräfte</rs> wieder aufleben wie sehr<lb/>hätte ich dan Ursache sie gut anzuwenden, mit wie<lb/>viel mehr Lebhaftigkeit würde ich dan wieder<lb/>an mein <rs ref="#i874895" type="object">Lieblings Projekt</rs> denken! Aber wie</p><pb n="25"/><p>es anfädeln wie es in Gang bringen? Doch das<lb/>liegt nicht bei mir das liegt in den Händen<lb/>Andrer deren Herz die Vorsehung leiten möge<lb/>wie es gut ist! Ich habe vor allem die Pflichten<lb/>gegen meine Familie, das ist die Stelle welche<lb/>die Vorsehung mir angewiesen, erst nach dem<lb/>ich diese ganz erfüllt darf ich an weiters denken.<lb/>Mein Saamenkorn habe ich ausgestreut; vieleicht<lb/>auf keinen tauglichen Boden? Vieleicht soll es erst<lb/>später keimen u aufgehn! Doch ist mir nicht<lb/>vergönnt nach Wunsch thätig zu seyn, so bleibe mir<lb/>doch der Trost gut zu denken u gut zu wollen.<lb/>Durch die Verhältniß in welchen ich stehe will ich mich<lb/>doch nicht mehr als meine Pflicht erfodert von meinem<lb/>Vorhaben abziehn lassen. Wohl freue ich mich nun<lb/>auf die Rückkehr meines <rs ref="#i903731" type="person">Bruders</rs> freue mich ihm<lb/>Dienste leisten zu können! Aber das soll mich an nichts</p><pb n="26"/><p>hindern u wer weis ob vieleicht dadurch die Sache<lb/>nicht noch befördert werden könnte! Doch das<lb/>wollen wir dem Himmel überlassen.</p></div><div xml:id="d23405573" corresp="d897767" ><head resp="#editor">Tagebucheintrag<date> 05.12.1822 </date></head><p>[26] </p><p>22 12 5<lb/><rs ref="#i873922" type="object">Unser göttliche Lehrer</rs> u Erlöser, hebt so wohl durch<lb/>seine Lehre als durch seinen freiwilligen Tod alle Opfer<lb/>auf: schon vorher hatten die Propheten gegen dieselben<lb/>gesprochen u gelehrt daß Gott kein ander Opfer<lb/>als die Besserung des Herzens begehre! Allein<lb/>mit dem will sich die menschliche Trägheit nicht<lb/>vertragen; die meisten so sich Christen nennen<lb/>wollen lieber durch Opfer als durch reinigung<lb/>des Herzens, Gott gefällig werden: der Catholique<lb/>durch seine Ceremonie der Herrenhutter durch<lb/>das Blut Christi u der nachdenkende Christ<lb/>verehrt <supplied>das</supplied> mit Demuth das Verdienst Christi,<lb/>ist Gott von ganzer Seele für diese Quelle des</p><pb n="27"/><p>Heils dankbar, glaubt aber auf keine andere<lb/>Weise dessen theilhaft zu werden als durch<lb/>eifrige Nachahmung seiner göttlichen Eigenschaften<lb/>schreibt aber alles Verdienst der Gnade Gottes zu<lb/>von dem er Leben, Seyn u Kräfte erhalten.</p></div><div xml:id="d23405574" corresp="d897775" ><head resp="#editor">Tagebucheintrag<date> 07.12.1822 </date></head><pb n="27"/><p>22 12 7 <lb/>Welche erfreuliche Lecktür ist nicht die „Niemei-<lb/>rische <rs ref="#i903700" type="book_etc">Beobachtungen auf Reisen</rs>“, eben so wie die<lb/>Unterhaltung eines verehrten einsichtsvollen Freundes<lb/>seine Bemerkungen bei den Begräbnißen [Namen, die un-<lb/>leserlich sind]  über<rs ref="#i873838" type="object"> A. Bollag</rs> [unles.] <rs ref="#i873838" type="object">Stuard</rs>, <rs ref="#i873838" type="object">Joh. Grau</rs>, wie<lb/>milde, schonend u doch wahr u gründlich!<lb/>Über die Gefängniße u deren Verbesserung<lb/>durch <rs ref="#i874436" type="object">weibliches Wirken</rs>. Wie mich das ergrift<lb/>u meine <rs ref="#i874895" type="object">Pläne</rs> wieder lebendig hervorruf</p></div><div xml:id="d23405575" corresp="d897783" ><head resp="#editor">Stimmung<date> 12.12.1822 </date></head><pb n="28"/><p>22 12 12 <lb/>Je vortrefflicher eine Sache ist desto mehr<lb/>gefällt sie bei nächrer u öftrer Betrachtung;<lb/>so eine Zeichnung, ein Gemälde, ein Gedicht,  nur<lb/>das Mittelmäßige kann durch den Reitz der<lb/>Neuheit anfangs gefallen aber bald verliert<lb/>es seinen Werth, welches <supplied>das</supplied> <del>beim</del> wahre Gute<lb/>immer höcher empfinden wird: so geht es<lb/>mir mit der <rs ref="#i873922" type="object">christlichen Religion</rs>, je mehr<lb/>ich die Menschen u ihre Bedürfiße, je mehr<lb/><rs ref="#i873990" type="object">mein eignes Innere recht</rs> kennen lerne, je<lb/>tiefer fühle ichs, mit je inbrünstiger u<lb/>dankbarem Wonnegefühle danke ich Gott daß<lb/>ich in derselben erzogen worden, je herzlicher<lb/>wünsche ich ihre Ausbreitung! Oft fiel mir<lb/>die Art wie sie gelehrt u gepredigt wird<lb/>schmerzlich auf; noch jetzt wünsche ich es möchte<lb/>mit mehr Umsicht u Erhabenheit geschehn, allein<lb/>was mir nicht gefällt an dem können tausend</p><pb n="29"/><p>Andre Trost u Erbauung finden; was vom Herzen<lb/>geht muß wieder zu gleich fühlenden Herzen<lb/>gehn. Nur das Laue, das Selbstsüchtige,<lb/>das was unser Erlöser so strenge tadeld nur<lb/>das kann keine guten Früchten bringen.<lb/>Ich danke Gott daß ichs fühle daß ich auch<lb/>dieses Jahr in diesen Gefühlen weitergerückt<lb/>daß ich ruhiger, getroster u heitrer als<lb/>je zu meinem Gott hinaufblicken kann; daß ich<lb/>dem <rs ref="#i874141" type="object">Tod getrost entgegen blicken</rs>, daß ich<lb/>getrost, oft mit der lebhaftesten Freude, der<lb/>Zeit entgegen sehe, wo ich mit so vielen mir theuren,<lb/>mit so edlen u Guten, einst Gott preisen werde.</p></div><div xml:id="d23405576" corresp="d897791" ><head resp="#editor">Tagebucheintrag<date> 14.12.1822 </date></head><pb n="29"/><p>22 12 14/16<lb/>Ich besuchte diesen Mittag <rs ref="#i903765" type="person">Fr. Merian</rs> die gß<lb/>Schwieger von meiner <rs ref="#i867913" type="person">gßTochter</rs>, welche ruhige zufriedene<lb/>Frau das ist, wie so ruhig u schon sie über den<lb/>Tod ihrer <rs ref="#i903774" type="person">Schwester</rs> redte! <rs ref="#i899058" type="object">Diese Frau fürchtet</rs> selbst</p><pb n="30"/><p>den <rs ref="#i874141" type="object">Tod</rs> nicht, ja sieht ihm mit Freuden entgegen:<lb/>u dabei liebt sie doch das Leben, ist mit der<lb/>Weld, mit all ihren Umgebungen so zufrieden; <lb/>welche schöne natürliche Philosophie u reine<lb/>Gottesfurcht ist das nicht!<lb/>Von dort besuchte ich <rs ref="#i903754" type="person">Frau Ehinger</rs>, <rs ref="#i901062" type="person">deren Mann<lb/></rs>von <rs ref="#i899128" type="object">Schlagflüßen</rs> sehr elend ist</p></div><div xml:id="d23405577" corresp="d897799" ><head resp="#editor">Brief<date> 17.12.1822 </date></head><pb n="31"/><p>22 12 17<lb/>Abschrift aus der Hausbibel von <rs ref="#i873838" type="object">H Sturzenecker<lb/></rs>[?] tragen: nach dem von dem selten alle Glieder<lb/>seiner Familie deren Leben u Absterben aufgezeichnet<lb/>sind schreibt seine letzte Frau, meine <rs ref="#i873838" type="object">Freundin</rs> die<lb/>Tochter von H d <rs ref="#i873838" type="object">Münch</rs> was folgt.<lb/>„Eben so sanft ruhet nun auch der getreue liebevolle<lb/>Gatte, der zu meinem u seiner Kinder großem <lb/>Leid den 15. 9ber 1817 abends gegen 11 Uhr nach<lb/>einem kurzen Krankenlager, aber dennoch<lb/>zimlich hartem Kampf, im Herrn entschlief in<lb/>einem Alter von nicht gar 69 Jahren. Heil seiner<lb/>vermodernnden Hülle die nahe bei seiner ersten<lb/>Gattin begraben liegt! Wie werden sich alle, die<lb/>uns Angehenden früher Vollendeten ihres Wieder-<lb/>sehns freuen! Harret unser alle, Gatten Eltern u<lb/>Kinder, bis auch unser Geist seine fleischliche Wohn-<lb/>ung verlaßt, u von Euch u allen Verklärten auf-</p><pb n="32"/><p>genommen wird,  in dem Gefilde der ewigen Ruhe<lb/>u Herrlichkeit. Amen.<lb/>Schlumre sanft lieber, guter Gatte! Bald werde<lb/>ich dein Grab nicht mehr sehen können – u die<lb/>Gegend verlassen wo du mich so freudenvoll<lb/>hingeführt hast; aber du wirst mir unvergesslich<lb/>bleiben, u die Liebe für deine Kinder bis<lb/>an mein Ende dauern.<lb/>Nun so harre meiner in dem Lande,<lb/>Wo dein <rs ref="#i873887" type="object">Geist</rs> jetzt Engels wonne trinkt,<lb/>Bis einst von des kühlen Grabesrande<lb/>Er mir trauernden hinüber winkt.<lb/>Hehre Ahndung! Einst in bessern Welten,<lb/>Wo nur milde Himmelsblüthen wehn,<lb/>Unter Edens schönen Palmen Zelten<lb/>Werden wir uns ewig wieder sehn.“</p></div><div xml:id="d23405578" corresp="d897807" ><head resp="#editor">Zitat<date> 21.12.1822 </date></head><pb n="33"/><p>22 12 21<lb/>Obgleich heute unser Jahr noch nicht ganz zu<lb/>Ende ist, so ist der Lauf der Natur gemäs<lb/>zu Ende, denn die <rs ref="#i873950" type="object">kommende Nacht wird die längste<lb/></rs>im Jahr seyn; u mir ist diesen Abend so <rs ref="#i873929" type="object">traulich</rs> <lb/>zu Muthe als wenn mir was zu lispelte: mache<lb/>deine Jahresrechnung vieleicht wird es die<lb/><rs ref="#i874141" type="object">Letzte seyn</rs>! Wäre sie es wie könnte ich vor<lb/><rs ref="#i873964" type="object">Gottes Richterstuhl erscheinen</rs>? Nicht gerechtfertigt<lb/>durch mein Verdienst, aber im vesten Vertrauen<lb/>auf seine Gnade, auf seine gränzenlose Liebe<lb/>würde ich jeden Augenblick mit Ruhe, ja mit Freude<lb/>meinen Geist in seine Hände befehlen. <lb/>Wohl fühle ich es daß mir noch so viele Mängel<lb/>u Schwachheiten anhängen, welche, wenn Gott<lb/>meine Tage verlängert, ich mit aller Sorge be-<lb/>kämpfen soll; an Jahren bin ich weit fortgerückt<lb/>wäre ichs nur auch so an Weisheit u Tugend,<lb/>an Vertrauen zu Gott an inniger Liebe <supplied>gegen</supplied></p><pb n="34"/><p>gegen ihn u gegen meinen Heiland; bin ich so<lb/>vergnügt mit meinem Schicksal, so dankbar<lb/>für die unendlichen Wohlthaten, so ergeben<lb/>in die Fügungen der Vorsehung, bin ich den Meinen<lb/>u denen so mich umgeben ein Beispiel, in<lb/>diesen Tugende<supplied>t</supplied> ? O Gott wie Vieles fehlt<lb/>noch! Und wäre ich auch im vergangnen<lb/>Jahre in etwas fortgerückt, wäre das mein<lb/>Verdienst? Hätte ich es nicht den vielen, wohl<lb/>harten, aber heilsamen Prüfungen zu ver-<lb/>danken u nicht meinem eignen Verdienst<lb/>zu verdanken! Mit Demuth flehe ich zu<lb/>dir o all Vater, laß künftig mein Herz ein<lb/>Altar des Dankes u der Liebe gegen dich<lb/>sein so wird aus demselben nichts unreines<lb/>hervorgehen, laß mich weise u dankbar<lb/>die Güter die du mir verliehen hast genießen</p><pb n="35"/><p>u anwenden daß ich mich vor dir dem gütigen<lb/>Geber nicht zu fürchten habe in allem will ich<lb/>mich ruhig deiner Fügung unterwerfen u<lb/>den Kummer u die Leiden so du mir noch<lb/>schicken möchtest, mit Muth ertragen.<lb/>Auch die lieben Meinigen empfehle ich deinem<lb/>gütigen Schutz, gieb ihnen nur das was<lb/>dazu dienen mag sie dir gefälliger zu machen<lb/>u ersetze durch deine weise Leitung das was<lb/>meinen schwachen Kräften zu bewirken nicht<lb/>möglich war!</p><p><rs ref="#i903793" type="book_etc">Jährliche Mittheilungen</rs>[1] herausgegeben.<lb/>von Friedrich Rochlitz.[2] In 1823<lb/><rs ref="#i900975" type="person">Philipp Jacob Spener</rs>.[3] <rs ref="#i903804" type="book_etc">Biographie</rs>. von<lb/>Suabedissen.[4] [5]<lb/>diese Lecktur hat mir äusserst viel Intressen<lb/>gewährt: welche wahre christliche, freisinnige </p><pb n="36"/><p>Denkungsart hatte der edle Spenner. Seite 34.<lb/>„So kann u soll auch jeder Christ ein Geist-<lb/>licher seyn, da jeder den Geist Gottes haben<lb/>kann u haben soll; denn der Geist ist nicht<lb/>gebunden an Abstammung od Amt, oder Weihe;<lb/>was ihn anzieht das ist ein reines Herz, das tiefe<lb/>Sehnen nach Wahrheit u Heiligung, das ernste Gebet<lb/>darum giebt es in der christlichen Kirche eigentlich<lb/>keinen besondern Stand der Geistlichen; sondern jeder<lb/>Christ in dem der Geist Gottes klar u kräftig spricht<lb/>ist ein Geistlicher, und kann jedem dessen bedürf-<lb/>tiger Bruder Erweckung, Heiligung u Erkenntniß<lb/>geben, auf daß er auch ein Geistlicher werde.<lb/>So ist auch die Erkenntniß Gottes zu den Menschen<lb/> u des Menschen zu Gott, kein Eigenthum einer beson-<lb/>deren Classe von Menschen. Denn das Bewußtseyn<lb/>des ursprünglichen, liegt in Allen u kann in jedem<lb/>dessen Seele nicht verstrickt ist in dem Abgeleiteten,<lb/>u nicht zerfahren in einseitigen Bestrebungen, angeregt</p><pb n="37"/><p>erweckt u emporgehoben werden, vorzüglich durch<lb/>die heilige Schrift, wenn sie ihm gegeben wird in einer<lb/>ihm verständlichen Sprache. Darein kan Jeder<lb/>wenn er sich nur mit reinem Herzen u unbefangenem<lb/>Geiste u der rechten Sehnsucht nach Erkenntniß<lb/>ihr zuwendet, sie im Wesentlichen verstehn, ohne<lb/>dazu der vermittelnden Auslegung der Gottsgelehrten,<lb/>als einer besondern Classe von Menschen, so zu bedürfen<lb/>daß er nicht auch selbst forschen u urtheilen sollte.<lb/>Unchristlich wäre es irgend Jemand den Zutritt zu<lb/>dieser ächten Quelle der christlichen Erkenntniß<lb/>zu wehren.“ Wie manche Stelle möchte ich noch<lb/>gerne abschreiben denn so viele sind durch ihren<lb/>edlen Freiheitssinn höchst merkwürdig; welch<lb/>reines wahres Christenthum herrsch in dieser<lb/>frommen Seele!</p><p>[2] Johann Friedrich Rochlitz (1769–1842), deutscher Erzähler und Komponist.</p><p>[4] David Theodor August Suabedissen (1773–1835), deutscher evangelischer Theologe und Pädagoge.</p></div><div xml:id="d23405579" corresp="d897815" ><head resp="#editor">Stimmung<date> 09.01.1823 </date></head><pb n="38"/><p>23 1 9<lb/>Wie mir’s doch immer so <rs ref="#i922997" type="object">wehmüthig</rs> ist wenn<lb/>ich von einer meiner <rs ref="#i835836" type="person"><rs ref="#i868068" type="person">Tochter</rs></rs> <rs ref="#i874148" type="object">zurückkehre</rs>, wo<lb/>ich von den l. Kindern so herzlich empfangen bin,<lb/>u dan <rs ref="#i873901" type="object">bei Hause so allein</rs> od gegen einer so<lb/><rs ref="#i873838" type="object">fremden u kalten Sele gegen</rs> über sitze!<lb/>Es ist doch wahres Bedürftnis meines Herzens<lb/>eine liebende Seele um mich zu haben, besonders<lb/>eine Kindliche: die kleine <rs ref="#i836759" type="person">Marie</rs> war nur<lb/>ein pr <rs ref="#i874148" type="object">Tage bei mir </rs>u ihr Abschied that mir<lb/>doch so <rs ref="#i873943" type="object">wehe</rs>. Ist dieses Gefühl <rs ref="#i873825" type="object">Altersschwäche</rs>,<lb/>sollte es mit den Jahren zunehmen? Doch was soll<lb/>ich mich  kümmern, da vieleicht mein Aufenthalt auf<lb/>dieser Statt Gottes, nicht lange mehr daurt u<lb/>da <rs ref="#i874141" type="object">mit jedem Tage meine Sehnsucht nach Jenseits<lb/></rs>wächst u ich täglich mehr das Unstätte dieser<lb/>Weld fühle. Zwar danke ich Gott mit gerührter<lb/>Seele für so unendlich viel Gutes das ich hier geniese,<lb/>aber eben die Beweise seiner Güte sind mir das</p><pb n="39"/><p>sicherste Pfand eines noch folgenden glücklicheren<lb/>Zustandes den wir zu erwarten haben; so will<lb/>ich bereit zum sterben so wie zum ferneren<lb/>Leben meine Seele Gott empfehlen, möchte ich<lb/>mich immer reiner u inniger <supplied>mich</supplied> ihm nächern,</p></div><div xml:id="d23405580" corresp="d897823" ><head resp="#editor">Tagebucheintrag<date> 12.01.1823 </date></head><pb n="39"/><p>23 1 12<lb/>Gestern besuchte ich zum ersten Mal die <rs ref="#i873950" type="object">Vorlesungen<lb/></rs>von Professor Dewette,[1] allein <rs ref="#i873825" type="object">mein übles Gehör</rs> ver-<lb/>sagte mir den Genuß davon, nur ein Theil verstund<lb/>u die Anstrengung um zu hören: daneben glaube<lb/>ich daß die Grundsätze der <rs ref="#i874226" type="object">Sittlichkeit</rs>, auch von<lb/>ihm eben so richtig sind vorgetragen worden u daß<lb/>sie auch in meinem Busen wohnen; allso will ich mich<lb/>für mich genügen lassen u mich freuen daß so viele<lb/>meiner Mittbürger Freude u Anlaß zur Veredlung<lb/>dabey finden, darum will ich auch gerne meinen Pfennig<lb/>dazu beitragen. Nun sehe ich ganz ein daß ich nicht<lb/>mehr an öffentliche Orte tauge,<rs ref="#i873943" type="object"> mein Gesicht u Gehör<lb/></rs></p><pb n="40"/><p>sind zu gestumpft dazu; Gott sey dank daß ich<lb/>noch im Stillen meine geistigen Kräfte üben u<lb/>in Ruhe über das Wichtigste nachdenken kann.</p><p>Wilhelm Martin Leberecht de Wette (1780–1849), deutscher Theologe und mehrmaliger Rektor der Universität Basel.</p></div><div xml:id="d23405581" corresp="d897831" ><head resp="#editor">Zitat<date> 14.01.1823 </date></head><pb n="40"/><p>23 1 14<lb/>Aus dem <rs ref="#i903843" type="book_etc">Leben Constantin des Gß</rs>. von Manso[2]<lb/>im Anhang ist eine artige Beschreibung der<lb/>Attälen wo die Eintracht der Familie dieser<lb/>Fürsten von Berga<del>mo</del>ns, löblich gedacht wird,<lb/>Seite 417. heist es „Apollonias, Attalus<lb/><supplied>Mutter</supplied> Gattin u Eumenes Mutter, aus Cyzikus<lb/>war vieler Ursachen willen, eine des Andenkens<lb/>u der Auszeichnungs würdige Frau, denn obgleich<lb/>von bürgerlicher Familie ward sie doch Königin<lb/>u behauptete diese Erhöhung bis an ihr Ende, nicht<lb/>durch bulerische Künste, sondern durch milden,<lb/>ihrem Stande gemässen Ernst, u durch Übung<lb/>alles Guten u Schönen. Wohl mit Recht wird ihr<lb/>dieses Vorzugs rühmlich gedacht. Aber auch</p><pb n="41"/><p>das dient ihr zum Lob, daß sie Mutter von 4 Söhnen<lb/>ihnen allen ihr Wohlwollen u ihre herzliche Liebe<lb/>bis ans Ende ihres Lebens (u sie überlebte<lb/>den Gemal um Vieles) ohne Wechsel bewahrte.<lb/>Ausserdem erwarben sich Attalus u sein Bruder<lb/>bei ihrer Anwesenheit in Cyzicus<lb/>weil sie der Mutter die schuldige Achtung und<lb/>Ehrfurcht erwiesen, denn die Mutter an ihren<lb/>beiden Handen in ihrer Mitte geleitend<lb/>beschauten sie samt dem Geleite Tempel u Statt.<lb/>Darüber ergötzten sich die Zuschauer sehr<lb/>u priesen die Jünglinge.[“]</p><p>[2] Johann Kaspar Friedrich Manso (1759–1826), deutscher Historiker.</p></div><div xml:id="d23405582" corresp="d897839" ><head resp="#editor">Tagebucheintrag<date> 30.01.1823 </date></head><pb n="41"/><p>30 1 23<lb/>Gestern war meines <rs ref="#i835771" type="person">Sohn</rs> <rs ref="#i873887" type="object">sel</rs>. <rs ref="#i873950" type="object">Geburtstag</rs>: immer<lb/>werde ich dein o theure gedenken u mein Gebet<lb/>für dich zu Gott erheben; ein trauriges Opfer<lb/><rs ref="#i898746" type="object">warst du von unglücklichen Verhältnißen</rs>!<lb/>Doch der Gott der Liebe wird dein ursprünglich<lb/>reine Seele von den Schlacken des Erdenlebens</p><pb n="42"/><p>in einem heiligern Ort reinigen u dich zur<lb/>unvergänglichen Glückseligkeit führen!<lb/><rs ref="#i874141" type="object">O seliger Gedanke des Wiedersehns</rs>!<lb/>Wie mislautend mit meinen Gefühlen war ein<lb/>Theil dessen was ich den Tag über hörte! (Ich hatte<lb/>eben Familientag) Doch solches leichte Betragen<lb/>will ich trachten zu vergeßen, in allweg zu<lb/>vergeben. Abends <rs ref="#i874148" type="object">brachte</rs> H.V.[2] H Lippe,[3] dessen<lb/>Unterhaltung mir viel Genuß verschaffte!<lb/>Obgleich der Gegenstand düster war; es wurden<lb/>nemlich die Verhältniße zwischen <rs ref="#i869942" type="person">Pestalotzi</rs> u<lb/><rs ref="#i869860" type="person">Niedrer</rs> besprochen.<lb/>Wie lebendig wird immer mehr der Wunsch in mir<lb/>mein <rs ref="#i874895" type="object">Vorhaben</rs> auszuführen: kann ich nicht noch<lb/>zu etwas Gutem mitwirken, wie gleichgültig ist<lb/>mir das Leben! Hienge es nur nicht von so vielen<lb/>Andern ab, möge Gott ihr Wille lenken!<lb/>Wie viel Gutes bewirkt nicht Zutrauen zu den Menschen<lb/>u Offenheit gegen sie! Wie umgekehrt das Gegentheil!</p><pb n="43"/><p>So eben ende ich den <rs ref="#i873852" type="object">Brief</rs> an <rs ref="#i869942" type="person">Pestalozzi</rs>, den<lb/>ich gestern im Eifer u aus dem Grund des Herzens<lb/>aufgesetzt hatte. Nun wird mir bange <rs ref="#i899058" type="object">dem alten<lb/></rs>Mann wehe zu thun! Doch sollte er ihn gut aufnehmen<lb/>sollte er seinem traurigen feindseligen Treiben entsagen<lb/>(die so ganz gegen seine Natur ist) wie wohl würde<lb/>es mir thun! Nun ich habe nach der Überzeugung<lb/>meines Innern gehandelt u will mich deswegen trösten<lb/>Wenn nur Schmid,[6] der den Alten so gerne für ihn handeln<lb/>macht, ihm mein Brief nicht unterschlägt!<lb/>Unser Weld Theil ist zum grösten Theil von wilden<lb/>Thieren gereinigt, nur nach Nordosten giebt es<lb/>noch welche in finstern Wäldern. Lange möchte<lb/>es noch verziehn bis diese gelichtert seyn werden,<lb/>die phisische menschliche Kraft hat die Erde von den<lb/>Ungeheuern gereinigt. Wie lange soll es noch<lb/>gehn bis der Menschheit moralische Kraft so weit<lb/>ausgebildet seyn wird um die sittlichen Ungeheuer</p><pb n="44"/><p>auszutreiben! Ein schwacher Anfang hat begonnen<lb/>ein schwaches Licht ist angebrochen; aber mit wie<lb/>viel Nebel ist dieses Licht noch getrübt, wie viele<lb/>Wölfe in Schaafskleidern ziehn noch im stillen umher<lb/>um das beginnende Licht wieder auszulöschen!<lb/>Doch nach u nach wird es lichter werden u die Sonne<lb/>wird hervor brechen. Wohl denen die mit reiner<lb/>Seele dahin wirken. Wie unchristlich ist noch<lb/>unsere so genannte christliche Weld, wie ferne<lb/>von wahrer christlicher Liebe!</p><p>[2] Wohl Benedict Vischer-Preiswerk (1779–1856).<lb/>[3] Johann Karl Christian Lippe (1779–1853), deutscher Pädagoge.</p><p>[5] Johannes Niederer-Kasthofer (1779–1843), Appenzeller Pädagoge und Theologe.<lb/>[6] Johann Joseph Schmid (1785–1851), österreichischer Pädagoge.</p></div><div xml:id="d23405583" corresp="d897847" ><head resp="#editor">Tagebucheintrag<date> 26.02.1823 </date></head><pb n="44"/><p> 23 3 26<lb/>In was für unruhigen Zeiten leben wir doch, wie<lb/>schauderhaft wenn <rs ref="#i873950" type="object">der unselige, ungerechte Krieg<lb/></rs>ausbrechen sollte! Ein heftiger <rs ref="#i874226" type="object">Meinungskrieg<lb/></rs>tobt auf jeden Fall u erhitzt die Gemüther.<lb/>Doch der unsichtbare Lenker der Schicksale<lb/>wird alles nach seinem Willen lenken u am Ende<lb/>die Wahrheit u das Recht sieghaft herausgehn</p><pb n="45"/><p>lassen! Mir scheinen die so den Krieg<lb/>wollen den <rs ref="#i873922" type="object">Juden zu Christus Zeiten ähnlich</rs>;<lb/>diese wollten zwar nur ein Opfer um ihre<lb/>Leidenschaft zu befriedigen, Jene wollen Milionen<lb/>hinopfern um ihren Eigennutz u ihre Herrschsucht<lb/>zu befriedigen; beide glaubten sich vom Himmel,<lb/>von Andern begünstigte Wesen zu seyn; Jene hat<lb/>die Rachegöttin aus dem Irrthum gezogen; auch<lb/>diesen wird sie über kurz od lang den Unter-<lb/>gang bereiten.</p><pb n="46"/><p>Aus <rs ref="#i869890" type="person">Niemeiers</rs>  <rs ref="#i903700" type="book_etc">Reisen</rs>, angeführten Bücher<lb/>C.F. Latrobe  Tagebuch einer Reise nach Südafrika.<lb/>im J 1815. l6[3] – von Hesse[4] ausgegeben.<lb/>„<rs ref="#i903873" type="book_etc">Erhebung u Ermunterung für Christen</rs>, von Kettmeier[6] 1819<lb/>Allgem Zeittung angerühmt<lb/>Fried. Heinrich Jacobi.[7] <rs ref="#i903884" type="book_etc">Von den göttlichen Dingen<lb/></rs>u ihrer Offenbarung. 16 grosch<lb/>Klopstocks[9] <rs ref="#i903895" type="book_etc">samt Werke</rs> 3 Rthl.<lb/><rs ref="#i903906" type="book_etc">Glaubensbekenntniß junger Christen</rs> von F.G.F. Schläger[12]<lb/>Allgem Zeitung angerühmt. 23/1/16<lb/>Miniatur Gemälde der Polar Länder 3 Band [?]<lb/>Kupfer 3 Reichsthl. . 23/1/24 Allg Zeitung<lb/><rs ref="#i903917" type="book_etc">Reisebeschreibung</rs> von Johannes Schweizer,[13] nach NordAm[erika].</p><pb n="47"/><p>Bücher die zu Neujahrsgeschenken dienen könnten<lb/><rs ref="#i903928" type="book_etc">das Fraulin vom See<lb/></rs>das<rs ref="#i903939" type="book_etc"> Buch des Kabus</rs>, aus dem Persischen, für<lb/>die Jugend bearbeitet, nebst einem Anhang morgen-<lb/>landischer Geschichten<lb/>laut Zürcher Zeitung 1822 Dec 16:<lb/><rs ref="#i903950" type="book_etc">Europens Länder u Volkerkunde</rs> für die gebildete<lb/>Jugend von D. Felix Schelchow.[18] Mit 10 Kupfern<lb/>2 Rthl 8 Gß<lb/><rs ref="#i903961" type="book_etc">Wilibalds Ansichten des Lebens</rs>, von<lb/>Ernst Wagner.[20] 2 Bd 3 Thl<lb/>G.F. Niemeier[21] der <rs ref="#i903972" type="book_etc">Greis an d Jünglin</rs>g[22]</p><p>[3] La Trobe, Christian Ignatius: Des Evangelischen Predigers C. I. Latrobe Tagebuch einer Besuch-Reise nach Süd-Afrika in den Jahren 1815 und 1816 nebst einigen Nachrichten von den zur Mission der Brüder-Gemeine gehörigen Niederlassungen am Vorgebirge der guten Hoffnung. Übers. von Friedrich Hesse. Halle 1820.<lb/>[4] Ludwig Hesse (?).</p><p>[6] Adolph Georg Kottmeier (1768–1842), deutscher Pastor.<lb/>[7] Friedrich Heinrich Jacobi (1743–1819), deutscher Philosoph und Schriftsteller.</p><p>[9] Friedrich Gottlieb Klopstock (1724­–1803), deutscher Dichter.</p><p>[12] Franz Georg Ferdinand Schläger (1781–1869), deutscher Pfarrer.<lb/>[13] Johannes Schweizer (1785–1831), St. Galler Reisender.</p><p>[18] Pseudonym von: Johann Heinrich Meynier (1764–1825), deutscher Pädagoge und Schriftsteller.</p><p>[20] Johann Ernst Wagner (1769–1812), deutscher Schriftsteller und Erzähler.<lb/>[21] Georg Friedrich Niemeyer (1767–1850), deutscher Schriftsteller und Zolldirektor.</p></div><div xml:id="d23405584" corresp="d897855" ><head resp="#editor">Brief<date> Beilage Heft 18 </date></head><p>Projekt des <rs ref="#i873852" type="object">Briefs</rs> an<lb/>H J <rs ref="#i869942" type="person">Pestalozzi</rs>.<lb/>23</p><p>1</p><p>31</p><p>[1] </p><p>An J J Pestalotzi in <rs ref="#i873159" type="object">Yverdon</rs> 1823 d 31 Jenner.<lb/>Mit der lebhaftesten Freude empfange ich jedes Zeichen Ihres<lb/>Andenkens u Ihrer <del>hochst schatzl</del> <rs ref="#i873957" type="object">Freundschaft</rs>: nicht unrichtig beurtheilen Sie<lb/>mich wenn Sie glauben daß es eine wahre Freude für mich sey<lb/>Ihren Wünschen zu entsprechen: desto schmerzlicher ist es für<lb/>mich es dieses Mal nicht zu können. Verschieden sind die<lb/>Ursachen; der Kreis meiner Bekanntschaften ist sehr eingeschränkt<lb/>u alle aus denen er besteht haben auf die letzte Ausgabe<lb/>Ihrer Werke unterzeichnet u sehen mit Verlangen den noch<lb/>zurückgebliebnen Theilen desselben entgegen; wollen nichts<lb/>neues unterzeichnen, besonders nichts Franzosisches, da man<lb/>in dieser Art Werke die deutsche Sprache vorzieht, ehe sie<lb/>das erste vollständig erhalten haben. Daneben so sehr<lb/>man Ihre wohlthätigen Zwecke zu schätzen weis, so sind doch<lb/>in der gegenwärtigen Zeit manche Hinderniße im Wege, sie zu unterst<lb/><supplied>manches</supplied> die Ereigniß der Zeit sprechen die Wohlthätigkeit<lb/>laut an: dan sind Anstalten theils schon bewerkstelligt<lb/>theils noch im beginen, welche die Erziehung der Armen</p><pb n="2"/><p>unsers Cantons erzielen sollen, u die allein aus den Beiträgen<lb/>der Bürger bestritten werden. Auch Sie ver. F. werden mit<lb/>Vergnügen auf dieses wohlthätige Streben hinblicken u fühlen<lb/>daß auch bei uns Ihr Geist <supplied>Streben</supplied> belebt u zum Guten anspornt.<lb/>Nun erlauben Sie eine Sie kindlich verehrenden Freund[in], die<lb/>Tochter Ihres, Ihnen so innigst ergebnen Freundes, ihr die nun<lb/>auch, nach einem dornenbestreuten Pfade, ihrem Ende entgegen<lb/>sieht, Ihnen die Gefühle ihres Herzens u ihre Wünsche offen<lb/>darlege! Ihnen hat der allgütige Gott, die Gabe verliehen<lb/>in einem Alter, wo die meisten Menschen erschöpft dahinsinken,<lb/>noch die Weld mit den herrlichsten Früchten Ihres Geistes<lb/>zu beschenken, Ihnen noch zur Ergründung der höchsten<lb/>Wahrheiten, das helleste Liecht gewähret; o ed Greis benutzen<lb/>Sie diese kostbare Gabe ungetrübt! Als liebende Tochter möchte<lb/>ich Ihre Knie umfaßen u Sie bitten: sich aller Weldhändel<lb/>allem Treiben der Leidenschaften zu entziehn, blos als Schrift-<lb/>steller der Weld noch zu nutzen! Wie die Worte eines<lb/>sterbenden Vaters aufs Herz der Kinder wirkt, so werden Ihre<lb/>Worte auf alle Wahrheit liebende<supplied>n</supplied> Menschen eindringen.<lb/>Sie haben nun bei 60 Jahren all Ihre Kräfte fürs Wohl d. M.</p><pb n="3"/><p>aufgeopfert; all Ihre Versuche dienten dazu Ihre Einsichten<lb/>immer mehr aufzuklären u Andre zur Nachahmung anzuspornen;<lb/>wie vieles Licht haben Sie ausgebreitet, wie manche nützliche<lb/>Anstalt bewirkt! O sehen Sie diese alle als Kinder Ihres edlen<lb/>Strebens an! U sollten sie auch wohl nicht ganz nach Ihrem<lb/>Sinne eingerichtet seyn, o so benutzen Sie noch Ihre Kräfte<lb/>um die Menschen über <del>ihre</del> Ihrrthümer aufzuklären, u überlassen Sie<lb/>alle Ausführung Andern! Sie sind von Gott zum Lehrer der<lb/>Menschen bestimmt, schön haben Sie <supplied>Ihre</supplied> diese Bst. erfüllt o setzen<lb/>Sie ihr noch die Krone auf, ziehn Sie sich an einen stillen Auf-<lb/>enthalt zurück, wo Sie ungestört nur Ihrem Nachdenken<lb/>leben können! So werden Sie statt auf eine Anstalt getheilt,<lb/>kräftig auf alle wirken! Nehmen Sie edler Vater die<lb/>Äusserungen meiner innigsten Gefühle mit dem Ihnen eignen<lb/>Wohlwollen auf u glauben Sie mich auf immer Ihnen mit<lb/>wahrer Verehrung                                   <lb/>ganz ergebene P.J.</p><p>Ich höre soeben daß Sie an einer neuen Ausgabe Jh Fal<lb/>mit kostbaren Zusätzen, arbeiten u sehe ihnen so wie dem<lb/>Ende Ihres Werks mit Sehnsucht entgegen!</p><p>[Ende]</p></div>
       </body></text>
   </TEI>
    