<?xml version="1.0"?>
    <?xml-model href="http://www.tei-c.org/release/xml/tei/custom/schema/relaxng/tei_all.rng" type="application/xml" schematypens="http://relaxng.org/ns/structure/1.0"?>    
    <TEI xmlns="http://www.tei-c.org/ns/1.0" xml:id="d897353">
       <teiHeader>
          <fileDesc>
             <titleStmt>
                <title>Heft 17 (1821-1822)
                </title>
                <author>Anna Maria Preiswerk-Iselin</author>
             </titleStmt>
             <publicationStmt>
                <publisher xml:id="editor">Tagebücher Anna Maria Preiswerk-Iselin Projekt</publisher>
                <pubPlace>Basel</pubPlace>
                <date when="2022-03">March 2021</date>
                <availability>
                   <licence notBefore="2022-03-01" target="http://creativecommons.org/licenses/by-sa/4.0/">
                      <p>[...]</p>
                      <p>This work is licensed under a Creative Commons Attribution-ShareAlike 4.0 International License.</p>
                      <p> You are free to: <list>
                            <item> Share — copy and redistribute the material in any medium or format</item>
                            <item> Adapt — remix, transform, and build upon the material</item>
                         </list>
                      </p>
                      <p> Under the following terms: <list>
                            <item> Attribution — You must give appropriate credit, provide a link to the license, and indicate if changes were made. You
                               may do so in any reasonable manner, but not in any way that suggests the licensor endorses you or your use.</item>
                            <item> ShareAlike — If you remix, transform, or build upon the material, you must distribute your contributions under the same
                               license as the original.</item>
                            <item> No additional restrictions — You may not apply legal terms or technological measures that legally restrict others from
                               doing anything the license permits.</item>
                         </list>
                      </p>
                      <p>The licence was added on March first, 2022.</p>
                   </licence>
                </availability>
             </publicationStmt>
             <sourceDesc>
                <msDesc>
                   <msIdentifier>
                      <settlement>Basel</settlement>
                      <repository>Staatsarchiv</repository>
                      <idno>StABS PA 511 304-03-04</idno>
                      <msName>Heft 12 (1815-1816) - Anna Maria Preiswerk-Iselin </msName>
                   </msIdentifier>
                </msDesc>
    <listPerson><person xml:id="i899177"><persName>Francesco Petrarca</persName></person><person xml:id="i869834"><persName>Johann Georg Müller</persName></person><person xml:id="i899207"><persName>Aurelius von Hippo (Aurelius Augustinus)</persName></person><person xml:id="i899649"><persName>Laura de Noves (de Sades)</persName></person><person xml:id="i899667"><persName>Giacomo Colonna</persName></person><person xml:id="i899693"><persName>Uriel da Costa</persName></person><person xml:id="i899708"><persName>Franz Junius der Ältere</persName></person><person xml:id="i867913"><persName>Maria Helena Hoffmann-Preiswerk</persName></person><person xml:id="i835806"><persName>Susanna Preiswerk-Bischoff </persName></person><person xml:id="i899730"><persName>Johann Amos Comenius</persName></person><person xml:id="i899746"><persName>Ludvig Baron Hohlberg</persName></person><person xml:id="i899763"><persName>Gottfried Wilhelm Leibniz</persName></person><person xml:id="i899779"><persName>Niklaus Ludwig von Zinzendorf</persName></person><person xml:id="i899796"><persName>Erdmuthe Dorothea von Zinzendorf</persName></person><person xml:id="i899829"><persName>Renatus von Zinzendorf</persName></person><person xml:id="i899892"><persName>Pierre Daniel Huet</persName></person><person xml:id="i899907"><persName>Marie-Madeleine-Gabrielle de Rochechouart-Mortemart</persName></person><person xml:id="i899925"><persName>Christina (Maria Alexandra) von Schweden</persName></person><person xml:id="i899946"><persName>Thukydides</persName></person><person xml:id="i899977"><persName>Maximilian Jacobi</persName></person><person xml:id="i899993"><persName>Nikias</persName></person><person xml:id="i868068"><persName>Sophia Vischer-Preiswerk</persName></person><person xml:id="i868031"><persName>Sophia Burckhardt-Vischer</persName></person><person xml:id="i836718"><persName>Adele Sarasin-Vischer</persName></person><person xml:id="i868093"><persName>Susanna Iselin</persName></person><person xml:id="i868665"><persName>Emanuel Hoffmann-Preiswerk</persName></person><person xml:id="i836759"><persName>Anna Maria Burckhardt-La Roche-Preiswerk</persName></person><person xml:id="i835885"><persName>Anna Maria Preiswerk-Forcart</persName></person><person xml:id="i900069"><persName>Angelus Silesius</persName></person><person xml:id="i870018"><persName>Johann Christoph Friedrich von Schiller</persName></person><person xml:id="i868011"><persName>Samuel Köchlin-Burckhardt</persName></person><person xml:id="i900851"><persName>Alfons Koechlin-Geigy</persName></person><person xml:id="i899227"><persName>Cicero (Marcu Tulius)</persName></person><person xml:id="i869636"><persName>Franz Christoph Horn</persName></person><person xml:id="i900975"><persName>Philipp Jakob Spener</persName></person><person xml:id="i900990"><persName>Johann Kaspar Schade</persName></person><person xml:id="i836982"><persName>Emilia Bischoff-Iselin</persName></person><person xml:id="i901062"><persName>Christoph Ehinger-Merian</persName></person><person xml:id="i836927"><persName>Dietrich Preiswerk-Bischoff</persName></person><person xml:id="i837045"><persName>Friedrich Preiswerk</persName></person><person xml:id="i868154"><persName>Wilhelm Vischer-Bilfinger</persName></person><person xml:id="i836381"><persName>Eduard Vischer-Handmann</persName></person><person xml:id="i837130"><persName>Isaac Iselin</persName></person></listPerson><listObject><object xml:id="i899194" type="book_etc"><objectIdentifier><objectName>Müller: Bekenntnisse merkwürdiger Männer von sich selbst.</objectName></objectIdentifier></object><object xml:id="i874436" type="tag"><objectIdentifier><objectName>Über das weibliche Geschlecht</objectName></objectIdentifier></object><object xml:id="i873922" type="tag"><objectIdentifier><objectName>Religion</objectName></objectIdentifier></object><object xml:id="i874235" type="tag"><objectIdentifier><objectName>Ausbildung</objectName></objectIdentifier></object><object xml:id="i873838" type="tag"><objectIdentifier><objectName>Unbekannte Person</objectName></objectIdentifier></object><object xml:id="i873957" type="tag"><objectIdentifier><objectName>Freundschaft</objectName></objectIdentifier></object><object xml:id="i874148" type="tag"><objectIdentifier><objectName>Besuch</objectName></objectIdentifier></object><object xml:id="i874029" type="tag"><objectIdentifier><objectName>Rückblick</objectName></objectIdentifier></object><object xml:id="i874141" type="tag"><objectIdentifier><objectName>Gedanken über den Tod</objectName></objectIdentifier></object><object xml:id="i899966" type="book_etc"><objectIdentifier><objectName>Thucydides, 3 Bde.</objectName></objectIdentifier></object><object xml:id="i898951" type="tag"><objectIdentifier><objectName>Datierung Anna Maria Preiswerk-Iselin</objectName></objectIdentifier></object><object xml:id="i873908" type="tag"><objectIdentifier><objectName>Geschäfte</objectName></objectIdentifier></object><object xml:id="i873943" type="tag"><objectIdentifier><objectName>Alter(n)</objectName></objectIdentifier></object><object xml:id="i873831" type="tag"><objectIdentifier><objectName>Selbstzeugnis schreiben</objectName></objectIdentifier></object><object xml:id="i874470" type="tag"><objectIdentifier><objectName>Gut St. Apollinaris bei Michelbach</objectName></objectIdentifier></object><object xml:id="i873159" type="tag"><objectIdentifier><objectName>Ortserwähnung</objectName></objectIdentifier></object><object xml:id="i898746" type="tag"><objectIdentifier><objectName>Schmerz/Krankheit Familie</objectName></objectIdentifier></object><object xml:id="i873880" type="tag"><objectIdentifier><objectName>Tod Familie</objectName></objectIdentifier></object><object xml:id="i891778" type="book_etc"><objectIdentifier><objectName> Schiller, Friedrich: Die Worte des Wahns.</objectName></objectIdentifier></object><object xml:id="i875143" type="tag"><objectIdentifier><objectName>Stadt-Land</objectName></objectIdentifier></object><object xml:id="i899265" type="tag"><objectIdentifier><objectName>Umzug</objectName></objectIdentifier></object><object xml:id="i873825" type="tag"><objectIdentifier><objectName>Altersgebrechen</objectName></objectIdentifier></object><object xml:id="i874226" type="tag"><objectIdentifier><objectName>Gedanken zur Gesellschaft</objectName></objectIdentifier></object><object xml:id="i891654" type="tag"><objectIdentifier><objectName>Heirat</objectName></objectIdentifier></object><object xml:id="i922800" type="tag"><objectIdentifier><objectName>Einsamkeit</objectName></objectIdentifier></object><object xml:id="i874895" type="tag"><objectIdentifier><objectName>Mädchenschule?</objectName></objectIdentifier></object><object xml:id="i873964" type="tag"><objectIdentifier><objectName>Selbstkritik</objectName></objectIdentifier></object><object xml:id="i899058" type="tag"><objectIdentifier><objectName>Alter(n) anderer Personen</objectName></objectIdentifier></object><object xml:id="i910645" type="tag"><objectIdentifier><objectName>Trübe Stimmung</objectName></objectIdentifier></object><object xml:id="i900058" type="book_etc"><objectIdentifier><objectName>Silesij: Cherubinisches Wandersmann.</objectName></objectIdentifier></object><object xml:id="i900083" type="book_etc"><objectIdentifier><objectName>Schiller: Die Worte des Glaubens.</objectName></objectIdentifier></object><object xml:id="i892101" type="tag"><objectIdentifier><objectName>Geburt</objectName></objectIdentifier></object><object xml:id="i900835" type="tag"><objectIdentifier><objectName>Taufe</objectName></objectIdentifier></object><object xml:id="i900906" type="book_etc"><objectIdentifier><objectName> Cicero: Abhandlung über die menschlichen Pflichten in drei Büchern.</objectName></objectIdentifier></object><object xml:id="i900937" type="book_etc"><objectIdentifier><objectName>Hagen: Der Nibelungen Lied.</objectName></objectIdentifier></object><object xml:id="i873990" type="tag"><objectIdentifier><objectName>Selbstreflexion</objectName></objectIdentifier></object><object xml:id="i910699" type="tag"><objectIdentifier><objectName>Heiterkeit</objectName></objectIdentifier></object><object xml:id="i900963" type="book_etc"><objectIdentifier><objectName> Horn: Freundliche Schriften für freundliche Leser.</objectName></objectIdentifier></object><object xml:id="i899128" type="tag"><objectIdentifier><objectName>Krankheit anderer Personen</objectName></objectIdentifier></object><object xml:id="i873852" type="tag"><objectIdentifier><objectName>Brief</objectName></objectIdentifier></object><object xml:id="i901030" type="book_etc"><objectIdentifier><objectName> Bremi: Neli der Kannengiesser. Eine wahre Geschichte.</objectName></objectIdentifier></object><object xml:id="i873915" type="tag"><objectIdentifier><objectName>Haushalt</objectName></objectIdentifier></object><object xml:id="i901052" type="tag"><objectIdentifier><objectName>Hofgut St. Margarethen in Binningen</objectName></objectIdentifier></object><object xml:id="i873866" type="tag"><objectIdentifier><objectName>Reisen</objectName></objectIdentifier></object><object xml:id="i873950" type="tag"><objectIdentifier><objectName>Ereignis</objectName></objectIdentifier></object><object xml:id="i874090" type="tag"><objectIdentifier><objectName>Personenbeschreibung</objectName></objectIdentifier></object></listObject>
    </sourceDesc>
      </fileDesc>
      <profileDesc>
         <textClass>
            <!-- vérifier !!! -->
            <catRef scheme="#genre" target="#journal"/>
         </textClass>
         <langUsage>
            <language ident="de">Deutsch</language>
         </langUsage>
      </profileDesc>
   </teiHeader>
       <text><body><div xml:id="d23405464" corresp="d897362" ><head resp="#editor"><date> 03.02.1821 </date></head><pb n="1"/><p> </p><p>1821 d 3 Hornung angefangen</p></div><div xml:id="d23405465" corresp="d897370" ><head resp="#editor"><date> 03.02.1821 </date></head><pb n="3"/><p> </p><p>21 2 3<lb/>Ich las diese Zeit die <rs ref="#i899194" type="book_etc">Lebensbeschreibung </rs>von<lb/><rs ref="#i899177" type="person">Petraca</rs>, von <rs ref="#i869834" type="person">J.G. Müller</rs>. Schon im vorigen<lb/>Hift bezeugte ich mein Vergnügen darüber,<lb/>u rühmte besonders die <rs ref="#i899194" type="book_etc">Gespräche </rs>mit d.h.<rs ref="#i899207" type="person"> Augustin<lb/></rs>finde dan in der Folge noch so viel interressantes.<lb/>Seine ahndungen von <rs ref="#i899649" type="person">Laurens</rs> Tod u seines Freundes<lb/>dem <rs ref="#i899667" type="person">Bischoff von Lombez</rs>. Möge man nun seine<lb/>Erscheinung auslegen wie man wolle, seyen sie<lb/>nur Geburten seiner Phantasie, so ist es<lb/>immer herrlich so zu phantasieren. Wie schön<lb/>ist was ihm L. unter anderem sagt Seite 220.<lb/>„Für eine reine Seele ist der Tod Erlösung<lb/>aus einem Gefängniß; er ist nur ein Übel<lb/>für die so sich im Sumpf der Leidenschaften wälzen <lb/>– für den dessen Seele sich zu Gott wendet u auf<lb/>ihn ihre ganze Hoffnung setzt, ist er ein Seufzen</p><pb n="4"/><p> </p><p>ein kurzer Übergang von einem Leben in das<lb/>Andere. – Die Blüthe meines Frühlings da<lb/>du mich am innigsten liebtest, die Zeit wo<lb/>das leben am meisten Reize für mich hatte<lb/>dies Leben möchte ich bitter heissen, in<lb/>Vergleichung mit dem süssen Tod<supplied>t</supplied>e den<lb/>ich eben empfunden.<rs ref="#i899194" type="book_etc">“<lb/></rs>Seine Liebe zu den Wissenschaften u seine<lb/>Dankbarkeit gegen die großen Männer<lb/>vorigen Zeiten drückt er schön aus Seite 275.<lb/>„Ich liebe die Wahrheit u nicht die Secten, bald<lb/>bin ich ein Peripatetiker, bald ein Stoiker,<lb/>bald ein Academiker, bald nichts von dem<lb/>Allem; ein Christ aber vor allem Andern.<lb/>Was ist philosophieren anders als die<lb/>Weisheit lieben? U die wahre Weisheit ist<lb/>Jesus Christus. Lasset uns Geschichtschreiber,<lb/>Philosophen und Dichter lesen; aber lasset<lb/>uns immer das Evangelio Jesu im Herzen<lb/>[5]</p><p> </p><p>behalten, in welchem allein die wahre Weisheit<lb/>u Glückseligkeit zu finden ist.<rs ref="#i899194" type="book_etc">“<lb/></rs>So viel Vergnügen mir dieses Buch gemacht<lb/>so ist es doch keine Lectur für junge <rs ref="#i874436" type="object">Frauenzimmer<lb/></rs>nicht daß etwas Anstößiges darin wäre,<lb/>sondrn weil es zu ernsthaft ist.</p></div><div xml:id="d23405466" corresp="d897378" ><head resp="#editor"><date> 21.02.1821 </date></head><pb n="5"/><p>21 2 21<lb/><rs ref="#i899207" type="person">Aurelius Augustinus</rs> Bekenntnisse 354 gebohr 430 gest<lb/>diese <rs ref="#i899194" type="book_etc">Lectur</rs> gewährt mir äusserst viele Befriedigung<lb/>wie natürlich, einfach Wahr ist alles was er<lb/>sagt. Da ist kein gekünsteltes Machwerk:<lb/>Wenn man schon in manchem nicht seiner Meinung<lb/>seyn kann, so ist das was er glaubt für ihn<lb/>Wahrheit, auch in mancher Rücksicht sehr lehrreiche<lb/>Wahrheit für alle Leser. Wie schön ist seine<lb/>Überzeugung in <rs ref="#i873922" type="object">d. H. Schrift</rs> die höchste Wahrheit<lb/>zu finden: da wo sie [Marginalie: doch auf verschiedene Weise] ein jeder der so aufrichtig</p><pb n="6"/><p> </p><p>wie Augustin suchen würde, fände. Wie<lb/>natürlich u wahr wie herzerquikend ist<lb/>die Schilderung seiner Glückseligkeit als<lb/>er endlich das Wahre gefunden hatte.<lb/>Wie schön die Schilderung seiner Mutter<lb/>u seine Achtung u Liebe gegen sie.<lb/>Merkwürdig ist auch die Kenntniß des<lb/>Zustandes der christlichen Kirche u des <lb/>Heidenthums zu seiner Zeit; wie einfach<lb/>war noch Erstere, und doch schon so viel<lb/>Uneinigkeit u Streit in derselben. Seite 131<lb/>sagt er „ Gieb uns Mässigkeit! Ohne sie sind<lb/>wir zerstreut, mit ihr kömmt Einheit in uns<rs ref="#i899194" type="book_etc">“<lb/></rs>wie wahr. Im Jahr 391 wurde <rs ref="#i899207" type="person">er</rs> Presbiterian<lb/>in Hipo nachher Bischof: er starb im 76 Jahr<lb/>als die Vandalen die Statt belagerten. </p><pb n="7"/><p> </p><p>Voriger Lebensbeschreibung folgt die von<lb/><rs ref="#i899693" type="person">Uriel Acosta</rs>. Diese konnte ich <lb/>nicht ohne den bittersten Wiederwillen lesen,<lb/>Ich gebe M[üller] wohl zu daß ein Mann der seiner<lb/>Überzeugung zu lieb, zeitliche Güter u Vaterland<lb/>verläßt, Achtung verdient: allein da seine<lb/>Meinungen sogar den meinen wiederstreiten,<lb/>so gar nichts anziehendes haben, so kann man<lb/>ihn nur wegen seinem Irrthum bemitleiden,<lb/>die Verfolgungen so er von den Juden<lb/>erlitt, sind abscheulich. Gott welche <rs ref="#i873922" type="object">Religion</rs>!<lb/> </p><p><rs ref="#i899708" type="person">Franz Junius</rs>, von <rs ref="#i899194" type="book_etc">Ebd</rs>. 2ter Band Seite 179<lb/>Ein edler Mensch dem man sein Wohlwollen nicht<lb/>versagen kann; auch Mensch u dem Irthum<lb/>unterworfen, aber schön hebt er sich wieder<lb/>heraus; wie fest wiedersteht er den Reitzungen</p><pb n="8"/><p> </p><p>der Wollußt in Lion! Aber das Gieft der<lb/>Freigeisterei bemächtigt sich seiner, doch<lb/>wie schon seine Zusamenkunft mit dem frommen<lb/>Landmann! Welch ein edler Mann muß<lb/>sein Vater gewesen seyn um ihm so wie<lb/>er es that auf den guten Weg zurück zu<lb/>führen. Wie elend aber die Zeiten in<lb/>welchen Religionshaß so fürchterlich wüthete,<lb/>wie kann doch dieser mit der christlichen<lb/>Religion bestehehen!<lb/> </p><p>Diese Lebensbeschr[eibun]g scheint mir geeignet<lb/><rs ref="#i874235" type="object">für junge Personen</rs>: sie erregt Theilnahme<lb/>u enthält nichts das misdeutet werden<lb/>könnte wie vorige.<rs ref="#i867913" type="person"> Ma</rs>. könnte sie<lb/>ihrer <rs ref="#i835806" type="person">Mutter</rs> vorlesen. Gebohren d 1 Mai 1545<lb/>in Bourge in Bieri [?] gest. d 20 Oct 1602 in Leiden</p></div><div xml:id="d23405467" corresp="d897386" ><head resp="#editor"><date> 02.03.1821 </date></head><pb n="9"/><p>21 3 2 <lb/><rs ref="#i899730" type="person">Johann Amos Comenius</rs>. Von [unles.]<lb/><rs ref="#i899194" type="book_etc">gebohr 1592 gestorb 1671<lb/></rs>Bischof der Marischen Brüdergemeine in Böhmen<lb/> </p><p>Ein reines menschenfreundliches Gemüt voll<lb/>freiem Edelsinn u Religiosität: sein Streben<lb/>für die Erziechung zu wirken setzt ihn einem<lb/>Pestalozi an die Seite; auch er fand viel<lb/>Wiederspruch durch den er sich nicht abschreken<lb/>ließ. Wie herzlich sein Testament<lb/>so er in seinem 77 Jahr geschrieben.<lb/>Kann auch sehr wohl von <rs ref="#i874436" type="object">Töchtern</rs> gelesen<lb/>werden wenn es ihnen Freude macht<lb/> </p><p><rs ref="#i899746" type="person">Ludwig Holberg</rs>. <rs ref="#i899194" type="book_etc">1658 gebohr 1734 gestorben<lb/></rs>Nicht so anziehen gemüthlich, wie die beiden<lb/>vorhergehenden Charaktere, doch ein wahr-<lb/>heitliebender, witzvoller Mann, voller Geist<lb/>u Leben; den man mit Vergnügen kennen lernt <lb/>auch <rs ref="#i874235" type="object">zum Lesen für Mäd[chen]<lb/></rs></p><pb n="10"/><p> </p><p><rs ref="#i899763" type="person">Gottf Will. von Leibnitz<lb/><rs ref="#i899194" type="book_etc"></rs>gebohr 1646 gest. 1716.<lb/></rs>Ein großer Geist, edel u klug, Großmüthig<lb/>u erhaben. Seine Genügsamkeit. <lb/><supplied>Seine</supplied> auch in geistiger Rücksicht.<lb/>Aus allem zog er nur das Gute u<lb/>tadelte nicht: Er überlegte lang u reiflich<lb/>ehe er ein Urtheil fällte! Wie ander</p></div><div xml:id="d23405468" corresp="d897394" ><head resp="#editor"><date> 19.03.1821 </date></head><pb n="11"/><p>1821 3 19<lb/><rs ref="#i899779" type="person">Zinzendorf</rs>. von<rs ref="#i899194" type="book_etc"> J. Georg Müller</rs>.<lb/>Ein sonderbarer, aber ein wahrer großer Mensch<lb/>sehr originel; aber wie edel, vertragsam, unei-<lb/>gennützig, schonend, demüthig, liebend und doch<lb/>voll edlem Muth! Es ist nichts Kleinliches in<lb/>diesem Charackter, wie viel das uns sonder-<lb/>bar vorkömmt – weil wir uns nicht ganz in<lb/>sein Gemüth versetzen können. Eine merkwürdige<lb/>Erscheinung, welche für den so gelehriges Sinnes<lb/>ist, viel, sehr viel Lehrreiches enthält.<lb/>Schönes Lob seiner <rs ref="#i899796" type="person">Gemalin </rs>einer Gräfin von Reuß<lb/>zu Ebersdorf <del><rs ref="#i899194" type="book_etc">Seite 63–79</rs></del>. „Bei einem schwächlichen Körper, hatte<lb/>sie einen gesetzten großen Verstand, einen gebildeten<lb/>Geist, einen männlichen Muth u das mildeste<lb/>sanftmüthigste Herz. Man kann es bei manchen <lb/>Ehen als eine Schönheit ansehen wenn der Mann<lb/>so viel Vorzügliches vor seiner Frau hat, daß sie<lb/>sich ohne über den Dingen selbst viel zu denken<lb/>von ihm kann leiten u führen lassen als ob er ihr</p><pb n="12"/><p> </p><p>Vater wäre. So war es aber nicht mit dem<lb/>Grafen u seiner Gemalin. Sie war nicht<lb/>dazu gemacht eine Copie zu seyn, sie war<lb/>ein Original; u ob sie gleich ihren Gemal von<lb/>Herzen liebte u ehrte, so dachte sie doch selbst<lb/>über alle Dinge mit so viel Verstand, daß<lb/>er sie in dem Theil mehr als Schwester u<lb/>Freundin ansehn konnte, u er that es auch<lb/>wirklich. Seit dem Tode ihres <rs ref="#i899829" type="person">Lieblingsohnes<lb/></rs>1752 der ihr sehr zu Herzen gieng, verlor<lb/>sie je mehr u mehr die Neigung sich mit Geschäften<lb/>abzugeben. Müde des Lebens u mancher schweren<lb/>Sorge u Arbeiten gieng dieses edle Wesen 1756<lb/>d 19 Juny nach einer leichten Krankheit in seine<lb/>Ruhe ein. Sie wurde von allen Gliedern der<lb/>der Gemeine, wo sie Jederman nur die Mama<lb/>nannte, aufrichtig beweint.</p><pb n="13"/><p> </p><p>Merkwürdige Betrachtung über das Bekehrungs-<lb/>wesen, daß nehmlich das predigen von der<lb/>Existenz Gottes u von den Pflichten gar keinen<lb/>Eindruck auf die Heiden gemach, welche den Mission[en]<lb/>antworteten das wüßten sie schon lange u bräuchten<lb/>sie nicht dazu. Hingegen die Lehre vom verschlung[enen]<lb/>Tod Christi u seiner Genugthuung große Wirkung<lb/>gethan. Bemerkung, über den in Menschen<lb/>gelegten Trieb, die Gottheit durch Opfer zu<lb/>versohnen: da in allen Religionen diese statt<lb/>hätten. Seite 279 84 Seine Methode mit verschiedenen<lb/>Personen umzugehen, vortrefflich: wie einfach<lb/>gutmüthig wie klug u doch furchtlos u aufrichtig<lb/> </p><p>Diese Lecktur taugt eigentlich<rs ref="#i874436" type="object"> nicht für junge<lb/>Töchtern</rs>: es braucht schon viel Beurtheilung<lb/>sie zu würdigen. Manches daraus mit Er-<lb/>klärung könnte sehr gut seyn.</p></div><div xml:id="d23405469" corresp="d897402" ><head resp="#editor"><date> 09.04.1821 </date></head><pb n="14"/><p>1821 4 9<lb/><rs ref="#i899892" type="person">Huetius</rs>. <rs ref="#i899194" type="book_etc">Ebenfals</rs> von J. Georg <rs ref="#i869834" type="person">Müller</rs>.<lb/>Eine reine frome Seele dem man gut seyn<lb/>muß, obgleich uns manches in seiner<lb/>Religiosität als schwermerisch verkömmt.<lb/>Doch sein reiner Sinn versohnt uns wieder<lb/>mit ihm. Die Schwärmerei muß in der<lb/>Familie gelegen seyn, da seine Schwestern<lb/>sonderbare Beispiele davon geben.<lb/>Seite 370. Sind 2 merkwürdige Frauenzimmer<lb/>angeführt: eine Nonne aus dem Kloster<lb/>Fontewrault,<rs ref="#i899907" type="person"> M. E. Cochechouart</rs> nachherin<lb/>Abtissin daselbst, welche den Plato studierte.<lb/>Aber ganz ins Geheim u dabei eine äusserste<lb/>Bescheidenheit hatte. Welch herrliche Freistätte<lb/>waren nicht die Klöster! Oder wären<lb/>es gewessen wenn sie ihrem Zweck entsprochen<lb/>hätten. Wie wird durch Misbrauch alles<lb/>entehrt!<lb/>Die „Andere war <rs ref="#i873838" type="object">J. Barbara Tilcai</rs>, ein</p><pb n="15"/><p>reines endels Wesen, die besonders in der Ebräischen<lb/>Sprache u den heiligen Gebräuchen sehr erfahren<lb/>war; u ihre Gelehrsamkeit mit der größten<lb/>Bescheidenheit verbarg: Obgleich wir seit<lb/>unsern Kinderjahren eine <rs ref="#i873957" type="object">vertraute Freundschaft<lb/></rs>miteinander hatten, u uns als Nachbaren<lb/><rs ref="#i874148" type="object">oft sahen</rs>, so wußte sie doch <rs ref="#i874436" type="object">ihre Kenntnisse<lb/></rs>vor mir zu verhelen so daß ich von ihrem<lb/>Geheimniß nichts eher erfuhr als wie<lb/>sie sich vor einigen Jahren, der <rs ref="#i873922" type="object">Religion<lb/></rs>wegen nach Holand flüchtete, u von da aus<lb/>mich über verschiedne dunkle Stellen der<lb/>Schrift um Rath fragte. Die <rs ref="#i874029" type="object">Erinnerung<lb/></rs>einer so großen Tugend u einer so aufrichtigen<lb/>Freundschaft lebt noch in mir, u wird leben<lb/>bleiben so <rs ref="#i874141" type="object">lange <del>sich</del> noch ein Athem in mir regt.<lb/></rs></p></div><div xml:id="d23405470" corresp="d897410" ><head resp="#editor"><date> 16.05.1821 </date></head><pb n="16"/><p>1821 5 16<lb/>Aus den gleichen <rs ref="#i899194" type="book_etc">Lebensbeschreibungen</rs> u Selbst-<lb/>bekenntnisse. Die von <rs ref="#i899925" type="person">Christine Königin<lb/></rs>von Schweden: Anfangs möchte man sie überal<lb/>tadeln aber nach u nach muß man ihr vieles<lb/>verzeihen, obgleich man lange nicht alles gutheißen<lb/>kann. Ihr <rs ref="#i874436" type="object">Charakter</rs> ist so originel so sonder-<lb/>bar u doch so in allem sich selbst getreu!<lb/>Sonderbar daß da sie sich nach dem sie die<lb/>Regierung ihres Erbkönigreichs begeben sie in<lb/>der Weld doch als eine Königin wollte angesehen<lb/>wissen, und daß sie diese auch zum Theil behauptete<lb/>ist ein Beweis ihres erhabnen Geistes: dieser<lb/>Beweis scheint mir ihr die meiste Befriedigung<lb/>gewährt u sie über die Entsagung der Krone<lb/>entschädigt zu haben. Ob sie <supplied>Wi</supplied> wirklich in der<lb/>Folge wieder nach einer Krone gestrebt, scheint<lb/>mir nicht ganz erwiesen: wenigstens scheint sie<lb/>sich über die Nichterlangung derselben sehr gut</p><pb n="17"/><p> </p><p>getröstet zu haben. Ihr Übergang zur Catholischen<lb/>Religion kömmt einem Anfangs sehr sonderbar und<lb/>aus einer Art von Politik hergerührt zu seyn<lb/>in der Folge aber scheint sie ihr wirklich aufrichtig<lb/>ergeben gewesen zu seyn. Ihre selbst geschriebenen<lb/>Bemerkungen u Denksprüche obwohl auch zuweilen<lb/>mit geringfügigem u Wiedersprechendem durch-<lb/>mischt, sind ein wahrer Schatz von Weisheit,<lb/>und ein Beweis von vieler Geistesstärke – oder<lb/>von ausserordentlicher Gelehrsamkeit und Würdigung<lb/>alles Guten was sie von Andern erworben.</p></div><div xml:id="d23405471" corresp="d897418" ><head resp="#editor"><date> 27.06.1821 </date></head><pb n="19"/><p>21 6 27<lb/>Ich lese nun <rs ref="#i899966" type="book_etc">den</rs> <rs ref="#i899946" type="person">Thucidydes</rs>, von <rs ref="#i899977" type="person">Jacobi</rs> über-<lb/>setzt: so wenig ich Vergnügen an Beschreibung<lb/>von Schlachten habe, so sehr interessiert mich<lb/>doch dieses Buch, die schöne Einfachheit Na-<lb/>türlichkeit und Unpartheilichkeit, mit welcher<lb/>es geschrieben ist zieht mich sehr an.<lb/>Am interessantesten war mir der Krieg<lb/>in Sicilien; dieser Theil des Buchs ist so<lb/>lebendig geschrieben daß er ganz hinreißt.<lb/>Aber mein Gott welche Menschen waren<lb/>das, diese so hochgelobten Griechen! Wie<lb/>eigennützig grausam, treulos, selbst die<lb/>hochgepriesensten Männer was waren sie,<lb/>nur <rs ref="#i899993" type="person">Nicias</rs> möchte ich ausnehmen; bei allen<lb/>Andern finde ich eher glänzende Laster als<lb/>Tugenden.</p></div><div xml:id="d23405472" corresp="d897426" ><head resp="#editor"><date> 22.01.1822 </date></head><pb n="23"/><p> </p><p><del>Dieses hätte weiter hinten eingeschrieben <lb/>werden sollen da nachher 1821 folgt.</del><lb/> </p><p>1822 1 <rs ref="#i898951" type="object">22<lb/></rs>Nach einer langen Zeit komme ich endlich<lb/>wieder dazu mich mit mir selbst zu unter-<lb/>halten: doch ist das wohl vielfältig ja wohl<lb/>täglich geschehn; aber meine <rs ref="#i873908" type="object">Beschäftigung</rs>, die<lb/>obwohl nicht größer als gewöhnlich, aber<lb/><rs ref="#i873943" type="object">für meine Kräfte</rs> doch mehr als genug<lb/>waren, <rs ref="#i873831" type="object">hinderten mich am Schreiben</rs>; nun<lb/>aber liegt es mir doch an den Gang<lb/>meiner l<rs ref="#i874029" type="object">etzt verlebten 6 Monden</rs> wieder<lb/>ins Auge zu faßen u zu prüffen.<lb/>Im <rs ref="#i874470" type="object">St. Apoll</rs>. hatte ich die gewöhnlichen Geschäfte<lb/>doch wurden sie mir etwas erschwert, durch<lb/>die Schlechtheit meines <rs ref="#i873838" type="object">Gartners u Aufsehers<lb/></rs>der sich dem Trunck u Spiel ergab: ich glaube<lb/>mich gegen ihn mit Ernst u Schonung betragen<lb/>zu haben wie <supplied>ich</supplied> es sich schickte; auch ist</p><pb n="24"/><p> </p><p>das wiedrige Geschäft noch so viel möglich<lb/>ohne Aufsehn u mit Ruhe von meiner Seite<lb/>beendigt worden! Ich kam nie in Leidenschaft.<lb/>Demohngeachtet grief es mich an raubte<lb/>mir Zeit u Kräfte die ich zu was besserm<lb/>hätte anwenden können. Warum sollte<lb/>ich aber nicht lieber des Guten u angenehmen<lb/>mich erinnern das ich zu Ende des vergangenen<lb/>Sommer genoßen! Im August verbrachte<lb/>ich <rs ref="#i874148" type="object">8 schöne Tage bei </rs>meiner Tochter<rs ref="#i868068" type="person"> V.</rs> in<lb/>ihrem lieblichen <rs ref="#i873159" type="object">landlichen Aufenthalt</rs> mir war<lb/>so unbeschreiblich wohl bei ihr, sie bewies mir<lb/>so herzliche Liebe, daß ich mich in meine jungen<lb/>Jahre, wo ich so viele Vergütung meiner Leiden<lb/>von dieser l Tochter empfieng, <del>versetzt glaubte</del> auch ihre <rs ref="#i868031" type="person">Sophie<lb/></rs>war so liebend gegen mich, u der kleine 1 Sprößling<lb/><rs ref="#i836718" type="person">Adele</rs>, wie sehr ergötzte er mein <rs ref="#i910645" type="object">mattes Herz<lb/></rs></p><pb n="25"/><p> </p><p>was konnte ein fühlendes Herz innigster erquiken<lb/>als aufrichtige Liebe! Auch diese Zeit war<lb/>für mich nicht ungetrübt: denn so lieb es mir<lb/>war in der <rs ref="#i874148" type="object">Näche </rs>meiner L. SW <rs ref="#i868093" type="person">Susan</rs>, zu seyn<lb/>u ihr Umgang noch geniesen zu konnen, so war<lb/>mir der Anblick <rs ref="#i898746" type="object">ihrer Schwäche u Leiden</rs> ein<lb/>Beweis daß sie bald von uns sich trennen werde,<lb/>u groß Wehmuth in meine Seele; doch nun<lb/>hat sie überwunden die Theure, ihre schwache<lb/>Hülle ist abgelegt u <rs ref="#i873880" type="object">sie wird ruhen</rs> in einer<lb/>andern Weld unsers Gottes! Ihr Andenken aber<lb/>bleibt in lieblicher Erinnerung bei den Ihrigen.</p><p>[xxx]</p><pb n="26"/><p> </p><p>doch alles zu daß für mich keine ungestörte<lb/>Ruhe auf Erden sey! Wie oft muß ich mich<lb/>mit dem Spruch aufrichten „die Gott lieb hat<lb/>die zütigt er“ u „Nicht dem Guten gehöret die Erde<lb/>Er ist ein Fremdling u wandert aus u suchet <lb/>ein unverwesliches Haus<rs ref="#i891778" type="book_etc">“<lb/></rs>Nie war es meine Bitte zu dir o Gott, daß du<lb/>mich vor Leiden bewahren möchtest sondern<lb/>daß du mir Kraft verleihen mögest deine<lb/>Schickungen mit Muth u christlicher Ergebung<lb/>zu meiner Vervollkomnung benutzen möchte,<lb/>die Unruhe so ich noch auf dem Guth hatte, die<lb/>Rückkehr in die <rs ref="#i875143" type="object">Statt</rs>, die <rs ref="#i899265" type="object">Veränderung</rs> meiner<lb/>Wohnung, das zu gleicher Zeit erfolgte Absterben<lb/>meiner L Schwester: (sie starb den 25 Nov<lb/>1821. Ich war d 23 in meine Wohnung eingetreten)</p><pb n="27"/><p> </p><p>[xxx] <lb/>alles das zusamen,<lb/><rs ref="#i873825" type="object">schwächten meinen Körper</rs> gar zu sehr u benahmen<lb/>mir meistens des Genußes mich dur lesen u<lb/>schreiben aufzuheitern; auch der <rs ref="#i874226" type="object">Gesellschaften<lb/></rs>mußte ich mich enthalten, weil sie meinen<lb/>Kopf zu viel angriffen u auch meine Stimmung<lb/>nicht dazu taugte. Oft war ich an Körper u<lb/>Geist so ermattet das ich weder handeln noch<lb/>denken konnte: ich glaubte oft <rs ref="#i874141" type="object">meinem Ende<lb/></rs>nache zu seyn, doch sehe ich demselben mit Ruhe<lb/>u Freudigkeit entgegen: sind nicht schon so viele</p><pb n="28"/><p> </p><p>meiner Lieben mir von der Seite gerissen,<lb/>sollte ich mich nicht sehnen mit ihnen vereint<lb/>zu werden! Die Trennung von denen die ich<lb/>hier verlasse muß doch einmal erfolgen, etwas<lb/>früher od spätter wie es Gott gefällt. Möge<lb/>er nur geben daß ich ihnen nicht durch langes<lb/>Leiden u Geisteserschwächung beschwerlich falle!<lb/>Die Verlobung meiner Großtochter<rs ref="#i867913" type="person"> Ma</rs> Preis-<lb/>werkh hat mich wohl mit Freude erfüllt: doch<lb/>kann ich es aufrichtig sagen, nicht die großen<lb/>Vorzüge in betracht des Vermögens blendeten<lb/>mich: aber der junge <rs ref="#i868665" type="person">Mann</rs> der ihr sein Herz<lb/>schenkte, scheint mir Achtung u Liebe zu verdienen,<lb/>u dabei glaube ich es sey für Marie, besser sich<lb/>gleich in einen <rs ref="#i891654" type="object">Stand</rs> zu versetzen worin sie<lb/><rs ref="#i874436" type="object">Pflichten auszuüben hat die ihre Kräfte in Thätigkeit<lb/></rs>setzen, ihre Lage bei ihrer allzuguten <rs ref="#i835806" type="person">Mutter<lb/></rs></p><pb n="29"/><p> </p><p>war nicht was sie zu thätiger Anstrengung<lb/>aufmunterte. Möge sie nur ihre trefflichen <del>erhaltnen</del><lb/><rs ref="#i874235" type="object">Lehren</rs> in Anwendung setzen!<lb/>Als ich <supplied>ich</supplied> noch jünger u stärcker war freute<lb/>ich mich der Zeit wo ich mehr <rs ref="#i922800" type="object">einsam</rs> u <supplied>in</supplied> für mich<lb/>allein würde seyn können; jetzt fällt mir das<lb/>allein wohnen meistens so wehmüthig auf daß mich<lb/>glücklich genug schätzte mit Jemand von den Meinigen<lb/>wohnen zu können. Ich kann mich nur weniger<lb/>mit meinen Lieblingsarbeiten beschäftigen, Gesell-<lb/>kann ich auch wenig <rs ref="#i874148" type="object">besuchen</rs> u eine <supplied>ver</supplied> angenehme<lb/>Unterhaltung wäre mir zu Zeiten äusserst angenehm<lb/>u wenn ich nur auch Kinder od junge Mädchen um<lb/>mich hätte, doch nicht nur auf Besuche sondern so<lb/><rs ref="#i874895" type="object">daß ich auf ihr Thun u Denken wirken könnte!</rs> Es<lb/>ist wahres Bedürfniß für mich etwas zu wirken<lb/>etwas zu bilden es liegt so ganz in meiner Natur</p><pb n="30"/><p> </p><p>Jetzt habe ich wohl die kleine <rs ref="#i836759" type="person">Marie</rs> bei mir<lb/>allein wie wenig kann ich mich über ihr <rs ref="#i874148" type="object">Hierseyn<lb/></rs>freuen, wie froh wäre ich wenn ich sie einer<lb/>vernünftigen sorgsamen <rs ref="#i835885" type="person">Mutter</rs> übergeben könnte,<lb/>doch freut es mich daß sie anfängt mit Liebe<lb/>an mir zu hängen, u mir scheint sie habe<lb/>schon etwas von ihren Unarten abgelegt<lb/>Ich sehe wohl<rs ref="#i873964" type="object"> wie ferne ich noch</rs> von der festen<lb/>ganz Gott ergebnen Frömmigkeit entfernt bin u<lb/>daß ich noch manches aus meinem Herzen zu ver-<lb/>tilgen habe ehe der wahre Friede fest wird ruhen<lb/>können. Wie oft kränke ich mich über Fehler u<lb/>Lieblosigkeit <rs ref="#i874226" type="object">andrer</rs>, wo ich mit christlicher<lb/>Demuth lieber mich vergeben sollte! Würde das<lb/>nicht theils mich bessern theils mir Liebe erwerben.<lb/>Demuth u Zufriedenheit mit seinem Zustande</p><pb n="31"/><p> </p><p>bringt den wahren Seelenfrieden: was nützt<lb/>es mir, was den meinen wenn ich mich über ihr<lb/>Unglück über das was mir an ihnen mangelbar<lb/>scheint gräme? Pflicht ist es wohl einer Mutter<lb/>zu rathen u zu helfen wo sie kann: aber auch Pflicht<lb/>des Christen das so nicht zu andern ist, mit<lb/>Ergebung u Ruhe zu erdulden.<lb/>Habe ich nicht die Stürme so das Schicksal über<lb/>mich schickte mit Muth ertragen, weil ich überzeugt<lb/>war daß sie zu meinem Wohl gereichen würden.<lb/>Warum soll ich jetzt das so meine Kinder betrift<lb/>mit wenigerm Muth ertragen? Sollte das Unglück<lb/>so sie betrift nicht auch zu ihrer höchern Bildung<lb/>dienen können! Ist es Altersschwäche, Abnahme<lb/>meiner Kräfte die das bewirkt? Doch gewöhnlich<lb/>sind<rs ref="#i899058" type="object"> alte Leute</rs> weniger empfindsam, warum<lb/>bin ich es mehr als da ich<rs ref="#i873943" type="object"> jünger war?<lb/></rs></p></div><div xml:id="d23405473" corresp="d897433" ><head resp="#editor"><date> 09.04.1821 </date></head><pb n="33"/><p>21 4 9<lb/>Bleibe nicht trostlos du Arme! Gedenke<lb/>des endlichen Ausgangs nach dem schweren<lb/>Kampfe. Wohl waltet das unabänder-<lb/>liche Schicksal, es herrscht die unerbitliche<lb/>Nemesis: – aber blinde Dienerinnen<lb/>sind sie, des unendlichen Geistes, des Lichtes<lb/>u der Liebe, der sie hingestellt zum Kampf-<lb/>platz seiner geistigen Schöpfungen. Er<lb/>der den Menschen begabt mit dem leichten<lb/>Hauch seines Geistes, der ihm Kräfte<lb/>verliehn zu wachsen, durch ernsten Kampf<lb/>gegen Geschick u gegen die unausweichlichen<lb/>Übel, der <supplied>erhebt sich zu</supplied> <del>gewähret</del> ihm auch sich zu<lb/>erheben zu ihm dem Vater des Lichts u der<lb/>Liebe. Schau nur immer auf ihn, den Gottmensch<lb/>den uns der Vater zum Vorbild gegeben,</p><pb n="34"/><p> </p><p>zu ihm hinauf in Glauben u Liebe.<lb/>„Drängst du dich nicht zu seyn des <lb/>Vaters liebes Kind<lb/>So bleibst du in dem Stall, wo Vieh und <lb/>Knechte sind.<rs ref="#i900058" type="book_etc">“</rs> <rs ref="#i900069" type="person">Engelus<lb/></rs>„Und wenn alles in ewigem Wechsel kreißt<lb/>Es beharret im Wechsel ein ewiger Geist.<rs ref="#i900083" type="book_etc">“<lb/><rs ref="#i870018" type="person"></rs> Schiller<lb/></rs></p></div><div xml:id="d23405474" corresp="d897441" ><head resp="#editor"><date> 10.04.1821 </date></head><pb n="34"/><p>21 4 10<lb/>Heute kam meine <rs ref="#i868068" type="person">Tochter</rs> morgens gegen<lb/>9 Uhr mit einem <rs ref="#i836718" type="person">Mädchen</rs> glücklich <rs ref="#i892101" type="object">nieder<lb/></rs>möge Gott sie segnen u ihre Eltern viele<lb/>Freude an ihr erleben lassen!</p></div><div xml:id="d23405475" corresp="d897449" ><head resp="#editor"><date> 24.04.1821 </date></head><pb n="34"/><p>d 24</p><p>Wurde das Kind <del><rs ref="#i836718" type="person">Adele</rs></del> <rs ref="#i900835" type="object">getauft</rs>: möge sie in<lb/>der Folge zu Gott u dem wahren Christenthum<lb/>geführt werden!</p></div><div xml:id="d23405476" corresp="d897457" ><head resp="#editor"><date> 29.04.1821 </date></head><pb n="35"/><p>21 4 29<lb/>Trug ich den <rs ref="#i900851" type="person">Knab</rs> meines Neffen H. <rs ref="#i868011" type="person">Samuel<lb/></rs>Kochlin zur <rs ref="#i900835" type="object">Taufe<lb/></rs></p></div><div xml:id="d23405477" corresp="d897464" ><head resp="#editor"><date> 27.06.1821 </date></head><pb n="35"/><p>21 6 27<lb/>Wie</p></div><div xml:id="d23405478" corresp="d897472" ><head resp="#editor"><date> 17.07.1821 </date></head><pb n="35"/><p>21 7 17<lb/>Heute verlies mich<rs ref="#i873838" type="object"> Amalia Bauer</rs>, welche<lb/>beinahe ein Jahr <rs ref="#i874148" type="object">bei mir war</rs>; obwohl sie in<lb/>manchem das nicht war was ich wünschte so<lb/>that es mir doch leid von ihr getrennt zu seyn:<lb/>zwar gerne lies ich sie fort weil ich hoffe<lb/>sie werde in <rs ref="#i873159" type="object">Iferten</rs>, wohin sie wieder</p></div><div xml:id="d23405479" corresp="d897480" ><head resp="#editor"><date> 09.03.1821 </date></head><pb n="36"/><p><rs ref="#i898951" type="object">21 3 9<lb/></rs>Ich bin willens morgen zum heiligen <rs ref="#i873922" type="object">Abendmahl<lb/></rs>zu gehen: ich glaube daß ich ohne Ängstlichkeit<lb/>diese heilige Handlung begehen darf, ich glaube<lb/>mich so viel es in meinen Kräften stund nach<lb/>dem Guten gestrebt zu haben: ich glaube in meinem<lb/>Herzen gegen keinen Menschen eine Feindschaft zu<lb/>haben, auch denen deren Betragen mich leiden<lb/>machen, verzeihe ich u bitte Gott daß er sie zu<lb/>mildern Gesinnungen leiten möge!<lb/>Mit kindlicher Demuth aber erkenne ich daß<lb/>ich Gott für alles was ich bin u habe dankbar seyn soll<lb/>u daß ich für mich selbst ganz keinen Verdienst<lb/>habe; daß noch manches fehlerhafte aus meinem<lb/>Herzen sollte ausgetilgt werden: besonders mache<lb/>ich mich noch sehr oft der Menschenfurcht schuldig.<lb/>Gott gebe mir Kraft durch seinen Sohn, alles Böse<lb/>abzulegen u mich immer wie mehr seiner Kindschaft<lb/>würdig zu machen, wie ruhig könnte ich dan allen Stürmen<lb/>zu sehen!</p><pb n="37"/><p> </p><p>Von den menschlichen Pflichten <rs ref="#i899227" type="person">Cic.<lb/></rs>„Die Größe der Seele zeigt sich bei der Bemühung<lb/>die wir anwenden Macht u Reichthümer für uns<lb/>u die Unsrigen zu erwerben – u noch mehr<lb/>in der Verachtung von Macht u Reichthümern.<rs ref="#i900906" type="book_etc">“<lb/></rs>[„]Die Stärcke u Größe der Seele aber, von<lb/>welcher wir bisher im allgemeinen geredt<lb/>haben zeigt sich vornehmlich in zwei Sachen:<lb/>in Gesinnungen u in Thaten. Die Gesinnung ist <lb/>die Geringschätzung aller äußern Dinge, die<lb/>aus der Überzeugung entsteht daß nichts der<lb/>Bewunderung, der Wünsche u der Bestrebungen<lb/>des Menschen werth sey, als innere Vollkommenheit<lb/>seines Geistes u Regelmäßigkeit seiner Handlungen<lb/>u die damit verbundene Entschloßenheit sich weder<lb/>von Menschen noch von Leidenschaften noch von<lb/>Unfällen ganz überwinde zu lassen. Wenn nun</p><pb n="38"/><p> </p><p>jemand mit diesen Gesinnungen u durch<lb/>dieselben gestärkt, Handlungen unternimmt<lb/>u ausführt, die auf der einen Seite groß<lb/>u nützlich, auf der andern schwer sind: –<lb/>große Anstrengungen erfordern u großen<lb/>Gefahren aussetzen, es sey des Lebens od<lb/>der Güter die zum Leben gehören: so entsteht<lb/>das zweite was den großen Mann ausmacht:<lb/>große Thaten.[“]<lb/>Cicer. von d Pflichten 1Th</p></div><div xml:id="d23405480" corresp="d897488" ><head resp="#editor"><date> 06.04.1822 </date></head><pb n="39"/><p>1822 4 6 <lb/>Es thut mir wehe daß ich so wenig Erbauung<lb/>an der Art finde wie die meisten unsrer Geistlichen<lb/>uns die Verdienste u die Leiden Christi, vorstellen.<lb/>Ich glaube in meiner Seele die tiefste dankbarste<lb/>Ehrfurcht für unsern Heiland zu empfinden: mit<lb/>inniger Rührung lese ich in der <rs ref="#i873922" type="object">Bibel</rs> und finde daß<lb/>sie alles enthalte was für alle Menschen Heil<lb/>u Trost seyn kann: doch mir macht es schmerz<lb/>diese trostreichen Lehren so sinnliche, so gegen die<lb/>hochen Begriffe die wir von der Gottheit haben sollen,<lb/>vorgestellt zu sehen. Doch warum soll ich mich<lb/>darüber beklagen auch das wird für einen Zeit-<lb/>raum noch so seyn müssen, da ja doch ein Theil der<lb/>Menschen ihr Trost u ihr Heil darinn finden!<lb/>Doch vertraue ich fest auf Gottes Güte daß er<lb/>meine Ansichten die aus reinem Herzen erforscht sind<lb/>u aus der Stuffe meiner Bildung hervorgehn. Bewahre<lb/>mich Gott daß ich mich darauf nich besser dünke; mit</p><pb n="40"/><p> </p><p>Demuth eines jeden Glaube ehren; in der festen<lb/>Überzeugung daß Gott unser allgütiger Vater<lb/>jeden Act ihm zu dienen gnädig aufnimmt wenn<lb/>es nur aus reinem Herzen kömmt.<lb/>Für mich ist Christus der Innbegriff der<lb/>veredelten, von Gott ausgegangnen Menschheit.<lb/>Der Sohn der Gottheit der alle so auf seinen Wegen<lb/>wallen u gläubig ihm folgen, zu Kindern Gottes<lb/>erhebt. Seine lehre <supplied>ist</supplied> seine Sendung ist für<lb/>uns arme Sterbliche ein unerforschlicher Rath-<lb/>schluß Gottes; doch so daß der Geringste so wie<lb/>der Weiseste, sich ihn zueignen, u durch denselben<lb/>sein Heil finden kann. Daß Christus leiden u<lb/>sterben mußte; daß er bis in den Tod, seinem<lb/>Vater getreu u seine Liebe zu den Menschen durch<lb/>seinen Tod beweisen mußte; das liegt so klar vor<lb/>meiner Seele u erfüllt sie mit Ehrfurcht u kindlicher<lb/>Dankbarkeit: ihm immer wie ähnlicher zu werden war,<lb/>u sey ferner mein ganzes Streben. Immer ergreifft</p><pb n="41"/><p> </p><p>mich das hoche Gefühl des Einseyns mit Gott; <supplied>wie<lb/>uns</supplied> mit welchem uns Johannes, Christus dar-<lb/>stellt! Was bezeichnet den edlen erhabnen<lb/>Menschen vor Andern? Ist es nicht die Überzeugung<lb/>des Nacheseyns mit Gott, das Gefühl der inwohnen-<lb/>Gottheit? U wo finden wir dieses erhabne Gefühl<lb/>so kräftig so wahr, so einfach ausgesprochen?<lb/>Ist nicht Christus, weit mehr als jeder Lehrer<lb/>allen Alles geworden, zeigt sich nicht bei ihm eine<lb/>besondere Veranstalt[ung] Gottes ihn zum Heiland der<lb/>Weld zu machen! Daß Milionen durch ihn<lb/>seit seinem Daseyn auf Erden, in jeder Form seiner<lb/>Kirche zum Glauben zur Liebe u zur Hoffnung gelangen;<lb/>soll mich das nicht überzeugen, daß auch unter<lb/>noch so verschiednen Formen der Abglanz seiner Gottheit<lb/>noch wirkte. Und ich sollte Unmuth fühlen daß<lb/>nicht alle in gleichen Formen Gott u Christus dienen.<lb/>Die Formen (die äussern) werden sich ändern so lange<lb/>Menschen seyn werden, allein die göttliche Lehre wird</p><pb n="42"/><p> </p><p>bleiben wird prangen in gereinigtem u aus-<lb/>gebreitetem Licht: gesegnet seyen alle die<lb/>so dazu auf irgend eine Weise beitragen.</p></div><div xml:id="d23405481" corresp="d897496" ><head resp="#editor"><date> 03.07.1822 </date></head><pb n="42"/><p>22 7 3<lb/>Nachdem ich so vielfältig Rühmens über das<lb/><rs ref="#i900937" type="book_etc">Lied der Nibelungen</rs>, gehört bekam ich es<lb/>endlich zu lesen; nun soll es mir künftig<lb/>nicht mehr leid thun wenn ich das Hochgepriesene<lb/>nicht so bald bekomme. Dieses Gedicht mag<lb/>wohl von einem großen poetischen Genie zeugen<lb/>aber was für Menschen schildert es uns?<lb/>Welche rohen Barbaren, mehr Lowen u Tiger<lb/>als Menschen! Wohl herrscht eine Art von<lb/>Ehrgefühl darinnen, aber wie roh? Welchen<lb/>der Helden od Heldinen des Gedichtes kann<lb/>man lieb gewinnen? Nur der Margraf Rüdiger<lb/>giebt uns eine Entschädigung u regt unsre Theilnahme.<lb/>Welche Christen waren das! Gegen ihren</p><pb n="43"/><p> </p><p>sind die heidnischen Helden Homers, sehr human.<lb/>Wie roh müssen unsere Vorfahren gewesen<lb/>seyn! Wie ist es möglich solches Zeug so hoch<lb/>zu preisen!</p></div><div xml:id="d23405482" corresp="d897504" ><head resp="#editor"><date> 08.07.1822 </date></head><pb n="43"/><p>22 7 8 <lb/>Wenn mir zuweilen einige Tage ruhe gewahret<lb/>ist so fühle ich mich wieder so <rs ref="#i910699" type="object">glücklich</rs>; aber wie<lb/>schnel erhebt sich ein Sturm u zerstört meine Ruhe,<lb/>doch nicht für lange, so bald ich wieder Zeit habe<lb/>mich zu sameln, meine Seele zu Gott zu erheben u den<lb/><rs ref="#i873990" type="object">quälenden Gedanke</rs>, ich sey selbst an meinem Kummer<lb/>schuld, zerstreut habe, so kehrt wieder ruhe in meine<lb/>Seele: <rs ref="#i873922" type="object">Gott</rs> der in mein Innres sieht weißt was<lb/>ich will u was ich suche, sollte ich durch mir unbewußte<lb/>Fehler mir Kummer zu ziehn, so wird er mir sie<lb/>vergeben u seine Güte wird sie mir zum besten<lb/>lenken wenn ich fest auf ihn vertraue!<lb/>Warum sollte ich mich zu hart anklagen u dadurch</p><pb n="44"/><p> </p><p>muthlos werden? Haben nicht viele der besten<lb/>Menschen in der Weld viel Kummer u Wieder-<lb/>wärtigkeit sollte ich davon befreit seyn?<lb/>Wohl ist es das Empfindlichste für ein <rs ref="#i873943" type="object">Mütterchen<lb/></rs>[xxx]</p></div><div xml:id="d23405483" corresp="d897512" ><head resp="#editor"><date> 09.07.1822 </date></head><pb n="44"/><p>22 7 9<lb/>In den „<rs ref="#i900963" type="book_etc">freundlichen Schriften</rs> von Fr. <rs ref="#i869636" type="person">Horn</rs>“<lb/>zwei Aufsätze die mir sehr interressant waren<lb/>gelesen, über Philipp Ja. <rs ref="#i900975" type="person">Spenner</rs> u Caspar <rs ref="#i900990" type="person">Schade</rs>.<lb/>Erstrer scheint mir das schöne Bild eines wahren<lb/>Christen, eines zweiten Johannes, zu seyn. Letztrer<lb/>das eines sehr edlen Schwärmers, den man<lb/>doch beinahe wie Jener lieben u verehren muß.<lb/>Wie schön daß sich Sp. so des verfolgten Schade,</p><pb n="45"/><p> </p><p>annahm, wie sehr spricht das zu Gunsten beider!<lb/>Wie beschämt das die so leidenschaftlichen<lb/>Schreier, über Schwärmer u Schwärmerei.</p></div><div xml:id="d23405484" corresp="d897520" ><head resp="#editor"><date> 11.07.1822 </date></head><pb n="45"/><p>22 7 11<lb/>Aus Frz. <rs ref="#i869636" type="person">Horn</rs>. „Es gehört zu den trübsten<lb/>Empfindungen die das Leben gewähren kann, wenn<lb/>wir von etwas Gutem u Schönem die bestimmte<lb/>Ansicht u Überzeugung haben daß es gut u<lb/>schön sey, u ein Mensch den wir lieben od der<lb/>uns bedeutend ist, versichert dagegen er<lb/>finde es gar nicht, es sey ganz irrig. Zwar<lb/>könnten wir uns im Augenblick von jener unangenehmen<lb/>Empfindung los machen, wenn wir im Stande wären, <lb/>mit unsrer Liebe aufzuhören; aber das steht<lb/>Gott lob nicht in der Macht des guten Menschen,<lb/>u wäre auch das so würde er davon keinen<lb/>Gebrauch machen.<rs ref="#i900963" type="book_etc">“<lb/></rs>E.b.d. Seite 210. [„]Die betrübteste Empfindung</p><pb n="46"/><p> </p><p>in einer langwierigen <rs ref="#i899128" type="object">Krankheit</rs>, obwohl wir<lb/>uns sagen dürfen daß wir sie mit äusserm u<lb/>innerm Wohlstand ertragen, besteht darin, daß<lb/>wir die große Summe von Kraft u Zeit bedauern<lb/>welche wir zum Aufrecht stehen in der Krank-<lb/>heit gebrauchen. Kann aber die Kraft über-<lb/>haupt besser angewandt werden, als in dem<lb/>wir besiegen was uns besiegen wollte?<lb/>Und was die Zeit betrift, ist nicht der göttliche<lb/>Trost vorhanden, daß wir die ganze Ewigkeit<lb/>vor uns haben die jede Zeit wieder einbringen<lb/>wird? Denn wird es sich auch noch deutlicher<lb/>zeigen, was auch hier schon deutlich war, daß<lb/>jene Zeit weit entfernt verlohren zu seyn,<lb/>recht eigentlich würdig macht der Ewigkeit.[“]</p></div><div xml:id="d23405485" corresp="d897528" ><head resp="#editor"><date> 17.07.1822 </date></head><pb n="47"/><p>1822 7 17<lb/><rs ref="#i873852" type="object">Ins Stammbuch </rs>meiner Nichte<rs ref="#i836982" type="person"> Emilie Iselin<lb/></rs>Walte heiter u froh die lieblichen Tage der Jugend,<lb/>Samelnd Schätze die stärken dich werden auf künftiger Bahn;<lb/>Lernen zu freun dich der Gaben die gütig die Gottheit beschert,<lb/>Standhaft zu tragen die Last die Sie aus Güte auch schickt.<lb/>Mögest zu liebend gedenken der Theuren, dem Aug zwar Entrißnen,<lb/>die dich als Genien umschweben, folg ihrem lispelnden Ruff,<lb/>Werd ihnen ähnlich u gut, wie Sie von Guten geliebt!</p></div><div xml:id="d23405486" corresp="d897536" ><head resp="#editor"><date> 13.08.1822 </date></head><pb n="47"/><p>22 8 13<lb/>War der junge <rs ref="#i873838" type="object">Stähly</rs> <rs ref="#i874148" type="object">hier</rs> um Abschied zu nehmen<lb/>ich gab ihm zum Andenken „<rs ref="#i901030" type="book_etc">Neli der Kannegießer</rs>“<lb/>den er vorher gelesen u sehr erfreut darüber<lb/>war: ich hoffte es werde ihn aus dem Mismuth<lb/>über seinen Beruf erheben; zum Theil scheint es,<lb/>doch sagte er mit Wehmuth, er werde das nie<lb/>seyn können.<lb/>Ich empfing entsprechende <rs ref="#i873852" type="object">Antwort</rs> von <rs ref="#i873838" type="object">Jf Rumpf<lb/></rs>daß sie <rs ref="#i874148" type="object">d 20 dieses zu kommen</rs> bereit sey.<lb/>Ich hoffe an ihr eine liebreiche <rs ref="#i873915" type="object">Gehilfin</rs> zu haben</p><pb n="48"/><p> </p><p>u freue mich der Ruhe so ich dadurch zu<lb/>erhalten hoffe.</p></div><div xml:id="d23405487" corresp="d897545" ><head resp="#editor"><date> 18.08.1822 </date></head><pb n="48"/><p>22 8 18<lb/>Heute empfing ich einen liebevollen <rs ref="#i873852" type="object">Brief</rs> von<lb/>meiner <rs ref="#i868068" type="person">Tochter</rs> V. Alle sind wohl das sey Gott<lb/>gedankt! Sie meldet mir den Verkauff vom<lb/><rs ref="#i901052" type="object">Guth St Margaretha</rs>, dies macht mich wehmüthig<lb/>u zeigt mir das <rs ref="#i874141" type="object">Vergängliche alles Irdischen</rs>:<lb/>wie munter interressierte sich noch der<lb/><rs ref="#i901062" type="person">Besitzer</rs> vor 5 Jahren für sein Guth, nun ist er<lb/>aus <rs ref="#i899058" type="object">Alterschwäche</rs> dieses Elisiums über-<lb/>drüssig u verläßts! Dieser Mann ist nur<lb/>9 Jahr älter als ich – <rs ref="#i873943" type="object">des will ich mich<lb/></rs>erinnern wenn mir Pläne in Kopf steigen.</p></div><div xml:id="d23405488" corresp="d897553" ><head resp="#editor"><date> 22.08.1822 </date></head><pb n="48"/><p>22 8 22<lb/>Vorgestern <rs ref="#i873866" type="object">fuhr</rs> ich nach <rs ref="#i873159" type="object">Basel</rs>, war dort sehr<lb/>vergnügt kamm mit<rs ref="#i873838" type="object"> Jf Stumpf</rs> u <rs ref="#i836759" type="person">Marie</rs> zurück<lb/>auf dem Weg hatten wir einen <rs ref="#i873950" type="object">Unfall</rs> mit der</p><pb n="49"/><p> </p><p>Chaise der uns über eine Stunde aufhielt<lb/>spat kammen wir an, ich sehr müde u erschopft<lb/>so auch noch gestern u heute besonders griff<lb/>es mich an da ich mit <rs ref="#i873838" type="object">Jf R.</rs> viel reden<lb/>mußte: sie scheint<rs ref="#i874090" type="object"> mir sehr artig </rs>u ich hoffe<lb/>daß ich ihr werde Liebe schenken können, allein<lb/>für jetzt bin ich noch nicht so eingewöhnt u wäre<lb/>lieber allein. Gestern war mirs überaus<lb/><rs ref="#i873825" type="object">schwer u trübe</rs>; doch wenn ich dachte daß<lb/>wenn gleich die Lust am Leben mir schwinde, dies<lb/>ein Vorboth sey, <rs ref="#i874141" type="object">daß ich’s bald verlassen werde<lb/></rs>so wurde ich wehmüthig<rs ref="#i873943" type="object"> heiter u ruhig</rs>: dank<lb/>sey Gott für dieses frohe Gefühl.</p></div><div xml:id="d23405489" corresp="d897561" ><head resp="#editor"><date> 27.08.1822 </date></head><p>22 8 27<lb/>Gott lob ich fange doch an die Erleichterung von<lb/><rs ref="#i873838" type="object">Jf Rumpfs</rs> Hilfe zu fühlen! Über den Sontag<lb/><rs ref="#i874148" type="object">hatte ich</rs> meine GßTocher Fr <rs ref="#i867913" type="person">Hofmann</rs> nebst H <rs ref="#i868665" type="person">Hof</rs>.<lb/>Die 3Gß <rs ref="#i836927" type="person"><rs ref="#i837045" type="person"><rs ref="#i868154" type="person">Sohne</rs></rs></rs> aus <rs ref="#i873159" type="object">Hofwyl</rs>. Diese Knaben<lb/>freuen mich, ich hoffe es werden brave tüchtige<lb/>Menschen werden; sie zeigen viele <rs ref="#i874090" type="object">Herzlichkeit</rs>,<lb/>wie die beiden <rs ref="#i868031" type="person"><rs ref="#i868154" type="person">Vischer</rs></rs> die kleine <rs ref="#i836718" type="person">Adele</rs> so herzlich<lb/>lieben: es that mir in der Seele wohl wie<lb/>meine <rs ref="#i868068" type="person">Tochter</rs> mit so inniger Zufriedenheit das<lb/>Benehmen ihres Stiefsohns <rs ref="#i836381" type="person">Eduards</rs> rühmte; welche<lb/>Glückseligkeit um solche Herzlichkeit in einer<lb/>Familie! Willhelm wird gewiß auch ein<lb/>vorzüglicher Mensch: wie herzlich danke ich<lb/>Gott für das Glück meiner Tochter!<lb/>Dieti P. ist aufgeweckt, herzlich aber noch<lb/>sehr Kind. Gebe Gott daß er seine künftige<lb/>Bahn gut bestreiten möge! Ob ich gleich<lb/>mehr Leute als gewöhnlich u für länger<lb/>hatte, war ich doch nicht müder; heute kann</p><pb n="51"/><p> </p><p>ich wieder recht munter meine <rs ref="#i873908" type="object">Geschafte</rs> thun,<lb/>das <rs ref="#i873825" type="object">Übelhören</rs> ist eine arge Beschwerde, doch<lb/>so Gott will werde ich mich gelassen darein<lb/>ergeben wenn’s<rs ref="#i873943" type="object"> auch nicht wieder besser<lb/></rs>kommen sollte: wenn ich nur meine Augen<lb/>noch erhalte.</p></div><div xml:id="d23405490" corresp="d897569" ><head resp="#editor"><date> 29.08.1822 </date></head><pb n="51"/><p>22 8 29<lb/>Ich habe nun mein großkind<rs ref="#i836759" type="person"> Marie</rs> schon seit<lb/><rs ref="#i874148" type="object">3 Wochen hier</rs>: zum Theil giebt sie mir etwas<lb/><rs ref="#i873943" type="object">Mühe u ermüdet mich</rs>, allein ich freue mich doch<lb/>ein solches Geschopfchen um mich zu haben, auf das<lb/>ich zu weilen etwas Gutes zu wirken hoffe! Zwar<lb/>fühle ich wohl daß ich nicht mehr so aufgelegt bin<lb/>mit Kindern umzugehn: doch glaube ich sie<lb/>sey besser bei mir als bei Hause. Ich thue was<lb/>mir möglich ist u hoffe Gott werde mir beistehn.</p></div><div xml:id="d23405491" corresp="d897577" ><head resp="#editor"><date> 31.08.1822 </date></head><pb n="52"/><p>22 8 31<lb/>Gestern Abend erhielt ich einen <rs ref="#i873852" type="object">Brief</rs> von<lb/>Bruder <rs ref="#i837130" type="person">Isaac</rs> der mich theils herzlich freute<lb/>da er erkennt wie herzlich <supplied>freute</supplied> ich für ihn<lb/>besorgt bin: theils aber in Verlegenheit setzt<lb/>weil mir der an <rs ref="#i873838" type="object">S. F</rs>. eingeschlagne <rs ref="#i873852" type="object">Brief</rs> nicht<lb/>ganz gefällt: was soll ich thun? Jemand<lb/>Raths fragen – wäre vieleicht Anlas geben<lb/>über B[ruder] zu zürnen! Ihm meine Bemerkungen<lb/>darüber machen! Das könnte ihn beleidigen.<lb/>Doch halte ich letzers für den guten Erfolg<lb/>seiner Sache am zweckmässigsten u will es<lb/>allso wagen, zürnt er beim Empfang meines<lb/>Briefes so wird er sich bald eines bessern<lb/>besinnen; ich handle nach meinem Gewißen<lb/>u damit seys genug.</p></div><div xml:id="d23407220" corresp="d901132" ><head resp="#editor"><date> Beilage Heft 17 </date></head><p>Bei der <rs ref="#i891654" type="object">Vermählung</rs> meiner<lb/>Groß-=Tochter <rs ref="#i867913" type="person">Marie Preiswerkh<lb/></rs>mit<rs ref="#i868665" type="person"> H. Hofmann<lb/></rs>										1822<lb/>												4<lb/>											  16</p></div><div xml:id="d23407225" corresp="d901144" ><head resp="#editor"><date> Beilage Heft 17 </date></head><p>Die schönen Gaben die der Höchste Euch beschieden,<lb/>Genießt sie dankbar u gut, u immer Seelenfrieden<lb/>Sey Folge Eures Thuns, u der verlast Euch nie!<lb/>Bescheiden trägt das Glück, mit <supplied>Mit</supplied> Muth des Lebens Mühe<lb/><supplied>Euch bleib das Leben schön</supplied> bis an das spätste Ziel <del>lebt zu des<lb/>Nächsten Ruhe</del><lb/>Und frohe Hoffnung führ der bessern Weld Euch zu.<lb/>1822</p><p>	   4<lb/>	  16<lb/> </p></div>
       </body></text>
   </TEI>
    