<?xml version="1.0"?>
    <?xml-model href="http://www.tei-c.org/release/xml/tei/custom/schema/relaxng/tei_all.rng" type="application/xml" schematypens="http://relaxng.org/ns/structure/1.0"?>    
    <TEI xmlns="http://www.tei-c.org/ns/1.0" xml:id="d907422">
       <teiHeader>
          <fileDesc>
             <titleStmt>
                <title>Heft 24 (1827)
                </title>
                <author>Anna Maria Preiswerk-Iselin</author>
             </titleStmt>
             <publicationStmt>
                <publisher xml:id="editor">Tagebücher Anna Maria Preiswerk-Iselin Projekt</publisher>
                <pubPlace>Basel</pubPlace>
                <date when="2022-03">March 2021</date>
                <availability>
                   <licence notBefore="2022-03-01" target="http://creativecommons.org/licenses/by-sa/4.0/">
                      <p>[...]</p>
                      <p>This work is licensed under a Creative Commons Attribution-ShareAlike 4.0 International License.</p>
                      <p> You are free to: <list>
                            <item> Share — copy and redistribute the material in any medium or format</item>
                            <item> Adapt — remix, transform, and build upon the material</item>
                         </list>
                      </p>
                      <p> Under the following terms: <list>
                            <item> Attribution — You must give appropriate credit, provide a link to the license, and indicate if changes were made. You
                               may do so in any reasonable manner, but not in any way that suggests the licensor endorses you or your use.</item>
                            <item> ShareAlike — If you remix, transform, or build upon the material, you must distribute your contributions under the same
                               license as the original.</item>
                            <item> No additional restrictions — You may not apply legal terms or technological measures that legally restrict others from
                               doing anything the license permits.</item>
                         </list>
                      </p>
                      <p>The licence was added on March first, 2022.</p>
                   </licence>
                </availability>
             </publicationStmt>
             <sourceDesc>
                <msDesc>
                   <msIdentifier>
                      <settlement>Basel</settlement>
                      <repository>Staatsarchiv</repository>
                      <idno>StABS PA 511 304-03-04</idno>
                      <msName>Heft 12 (1815-1816) - Anna Maria Preiswerk-Iselin </msName>
                   </msIdentifier>
                </msDesc>
    <listPerson><person xml:id="i869649"><persName>Georg Konrad Horst</persName></person><person xml:id="i837099"><persName>Helene Bonhorst-Koechlin</persName></person><person xml:id="i835836"><persName>Susanna Paravicini-Preiswerk</persName></person><person xml:id="i868068"><persName>Sophia Vischer-Preiswerk</persName></person><person xml:id="i869942"><persName>Johann Heinrich Pestalozzi</persName></person><person xml:id="i869164"><persName>Eduard Biber</persName></person><person xml:id="i869860"><persName>Johannes Niederer-Kasthofer</persName></person><person xml:id="i836759"><persName>Anna Maria Burckhardt-La Roche-Preiswerk</persName></person><person xml:id="i869929"><persName>Johann Carl Passavant</persName></person><person xml:id="i867825"><persName>Isaak Iselin-Forcart</persName></person><person xml:id="i835771"><persName>Dietrich Preiswerk-Bischoff</persName></person><person xml:id="i903731"><persName>Isaak Iselin</persName></person><person xml:id="i837033"><persName>Esther Iselin</persName></person><person xml:id="i869202"><persName>Karl Burckhardt-Paravicini</persName></person><person xml:id="i869967"><persName>Elisabeth Charlotte Constanzia von der Recke</persName></person><person xml:id="i835869"><persName>Lux</persName></person><person xml:id="i868141"><persName>Wilhelm Preiswerk</persName></person><person xml:id="i835806"><persName>Susanna Preiswerk-Bischoff </persName></person><person xml:id="i837084"><persName>Helena Iselin-Iselin</persName></person><person xml:id="i868105"><persName>Valerie Wettstein-Iselin</persName></person><person xml:id="i867938"><persName>Niclaus Preiswerk-Iselin</persName></person><person xml:id="i912683"><persName>Amalie Louise von Liebhaber</persName></person><person xml:id="i867913"><persName>Maria Helena Hoffmann-Preiswerk</persName></person><person xml:id="i836507"><persName>Anna Maria von der Mühll-Hoffmann</persName></person><person xml:id="i836526"><persName>Albert Emanuel Hoffmann-Burckhardt</persName></person><person xml:id="i868273"><persName>Emanuel Hoffmann-Eglin</persName></person><person xml:id="i836911"><persName>Dietrich Iselin-Ryhiner</persName></person><person xml:id="i868154"><persName>Wilhelm Vischer-Bilfinger</persName></person><person xml:id="i913686"><persName>Martin Luther</persName></person><person xml:id="i869556"><persName>Johann Gottfried von Herder-Flachsland</persName></person><person xml:id="i869540"><persName>Maria Karoline von Herder-Flachsland</persName></person></listPerson><listObject><object xml:id="i911636" type="book_etc"><objectIdentifier><objectName>Horst: Siona.</objectName></objectIdentifier></object><object xml:id="i873943" type="tag"><objectIdentifier><objectName>Alter(n)</objectName></objectIdentifier></object><object xml:id="i873922" type="tag"><objectIdentifier><objectName>Religion</objectName></objectIdentifier></object><object xml:id="i874029" type="tag"><objectIdentifier><objectName>Rückblick</objectName></objectIdentifier></object><object xml:id="i874436" type="tag"><objectIdentifier><objectName>Über das weibliche Geschlecht</objectName></objectIdentifier></object><object xml:id="i874148" type="tag"><objectIdentifier><objectName>Besuch</objectName></objectIdentifier></object><object xml:id="i910637" type="tag"><objectIdentifier><objectName>Erschöpfung</objectName></objectIdentifier></object><object xml:id="i898746" type="tag"><objectIdentifier><objectName>Schmerz/Krankheit Familie</objectName></objectIdentifier></object><object xml:id="i874895" type="tag"><objectIdentifier><objectName>Mädchenschule?</objectName></objectIdentifier></object><object xml:id="i873831" type="tag"><objectIdentifier><objectName>Selbstzeugnis schreiben</objectName></objectIdentifier></object><object xml:id="i873838" type="tag"><objectIdentifier><objectName>Unbekannte Person</objectName></objectIdentifier></object><object xml:id="i874090" type="tag"><objectIdentifier><objectName>Personenbeschreibung</objectName></objectIdentifier></object><object xml:id="i911686" type="tag"><objectIdentifier><objectName>Der Basler Mission? Oder Missions-Blatt der Rheinischen Missionsgesellschaft?  Evangelisches Missionsmagazin (Basel, 1816–1974) oder Magazin für die neueste Geschichte der evangelischen Missions- und Bibegesellscgaften(Basel, 1818–1856).   </objectName></objectIdentifier></object><object xml:id="i874226" type="tag"><objectIdentifier><objectName>Gedanken zur Gesellschaft</objectName></objectIdentifier></object><object xml:id="i873887" type="tag"><objectIdentifier><objectName>Tod</objectName></objectIdentifier></object><object xml:id="i899128" type="tag"><objectIdentifier><objectName>Krankheit anderer Personen</objectName></objectIdentifier></object><object xml:id="i873852" type="tag"><objectIdentifier><objectName>Brief</objectName></objectIdentifier></object><object xml:id="i911702" type="book_etc"><objectIdentifier><objectName>Biber: Beitrag zur Biographie Heinrich Pestalozzi’s und zur Beleuchtung seiner neuesten Schrift: „Meine Lebensschicksale u.s.f.“</objectName></objectIdentifier></object><object xml:id="i873950" type="tag"><objectIdentifier><objectName>Ereignis</objectName></objectIdentifier></object><object xml:id="i911723" type="book_etc"><objectIdentifier><objectName>Passavant: Untersuchungen über den Lebensmagnetismus und das Hellsehen.</objectName></objectIdentifier></object><object xml:id="i910645" type="tag"><objectIdentifier><objectName>Trübe Stimmung</objectName></objectIdentifier></object><object xml:id="i911754" type="book_etc"><objectIdentifier><objectName>Burckhardt: Geschichte der Baslerischen Gesellschaft zur Beförderung des Guten und Gemeinnützigen während der ersten fünfzig Jahre ihres Bestehens.</objectName></objectIdentifier></object><object xml:id="i874470" type="tag"><objectIdentifier><objectName>Gut St. Apollinaris bei Michelbach</objectName></objectIdentifier></object><object xml:id="i910748" type="tag"><objectIdentifier><objectName>Bauvorhaben</objectName></objectIdentifier></object><object xml:id="i874141" type="tag"><objectIdentifier><objectName>Gedanken über den Tod</objectName></objectIdentifier></object><object xml:id="i911772" type="tag"><objectIdentifier><objectName>Aufsatz wurde 1816 abgedruckt im Jahresbericht</objectName></objectIdentifier></object><object xml:id="i873825" type="tag"><objectIdentifier><objectName>Altersgebrechen</objectName></objectIdentifier></object><object xml:id="i873159" type="tag"><objectIdentifier><objectName>Ortserwähnung</objectName></objectIdentifier></object><object xml:id="i912613" type="book_etc"><objectIdentifier><objectName>Tiedge: Gedichte der Frau Elisa von der Recke, gebornen Reichsgräfin von Medem.</objectName></objectIdentifier></object><object xml:id="i910699" type="tag"><objectIdentifier><objectName>Heiterkeit</objectName></objectIdentifier></object><object xml:id="i874486" type="tag"><objectIdentifier><objectName>Gedanken zur Ehe</objectName></objectIdentifier></object><object xml:id="i899009" type="tag"><objectIdentifier><objectName>Wunsch</objectName></objectIdentifier></object><object xml:id="i875143" type="tag"><objectIdentifier><objectName>Stadt-Land</objectName></objectIdentifier></object><object xml:id="i899265" type="tag"><objectIdentifier><objectName>Umzug</objectName></objectIdentifier></object><object xml:id="i873908" type="tag"><objectIdentifier><objectName>Geschäfte</objectName></objectIdentifier></object><object xml:id="i873964" type="tag"><objectIdentifier><objectName>Selbstkritik</objectName></objectIdentifier></object><object xml:id="i873845" type="tag"><objectIdentifier><objectName>Krankheit</objectName></objectIdentifier></object><object xml:id="i904085" type="tag"><objectIdentifier><objectName>Erbschaft</objectName></objectIdentifier></object><object xml:id="i910686" type="tag"><objectIdentifier><objectName>Sorgen</objectName></objectIdentifier></object><object xml:id="i922841" type="tag"><objectIdentifier><objectName>Übelbefinden</objectName></objectIdentifier></object><object xml:id="i910740" type="tag"><objectIdentifier><objectName>Unnütz/Untätig</objectName></objectIdentifier></object><object xml:id="i903712" type="tag"><objectIdentifier><objectName>Behandlung/Kur</objectName></objectIdentifier></object><object xml:id="i873990" type="tag"><objectIdentifier><objectName>Selbstreflexion</objectName></objectIdentifier></object><object xml:id="i884071" type="tag"><objectIdentifier><objectName>Wetter</objectName></objectIdentifier></object><object xml:id="i910653" type="tag"><objectIdentifier><objectName>Hoffnung</objectName></objectIdentifier></object><object xml:id="i884060" type="book_etc"><objectIdentifier><objectName>Iselin: Über die Geschichte der Menschheit.</objectName></objectIdentifier></object><object xml:id="i873901" type="tag"><objectIdentifier><objectName>Trennung</objectName></objectIdentifier></object><object xml:id="i873957" type="tag"><objectIdentifier><objectName>Freundschaft</objectName></objectIdentifier></object><object xml:id="i873859" type="tag"><objectIdentifier><objectName>Ratschlag an die Kinder</objectName></objectIdentifier></object><object xml:id="i913702" type="book_etc"><objectIdentifier><objectName>Herder: Erinnerungen aus dem Leben Joh. Gottfrieds von Herder.</objectName></objectIdentifier></object><object xml:id="i922800" type="tag"><objectIdentifier><objectName>Einsamkeit</objectName></objectIdentifier></object></listObject>
    </sourceDesc>
      </fileDesc>
      <profileDesc>
         <textClass>
            <!-- vérifier !!! -->
            <catRef scheme="#genre" target="#journal"/>
         </textClass>
         <langUsage>
            <language ident="de">Deutsch</language>
         </langUsage>
      </profileDesc>
   </teiHeader>
       <text><body><div xml:id="d23412196" corresp="d907431" ><head resp="#editor">Tagebucheintrag<date> 17.01.1827 </date></head><pb n="1"/><p>1827 1 17<lb/>„<rs ref="#i911636" type="book_etc">Siona</rs>[?] von <rs ref="#i869649" type="person">Horst</rs> oder Apologetik<lb/>des Christenthums“<lb/>Dieses Buch entzückt mich mehr als noch<lb/>je eines, es entspricht so ganz all meinen<lb/>bessern Gefühlen, es setzt mich auf einen<lb/>hochern festern Standpunkt: es macht mich<lb/>beschämt daß ich in meinem <rs ref="#i873943" type="object">Alter</rs> noch nöthig<lb/>habe meine <rs ref="#i873922" type="object">religiösen Grundsätze</rs> mehr zu<lb/>bevestigen! Aber ist unser ganzes Leben<lb/>nicht ein stätes Streben nach etwas Höcherm<lb/>u Besserm. Es mit aufrichtigem Ernst zu<lb/>suchen, das ist allein unser Thun: u so lange<lb/>wir hienieden wallen, kommen wir nie ans Ziel.<lb/>Gott bringe ich für seine mitgetheilte Gnade<lb/>meinen innigsten Dank.</p></div><div xml:id="d23412199" corresp="d907440" ><head resp="#editor">Tagebucheintrag<date> 18.01.1827 </date></head><pb n="2"/><p>27 1 18<lb/>Wenn ein Wandrer sich einige Rast giebt,<lb/>so blickt er auf den zurückgelegten Weg u<lb/><rs ref="#i874029" type="object">betrachtet</rs> ihn: so auch ich da ich nun einige<lb/>Ruhe habe, frage mich über meine verlebten<lb/>Tage? Dieses letzt verfloßne Jahr war für mich<lb/>der Übergang eines sehr thätigen zu einem minder<lb/>oder anders thätigen Leben; alle Veränderung<lb/>kostet <rs ref="#i873943" type="object">Mühe besonders im Alter</rs>. Auch mühsam, ob<lb/>gleich erwünscht war sie mir: in vergangner<lb/>schlafloser Nachtzeit fragte ich mich, ob meine<lb/>große Thätigkeit gut war? Wie sie entstanden, u<lb/>ob <del>ich</del> recht hatte sie zu üben? Es wohnt in jedes<lb/>Menschen Brust ein Trieb die Fähigkeiten, so ihm<lb/>der Schöpfer eingepflanzt, auszubilden u zu<lb/>benutzen, dieser Trieb ist mit einem Pflicht-<lb/>Gefühl verbunden das zuruft: was dir gege-<lb/>ben ist sollst du gut gebrauchen! So lehrt</p><pb n="3"/><p>uns Christus in dem Beispiel vom vergrabnen<lb/>Talent; so sagt dessen Apostel „wenn du etwas<lb/>Gutes thun kannst und unterlässest es, so<lb/>thust du Sünde.“ Ich darf wohl sagen daß diese<lb/>Grundsätze mich geleitet, mögen sie wohl oft<lb/>auch mit manchen fremden Sauerteig gemischt<lb/>gewesen seyn! Ich glaubte u suchte aus ihnen<lb/>zu handeln: u so darf ich fest hoffen daß Gottes<lb/>Güte mir meine Fehler verzeihe, mich sie<lb/>werde einsehn lassen, u mir zu dem was ich<lb/>noch unternehmen <supplied>werde</supplied>, mit seinem Seegen<lb/>begleiten werde! Daneben ist es dem <rs ref="#i874436" type="object">Weibe<lb/></rs>angebohren alles was ihr in wege kömmt, so viel<lb/>sie’s einsieht, in Ordnung zu setzen u zum Besten<lb/>für sich u Andre zu benutzen: wie manches<lb/>dergleichen kamm mir so vor u trieb mich meine<lb/>Kräfte oft zum Übermaaß anzustrengen.</p></div><div xml:id="d23412202" corresp="d907449" ><head resp="#editor">Tagebucheintrag<date> 20.01.1827 </date></head><p>[20. Januar 1827[</p><pb n="4"/><p>27 1 20<lb/>Ich habe gestern einige <rs ref="#i874148" type="object">Besuche</rs> gemacht,<lb/>u bin davon <rs ref="#i910637" type="object">sehr ermüdet</rs> zurück gekommen: das<lb/>muß ich künftig bleiben lassen u meine wenigen<lb/>Kräfte nur in einem kleinen Kreise zusamen ziehn;<lb/>man glaubt oft den Verwandte Zeichen der Liebe<lb/>geben zu müssen, allein in meinem <rs ref="#i873943" type="object">Alter</rs> ist<lb/>man der aussern Weld so wenig mehr! Nur da<lb/>wo man unsrer bedarf da müssen wir uns<lb/>thätig zeigen. Auch grief mich der <rs ref="#i898746" type="object">leidende Zustand<lb/></rs>meiner Nichte <rs ref="#i837099" type="person">H. K</rs>. tief an, o könnte ich ihr<lb/>Worte des Trostes einflösen! Es ist traurig<lb/>wie bei uns die Leiden des Gemüths so viele<lb/>darnieder drücken! Gewiß sind körperliche<lb/>u geistige Verweichlichung Schuld daran: wie<lb/>schwer ist zu helfen, wie schwer zu hoffen daß<lb/>es bei der künftigen Generation besser werde!<lb/>Kräftigere Erziechung, ungekünsteltere</p><pb n="5"/><p>Nahrung für Körper u Geist, besonders kräfti-<lb/>gere religions Begriffe u ein geschäftigeres<lb/>Leben könnten helfen. Ist einmal das Übel <lb/>eingewurzelt, wie schwer ist dan zu helfen!<lb/>Möchte ich <rs ref="#i874895" type="object">mein Vorhaben</rs> zu Stande bringen,<lb/>es könnte doch ein kleiner Ableiter werden!<lb/>Im Stillen will ich Gott um Kraft bitten, so wie<lb/>um Linderung für die armen Leidenden!<lb/>Auch für dich o L. <rs ref="#i835836" type="person"><rs ref="#i868068" type="person">S</rs></rs>. will ich zu Gott bitten daß<lb/>er deinen Sinn zu dem leite was dir frommen<lb/>wird, möge dein Herz rein, fern von Übermuth,<lb/>gerüstet mit Kraft die Blumen des Lebens<lb/>zu pflücken u den Stich der vielfältigen Dornen<lb/>mit Muth u Hinblick  auf das Ewige zu tragen!</p></div><div xml:id="d23412205" corresp="d907458" ><head resp="#editor">Tagebucheintrag<date> 31.01.1827 </date></head><pb n="5"/><p>27 1 31<lb/>Seit 10 Tagen kam ich <rs ref="#i873831" type="object">nicht zum schreiben</rs>,<rs ref="#i873838" type="object"> Jf. Stähly<lb/><rs ref="#i874148" type="object"></rs>war bei mir</rs>, ihr Hierseyn hat mir mancherlei<lb/>Stoff zum Nachdenken, zu frohen u schmerzlichen</p><pb n="6"/><p>Gefühlen dargebothen: sie selbst machte mir<lb/>Vergnügen, <rs ref="#i874090" type="object">ihr ruhiger ofner Sinn, ihre Talente</rs> [?],<lb/>ihre Lage welche so ganz zu ihrem Wesen paßt,<lb/>ihre Zufriedenheit darüber, dies zusamen<lb/>war mir sehr frohe Erscheinung, um so mehr<lb/>da sie so selten sind! Wie glücklich ist der<lb/>Mensch der durch Thätigkeit u Fleiß sich einen<lb/>Weg bahnt vermittelst desselben er sich u<lb/>den Seinigen nützt u noch zu vieler Andrer<lb/>Wohl beitragt! Ganz andre Gefühle u<lb/>sehr schmerzhafte, verursachte mir die<lb/>[xxx] wie ist es möglich! Ganz anders<lb/>waren meine <rs ref="#i835836" type="person"><rs ref="#i868068" type="person">Töchtern</rs></rs> u die Ihrigen auch meine<lb/>Nichten: das stach sehr ab!<lb/>Wie manches Andre machte mir Mühe u sorgen<lb/>wie kann doch Leidenschaftlichkeit u Eigendünkel<lb/> </p><pb n="7"/><p>verständige Menschen bethören! Wie viel Übels<lb/>thun sie sich u den Ihrigen u ich kann nichts als<lb/>Gott bitten daß er Demuth u Milde ihnen ins<lb/>Herz geben möge!</p></div><div xml:id="d23412208" corresp="d907467" ><head resp="#editor">Tagebucheintrag<date> 01.02.1827 </date></head><pb n="7"/><p>27 2 1<lb/>Schon seit Jahren lese ich die <rs ref="#i873922" type="object">Bibel</rs> mit<lb/>großem Intressen, finde sie das Buch aller <lb/>Bücher <del>ist</del>, fühle daß der Mensch alles darin<lb/>findet was zu seiner wahren Bildung dient,<lb/>daß ich’s nicht immer so fand bedaure ich tief<lb/>u bitte Gott um Vergebung: <rs ref="#i874029" type="object">hoffe</rs> darauf in<lb/>dem ich von Jugend auf mit Fleiß das Gute<lb/>suchte, aber durch erbärmliche Vorstellungen<lb/>der Wahrheiten der Religion, auf der einen<lb/>Seite; durch geistreichen Spott auf der <lb/>Andern, zuweilen irre geführt wurde u<lb/>nur mit Mühe mich aus den Irrwegen heraus<lb/>fand; Gott sey gedankt für die Kraft mich<lb/>heraus zu winden u mich auf den Weg zu führen</p><pb n="8"/><p>wo allein wahre Ruhe zu finden ist.<lb/>Die gegenwärtige Zeit, ob gleich voller Streit<lb/>u Unruhe zwischen Finsterniß u Liecht, giebt<lb/>doch, dem nach Wahrheit strebenden mehr<lb/>Anlas sie zu finden als <del>die</del> (zum Theil) vergangne.<lb/>Mit kindlichem Vertrauen will ich ihr nachstre-<lb/>ben u wahres Christenthum in all mein<lb/>Denken u Thun bringen.</p></div><div xml:id="d23412211" corresp="d907476" ><head resp="#editor">Tagebucheintrag<date> 12.02.1827 </date></head><pb n="8"/><p>27 2 12<lb/>Ich habe eben die 2 letzten Hefte der<rs ref="#i911686" type="object"> Missions-<lb/>blätter</rs> ausgelesen: es macht mir eine ausser-<lb/>ordentliche Freude den guten Erfolg dieser christlichen<lb/>Bemühungen zu sehen; ob ich gleich nicht in allem<lb/>die gleichen <rs ref="#i873922" type="object">religions</rs> Begriffe haben kann,<lb/>so muß ich doch die aufopfernde Beharlichkeit<lb/>mit der diese Missionaire handeln bewundern.<lb/>Daß sie Gutes wollen, u auch Gutes bewirken<lb/>scheint mir unleugbar, denn daß das Christen-<lb/>thum die größte Gabe Gottes sey, u daß der</p><pb n="9"/><p><rs ref="#i874226" type="object">Mensch</rs> der wirklich ein Christ ist, weit glückseeliger<lb/>sey als ein Heide, darüber scheint mir keine Frage<lb/>obwalten zu können: diese Missionaire handeln<lb/>allso in wahren christlichen Sinn, in dem sie die<lb/>edelsten Güter deren der Mensch zu geniesen<lb/>fähig ist, ihren ganz fremden Nebenmenschen,<lb/>mit dahinsetzung eigner Ruhe u Bequemlich-<lb/>keit, austheilen. Ich halte sie für Werkzeuge<lb/>Gottes zum Wohl der Menschheit. Die Verschieden-<lb/>heit ihrer Religionsbegriffe mit den Meinigen<lb/>stören mich nicht ob ich gleich diese nicht nach<lb/>den ihrigen ändern kann, da mein innrer<lb/>Sinn sich dagegen strebt. Zum Beispiel: ich<lb/>bin ganz überzeugt daß der im Heidenthum<lb/>in allen Irrtümern lebende Mensch ein elendes<lb/>Leben führt, daß er durch die Annahme<lb/>des Christenthum eine seligere Existenz erhält,<lb/>daß aber der Heide der 100 Jahre vorher gelebt</p><pb n="10"/><p>u dem Christenthume entfremdet blieb, daß<lb/>dieser von Gott, von der Quelle aller Liebe u<lb/>Gütte, auf ewig verdammt seyn würde. Das<lb/>wiederstreitet empörend meinen Begriffen<lb/>von der Gottheit u scheint mir auch dem Sinne<lb/>des wahren Christenthum entgegen zu seyn.<lb/>Doch so lange wir Menschen sind bleiben wir<lb/>in Irrtümer verstrickt, vieleicht bin ich im<lb/>Irrthum! Wäre es so würde Gott mich darüber<lb/>nicht verdammen dessen bin ich gewiß; so auch<lb/>alle Andern die redlich die Wahrheit suchen.<lb/>Durch verschiedne Mittel, auf verschiednen Wegen<lb/>führt Gott die Menschen zum edlern Seyn: könnten<lb/>nicht eben diese Religionsbegriffe so die Mission[aire]<lb/>nun haben allein geeignet seyn, sie so großmüthig<lb/>handeln zu machen! Könnten auch die Begriffe<lb/>die sie sich vom Christenthume machen, eben die<lb/>geeignetsten seyn, um Eingang in die rohen</p><pb n="11"/><p>Heidenseelen <supplied>Eingang</supplied> zu finden! Wie es auch<lb/>sey Gott sey gedankt für die der Menschheit<lb/>gegebne Wohlthat! Mit Freude soll jeder Gutdenk-<lb/>ende dazu mitwirken.<lb/>Ob nicht diese, mir irrig scheinenden, religions<lb/>Begriffe den Stolz dieser Menschen, durch den<lb/>sie Andre abschrecken, auf eine fatale Weise<lb/>nährt? Einer der edelsten Vorzüge die Gott<lb/>den Sterblichen verliehen, ist der, auf seine<lb/>Mittmenschen zu wirken, ihr Wohl zu befödern<lb/>sie aufzuklären u ihnen erhabnere Gesinnungen<lb/>einzuflösen. Doch jede schöne wirklich fromme<lb/>Seele thut das in ihrem kleinen oder großern<lb/>Cirkel, meist ohne es zu wissen: im großern<lb/>Umfang kann es der Religionslehrer, u<lb/>steht daher auf der schönsten Stelle der Mensch-<lb/>heit, wenn er ist was er seyn soll, aber dan<lb/>wird dankbare Demuth gegen Gott, u nicht<lb/>drückender Übermuth in seiner Seele wohnen.</p></div><div xml:id="d23412214" corresp="d907485" ><head resp="#editor">Tagebucheintrag<date> 20.02.1827 </date></head><pb n="12"/><p>27 2 20<lb/><rs ref="#i869942" type="person">Pestalozzi</rs> ist <rs ref="#i873887" type="object">tod</rs>, – es war zu <rs ref="#i899128" type="object">erwarten<lb/></rs>ja so gar zu wünschen u doch frapierte es<lb/>mich, – ich hätte noch so gerne etwas<lb/>für ihn gethan! Aber in den Verhaltnisen<lb/>in welchen er war konnte es nicht seyn,<lb/>ich hatte gewünscht er wäre vor seinem Ende<lb/>zur Ruhe, Versohnung u Einsicht über seinen<lb/>Irthum gekommen! Allein es geschah nicht:<lb/>im Kampf mit seinen vermeinten Feinden<lb/>verbrachte der Mann seine letzten Tage, im<lb/>Stande des Bewußtseyns wie auch im Fieber-<lb/>traum, er der sein ganzes Leben im Kampf<lb/>gegen Vorurtheil u Schlechtheit hinbrachte,<lb/>zum Wohl der vernachlässigten Menschheit,<lb/>u der nie gegen was Anders hätte kämpfen<lb/>sollen, wurde so in Schlingen verwickelt die ihn<lb/>jämmerlichste Bitterkeit gegen die ihm wohlwollen-<lb/>den Menschen gebracht. O armer Mann wo</p><pb n="13"/><p>ist dein Gottvertrauen, wo dein Selbstbe-<lb/>wußtseyn hingekommen? Mein Herz blutet<lb/>du ein Werckzeug in der Hand Gottes, zur<lb/>Beglückung der Menschheit, du mußtest so<lb/>enden! Nun da dein irdisches Auge geschloßen<lb/>u nicht mehr durch einen trügerischen Schein kann<lb/>verblendet werden, nun wird dein Geistesauge<lb/>helle sehn! Den Irthum hast du schmerzlich gebüßt<lb/>hienieden, der Allmächtige wird dir jenseits<lb/>gnadig seyn u die späte Nachweld wird<lb/>dein Andenken seegnen u Gott für dein Erscheinen<lb/>preisen: gewiß hast du manches junge Herz<lb/>Christus zugeführt u dein ganzes Streben gieng<lb/>dahin.<lb/>Diesen Mittag erhielt ich von <rs ref="#i873838" type="object">Jf. St.<lb/></rs>einen <rs ref="#i873852" type="object">Bf</rs>. worin sie mir Pesta[lozzis] Tod anzeigt, die<lb/>Gefühle so sie dabei ausdrückt sind so schön daß<lb/>ich sie an mein Herz drücken mochte. Zu gleicher<lb/>Zeit empfing ich das <rs ref="#i911702" type="book_etc">Buch</rs> von <rs ref="#i869164" type="person">Biber</rs> über Pestalozzi</p><pb n="14"/><p>ich las mit Wehmuth u Eckel bis zu Seite 38.<lb/>Dan konnte ich’s nicht weiter bringen, mein Innres<lb/>war entpört: u <rs ref="#i869860" type="person">Niedrer</rs> den ich so hoch schätzte,<lb/>Nd. kann mir das Buch zustellen lassen!<lb/>Wie können die Leidenschaften die Menschen bethören,<lb/>wäre meine liebe kleine <rs ref="#i836759" type="person">Marie</rs> nicht dort, ich würde<lb/>ihm gleich die Bitterkeit meiner Gefühle zugeschrieben haben,<lb/>doch ich hoffe Pesta[lozzis] Hinschied wird jetzt mehr wirken<lb/>als mein Schreiben u es wäre hart wenn ich was<lb/>hinzufügte. Ich bin voller Wehmuth! Wohl ist<lb/>bei den Menschen nur theilweise was Gutes<lb/>zu finden. Wo finden wir Ruhe als bei Gott!</p></div><div xml:id="d23412217" corresp="d907494" ><head resp="#editor">Tagebucheintrag<date> 20.03.1827 </date></head><pb n="15"/><p>März d 20<lb/>Heute trete ich mein<rs ref="#i873950" type="object"> 69 Jahr an</rs>. Unter viel-<lb/>fachen Stürmen sind die vielen <rs ref="#i874029" type="object">Jahre dahingeschlichen<lb/></rs>doch wie unendlich viel Gutes wurde mir von Gott <lb/>beschert! Nur auf Augenblicke ward ich von<lb/>ihm verlassen u das leider durch meine Schuld.<lb/>So oft ich ihn suchte ward er mir nahe, auch<lb/>in den schwersten Leiden: auch für diese<lb/>danke ich Gott, denn vieleicht ohne dieselben<lb/>wäre ich ihm weniger nache gekommen, hätte<lb/>ihn nicht so eifrig gesucht. Welche Gnade<lb/>daß ich jetzt am Ende meines Lebens so ruhig<lb/>u in der festen Überzeugung daß Gott<lb/>mir meine Fehler verziehen habe, in die<lb/>Vergangenheit zurück blicken, so voller<lb/>Wonne der Zukunft entgegen sehen kann!<lb/>Gott verleihe daß ich den kleinen Rest meines<lb/>Lebens als eine demüthige Jüngerin Jesu<lb/>mich betragen möge!</p></div><div xml:id="d23412220" corresp="d907503" ><head resp="#editor">Tagebucheintrag<date> 24.03.1827 </date></head><pb n="16"/><p>27 3 24<lb/>Ich lese nun zum 2ten Mal „<rs ref="#i869929" type="person">Passa[vants]</rs> <rs ref="#i911723" type="book_etc">Untersuch-<lb/>ung über den Sonambulisme</rs>[“] u finde sehr<lb/>schöne tröstliche Stellen darin: besonders<lb/>was er über die Geschichte des jungen Heberts<lb/>der im wachen Leben aller Geisteskräfte<lb/>beraubt war, im Sonambule Schlaf aber<lb/>war sein Geist in hellem Bewußtseyn.<lb/>[„]In ihren Folgerungen ist diese Geschichte<lb/>höchst merkwürdig. Sie beweißt durch<lb/>die Erfahrung was schon in der Brust<lb/>eines Jeglich geschrieben steht, daß die<lb/>Natur seines Geistes nicht von seinen Werk-<lb/>zeugen abhängt, daß die Verletzung oder<lb/>Zerstörung eines Organs, durch das unsere<lb/>Seele thätig ist, nur die Äusserung des<lb/>geistigen Vermögens in die Weld der </p><pb n="17"/><p>Erscheinungen aufheben kann, über das Ver-<lb/>mögen selbst aber nichts vermag; sie beweißt<lb/>daß die Seele ohne diese Organe, einer freien<lb/>Thätigkeit geniesen kann u in einem Zustand<lb/>wo sie von ihren Werkzeugen weniger ab-<lb/>hängig ist, gerade desto freier im Genuß<lb/>ihrer höchren Kräfte wird, gleich der Sonne<lb/>die ihre Lichtnatur nicht einbüßt, wenn auch<lb/>der dickste Nebel sie unserm Blick verhüllt,<lb/>u die wenn der Nebel sinkt, nur herrlicher<lb/>leuchtend ihre Stralen verbreitet.“<lb/>„Getröstet können wir dan unsre Brüder<lb/>ansehn deren Geist durch Blodsin oder Stumpfheit<lb/>–[“]</p></div><div xml:id="d23412223" corresp="d907512" ><head resp="#editor">Tagebucheintrag<date> 31.03.1827 </date></head><pb n="18"/><p>27 3 31<lb/>Gestern war das <rs ref="#i873950" type="object">50jährige Juberfest</rs> der,<lb/>durch meinen sel. <rs ref="#i867825" type="person">Vater</rs> gestifteten, wohlthätigen<lb/>Gesellschaft: es war düster um mich, es<lb/>that mir wehe daß keiner Kinder noch<lb/>Enkel sich dabei ausgezeichnet. Mir<lb/>kömmt so lebhaft das Andenken meines<lb/>sel. verstorbnen <rs ref="#i835771" type="person">Sohns</rs> vor, welcher nach<lb/>Kopf u Herz geeignet gewesen wäre<lb/>ein Nachfolger seines <rs ref="#i867825" type="person">GßVaters</rs> zu werden,<lb/>denn aber schwere Verhältniß, eine,<lb/>seinen Anlagen nicht angemessne Bahn<lb/>führte u seinen früher <rs ref="#i874029" type="object">Tod</rs> zuführte! Möge<lb/>ihn die ewige Liebe in einem andern Theil <lb/>seines Reichs einen Wirkungsgreiß an-<lb/>weisen! Mögen von meinen Enkeln die<lb/>Bahn ihres Urvaters wandeln! Von einem<lb/>darf ich’s hoffen, Gott leite <rs ref="#i873838" type="object">ihn</rs> in seinen <lb/>Wegen!</p></div><div xml:id="d23412226" corresp="d907521" ><head resp="#editor">Tagebucheintrag<date> 01.04.1827 </date></head><pb n="19"/><p>27 4 1<lb/>So <rs ref="#i910645" type="object">darniedergeschlagen</rs> ich vorgestern am Jubel-<lb/>tage d – war, besonders da ich meinen <rs ref="#i903731" type="person">Bruder<lb/></rs>auch die l. Sw. <rs ref="#i837033" type="person">Esther</rs> so traurig sah: so wurde ich<lb/>gestern Abend, da ich das <rs ref="#i911754" type="book_etc">Heft</rs>, von H. <rs ref="#i869202" type="person">C. Burkart<lb/></rs>so trefflich ausgearbeitet, zu Ende las fand<lb/>ich Seite 88, 89 mit Achtung des Aufsatzes<lb/>gedacht den ich <rs ref="#i911772" type="object">1816 anonim einschickt</rs>;[5] der<lb/>zur Aufmuntrung zu Frauenvereine verfaßt<lb/>war, u der nicht ohne einige Folgen war, gedacht.<lb/>Soll ich das Vergnügen das ich darüber<lb/>empfand als Eitelkeit tadeln? Doch nicht<lb/>ganz: ich bleibe ja verborgen, warum sollte<lb/>ich mich des bischen Guten, das daraus entstanden<lb/>ist erfreuen! Besonders da es mich in<lb/>meinen Absichten für die Zukunft aufmun-<lb/>tert vor welchen, mein <rs ref="#i873943" type="object">Alter</rs> u meine<lb/>Verhältniße mich oft zurück schrecken, an<lb/>welchen ich aber immer mit Liebe hange u</p><pb n="20"/><p>nach welchen alle mein<supplied>e</supplied> Thun hinstrebt.<lb/>Ich will ja nichts durch mich allein beginnen, will<lb/>nur Jüngere u Tüchtigere, anweisen, aufmun-<lb/>tern: u wenn das nur noch kurze Zeit geschehn<lb/>kann, so würde alles ohne mich fortgehn!<lb/>Warum sollte mir Gott nicht auch in diesem Hilfe<lb/>zuschicken, da er mir in meinem vorläuffigen<lb/>Beginnen so unerwartet zu meinem Zwecke<lb/>führte. Es ist nun ein Jahr daß ich wehmüthig<lb/>über die Trennung von dem l. <rs ref="#i874470" type="object">St. Ap.</rs> hieher zu-<lb/>rück kam, nur die Hoffnung noch was Gutes<lb/>stifften zu können, gab mir einigen Muth.<lb/>Doch dunkel lag alles vor mir, u ich sah gar <lb/>nicht, wo ich mich ansiedeln könnte: statt Hilfe<lb/>fand ich meist Wiederspruch, als ich durch ein<lb/>sonderbares Geschick das erst meiner Landstücke<lb/>zu kauffen bekamm u eben so das Andre das</p><pb n="21"/><p>Andre das sich dazu fügte: bis in 2–3 Monaten<lb/>wird meine Arbeit damit zu Ende seyn, u dan<lb/>will ich wenn Gott mir Kraft u Gesundheit schenkt,<lb/>mit Eifer ans Werk schreiten. Jetzt muß<lb/>ich stille seyn, da Jedermann meinen <rs ref="#i910748" type="object">Bau</rs> schon<lb/>als eine meine Kräffte übersteigende Thor-<lb/>heit ansieht. Ist dan das beseitigt erst<lb/>dan darf ich Vorschläge machen. Erst dan<lb/>mich meines Beginnens freun! Sollten meine<lb/>Pläne scheitern, dan werden meine Absichten<lb/>mich entschädigen u ich werde ruhig meinem<lb/><rs ref="#i874141" type="object">Abschied von der Erde </rs>entgegen sehn. Durch<lb/>mein Streben werde ich meinen Kindern in<lb/>jedem Fall keinen Schaden thun denn von jeher<lb/>hielte ich’s als erste Pflicht mich als sorg<lb/>u sparsame <rs ref="#i874436" type="object">Hausmutter</rs> zu beweisen.<lb/>Was der Himmel mir beschieden sehe ich als ge-<lb/>liehenes Gut an, von dem ich strenge Rechenschaft<lb/>zu geben habe.</p></div><div xml:id="d23412229" corresp="d907530" ><head resp="#editor">Tagebucheintrag<date> 09.04.1827 </date></head><pb n="22"/><p>27 4 9<lb/>Gestern bin ich zum <rs ref="#i873922" type="object">heilg Abendmahl </rs>gegangen<lb/>ich glaube diese h. Handlung, so viel <rs ref="#i873943" type="object">meine Kräffte<lb/></rs>mir erlaubten, mit Würde u zu meiner Besserung<lb/>begangen zu haben. Vom Vortrag im Gebet der<lb/>Kirche vernahm ich meines <rs ref="#i873825" type="object">schwachen Gehörs </rs>wegen<lb/>gar nichts, desto mehr aber durchdrang<lb/>mich was ich bei Hause las. Ich kann ruhig über<lb/>die äussern Angelegenheiten denken, sie aus<lb/>dem Sinne schlagen (zwar noch nicht ganz) doch<lb/>werde ich von ihnen nicht mehr so vielfältig gestört.<lb/>Ich gieng Samstag vor der Kirche durch den<lb/>Kreuzgang über das Grab meines sel. <rs ref="#i867825" type="person">Vaters<lb/></rs>nach der <rs ref="#i873159" type="object">Pfalz</rs>, betrat die Stellen die er so oft<lb/>durch wandelte, sah die <rs ref="#i874029" type="object">Wohnungen</rs> wo ich den größten<lb/>Theil meines Lebens gewohnt, wo ich gebohren,<lb/>meine frohe Kindheit verlebte, wo ich aber auch<lb/>die härtesten Prüffungen überstanden, wo ich</p><pb n="23"/><p>mich des Beistandes Gottes so wunderbar zu erfreuen<lb/>hatte; sah dies alles mit innigster Rührung u<lb/>mit dem Gedanken daß ich es<rs ref="#i874141" type="object"> vieleicht zum letzten<lb/></rs>Mal sehe!<lb/>„Dir dank ich betend Gott der Huld<lb/>Für dieses Lebens Freuden,<lb/>Auch für die Prüffung der Geduld<lb/>Ein Zug zu dir sind Leiden.<lb/>Für Freud u Schmerzen pries[?] ich dich<lb/>So bester Vater möchte mich<lb/>der letzte Schlaf einst finden!<rs ref="#i912613" type="book_etc">“<lb/><rs ref="#i869967" type="person"></rs>Elise von der Recke<lb/></rs></p></div><div xml:id="d23412232" corresp="d907539" ><head resp="#editor">Tagebucheintrag<date> 13.04.1827 </date></head><pb n="23"/><p>27 4 13<lb/>Es ist heute die <del>Feuer [sic] des</del> Todtestag unsers Heilandes:<lb/>am öffentlichen <rs ref="#i873922" type="object">Gottesdienste</rs> kann ich nicht Theil nehmen<lb/>wegen meinem <rs ref="#i873825" type="object">schwachen Gehör</rs> u auch, weil<lb/>ich das Gewirre vieler Menschen gar nicht<lb/>mehr ertragen kann; aber erfreulich ist<lb/>mir das Lesen der Bibel u and[ern] Andachts-</p><pb n="24"/><p>im Stillen, ja ich darf es mit Freuden sagen<lb/>noch nie hat mir die Erhabenheit der christlichen<lb/>Religion so sehr durch drungen als jetzt, noch<lb/>nie mich so <rs ref="#i910699" type="object">erquikt</rs>! Wie herzlich freue ich<lb/>mich der <rs ref="#i874141" type="object">baldigen Ruhe</rs>! Sei es die im Grabe<lb/>oder will mir die Vorsehung noch welche auf<lb/>Erden geben! Ich erwarte ruhig ihren Beschluß.<lb/>Wohl wird u kann die Ruhe hienieden für<lb/>mich nie ungestört seyn, so wohl wegen<lb/>meinen <rs ref="#i873825" type="object">eignen Schwachheiten</rs>, als wegen<lb/>den Verhältnißen in welchen ich lebe: die<lb/><rs ref="#i898746" type="object">schwächliche Gesundheit</rs> meiner <rs ref="#i835836" type="person"><rs ref="#i868068" type="person">Töchtern</rs></rs>, die<lb/><rs ref="#i874486" type="object">Verhältniße</rs> meines <rs ref="#i835869" type="person">Sohns</rs> u dessen <rs ref="#i836759" type="person"><rs ref="#i868141" type="person">Kinder</rs></rs>,<lb/>wie schmerzlich sind sie nicht! Wohl ein treffender<lb/>Beweis daß Wohlhabenheit nicht Glück macht.<lb/>Jetzt stören mich noch die kleinen Plackereien<lb/> </p><pb n="25"/><p>des <rs ref="#i910748" type="object">Bauens</rs>, u der Unzufriedenheit so es bei<lb/>meinem Sohn erregt! Doch die mehrseitigen<lb/>Beweggründe die mich dazu bewogen, sind von<lb/>meinem Gewißen gutgeheissen: meine vielseitigen<lb/>Versuche meinem <rs ref="#i899009" type="object">Wunsch</rs> gemäs bei einer meiner<lb/>Töchtern <rs ref="#i899265" type="object">wohnen</rs> zu können, sind auf verschiedne<lb/>Weise fehlgeschlagen; bei meinem Sohn zu<lb/>wohnen, so sehr ich’s gewünscht hätte, durch<lb/>seine Schuld, wohl ohne sein Wissen, unmöglich<lb/>gemacht. In der <rs ref="#i875143" type="object">Statt</rs> fand ich kein Haus<lb/>nach meinem Geschmack, denn das hätte so ganz<lb/>wie auf dem Lande seyn müssen; nie ist mir<lb/>eines angetragen worden, das die meinen<lb/>mir angerathen hätten. Ich suchte dann ein<lb/>Wohnhaus nahe am Thor das für Sommer u Winter<lb/>tauglich wäre: denn das im Freien leben ist durch<lb/>lange Gewohnheit u durch meine Natur mir</p><pb n="26"/><p>zum Bedürfnis geworden; nur das Zusamen-<lb/>wohnen mit einer meiner Tochtern u deren Familie<lb/>hätte mich entschädigt, doch vieleicht meiner <lb/>Gesundheit nicht zugestanden! Denn Platz habe<lb/>ich in der Gegend gewählt, wo nicht ferne in<lb/>der Statt die einte meiner <rs ref="#i868068" type="person">Töchter</rs> in einem<lb/>eignen Haus, das sie Zeit lebens nicht verlassen<lb/>wird, wohnt; wo die <rs ref="#i835836" type="person">Andre</rs> die zur Miethe<lb/>ist, auch zu wohnen wünsch u sucht, wo meine<lb/><rs ref="#i835806" type="person">Sohnsfrau</rs>, u meine 3 noch lebenden <rs ref="#i837033" type="person"><rs ref="#i837084" type="person"><rs ref="#i868105" type="person">Schwestern<lb/></rs></rs></rs>auch nahe wohnen, wo mein l. <rs ref="#i903731" type="person">Bruder</rs> der<lb/>meine Einsamkeit theilt, am nächsten zu seinen<lb/>Geschäften hat; eine Gegend die ihm u mir von<lb/>den <rs ref="#i874029" type="object">Kinderjahren</rs> noch theuer ist, wo wir<lb/>mit unserm sel. <rs ref="#i867825" type="person">Vater</rs> so oft umher gewandelt,<lb/>dabei ist diese Gegend noch die geeignetste<lb/>wenn mir Gott noch Kräfte u Gesundheit</p><pb n="27"/><p>schenkt, um mein lieblings Projekt auszuführen.<lb/>Das Bauen schreckte mich anfangs sehr,<lb/>allein der Gedanke daß ich bei 30 Jahre<lb/>meist ausser unserm Vaterland gewohnt, fast<lb/>alle meine [unles., überschrieben] dort verzehrt, daß<lb/>auch <rs ref="#i867938" type="person">P.</rs> das meiste seines <rs ref="#i873908" type="object">Erworbnen</rs> im<lb/>Ausland verbraucht, schien mir das Bauen<lb/>beinahe zur Pflicht zu machen u die Beschwerden<lb/>davon zu erleichtern. Nun bin ich schon so weit<lb/>vorgerückt daß ich in 3 Monathen fertig zu<lb/>seyn hoffen kann! Sehr leicht wird es mir dan<lb/>seyn. Auch hoffe ich daß die Ausgaben so<lb/>gar zu groß nicht steigen werden! U will<lb/>mich darüber beruhigen. Was das Land<lb/>anbetrift so hoffe ich es so benutzen zu können<lb/>daß es mir keine Last seyn soll. Wohl schmerzt</p><pb n="28"/><p>die Unzufriedenheit meines Sohns; allein wie<lb/>hätte ichs wohl anfangen sollen um’s ihm recht<lb/>zu machen? Gott weis wie gerne ich alles<lb/>zum Nutzen u zur Zufriedenheit meiner Kinder<lb/>einrichte! Wie gerne ich auch zum Wohl meiner<lb/><rs ref="#i836759" type="person"><rs ref="#i868141" type="person">Großkinder</rs></rs> (den Kd meines Sohn) was beizu-<lb/>tragen wünsche! Auch er wird am Ende<lb/>zufrieden werden! Das bitte ich u hoffe <supplied>es</supplied><lb/>von Gott den ich täglich um seyn Wohlergehn<lb/>anflehe. Diese kleine <rs ref="#i873964" type="object">Rechtfertigung<lb/><rs ref="#i873831" type="object"></rs>schrieb ich zu meiner Beruhigung </rs>nieder,<lb/>u wünsche daß sie einst meinen Kindern zu<lb/>Gesicht kommen möge! An der Aufrichtigkeit<lb/>meiner Gesinnungen werden sie hoffe ich<lb/>nicht zweifeln!</p></div><div xml:id="d23412235" corresp="d907548" ><head resp="#editor">Tagebucheintrag<date> 06.05.1827 </date></head><p>[29|</p><p>27 5 6<lb/><rs ref="#i873159" type="object">Gundeldingen<lb/></rs>Seit 10 Tagen bin ich hier, das einathmen der<lb/><rs ref="#i875143" type="object">freien Landluft</rs>; der Gedanke daß ich nun<lb/>für immer der Statt entflohen, nie mehr in<lb/>die düstern Mauern derselben würde einge-<lb/>schloßen werden, thäten mir so wohl daß all<lb/>meine Geschäffte mit Lust vollbrachte u Gott von<lb/>Herzen dankte: doch befiel mich ein <rs ref="#i873845" type="object">kleines Flußfieber<lb/></rs>das Anfangs eine Krankheit zu werden drohte,<lb/>mir bangte nicht Gott sey Dank weder vor Krank-<lb/>[heit] noch vor dem <rs ref="#i874141" type="object">Tode</rs>! Doch der Gedanke daß meinen<lb/>Kindern durch mein neu <rs ref="#i910748" type="object">Gebäude</rs>, Sorgen u<lb/>Verlurst zustoßen würde: ich flehte zu Gott, u<lb/>mein guter Geist rief mir zu, sey ruhig: wenn<lb/>du das <rs ref="#i874470" type="object">Gut St. Ap.</rs> bis zu deinem Tod behalten<lb/>hättest, so würden deine Kinder mehr <rs ref="#i910686" type="object">Sorgen<lb/></rs>darüber gehabt, u vieleicht mehr darüber<lb/><rs ref="#i904085" type="object">verlohren</rs> haben als das ganze neue Gebäude</p><pb n="30"/><p>kostetet: nun bin ich wieder ruhig u füge<lb/>mich <supplied>ruhig</supplied> in die Beschlüße der Vorsehung.</p></div><div xml:id="d23412238" corresp="d907557" ><head resp="#editor">Tagebucheintrag<date> 21.05.1827 </date></head><pb n="30"/><p>27 5 21<lb/>Ich war 14 Tage <rs ref="#i873943" type="object">unbaßlich</rs> doch dabei heitern Muths<lb/>mir bewiesen meine <rs ref="#i835836" type="person"><rs ref="#i868068" type="person">Töchtern</rs></rs> Zeichen ihrer Liebe,<lb/>das that meinem Herzen wohl, o wenn sie wüßten<lb/>wie empfindlich ich dagegen war! Seit dem<lb/>mir wieder besser ist, finde ich meine Stimmung<lb/>weniger gut, ich fühle ein <rs ref="#i922841" type="object">Misbehagen</rs> u Sehnen<lb/>nach einer <rs ref="#i910740" type="object">wohlthätigen Beschäfftigung</rs>!<lb/>Wegen meiner <rs ref="#i873825" type="object">Schwäche</rs> kann ich nur wenig<lb/>lesen, auch behagt mir nur was sehr kräftiges<lb/>Anders macht mir bald Eckel: doch Gott sey Dank<lb/><rs ref="#i910699" type="object">erquikt</rs> mich immer die <rs ref="#i873922" type="object">Bibel</rs>, auch lese ich<lb/>mit Freuden <rs ref="#i869649" type="person">Horsts</rs> <rs ref="#i911636" type="book_etc">Ap. des Christenthums<lb/></rs>worinnen ich so verschiedenartiges Erhebendes<lb/>finde. So erquikte mich diesen Morgen <lb/>folgendes Gedicht:<lb/>„Wohl dem welcher hier schöpft, aus dem heiligen Borne des Lebens!</p><pb n="31"/><p>Jeglichem Tropfen entströmmt Kraft, die zur Seele sich dränget;<lb/>Nahrung giebt er dem Licht, wie Oehl der zehrenden Flamme,<lb/>daß man erkenne sein Selbst, schauet sein ewiges Ich.<lb/>Schöpfe, Sterblicher, still und sammle der himmlischen Freuden!<lb/>Doch in kein irdisch Gefäß fließet der göttliche Strom<lb/>Darum erhebe den Geist aus des Körpers nichtiger Feßel,<lb/>Nahe dem heiligen Quell still, voll Demuth, u Ernst,<lb/>Zeige genügsam dich dann, wenn Kraft du geschopfet u Wahrheit.“<lb/><rs ref="#i912683" type="person">Amalie Louise v. d. L.<lb/></rs></p></div><div xml:id="d23412241" corresp="d907566" ><head resp="#editor">Tagebucheintrag<date> 23.05.1827 </date></head><pb n="32"/><p>27 5 23<lb/>Ich habe heute eine <rs ref="#i903712" type="object">Aderlässe</rs> thun lassen, in der<lb/>Hoffnung meinen <rs ref="#i873845" type="object">dumpfen Kopf </rs>zu erleichtern; jetzt<lb/>fühle ich noch keine Wirckung u deßwegen setze ich<lb/>mich ans <rs ref="#i873831" type="object">Schreiben</rs> weil das immer das best Mittel<lb/>ist mich <rs ref="#i910699" type="object">aufzuheitern</rs>; doch wie wenig kömmt aus<lb/>meinem öden Kopf! U Klagen über meine<lb/>Lerheit wie langweilig sind diese! Möge mir Gott<lb/>Geduld schenken sie zu tragen u mich herauszuschwingen<lb/>könnte ich nur an etwas <rs ref="#i910740" type="object">nützlichem</rs> arbeiten, wo-<lb/>bei mein Kopf Nahrung u mein Gemüth Befriedigung<lb/>fände! Doch ich will den Muth dazu nicht sinken lassen<lb/>warum hatte der Schöpfer den Trieb dazu in meine<lb/>Seele gelegt wenn er nicht könnte befriedigt werden!<lb/>Ich lasse mich zuviel durch äussere Dinge angreiffen;<lb/>die <rs ref="#i898746" type="object">Schwächlichkeit</rs> meiner T. <rs ref="#i868068" type="person">V.</rs> auch d. <rs ref="#i835836" type="person">Pa</rs>. u der<lb/>lieben Sw <rs ref="#i837033" type="person">Est</rs>, die [xxx] das<lb/>schmerzt mein Gemüth, u das <rs ref="#i910748" type="object">Baugeschäft</rs> belästigt<lb/>meinen Kopf u hintert mich an genügender Beschaftigung</p><pb n="33"/><p>Zwar fühle ich täglich u stündlich wie viel Gutes Gott mir<lb/>schenkt, wie dankbar ich gegen Ihn seyn soll.<lb/>Welche große Gnade ist es, daß <del>ich</del> ruhig an mein <lb/>Ende, mit der festesten Hoffnung einer herrlichen<lb/>Zukunft, denken kann! Wie bald wird die kleine<lb/><rs ref="#i874141" type="object">Strecke Erdenleben überstanden seyn</rs>! Der gleiche<lb/>gnädige Vater der für mich sorgt, wird sich auch<lb/>der l. Meinigen annehmen, sie werden ihn suchen<lb/>u ihn finden u er wird ihre Tage hienieden so kurz<lb/>u so lange dauren lassen als sein heiliger Wille ist,<lb/>in seine Hand befehle ich sie. Jeder Schmerz u jede Freude<lb/>will ich aus Gottes Hand mit Demuth u Geduld annehmen<lb/>u im Glauben stille seyn.</p></div><div xml:id="d23412244" corresp="d907575" ><head resp="#editor">Tagebucheintrag<date> 25.05.1827 </date></head><pb n="33"/><p>27 5 25<lb/>Ich hatte <rs ref="#i910645" type="object">gestern einen Tag</rs> an welchem mich manches<lb/>schmerzte, anders tief kränkte, darüber noch die <rs ref="#i873990" type="object">Unzu-<lb/>friedenheit mit mir selbst</rs>, daß ich nicht alles so auf-<lb/>genommen wie ich sollt, nicht genug christliche Liebe geübt:<lb/>das machte mich unruhig u diesen Morgen war mein</p><pb n="34"/><p>sehr düster u zu nichts tüchtig, ich besorgte meinen Tag<lb/>übel zubringen zu müssen; doch ich strengte mich an<lb/>meine <rs ref="#i873908" type="object">kleinen Geschäfte</rs> zu verrichten u dan ungeachtet<lb/>des <rs ref="#i884071" type="object">schlechten Wetters</rs> ins Freie zu gehen u kam<lb/>genätzt zurück, doch befand ich mich besser u hatte<lb/>den Muth die <rs ref="#i874895" type="object">Papiere über mein Projekt</rs> wieder<lb/>einmal zur Hand zu nehmen; ich sah wie wenig<lb/>meine ersten Vorschläge nun paßen könnten, u<lb/>war darüber verlegen: nun dachte ich wie oft hast<lb/>du den Plan zu deinem <rs ref="#i910748" type="object">neuen Haus </rs>um u wieder um<lb/>arbeiten müssen bis er deinen Absichten entsprach,<lb/>wie oft hast du an der Ausführung verzweifelt!<lb/>U doch habe ich nun die <rs ref="#i910653" type="object">Hoffnung</rs> daß es bald zu<lb/>Stande u gut zu Stande kommen wird: u zum Bauen bin<lb/>ich doch nur mit Mühe, ja durch die Umstände ge-<lb/>gedrungen geschritten. Das Andere ist das Ziel meiner<lb/>langen Wünsche, sollte mir Gott nicht Krafft dazu verleihn,<lb/>Gott lob für den Muth den ich heute habe!</p></div><div xml:id="d23412247" corresp="d907584" ><head resp="#editor">Tagebucheintrag<date> 30.06.1827 </date></head><pb n="35"/><p>27 6 30<lb/>Endlich nehme ich wieder einmal <rs ref="#i873831" type="object">die Feder </rs>in die <lb/>Hand, ich komme so selten zum schreiben nicht weil mir<lb/>die Zeit mangelt sondern weil mein Kopf durch<lb/>die <rs ref="#i910748" type="object">Baugeschäfte</rs> so eingenommen daß er zu keinem<lb/>freien Gedanken aufgelegt ist, daneben zwingt <lb/>mich der Gebrauch der <rs ref="#i903712" type="object">Eselsmilch</rs> zu großer<lb/>Ruhe u Schonung, so daß ich wenig lesen kann u<lb/>ein gar zu maschinenmassiges Leben führen muß;<lb/>es ist mir wahrlich peinlich mich so viel für die<lb/>Erbauung einer irdischen Hütte zu beschäftigen,<lb/>da <rs ref="#i873943" type="object">meine Jahre u meine Schwächlichkeit </rs>mir<lb/>so laut zuruffen, daß ich sie nicht mehr lange<lb/>bewohnen werde. Doch ich darf es sagen,<lb/>mit ruhe u freudiger Sehnsucht gedenke ich<lb/>der bessern Hütte so mir jenseits, bei all den<lb/>Lieben die schon von mir hienieden getrennt wurden,<lb/>bereitet ist; die wenige Zeit u Kräfte die mir<lb/>gewährt sind benutze ich mich dazu vorzubereiten</p><pb n="36"/><p>u suche auch all mein übriges Thun u Denken<lb/>in Übereinstimmung damit zu setzen. Soll ich<lb/>bald dieses <rs ref="#i874141" type="object">Irdische verlassen</rs> so geschied es<lb/>mit Freuden: nur bitte ich Gott mich so scheiden<lb/>zu lassen daß ich den Meinen ein gutes Beispiel<lb/>geben möge u daß ich Ihnen nie keine Last<lb/>werden möchte! Soll ich noch einige Zeit hie-<lb/>nieden verweilen <supplied>so geschehe</supplied> sey es im Wirken<lb/>oder Dulden, so geschehe es auf eine würdige<lb/>Gott gefällige Weise!!</p></div><div xml:id="d23412250" corresp="d907593" ><head resp="#editor">Stimmung<date> 02.07.1827 </date></head><pb n="36"/><p>27 7 2<lb/>Heute hatte ich wieder einen unruhevollen Morgen<lb/>u diesen Mittag bin ich zu <rs ref="#i910637" type="object">wenigem aufgelegt</rs>,<lb/>doch das Andenken an den gestrigen Tag,<lb/>wo die <rs ref="#i910699" type="object">Ruhe mich so aufheiterte</rs>, giebt<lb/>mir frohe <rs ref="#i910653" type="object">Hoffnung</rs> auf die künftige Zeit<lb/>wo ich mich mehr nach meinem Geschmack<lb/>werde beschäftigen können: ich will nun in Geduld<lb/>die Unruhe tragen u meinen Geist von all</p><pb n="37"/><p>dem Gewirre frei zu erhalten suchen u<lb/>vor allem mein Herz fern davon erhalten<lb/>alles in Gedanken an Gott thun der mir so<lb/>unendlich viel gewährt</p></div><div xml:id="d23412253" corresp="d907602" ><head resp="#editor">Tagebucheintrag<date> 03.07.1827 </date></head><pb n="37"/><p>27 7 3<lb/>Als ich gestern aus Mangel einer, meinem<lb/>Geschmack entsprechenden Lecture, <rs ref="#i884060" type="book_etc">die Gesch[ichte] der Mensch[heit]</rs>[1]<lb/>meines sel <rs ref="#i867825" type="person">Vaters</rs> wieder zur Hand nahm, kam<lb/>mir der Anfang etwas trocken vor: nun ich<lb/>aber bis zur 62 Seite kam u bis zur 70 las da war mein<lb/><rs ref="#i910699" type="object">Gemüth erhoben</rs>, es floß eine sanfte Harmonie in meine<lb/>Seele; ich fühlte mich wieder an der Seite dieses edlen<lb/><rs ref="#i874090" type="object">klar sehenden u reinfühlenden Weisen</rs>. Es entzückte<lb/>mich ihn meinen Vater zu nennen! <rs ref="#i873990" type="object">Das Gefühl</rs> seiner<lb/>nicht ganz unwürdig zu seyn u nach meinen schwachen<lb/>Kräften dem Guten nachgestrebt zu haben, die<lb/>Hoffnung daß seyn himmlisches Aug zuweilen mit Wohl-<lb/>gefallen auf mich niederblicke, daß in einer bessern <lb/>Weld ich mich ihm wieder nahen werde, das erquikte</p><pb n="38"/><p>mich. O, oft will ich mir sein Bild in Erinnerung<lb/>bringen!</p></div><div xml:id="d23412256" corresp="d907611" ><head resp="#editor">Zitat<date> 06.07.1827 </date></head><pb n="38"/><p>27 7 6<lb/>Ich lese weiter in d <rs ref="#i884060" type="book_etc">G.d.M.</rs> u finde bis Seite 96 so schöne<lb/>rein<rs ref="#i873922" type="object"> christliche Grundsätze</rs> u sage mir, sollte der nicht<lb/>ein ächter Christ seyn der nach der Anweisung Petr<lb/>Ep. [stimmt so] la v [?] [unles.] Fleiß anwandten darzubringen in<lb/>seinem Glauben Tugend in der Tugend Bescheidenheit<lb/>in der Bescheidenheit Mässigkeit, in der Mässigkeit<lb/>Geduld, in der Geduld Gottseligkeit in der Gottseligkeit<lb/>Bruderlieb in d Bruderliebe allgemeine Liebe“<lb/>Wer hat mehr als er diese Tugenden geübt, u<lb/>das aus wahrem Glauben mit Freudigkeit zu Gott.</p></div><div xml:id="d23412259" corresp="d907620" ><head resp="#editor">Tagebucheintrag<date> 17.07.1827 </date></head><pb n="38"/><p>27 7 17<lb/>Ich habe nun den ersten Band zu ende gelesen mit<lb/>wieder erneuert Seelen vergnügen besonders ent-<lb/>zückten mich, Seite 62–70 .S 81,82. S. 92, 94–96, 106–109<lb/>S. 289. S 321–329. Diese Stellen werden für alle Zeiten<lb/>schön u wahr bleiben: manche Andre waren nur für die<lb/>Zeiten passend in welchen das Werk geschrieben war, manche</p><pb n="39"/><p>manche enthielten Wahrheiten die damals neu,<lb/>nun aber allgemein anerkannt sind, u zu deren<lb/>Anerkennungen gewiß das Werk beigetragen<lb/>hat, u der edle <rs ref="#i867825" type="person">Verfaßer</rs> davon die schönen Früchte<lb/><supplied>davon</supplied> in Ewigkeit einerndten wird.</p></div><div xml:id="d23412262" corresp="d907629" ><head resp="#editor">Tagebucheintrag<date> 02.08.1827 </date></head><pb n="39"/><p>27 8 2<lb/>Vom 22–29 July habe ich im <rs ref="#i873159" type="object">Baade Eptingen</rs>, bei meiner<lb/>Tochter <rs ref="#i868068" type="person">V.</rs> u deren Familie zugebracht: das Vergnügen<lb/>in ihrer Näche zu seyn, die Beweise ihrer Liebe,<lb/>die reine Bergluft, die schöne mir ganz neue<lb/>noch unbekannte Gegend, hat mich gestärkt u<lb/><rs ref="#i910699" type="object">aufgeheitert</rs>: wohl hat mich manches auch ernst<lb/>u düster gemacht, die <rs ref="#i898746" type="object">Beschwerden</rs> der l. T.<lb/><rs ref="#i868068" type="person">V.</rs> das Leiden meiner Tochter <rs ref="#i835836" type="person">P.</rs> das sich immer<lb/>wieder regende Leiden des vor 8 Jahren um diese<lb/>Jahreszeit gemachten <rs ref="#i874141" type="object">harten</rs> <rs ref="#i835771" type="person">Verlurstes</rs>, alles<lb/>das zeigte mir die Unstättheit u Vergänglichkeit<lb/>alles Irdischen u zog meine Gedanken nach oben;<lb/>doch bin ich Gott auch für die geschenkten zeitlichen<lb/>Wohlthaten herzlich dankbar, dankbar daß ich</p><pb n="40"/><p>nun mit neuem Muth u Kräften an meine <rs ref="#i873908" type="object">Geschäf[te]<lb/></rs>gehn u die Hoffnung habe sie bald zu vollenden, u<lb/>dann mit Ruhe an edlere Beschäftigungen werde<lb/>gehen können.</p></div><div xml:id="d23412265" corresp="d907638" ><head resp="#editor">Tagebucheintrag<date> 13.08.1827 </date></head><pb n="40"/><p>27 8 13<lb/>Es ist so manches das mein Herz<rs ref="#i910645" type="object"> bedrückt</rs>, mir<lb/>scheint oft ich sollte mich über nichts auf der Erde<lb/>mehr freuen. Die <rs ref="#i898746" type="object">Schwächlichkeit der Gesundheit<lb/></rs>meiner beiden <rs ref="#i835836" type="person"><rs ref="#i868068" type="person">Tochtern</rs></rs>, die <rs ref="#i874486" type="object">Verhältniße</rs> meines<lb/><rs ref="#i835869" type="person">Sohns</rs> u dessen <rs ref="#i836759" type="person"><rs ref="#i868141" type="person">Kinder</rs></rs>, den Mangel an Liebe<lb/>u Zutrauen! O wie schwer fält mir oft das<lb/>alles! Dan fällt mir des Apostels Ausspruch<lb/>bei „Seyd fröhlich allezeit“ u dan fügt er bei<lb/>„Betet ohne Unterlaß“ Sollte nicht dem der<lb/>Letzteres beobachtet, das Erstere fast immer<lb/>auch möglich seyn! Ich glaube: doch bin ich<lb/>noch nicht ganz dazu gelangt, Gott schenke<lb/>mir Krafft da[z]u! Ich habe mir’s schon oft </p><pb n="41"/><p>gesagt ein grämlicher unzufriedener Mensch<lb/>taugt wenig, ist den Menschen beschwerlich u<lb/>kann Gott nicht gefallen. Warum ist es des<lb/><rs ref="#i873922" type="object">Christen</rs> erste Pflicht dem Nachsten beizustehn<lb/>u wohlzuthun? Darum daß er fröhlich werde<lb/>u seinen Vater im Himmel preiße: u wir denen<lb/>Gott so manches Gute verliehen, in Fall gesetzt<lb/>andern beizustehen, u die uns zugetheilten<lb/>Güter gut anzuwenden, sollten wir nicht die uns<lb/>zugeschickten Leiden in Geduld u im Vertrauen<lb/>daß seine Vatergüte alles zum Besten leiten werde<lb/>ertragen? Gott verleihe mir Krafft dazu.</p></div><div xml:id="d23412268" corresp="d907647" ><head resp="#editor">Tagebucheintrag<date> 14.08.1827 </date></head><pb n="41"/><p>27 8 14<lb/>Als ich gestern beim Schlafengehn meine Prüfung<lb/>hielt, schämte ich mich beinahe daß äussere Umstände<lb/>noch so viel zu meiner <rs ref="#i910699" type="object">Heiterkeit</rs> beitrügen:<lb/>Nachmittag war es <rs ref="#i910645" type="object">düster</rs> in mir, es schmerzte<lb/>mich daß ein Theil meiner Enkel sich so von mir<lb/><rs ref="#i873901" type="object">entfernten</rs>; dan <rs ref="#i874148" type="object">kam</rs> <rs ref="#i867913" type="person">Fr Hof</rs> mit den 3 herrlichen</p><pb n="42"/><p><rs ref="#i836507" type="person"><rs ref="#i836526" type="person"><rs ref="#i868273" type="person">Kindern</rs></rs></rs>, u war so <rs ref="#i873957" type="object">freundschaftlich</rs> als ich nur von ihr<lb/>erwarten konnte, das that mir so wohl!<lb/>Des Abends<rs ref="#i874148" type="object"> traf</rs> ich <rs ref="#i873838" type="object">H. G.</rs> der ein treuer Freund<lb/>meines sel. <rs ref="#i836911" type="person">Bruders</rs> war, ich war unschlüßig ob<lb/>ich ihn ausweichen sollte: er kamm mir aber zuvor<lb/>u war sehr verbindlich: auch das freute mich, u<lb/>des Abends war mein Gemüth wieder so heiter.<lb/>Sollte das eine <rs ref="#i873964" type="object">Schwachheit</rs> seyn? Wenn es eine<lb/>ist, so bin derselben zu beschuldigen, denn ich kann<lb/>es nicht ändern der freundliche Blick eines Menschen,<lb/>eines Kindes, thut mir wohl, das Gegentheil<lb/>aber sehr wehe!</p></div><div xml:id="d23412271" corresp="d907656" ><head resp="#editor">Tagebucheintrag<date> 25.09.1827 </date></head><pb n="42"/><p>27 9 25<lb/>Den 23 August bezog ich <rs ref="#i899265" type="object">meine neue Wohnung</rs>, war<lb/>aber bis dahin in einem Strudel u Gewirre<lb/>von <rs ref="#i873908" type="object">Geschäften</rs> die meine Kräfte beinache über-<lb/>stiegen; doch halt sich meine Gesundheit u ich<lb/>kann Gott nicht genug für die <rs ref="#i910699" type="object">Heiterkeit</rs> meines<lb/>Gemüthes danken, obgleich mich manches Schmerz-</p><pb n="43"/><p>liche traf u mein Herz verwundete so konnte<lb/>ich’s im Vertrauen auf Gott, im G</p></div><div xml:id="d23412274" corresp="d907665" ><head resp="#editor">Sinnspruch<date> 20.10.1827 </date></head><pb n="43"/><p>27 10 20<lb/>Ich werde meinem Enkel <rs ref="#i868154" type="person">Willh Vi.</rs> <rs ref="#i869649" type="person">Horst<lb/><rs ref="#i911636" type="book_etc"></rs>Siona</rs> zum <rs ref="#i873901" type="object">Abschied</rs> geben: ich <rs ref="#i873852" type="object">schreibe</rs> Heut<lb/><rs ref="#i873859" type="object">folgendes dazu</rs>.<lb/>„Möge dein reines Gemüth vor allem Niedren sich wahren,<lb/>Nicht um zeitliches Glück opfern das edelste Guth!<lb/>Bleibe empfänglich für Alles was deine Seele erhebet,<lb/>Stark u bieder für Dich, Andern zum Segen und Wohl!“<lb/>O möchte doch dieser Jüngling das werden<lb/>was ich wünsche u hoffe, möge der Geist<lb/>seines älter <rs ref="#i867825" type="person">Vaters</rs> wieder in ihm aufleben<lb/>u ebenso das Wohl der Menschheit durch ihn<lb/>befödert werden!</p></div><div xml:id="d23412277" corresp="d907674" ><head resp="#editor">Zitat<date> 21.11.1827 </date></head><pb n="44"/><p>27 11 21<lb/>Aus <rs ref="#i913686" type="person">Luthers</rs> Schriften<lb/>„Der Glaube ist Regel Maaß, u Meister der<lb/>Liebe, Oberherr über alle Gaben die wir haben,<lb/>der Glaube ist der Baum, die Werke das Laub<lb/>die Früchte. Den Glauben muß ich hinein u<lb/>hinauf zu Gott bringen, die Werke heraus<lb/>u hernieder zu dem Nächsten, der Glaube<lb/> nimmt von Gott, die Liebe giebt dem Nächsten.<lb/>Der Glaube bringt u giebt dir Christum zu<lb/>eigen mit allen seinen Gütern; die Liebe<lb/>giebt dich dem Nächsten mit allen deinen<lb/>Gütern. Der Glaube empfängt gute Werke<lb/>Christ; die Liebe thut gute Werke dem Nächsten.<lb/>Der Glaube führt den Menschen hinein zu Gott, die<lb/>Liebe führt ihn hinaus zu Gott. Allso treibet der<lb/>Glaube die Liebe, u die Liebe mehret den Glauben<lb/>durch ihn der uns Erben macht aller göttlichen Güter</p><pb n="45"/><p>sind wir Gottes Kinder; aber Götter sind wir<lb/>durch die Liebe<rs ref="#i913702" type="book_etc">“</rs>           <lb/>Welche kräfftige Ansicht<lb/>über den Sinn des Glaubens, wie unrichtig<lb/>wird er meist verstanden u gedeutet! Möge<lb/>dieser Sinn kräf.<lb/>Aus <rs ref="#i869556" type="person">Herders</rs> Leben Seite 189 Bd 2<lb/>„Was das jüdische Volk unter andern Völkern,<lb/>das sind diese Schriften in der menschlichen Litera-<lb/>tur: erlesen, erwahlt von Gott zu göttlichen<lb/>Zwecken. Das Übernatürliche ist Natur in<lb/>höchrer Ordnung, zu der wir keine Gleichung<lb/>kein Mittelglied haben u so w Verstehen wir jetzt<lb/>die Bibel so wenig als die Natur. Sie ist  Ge-<lb/>schichte Gottes von Anfang der Weld bis zu Ende;<lb/>vor dem Ende also verstehen wir sie nicht ganz,<lb/>aber immer mehr je mehr Zeiten hinter uns.<lb/>Und wie für die Naturkenntniß immer neue<lb/>Mittel erscheinen: so auch für die Kenntniß d. H.<lb/>Schrift. Werden wir sie verstehen?</p><pb n="46"/><p>Gewiß! Wenn 7/8 so 8/8 gewiß; jenes ist Bruch,<lb/>Dissonanz; (daher so viel Zweifel;) das Ende wird<lb/>sie lösen! Aber wenn wir sie nicht ganz verstehen?<lb/>so ist eben so als wenn wir die Natur nicht<lb/>ganz verstehen: genug für uns zum Glauben,<lb/>Handeln, Hoffen verstehen wir.<rs ref="#i913702" type="book_etc">“<lb/></rs>Aus Obigem</p></div><div xml:id="d23412280" corresp="d907683" ><head resp="#editor">Zitat<date> 23.11.1827 </date></head><pb n="46"/><p>27 11 23<lb/>Den 26) Immer schien es mir dunkel möglich daß<lb/>unsre Gedanken u Gefühle, ohne sichtbare Wirkung,<lb/>auf andre Menschen, besonders auf uns verwandte<lb/>Seelen einwirken könnten. Ich finde diesen Glauben<lb/>bei sehr aufgeklärten Menschen auch; so zum B.<lb/>bei <rs ref="#i869556" type="person">Herder</rs>; seine <rs ref="#i869540" type="person">Frau</rs> sagt im 2 Theil seiner Lebensbe-<lb/>schreibung Seite 285 „In den ersten Jahren unsrer<lb/>Ehe, da ich meist auf seinem Zimmer war, überraschte<lb/>es uns oft zum Erstaunen, wenn wir ohne vorher<lb/>darüber geredt zu haben, an eine u dieselbe<lb/>Sache gedachten, ähnliche Empfindung u Gefühle hatten.</p><pb n="47"/><p>Zu unsrer größten Freude fühlten wir uns in dem<lb/>Glauben bestärkt, daß ein Reich unsichtbarer<lb/>geistiger Kräffte auf uns wirke: welche Macht<lb/>unsre Gedanken haben: wie innigst verwandt<lb/>unsre Seelen seyen. Auch dieses geheime Band<lb/>Gottes u der Natur <del>u menschlicher Seelen untereinander</del> glaubte er (Herder) fest, u<lb/>machte an sich und andern manche merkwürdige<lb/>Erfahrung darüber.<rs ref="#i913702" type="book_etc">“</rs> Wie sehr der Glaube an<lb/>diese höchere Ordnung der Dinge, dem Menschen<lb/>tröstlich u wohlthuend ist! Dieses fühle ich beson-<lb/>ders jetzt in meiner stillen <rs ref="#i922800" type="object">Einsamkeit</rs>.</p></div><div xml:id="d23412283" corresp="d907692" ><head resp="#editor">Tagebucheintrag<date> 26.11.1827 </date></head><pb n="47"/><p>27 11 26<lb/>Unschlüßig u mit düsterm Kopf nahm ich diesen<lb/>Mittag das <rs ref="#i911686" type="object">Missions Heft 2tes Heft von 1827</rs>,<lb/>über die Südsee Inseln, zur Lectur; ich fand mich<lb/>so erfreut über die Veränderung der Bewohner:<lb/>was waren vor wenig Jahren dieses noch für<lb/>rohe, unsittliche Menschen? Was sind sie jetzt!<lb/>Mich freut am meisten daß unter ihnen selbst<lb/>so viele Lehrer sich bilden; es muß ein kräftiger<lb/>Menschenstamm seyn. Die Bekanntschaft mit</p><pb n="48"/><p>muß eine unbeschreibliche Wohlthat für sie seyn,<lb/>ihr noch unverbildeter Geist wird sie kräftig auf-<lb/>faßen u die Lehren werden Wurzeln faßen u<lb/>Früchte bringen. Mögen die über u schiefgebildeten<lb/>unsrer Zeitgenoßen über Mission u Missionaire<lb/>spotten, Gott vergeb es ihnen! Mir scheinen<lb/>in ihrem Eifer lobenswerth u Ehrenwerth,<lb/>ja Werkzeuge von Gott erkohren, zum Wohl<lb/>der Menschheit. Mit innigster Theilnahme<lb/>bitte ich Gott um Seegen für sie. Hätten sie<lb/>in manchem (wie man sagt) noch unaufgeklärte<lb/>Begriffe? Das will ich nicht entscheiden: aber<lb/>das Gute wollen sie, u so wie sie sind, vieleicht<lb/>am besten geeignet, Werkzeuge zur Bekehr-<lb/>ung unwissender u noch kindischer Menschen<lb/>zu seyn. Welcher Mensch ist ohne Vorurtheil,<lb/>u vieleicht sind die von den schädlichsten befangen<lb/>die sich in stolzem Wahn, ganz </p></div>
       </body></text>
   </TEI>
    