<?xml version="1.0"?>
    <?xml-model href="http://www.tei-c.org/release/xml/tei/custom/schema/relaxng/tei_all.rng" type="application/xml" schematypens="http://relaxng.org/ns/structure/1.0"?>    
    <TEI xmlns="http://www.tei-c.org/ns/1.0" xml:id="d898485">
       <teiHeader>
          <fileDesc>
             <titleStmt>
                <title>Heft 22 (1825-1826)
                </title>
                <author>Anna Maria Preiswerk-Iselin</author>
             </titleStmt>
             <publicationStmt>
                <publisher xml:id="editor">Tagebücher Anna Maria Preiswerk-Iselin Projekt</publisher>
                <pubPlace>Basel</pubPlace>
                <date when="2022-03">March 2021</date>
                <availability>
                   <licence notBefore="2022-03-01" target="http://creativecommons.org/licenses/by-sa/4.0/">
                      <p>[...]</p>
                      <p>This work is licensed under a Creative Commons Attribution-ShareAlike 4.0 International License.</p>
                      <p> You are free to: <list>
                            <item> Share — copy and redistribute the material in any medium or format</item>
                            <item> Adapt — remix, transform, and build upon the material</item>
                         </list>
                      </p>
                      <p> Under the following terms: <list>
                            <item> Attribution — You must give appropriate credit, provide a link to the license, and indicate if changes were made. You
                               may do so in any reasonable manner, but not in any way that suggests the licensor endorses you or your use.</item>
                            <item> ShareAlike — If you remix, transform, or build upon the material, you must distribute your contributions under the same
                               license as the original.</item>
                            <item> No additional restrictions — You may not apply legal terms or technological measures that legally restrict others from
                               doing anything the license permits.</item>
                         </list>
                      </p>
                      <p>The licence was added on March first, 2022.</p>
                   </licence>
                </availability>
             </publicationStmt>
             <sourceDesc>
                <msDesc>
                   <msIdentifier>
                      <settlement>Basel</settlement>
                      <repository>Staatsarchiv</repository>
                      <idno>StABS PA 511 304-03-04</idno>
                      <msName>Heft 12 (1815-1816) - Anna Maria Preiswerk-Iselin </msName>
                   </msIdentifier>
                </msDesc>
    <listPerson><person xml:id="i837033"><persName>Esther Iselin</persName></person><person xml:id="i835836"><persName>Susanna Paravicini-Preiswerk</persName></person><person xml:id="i835852"><persName>Rudolf Paravicini-Preiswerk</persName></person><person xml:id="i836705"><persName>Adelheid Iselin</persName></person><person xml:id="i868056"><persName>Sophia Thurneysen-Paravicini</persName></person><person xml:id="i869675"><persName>Johann Paul Friedrich Richter</persName></person><person xml:id="i868141"><persName>Wilhelm Preiswerk</persName></person><person xml:id="i836791"><persName>Anna Maria Preiswerk</persName></person><person xml:id="i835869"><persName>Lux</persName></person><person xml:id="i836841"><persName>Benedict Vischer-Preiswerk</persName></person><person xml:id="i868068"><persName>Sophia Vischer-Preiswerk</persName></person><person xml:id="i835806"><persName>Susanna Preiswerk-Bischoff </persName></person><person xml:id="i835771"><persName>Dietrich Preiswerk-Bischoff</persName></person><person xml:id="i868044"><persName>Sophia Geigy-Preiswerk</persName></person><person xml:id="i868031"><persName>Sophia Burckhardt-Vischer</persName></person><person xml:id="i868154"><persName>Wilhelm Vischer-Bilfinger</persName></person><person xml:id="i836718"><persName>Adele Sarasin-Vischer</persName></person><person xml:id="i906529"><persName>Johann Jakob Hess</persName></person><person xml:id="i906546"><persName>Johann Heinrich Kaufmann</persName></person></listPerson><listObject><object xml:id="i873922" type="tag"><objectIdentifier><objectName>Religion</objectName></objectIdentifier></object><object xml:id="i874029" type="tag"><objectIdentifier><objectName>Rückblick</objectName></objectIdentifier></object><object xml:id="i873943" type="tag"><objectIdentifier><objectName>Alter(n)</objectName></objectIdentifier></object><object xml:id="i874436" type="tag"><objectIdentifier><objectName>Über das weibliche Geschlecht</objectName></objectIdentifier></object><object xml:id="i873990" type="tag"><objectIdentifier><objectName>Selbstreflexion</objectName></objectIdentifier></object><object xml:id="i874148" type="tag"><objectIdentifier><objectName>Besuch</objectName></objectIdentifier></object><object xml:id="i873159" type="tag"><objectIdentifier><objectName>Ortserwähnung</objectName></objectIdentifier></object><object xml:id="i873908" type="tag"><objectIdentifier><objectName>Geschäfte</objectName></objectIdentifier></object><object xml:id="i874895" type="tag"><objectIdentifier><objectName>Mädchenschule?</objectName></objectIdentifier></object><object xml:id="i874470" type="tag"><objectIdentifier><objectName>Gut St. Apollinaris bei Michelbach</objectName></objectIdentifier></object><object xml:id="i873825" type="tag"><objectIdentifier><objectName>Altersgebrechen</objectName></objectIdentifier></object><object xml:id="i873838" type="tag"><objectIdentifier><objectName>Unbekannte Person</objectName></objectIdentifier></object><object xml:id="i874077" type="tag"><objectIdentifier><objectName>Tätigkeiten</objectName></objectIdentifier></object><object xml:id="i899265" type="tag"><objectIdentifier><objectName>Umzug</objectName></objectIdentifier></object><object xml:id="i874141" type="tag"><objectIdentifier><objectName>Gedanken über den Tod</objectName></objectIdentifier></object><object xml:id="i922909" type="tag"><objectIdentifier><objectName>Ruhe</objectName></objectIdentifier></object><object xml:id="i910740" type="tag"><objectIdentifier><objectName>Unnütz/Untätig</objectName></objectIdentifier></object><object xml:id="i898746" type="tag"><objectIdentifier><objectName>Schmerz/Krankheit Familie</objectName></objectIdentifier></object><object xml:id="i899128" type="tag"><objectIdentifier><objectName>Krankheit anderer Personen</objectName></objectIdentifier></object><object xml:id="i873845" type="tag"><objectIdentifier><objectName>Krankheit</objectName></objectIdentifier></object><object xml:id="i904085" type="tag"><objectIdentifier><objectName>Erbschaft</objectName></objectIdentifier></object><object xml:id="i910645" type="tag"><objectIdentifier><objectName>Trübe Stimmung</objectName></objectIdentifier></object><object xml:id="i906310" type="book_etc"><objectIdentifier><objectName>Richter: Dämmerung für Deutschland.</objectName></objectIdentifier></object><object xml:id="i910699" type="tag"><objectIdentifier><objectName>Heiterkeit</objectName></objectIdentifier></object><object xml:id="i873831" type="tag"><objectIdentifier><objectName>Selbstzeugnis schreiben</objectName></objectIdentifier></object><object xml:id="i873950" type="tag"><objectIdentifier><objectName>Ereignis</objectName></objectIdentifier></object><object xml:id="i873901" type="tag"><objectIdentifier><objectName>Trennung</objectName></objectIdentifier></object><object xml:id="i874045" type="tag"><objectIdentifier><objectName>Gedanken zur Erziehung</objectName></objectIdentifier></object><object xml:id="i873894" type="tag"><objectIdentifier><objectName>Allgemeine Stimmung</objectName></objectIdentifier></object><object xml:id="i874226" type="tag"><objectIdentifier><objectName>Gedanken zur Gesellschaft</objectName></objectIdentifier></object><object xml:id="i899009" type="tag"><objectIdentifier><objectName>Wunsch</objectName></objectIdentifier></object><object xml:id="i874090" type="tag"><objectIdentifier><objectName>Personenbeschreibung</objectName></objectIdentifier></object><object xml:id="i899058" type="tag"><objectIdentifier><objectName>Alter(n) anderer Personen</objectName></objectIdentifier></object><object xml:id="i922784" type="tag"><objectIdentifier><objectName>Unruhe</objectName></objectIdentifier></object><object xml:id="i906464" type="book_etc"><objectIdentifier><objectName> Lavater: Handbibel für Leidende.</objectName></objectIdentifier></object><object xml:id="i884071" type="tag"><objectIdentifier><objectName>Wetter</objectName></objectIdentifier></object><object xml:id="i873964" type="tag"><objectIdentifier><objectName>Selbstkritik</objectName></objectIdentifier></object><object xml:id="i906518" type="book_etc"><objectIdentifier><objectName>Hess: Kern der Lehre vom Reiche Gottes.</objectName></objectIdentifier></object><object xml:id="i906560" type="book_etc"><objectIdentifier><objectName>Morgenblatt für Gebildete 297.</objectName></objectIdentifier></object><object xml:id="i906571" type="book_etc"><objectIdentifier><objectName> Richard: Briefe aus Columbien.</objectName></objectIdentifier></object></listObject>
    </sourceDesc>
      </fileDesc>
      <profileDesc>
         <textClass>
            <!-- vérifier !!! -->
            <catRef scheme="#genre" target="#journal"/>
         </textClass>
         <langUsage>
            <language ident="de">Deutsch</language>
         </langUsage>
      </profileDesc>
   </teiHeader>
       <text><body><div xml:id="d23405830" corresp="d898494" ><head resp="#editor">Tagebucheintrag<date> XX.XX.1825 </date></head><pb n="3"/><p>[xxx] aller Mühe mich bestrebt habe, ich halte sie mit den<lb/>erhabnen Vorschriften der christlichen <rs ref="#i873922" type="object">Religion</rs> im<lb/>Einklang, und habe sie in einem langen, dornenvollen<lb/>Lebenspfade erprobt gefunden, sie haben mich in<lb/>harten Stunden wo alles um mich zu wanken schien<lb/>unterstützt u aufgerichtet; jetzt lassen sie mich<lb/>ruhig, ja freudig, auf die <rs ref="#i874029" type="object">Vergangenheit</rs>, u mit<lb/>wonnevollen Hoffnungen auf die Zukunft sehen.<lb/>Ich glaube mein ganzes Thun u Streben hat gezeigt<lb/>daß ich von ganzem Herzen für die Meinigen besorgt<lb/>war, keine Mühe scheute ihnen gefällig zu seyn,<lb/>für ihr Wohl, auch für ihre Annehmlichkeiten zu sorgen:<lb/>aber alles in Übereinstimmung mit meinen<lb/>Grundsätzen. Mag die Weld meine Denkungs-<lb/>art als die eines <rs ref="#i873943" type="object">alten</rs> <rs ref="#i874436" type="object">grämlichen Weibes</rs> ansehen,<lb/>ich tröste mich: thun es die Meinen so schmerzt es<lb/>mich tief, aber ändert nichts daran. Wenn ich mir<lb/>was vorzuwerfen <del> habe</del>, so ist es gewiß eher zu viele</p><pb n="4"/><p>Schonung Andrer Meinung als zu hartes Aussprechen<lb/>der Meinen. Gott bitte ich mir beizustehn u mir<lb/>zu zeigen was ich thun soll u wo ich<rs ref="#i873990" type="object"> gefehlt habe</rs>!</p></div><div xml:id="d23405831" corresp="d898502" ><head resp="#editor">Tagebucheintrag<date> 25.08.1825 </date></head><pb n="4"/><p>25 8 25    <lb/>Ich habe nun <rs ref="#i874148" type="object">3 Tage in <rs ref="#i873159" type="object">Basel</rs></rs> zugebracht u war mit<lb/>der Stimmung all der Meinigen wohl zufrieden: ich<lb/>hoffe alle Bitterkeit über meine Äusserungen<lb/>sey vergeßen u nicht ohne gute Wirkung gewesen!<lb/>Wegen dem Projekt des <rs ref="#i873908" type="object">Hausekauffes</rs> wäre nun<lb/>alles im Reinen, u ich auch sehr zufrieden wenn<lb/>es geschehe, wiewohl es mir immer Müche macht<lb/>dadurch an der Ausführung meines lieblings<lb/><rs ref="#i874895" type="object">Vorhaben</rs> gestört zu werden: doch wie kann<lb/>ich an die Ausführung denken; da ich nicht dazu<lb/>komme das <rs ref="#i874470" type="object">Guth</rs> zu verkauffen, da mein Alter<lb/>nun auf 67 Jahre gestiegen, da meine <rs ref="#i873825" type="object">Gebrech-<lb/>lichkeiten</rs>, besonders das Übelhören zunehmen, was<lb/>kann ich noch auf meine Kräfte bauen!!<lb/>Und soll ich nicht darauf bedacht seyn mich für<lb/>[xxx]</p><pb n="9"/><p>Kräfte die er mir verleiht meine Geschäfte noch<lb/>mit so viel Leichtigkeit zu vollbringen u noch mit<lb/>frohem Genuß zwischenher mich mit Lectur erholen<lb/>zu können. Letzers ist eine nothwendigkeit für<lb/>meine Existenz, denn fehlt es mir, so ist alles in<lb/>mir gelähmt.<lb/>Nun habe ich die Hoffnung auch meine Schwst. <rs ref="#i837033" type="person">Est</rs>.<lb/>wieder zu sehen o möchte sie u die <rs ref="#i873838" type="object">Cousine</rs> für<lb/>die die gute Swst so viel gethan, gesund zurück<lb/>kehren! Wie manches schwebt darüber in meiner<lb/>Einbildung!</p></div><div xml:id="d23405832" corresp="d898510" ><head resp="#editor">Tagebucheintrag<date> 07.09.1825 </date></head><pb n="9"/><p>25 9 7 <lb/>Ich <rs ref="#i874077" type="object">beschäftige</rs> mich zum Theil sehr gern, aber nur<lb/>in so fern daß was ich thue zu einem vernünftigen<lb/><del>Zweck</del> hinreicht: doch ist <rs ref="#i922909" type="object">Ruhe</rs> u stilles Nachdenken meine<lb/>liebste Erhohlung. Obgleich mich eines Theils die<lb/>(vieleicht) vorhabenden <rs ref="#i899265" type="object">Veränderungen</rs> für meine<lb/>Wohnung u. d. g. mich beschafftigen u intressieren, u ich</p><pb n="10"/><p>mir noch Kräffte u Geschick zutraue sie zu bewerk-<lb/>stelligen: doch zuweilen dan ergreift mich eine<lb/>Art Eckel darüber, ich fühle daß mir die meisten<lb/>Freuden dieser Erde so <rs ref="#i910740" type="object">nichtig</rs> sind mein Gemüth<lb/>lebt mehr in der Vergangenheit, mehr bei denen<lb/>so das Schicksal von mir gerißen, an welchen meine<lb/>Seele hieng, mehr in den Zeiten wo ich für mein fühl-<lb/>bares Herz noch mehr Befriedigung hoffte, wo<lb/>ich mir schmeichelte daß mein Streben noch was<lb/>Gutes bewirken könnte: zwar bleiben mir hie-<lb/>nieden noch Theure für die mein Herz warm schlägt<lb/>allein wie oft wird das schöne Verhältniß gestört!<lb/>Wie oft entfernt die Verschiedenheit der Ansichten,<lb/>andre Verbindungen u And.! Wie oft wird das<lb/>arme Herz verwundet! Den ach wie empfindlich<lb/>schmerzt es, die so man innigst liebt die so<lb/>man als Stützen im <rs ref="#i873943" type="object">Alter</rs>, als starke gesunde</p><pb n="11"/><p>Bäume, beim <rs ref="#i874141" type="object">Ausgang</rs> aus dieser Weld, zurück<lb/>zu lassen hoffte, mit u neben sich dahin welken<lb/>zu sehn! O könnt ich mit meiner Gesundheit mit<lb/>meinen Kräfften die ihrigen erkauffen, wie gerne<lb/>verließe ich diese Erde! Doch es sinke nicht<lb/>mein Muth, er kämpfe u stehe vest so lang es<lb/>dem Himmel gefällt. Früher od später sammelt<lb/>der gütige Vater uns alle wieder zusammen<lb/>wo man reiner sich liebt, wo kein Misgeschick stört.</p></div><div xml:id="d23405833" corresp="d898518" ><head resp="#editor">Tagebucheintrag<date> 16.09.1825 </date></head><pb n="11"/><p>25 9 16<lb/>Gestern fuhr ich in die Statt um meine <rs ref="#i873838" type="object">Schwester</rs> zu <rs ref="#i874148" type="object">besuchen<lb/></rs>kommen: aber wie sehr wurde mir die Freude des<lb/>Wiedersehns verbittert! Ich fand meine Tochter <rs ref="#i835836" type="person">P</rs>.<lb/><rs ref="#i898746" type="object">schwer krank</rs> u alle Freude war dahin. Des Abends<lb/>fand sie der <rs ref="#i873838" type="object">Arzt</rs> wieder besser, u ich hoffe es sey<lb/>nur ein übergehender Anfall, Gott gebe es!<lb/>Die arme wird so schnell von Allem gereitzt u <rs ref="#i899128" type="object">sammelt<lb/>Galle</rs>, die dann so zerstörend losbricht: u doch<lb/>kann man ihr nicht alles Wiedrige abwenden</p><pb n="12"/><p>u darf es auch nicht: möge sie sich von dem<lb/>harten Anfall erholen u Gott ihr Gelassenheit<lb/>schenken! H <rs ref="#i835852" type="person">P.</rs> sprach dan von <rs ref="#i873908" type="object">wegen des Hauses<lb/></rs>mit mir: man will 100 £ [?] mehr als er geben will,<lb/>ich war nicht gestimmt mich damit zu befaßen, auch<lb/>er nicht: diesen Morgen dachte ich darüber u werde<lb/>in dem Entschluß bestärkt daß ich nicht zum Weiter-<lb/>anbieten rathen kann: so sehr mich die Sache freute,<lb/>so schreckt mich doch oft der Gedanke, daß wenn<lb/><rs ref="#i874141" type="object">ich sterben sollte</rs> <supplied>bis</supplied> ehe ich die <rs ref="#i899265" type="object">Behausung</rs> in Ord[nung]<lb/>gebracht u bewohnbar zum ausleichen gemacht,<lb/>ich ihnen dan eine Last aufbürden würde die<lb/>ihnen Mühe machen könnte! Wir sollen die Sache<lb/>so bewenden lassen u dem Schicksal die Entscheidung<lb/>anheim stellen!<lb/>Meine L. Swst. <rs ref="#i837033" type="person">Est</rs> fand ich besser u muntrer als<lb/>ich besorgte auch die Nte. <rs ref="#i836705" type="person">Ad</rs>. Möchte ich nur<lb/>die Freude geniesen können, die <rs ref="#i873838" type="object">l Sst</rs>. für einige<lb/>Zeit bei mir zu haben!</p></div><div xml:id="d23405834" corresp="d898526" ><head resp="#editor">Tagebucheintrag<date> 20.09.1825 </date></head><pb n="13"/><p>25 9 20<lb/>Samstag fuhr ich wieder in die <rs ref="#i873159" type="object">Statt</rs> um meine <rs ref="#i835836" type="person">Tochter<lb/></rs>zu <rs ref="#i874148" type="object">besuchen</rs>: ich fand sie etwas besser, aber noch<lb/>sehr <rs ref="#i898746" type="object">mat u darniedergeschlagen</rs>, so daß ich mit<lb/><rs ref="#i873825" type="object">meinem schwachen Gehör</rs> ihre leisen Worte nicht<lb/>verstehen konnte, auch deswegen nicht bei ihr seyn konnte,<lb/>welches mir natürlich schmerzlich fiel. Der <rs ref="#i873838" type="object">Arzt<lb/></rs>glaubt ihr Übel kämme von <rs ref="#i873845" type="object">Verhartungen in der Leber<lb/>u der Galle her;</rs> durch Abführung derselben sey die<lb/>Krankheit vermindert u nicht mehr gefahrlich:<lb/>doch stecke die Ursache der Krankheit u des öftren<lb/>Leidens sehr tief u werde schwer gänzlich zu heben seyn.<lb/>Auch das war schmerzlich für mich, besonders da es<lb/>mit meinen Bemerkungen u dem Urtheil des Dtr <rs ref="#i873838" type="object">F.<lb/></rs>ganz übereinstimmt. Eine düstre Wolke übernebelte<lb/>mich u zeigte mir alles um mich her in <rs ref="#i910645" type="object">finstrer<lb/></rs>Farbe. Nur im stillen Hingeben an Gott, u in der Aussicht<lb/>dieses veränderlichen <rs ref="#i874141" type="object">Erdenlebens</rs> bald enthoben zu seyn<lb/>fand ich Ruhe. Die Kinder fand ich sehr gerührt jedes<lb/>nach ihrem alter äusserst besorgt u achtsam; die l. <rs ref="#i868056" type="person">S.<lb/></rs></p><pb n="14"/><p>sorgt pünktlich für alles u bedarf keiner Hilfe.<lb/>H. <rs ref="#i835852" type="person">P.</rs> fand ich düster herumstreichend: dies führte<lb/>mich dan auf den Gedanken, wenn wenn er seine<lb/>Frau verlieren sollte wie trüb würde ihm seine<lb/>liebliche aber einsame Wohnung seyn! U dan noch<lb/>wenn er durch den <rs ref="#i873908" type="object">Kauff derselben</rs>,  u der Ver-<lb/>pflichtung gegen mich sie so lang ich lebte sie nicht<lb/>zu verkauffen gebunden wäre, wie jämmerlich!<lb/>Zwar würde ich wohl einen solchen Schlag nicht lange<lb/>überleben! Aber sollte meine Tochter auch<lb/>nur kurze Zeit <del>vor mir</del> sterben, so müßte er seinen Kindern<lb/>ein Theil des <rs ref="#i904085" type="object">Vermögens</rs> übergeben, u was ich ihnen<lb/>hinterliese kämme an die Kinder u nicht an ihn.<lb/>Ich hielt mich verpflichtet ihm so leise als möglich<lb/>einen Theil meiner Betrachtungen, welche ihn dan<lb/>auf das ganze führen können, mitzutheilen:<lb/>er nahm es gut auf u versprach mir mit seinem<lb/>[xxx]</p><pb n="17"/><p>Habe ich wohlgethan, od wars mütterliche Verzärtlung<lb/>Selbtauschung! Doch gewiß thut mir die Entsagung<lb/>meines Vorhabens wehe, denn ich glaube ich würde<lb/>glücklicher bei der Ausführung desselben seyn<lb/>als bei aller Ruhe, u den schonsten Umgebungen<lb/>u Bequemlichkeiten. Wäre vieleicht nicht das<lb/>eine mit dem Andern zu verbinden? So mir<lb/>Gott noch Gesundheit u Kräffte schenkt, wird sichs<lb/>zeigen!</p></div><div xml:id="d23405835" corresp="d898534" ><head resp="#editor">Tagebucheintrag<date> 22.09.1825 </date></head><pb n="17"/><p>25 9 22<lb/>Seit ein pr Tagen habe ich wieder etwas mehr <lb/>Kräfte u <rs ref="#i910699" type="object">Heiterkeit</rs>. Ich durchlese wieder <rs ref="#i869675" type="person">J.P.<lb/></rs>„<rs ref="#i906310" type="book_etc">Dämmerung für Deutschland</rs>“ u finde, nebst wohl<lb/>zuweilen was dunkelm, herrliche Stellen darin<lb/>z.B. was er Seite 23 über Christus sagt: mir thut es<lb/>so wohl dieser Abglanz der Gottheit den ich über alles<lb/>ehre auf eine so würdige Weise geschildert zu sehn.<lb/>Hier kann mein ganzes Herz beistimmen: nicht so bei<lb/>den meisten Vorstellungen welche unsre <rs ref="#i873922" type="object">Theologen</rs> uns<lb/>von ihm machen. da verengt sich sein Inners dort erweitert es sich</p></div><div xml:id="d23405836" corresp="d898542" ><head resp="#editor">Tagebucheintrag<date> 18.11.1825 </date></head><pb n="18"/><p>25 11 18<lb/>Schon gar zu lange bin ich von meinen<rs ref="#i873831" type="object"> L Blättern<lb/></rs>entfernt geblieben: die vielen <rs ref="#i873908" type="object">Geschäfte</rs> des Spatjahrs                                      <lb/>auf dem <rs ref="#i874470" type="object">Gut</rs>, die Entfernung von Jf.<rs ref="#i873838" type="object"> St.</rs> das <rs ref="#i874148" type="object">bei mir<lb/></rs>seyn des kleinen<rs ref="#i868141" type="person"> W.</rs> nahmen zusamen all meine Zeit u<lb/>Kräffte in Anspruch. Doch Gott sey Dank ich konnte alles<lb/>mit Heiterkeit vollbringen! Die Gegenwart u<lb/>auch Hilfe meiner l. Swst. <rs ref="#i837033" type="person">Esther</rs>, thaten meinem<lb/>Herzen so wohl. Auch genoß ich die Schönheiten<lb/>der Natur u meines schönen Guthes, auch freute<lb/>ich mich das kleine Denkmal aufs Grab meiner<lb/>geliebten <rs ref="#i836791" type="person">Tochter</rs> noch beinahe fertig zu sehen.<lb/>Mein Wunsch dies fertig zu wissen war mir ein Beweis<lb/>einer Ahndung daß ich mich bald von dem schönen<lb/>Eigenthum würde <rs ref="#i874141" type="object">trennen</rs> müssen: doch Gott<lb/>sey Dank ich konnte mit ruhiger Ergebung<lb/>alles betrachten u Gott danken für den langen<lb/>Genuß. Soll ich Euch ihr schönen Umgebungen<lb/>euch herrlichen Bäume <supplied>auch</supplied> die ihr die stillen<lb/>Gefährten meiner Wehmuth u Sorgen, meiner</p><pb n="19"/><p><rs ref="#i874029" type="object">Leiden u Freuden </rs>waret, auch nicht grünend wie-<lb/>der sehen, so werdet ihr in meiner Erinnerung<lb/>fort dauern u die stillen Stunden mir versüssen,<lb/>bis der Wille Gottes mich zum seligen ungestörten<lb/>Genuß abrufft, wo statt stummen Zeugen meiner<lb/>Gefühle, sich mein Geist mit andern selligen Geistern,<lb/>mit den Geliebt meiner Seele wiedervereinigen<lb/>wird! Diese frohe Hoffnung kann mir jeden Erden<lb/>Verlurst ertragen, ruhig ertragen machen!</p></div><div xml:id="d23405837" corresp="d898550" ><head resp="#editor">Tagebucheintrag<date> 19.11.1825 </date></head><pb n="19"/><p>25 11 19<lb/>Gestern Abend war mein <rs ref="#i835869" type="person">Sohn</rs> u meine <rs ref="#i835852" type="person"><rs ref="#i836841" type="person">Tochtermanner<lb/><rs ref="#i874148" type="object"></rs></rs>hier</rs> um über den <rs ref="#i873908" type="object">Verkauff</rs> des <rs ref="#i874470" type="object">Guths</rs> zu berathen.<lb/>Es geschah alles in der schönsten Übereinstimmung<lb/>u zu meiner Befriedigung. Heute soll die Unter-<lb/>suchung der Schriften u all fortgeführt werden.<lb/>Zum Theil kömmt es mir unschicklich da ich mir<lb/>vorgenommen habe zur Communion zu gehen;<lb/>doch ich hoffe dieses Geschäft soll meine Andacht<lb/>nicht stören, und diese soll mir Krafft verleihn,<lb/> </p><pb n="20"/><p>mich in diesem für mich etwas schmerzliche Geschäft<lb/>ruhig u würdiglich zu benehmen!</p></div><div xml:id="d23405838" corresp="d898558" ><head resp="#editor">Tagebucheintrag<date> 21.11.1825 </date></head><pb n="20"/><p>25 11 21<lb/>Ich glaube meinem Entschluß getreu geblieben<lb/>zu seyn u Gestern das Abendmahl nicht unwürdig<lb/>genoßen zu haben! Zwar konnte ich nichts er-<lb/>bauliches lesen denn ich war äusserst <rs ref="#i873825" type="object">matt</rs>;<lb/>doch konnte ich meine Gedanken dankbar u<lb/>freudig zu Gott erheben, ruhig sehe ich der<lb/>Zukunft entgegen u erwarte was mir noch<lb/>zu thun, zu leiden, u zu geniesen <supplied>haben</supplied> bevorsteht.<lb/>Die <rs ref="#i873950" type="object">Eröffnung</rs> so mir T. <rs ref="#i835836" type="person">P.</rs> gemacht, war mir<lb/>sehr angenehm, in dem er ihr u den Ihrigen Wünschen<lb/>entspricht, u auch meinen Zwecken nicht entgegen<lb/>ist.</p></div><div xml:id="d23405839" corresp="d898566" ><head resp="#editor">Tagebucheintrag<date> 30.11.1825 </date></head><pb n="20"/><p>25 11 30<lb/>Ermattet durch das <rs ref="#i898746" type="object">nicht wohlseyn</rs> des kleinen <rs ref="#i868141" type="person">W</rs>.<lb/>bin ich zu wenigem als dem Nöthigsten gekommen<lb/>der Kleine verursacht mir Mühe u Sorgen, u doch</p><pb n="21"/><p>wird seyne <rs ref="#i873901" type="object">Entfernung</rs> mir auch schmerzlich seyn;<lb/>sein <rs ref="#i835869" type="person">Vater</rs> will ihn zurück: Gott gebe daß es<lb/>gut für ihn sey! <rs ref="#i874045" type="object">Mir bangt darauf</rs>.<lb/>Nun ist der <rs ref="#i873908" type="object">Verkauff des lieben <rs ref="#i874470" type="object">St. Apl.</rs></rs> so viel<lb/>als geschloßen: das versetzt mich in eine ganz<lb/>andre Lage. Die <rs ref="#i899265" type="object">Trennung</rs> fällt mir schwer, doch<lb/>der Gedanke, ich habe recht gethan, macht mir<lb/>die Bezwingung zur Pflicht u die Hoffnung meine<lb/>Kräfften noch nützlich anwenden zu können versüsst<lb/>mir die Aufopfrung. <rs ref="#i874029" type="object">Im Geist </rs>werde ich noch<lb/>oft in deinen lieblichen Gefilden wandeln mich der<lb/>Freuden, ja auch der Sorgen die ich dort hatte,<lb/>erfreuen: sie waren beide nicht vergeblich, sie<lb/>haben meinen Geist u mein Gemüth gebildet u<lb/>werden mir nicht unnütz seyn, auch wenn <del>ich</del> gleich von<lb/><rs ref="#i874141" type="object">dieser Erde abgeruffen</rs> würde. Bei Anlas dieses</p><pb n="22"/><p>Verkauffs habe ich wieder eine Probe der<lb/>edlen Denkungsart meines Tochtermanns H.<rs ref="#i836841" type="person"> V.</rs> gehabt.<lb/>Gott sey gedankt daß meine l. <rs ref="#i868068" type="person">Tochter</rs> einem so gutdenkenden<lb/>Manne verbunden ist! Es versüßt ihr ihre Leiden<lb/>u Beschwerden. Die Stimmung all der Meinigen<lb/>haben mich bei diesem Anlaß sehr befriedigd, möge<lb/>nur immer Friede u Eintracht unter ihnen bleiben!<lb/>Auch in der Rücksicht macht es mir leicht daß das<lb/>Gut verkaufft ist. Ich kann nun <rs ref="#i873894" type="object">sorgenfreier<lb/></rs>leben u sterben.</p></div><div xml:id="d23405840" corresp="d898574" ><head resp="#editor">Tagebucheintrag<date> 13.12.1825 </date></head><pb n="22"/><p>25 12 13<lb/><rs ref="#i910645" type="object">Trüb</rs> u umfangen ist mein Kopf seit einiger Zeit.<lb/>Die Ursache kann ich nicht bestimmen: ich glaube es<lb/>sey von etwas zu vieler Anstrengung. Über den<lb/><rs ref="#i873908" type="object">Verkauff</rs> des <rs ref="#i874470" type="object">Guths</rs> quäle ich mich nicht, ich bin<lb/>froh daß es geschehn ist: u doch schaudre mirs oft<lb/>unwillkührlich. Ich bin froh meine Schuldigkeit gethan</p><pb n="23"/><p>zu haben u hoffe Gott werde mir Krafft verleihn<lb/>mich standhaft in alles zu fügen! Er hat mir ja<lb/>die Krafft verliehn mich in unvergleichbar herbere<lb/>Verlurste zu fügen! Auch jetzt wird er mich leiten.<lb/>Stille will ich seinen Wincken folgen, meiner Kräfte<lb/>prüfen, mich nicht durch Menschenfurcht abschrecken<lb/>lassen. Für mich allein kann ich nichts unternehmen,<lb/>ich muß allso theilnehmende Personen suchen sie<lb/>aufmuntern: gelingt es mir so will ich mein Bischen<lb/>Kräffte u können noch anstrengen u in froher<lb/>Thätigkeit das Ende meiner Bahn hienieden vollbringen.<lb/>Wills der Himmel nicht gelingen lassen, so kann ich mich<lb/>dan getrost der oft ersehnten Ruhe weihen.<lb/>Warum meine so gutmüthige T. <rs ref="#i868068" type="person">V.</rs> sich so sehr dagegen<lb/>(nehmlich gegen mein <rs ref="#i874895" type="object">Projekt</rs>) sträubt begreife ich<lb/>nicht! Ich muß mich ofen mit ihr erklären. Wie<lb/>es die <rs ref="#i835836" type="person">Para</rs>. aufnimmt muß ich auch sehn. Ich bin</p><pb n="24"/><p>so gerne der l. T. gefällig, aber wo es gegen meine<lb/>innere Überzeugung geht, da glaube ich nicht<lb/>nachgeben zu sollen. Der Himmel hat mich mit weit<lb/>mehr Gütern begabt als ich für mich gebrauche;<lb/>ersparren u aufhäuffen mag u soll ich nicht!<lb/><rs ref="#i874226" type="object">Großthun</rs> war nie meine Sache, u schickt sich<lb/>nicht für mein <rs ref="#i873943" type="object">Alter</rs>; Wohlthaten u Allmosen<lb/>aus spenden ist wohl schön, aber wie selten<lb/>ist man überzeugt daß Gutes daraus ent-<lb/>stehe! Doch auch das kann geschehn wo es am<lb/>Platz ist, u doch wird mir wenn ich auch einen<lb/>guten Theil meiner Zinse zurück lege, noch für<lb/>mein Vorhaben ein Artiges über bleiben, was<lb/>ich denn auf eine Art anwendete wo ich die Überzeugung<lb/>hatte daß Gutes unter Gottes Seegen, daraus entstehen</p><pb n="25"/><p>würde. Der Mensch ist nicht nur sein Vermögen,<lb/>er ist auch seine Kräffte seinem Nebenmenschen<lb/>schuldig. Ob mir die Thätigkeit die ich<lb/>mir in <rs ref="#i874470" type="object">St. Ap.</rs>, meist aus Pflichtgefühl, auch aus<lb/>Vergnügen meine Kräfften zu üben, angewöhnt<lb/>habe, ganz zum Bedürfniß geworden, ganz nach<lb/>meinem Geschmack sey? Nur zum Theil, denn<lb/>wenn ich bedenke wie sauer sie mir anfangs<lb/>ankamen, wie lange ich mich dagegen sträubte,<lb/>so kann ichs nur bejaen: daß sie meiner<lb/>Gesundheit zuträglich war, daß ich ohne sie vieleicht<lb/>schon lange ins bessere Leben gegangen wäre<lb/>das bin ich überzeugt. Ob ich sie künfitg, ohne<lb/>irgend einen wohlthätigen Zweck fortsetzen möchte<lb/>das glaube ich nicht: meine frühern lieblings Neigungen<lb/>werden das Übergewicht wieder erhalten.</p><p>   </p></div><div xml:id="d23405841" corresp="d898582" ><head resp="#editor">Tagebucheintrag<date> 04.12.1825 </date></head><pb n="26"/><p>25 12 4<lb/>Ich <rs ref="#i874148" type="object">besuchte</rs> Gestern die vom Schicksal so sehr<lb/>bedrängte Fr Pf.<rs ref="#i873838" type="object"> Ru</rs> [?], ich freute mich sie so wie<lb/>auch ihr <rs ref="#i899128" type="object">kranker </rs>verstümmelter Sohn, so heiter<lb/>u vergnügt zu sehen! Gott sey Dank daß ich<lb/>noch etwas zu ihrer Erleichterung beitragen<lb/>konnte; dank denen die mich dazu aufmunterten.<lb/>Ich muß heute noch sehen Fr.<rs ref="#i835806" type="person"> P.</rs> dazu anzuregen,<lb/>sie thut es gewiß gerne nur muß man sie<lb/>weisen: o gewiß hätte mein <rs ref="#i835771" type="person">Sohn</rs> sel. hier gerne<lb/>gespendet u wer setzte die Fr. in die Lage<lb/>so reichlich geben zu können als der liebe Geschiedne!</p></div><div xml:id="d23405842" corresp="d898590" ><head resp="#editor">Tagebucheintrag<date> 30.12.1825 </date></head><pb n="26"/><p>25 12 30<lb/>Ich befand mich diese Zeit über angegriffen<lb/>u <rs ref="#i910645" type="object">düster</rs>, Körper u Geist waren leidend:<lb/>die <rs ref="#i873901" type="object">Trennung</rs> von dem l. <rs ref="#i868141" type="person">Kleinen</rs> that mir auf<lb/>vielfache Weise wehe; wie wird er besorgt –<lb/>wie in <rs ref="#i874045" type="object">moralischer Hinsicht</rs> behandelt werden!<lb/>Möge Gott seinem <rs ref="#i835869" type="person">Vater</rs> seinen guten Geist<lb/>einflösen!</p></div><div xml:id="d23405843" corresp="d898598" ><head resp="#editor">Tagebucheintrag<date> 31.12.1825 </date></head><pb n="27"/><p>25 12 31<lb/><rs ref="#i874029" type="object">Wieder ein Jahr dahin</rs>, werde ich einen künftigen<lb/><rs ref="#i874141" type="object">lezten Jahrestag erleben</rs>? Wie es Gott gefällt!<lb/>Ich bin auf alles bereit ich freue mich einer<lb/>selgen Zukunft u hoffe sie vest von Gottes Güte!<lb/>Soll ich noch länger hier verweilen so bitte ich um<lb/>die Krafft mich über alles Wiedrige hinaus<lb/>zu setzen u mit Geduld u Demuth, dankbar<lb/>u mit Heiterkeit für die Zukunft zu leben!</p></div><div xml:id="d23405844" corresp="d898606" ><head resp="#editor">Tagebucheintrag<date> 05.01.1826 </date></head><pb n="27"/><p>26 1 5<lb/>Die <rs ref="#i873901" type="object">Trennung</rs> von St. <rs ref="#i874470" type="object">Ap</rs>. fält mir noch immer schwer<lb/>zum Theil ist es Angewöhnung welche mir auch die<lb/>anfangs <supplied>leicht</supplied> schwer fallenden Besorgungen<lb/>endlich leicht machten u mir die überstandne<lb/>Mühe mit innrer Befriedigung lohnten; dan<lb/>ist es die mir angebohrne Anhänglichkeit<lb/>an liegendem Eigenthum: welcher Unterschied an<lb/><rs ref="#i873908" type="object">Vermogen an Geld, u an Vermögen an Liegen-<lb/>schaften</rs>! Hier liegen mir die Gaben Gottes vor<lb/>Augen, stimmen meine Seele zur Dankbarkeit</p><pb n="28"/><p>gewähren mir Gelegenheit meine Verstandeskräffte<lb/>auszuüben, lassen mich frei Natur u Menschen kennen,<lb/>führen mich nächer zu Gott. Diese Eigenheit,<lb/>ich möchte wohl sagen Unverdorbenheit meines<lb/>Geschmaks kann ich weder tadeln noch unterdrücken;<lb/>aber wie sehr steht sie im Wiederspruch mit<lb/>den Ansichten der lieben Meinigen! Wie kann<lb/>ich meinen <rs ref="#i899009" type="object">Wunsch</rs> ihnen gefällig <del>zu</del> seyn mit<lb/><rs ref="#i873990" type="object">meiner eignen Neigung</rs> u Überzeugung in Ein-<lb/>klang bringen?</p></div><div xml:id="d23405845" corresp="d898614" ><head resp="#editor">Tagebucheintrag<date> 09.01.1826 </date></head><pb n="28"/><p>26 1 9<lb/>Es ist ein sonderbarer <rs ref="#i873894" type="object">Streit von Gefühlen<lb/></rs>in meinem Innern, so wohl in Betracht des<lb/>Guths St.<rs ref="#i874470" type="object"> Apl</rs>. als besonders in Rücksichts<lb/>des kleinen <rs ref="#i868141" type="person">W</rs>. den ich wieder einige Tage<lb/><rs ref="#i874148" type="object">bei mir hatte</rs>, u der so ungerne von mir weg<lb/>gieng: die <rs ref="#i874090" type="object">Anhänglichkeit</rs> dieses Kindes u die<lb/><rs ref="#i874045" type="object">Besorgnis daß er bei Hause nicht gut behandelt<lb/></rs></p><pb n="29"/><p>od vielmehr geleitet werde, macht mich<lb/>wünschen ihn bei mir zu haben! Allein die<lb/><rs ref="#i874090" type="object">unglückliche Stimung </rs>meines <rs ref="#i835869" type="person">Sohns</rs>, seine<lb/>Ängstlichkeit sein Mistrauen; und dan mein<lb/><rs ref="#i873943" type="object">Alter</rs>, <rs ref="#i873825" type="object">Schwächlichkeit</rs>, das Bedürfnis, die<lb/>Besorgnis gegen den Jungen zu nachgiebig zu<lb/>seyn! ist mit meinem Wunsch im Wiederspruch.<lb/>Möge Gott die Umstande leiten daß daraus<lb/>entstehe was für das Kind gut ist!</p><p>Nun wieder auf meine Betrachtung vom 5ten<lb/>zurück: Was soll ich mit dem <rs ref="#i873908" type="object">Erlös</rs> von<lb/>St. Apol anfangen? Ihn meinen Kindern<lb/>um den <rs ref="#i904085" type="object">Zins</rs> überlassen wäre wohl das<lb/>kürzeste u bequemste für mich! Doch ist es<lb/>als ob sie’s nicht gerne so wollten u als ob ich<lb/>ihnen Dank dafür schuldig wäre! Wäre ich<lb/>jünger u bei mehrern Kräfften wie viel lieber</p><pb n="30"/><p>wollte ich liegende Güter dafür kauffen,<lb/>besonders wenn ich hoffen könnte daß dieselben<lb/>bei meiner Familie bleiben könnten! Aber wie<lb/>wenig kann ich das! Ich will den jetzigen<lb/>Zeitgeist nicht, nach der Gewohnheit fast aller<lb/><rs ref="#i899058" type="object">alten Leute</rs>, schelten, ich sehe so vieles darin<lb/>das <supplied>vor</supplied>  dem Alten vorzuziehen ist: aber<lb/>doch ist die jetzige <rs ref="#i874226" type="object">Weld</rs> nur darauf bedacht<lb/><supplied>was</supplied> zu suchen was bequem ist u keine<lb/>Mühe u Anstrengung erfodert; u dann was<lb/>Geld einbringt. Mir scheint der Stand der<lb/>wünschenswerthesten welcher die Kräfften<lb/>im Menschen am schönsten ausbildet u am<lb/>Meisten in Anspruch nimmt. Eine Sache die<lb/>viele Mühe u Thätigkeit erfoderte ehe sie<lb/>zu Stande kam, wird mehr Freude gewähren</p><pb n="31"/><p>als die so ohne dieselbe hervor gebracht <lb/>worden ist: so wird der Künstler der<lb/>mit der größten Anstrengung seiner edelsten<lb/>Kräffte ein Kunstwerk hervorgebracht hat,<lb/>unendlich mehr Befriedigung davon haben, als<lb/>Spieler so durch Glück od feine Räncke sich ein<lb/>großes Vermögen ereworben; wenn Erstrer<lb/>sich <supplied>schon</supplied> kaum den nöthigsten Unterhalt dabei<lb/>erworben hat. Zwischen diesen beiden angeführten<lb/>Beispielen sind unendlich viele Abstuffungen;<lb/>unter welchem sich auch der Landeigenthümer<lb/>befindet der mit Lust u Liebe seinen Stand umfaßt<lb/>u der erfreut über die Verschönerung von Gottes<lb/>lieber Erde sich mit dem begnügt was sie ihm<lb/>beschert u durch den Einfluß der schönen Natur<lb/>in sittlicher Rücksicht sich erheben muß.<lb/>Besonders scheint mir diese Beschäftigung für<lb/>alte Leute welche der Weld müde sind geeignet</p><pb n="32"/><p>zu seyn! Könnte ich nur mein lieblings <rs ref="#i874895" type="object">Vorhaben<lb/></rs>ausführen!</p></div><div xml:id="d23405846" corresp="d898622" ><head resp="#editor">Tagebucheintrag<date> 13.01.1826 </date></head><pb n="32"/><p>26 1 13<lb/>Das <rs ref="#i874895" type="object">Obiges</rs> zu Stande kommen könnte, habe ich<lb/>heute 2 kleine Hoffnungsscheine erhalten; erstlich<lb/>daß <supplied>ich</supplied> die dazu geignete Liegenschaft um den<lb/>mir vorgesetzten Preiß könnte zu haben seyn.<lb/>U dann daß meine Absicht nicht allgemein miß-<lb/>billigt werden würde. Doch wie ferne liegt noch<lb/>alles, <rs ref="#i874141" type="object">vieleicht lege ich mich schlafen</rs> ehe was<lb/>zu Stande kömmt! Doch wie es Gott gefallt;<lb/>nur will ich nicht rasten bis die Nacht für<lb/>diese Weld für mich kömmt: nach der ewigen<lb/>Ruhe sehnt sich mein viel geprüftes ermattetes<lb/>Herz.<lb/> </p></div><div xml:id="d23405847" corresp="d898630" ><head resp="#editor">Tagebucheintrag<date> 14.01.1826 </date></head><pb n="32"/><p>26 1 14<lb/>Mein Herz ist beengt wenn ich an den kleinen <rs ref="#i868141" type="person">W</rs>.<lb/>denke: es liegt so vieles,<rs ref="#i874045" type="object"> so vielerlei in dem Kind</rs>.<lb/>Nun trit seine schlime Seite hervor, da er ungern<lb/>wieder zu seinem <rs ref="#i835869" type="person">Vater</rs> gieng, ist er nun im</p><pb n="33"/><p>höchsten Grade <rs ref="#i874090" type="object">störisch</rs>, das erbittert den V.<lb/>u macht das Übel ärger! Mit vieler Herzlichkeit<lb/>u bedachter Strenge sollte das Kind behandelt<lb/>werden; Ersters mangelt zum Theil beim V.<lb/>Letztere weiß ich nicht genug anzuwenden:<lb/>schwer ist zu helfen!</p></div><div xml:id="d23405848" corresp="d898638" ><head resp="#editor">Tagebucheintrag<date> 17.01.1826 </date></head><pb n="33"/><p>26 1 17<lb/>Ich denke nun mit Eifer an mein <rs ref="#i874895" type="object">Vorhaben<lb/></rs>u trachte mein Beginen mit dem reinsten christlichen<lb/>Sinne einzurichten; ich muß trachten meinen<lb/><rs ref="#i873922" type="object">Glauben</rs>, mein Vertrauen zu Gott, u auch zu<lb/>den Menschen zu stärken: Ersters soll Letzers<lb/>hoffe ich bewirken. <rs ref="#i873990" type="object">Thue ich wohl</rs> daß ich<lb/>gegen die Meinen <del>mich</del> noch nicht mehr darüber<lb/>äussere? <supplied>ich glaube</supplied> Einstweilen glaube ich<lb/>ja, bis ich erforscht ob ich die <rs ref="#i873908" type="object">Liegenschaft</rs>, so<lb/>wie ich wünschte, haben könnte. Allein nicht<lb/>nur mein Zutrauen gegen die Menschen, sondern<lb/>auch das Ihrige gegen mich sollte statt haben.</p><pb n="34"/><p>Wie steht es mit diesen?!! Habe ich durch<lb/>meine Besorgung des <rs ref="#i874470" type="object">Guths</rs> u mein ganzes<lb/>Benehmen mir nicht ein wenig Anspruch darauf<lb/>erworben! Doch wie verschieden sind die<lb/>Ansichten der Menschen! Auch <rs ref="#i873990" type="object">bilde ich mir<lb/></rs>vieleicht zu viel darauf ein u trüge mich<lb/>selbst!</p></div><div xml:id="d23405849" corresp="d898646" ><head resp="#editor">Tagebucheintrag<date> 19.01.1826 </date></head><pb n="34"/><p>26 1 19<lb/>Warum <rs ref="#i922784" type="object">genügt</rs> mir nicht wie <rs ref="#i874226" type="object">Andern</rs>, ein<lb/>ruhiges gemächliches Leben? Aus mehrern<lb/><rs ref="#i874029" type="object">Ursachen</rs>: erstlich hat mein Geist nicht ganz<lb/>die gleichen Bedürfniße, wie verschieden sind<lb/>die nicht vom Schicksal ausgetheilt! Dann<lb/>haben die vielfältig erlittnen <rs ref="#i898746" type="object">Unglücksfälle<lb/></rs>meinem Gemüth eine besondere Richtung gege-<lb/>ben, mich für die meisten Vergnügungen u<lb/>Zerstreuungen des Lebens gleichgültig gemacht,<lb/>endlich haben die sonderbaren, oft dringend pein-<lb/>lichen Verhältniße in welchen ich herum geschleu-<lb/>dert wurde, mein ganzes Wesen zu einer</p><pb n="35"/><p>besondern Thätigkeit angespornt, nicht ganz<lb/>meiner Neigung, sondern den Umständen<lb/>gemäs mußte ich thätig seyn: nun ist’s mir’s<lb/>zur Gewohnheit geworden: ich habe manche<lb/>lieblings Beschäftigung aus Pflichtgefühl dar-<lb/>über aufgeopfert; aus <rs ref="#i873943" type="object">Alter</rs> u Mangel an<lb/>Gewohnheit kann ich nicht mehr ganz zu ihnen <lb/>zurückkehren. Gleiches macht mich auch <rs ref="#i873825" type="object">unfähig<lb/></rs>für die Gesellschaft zu taugen. Und doch fühle<lb/>ich noch Kräffte in mir die in Thätigkeit gesetzt<lb/>werden wollen; kann ich sie auf eine bessre<lb/>Art als durch Ausführung meines <rs ref="#i874895" type="object">Planes<lb/></rs>ausführen?</p></div><div xml:id="d23405850" corresp="d898654" ><head resp="#editor">Tagebucheintrag<date> 02.03.1826 </date></head><pb n="35"/><p>26 3 2      <lb/>Ich habe eine <rs ref="#i922784" type="object">unruhige</rs> Zeit zugebracht, mir<lb/>ist schon lange nicht ganz wohl, so daß mir<lb/>alles schwerer fällt: die <rs ref="#i873901" type="object">Trennung</rs> von St. <rs ref="#i874470" type="object">Ap</rs>.<lb/>kostet mich mehr als Recht ist, viele, sehr<lb/>harte Überwindung! Doch ich habe Gott sey Dank</p><pb n="36"/><p>nichts zu <supplied>überwinden</supplied> bereuen, ich glaube<lb/>meine Schuldigkeit gethan zu haben u das wird<lb/>mir immer Beruhigung geben. Die Wahl<lb/>eines schicklichen <rs ref="#i873908" type="object">Aufenthalts</rs> für den Sommer<lb/>hat mir den Kopf sehr eingenommen: hätte ich<lb/>nicht allein auf <supplied>auf</supplied> mich Rücksicht genommen<lb/>sondern auch auf das Gutfinden meiner<lb/>Kinder gesehen, so wäre meine Wahl schon lange<lb/>geschehn: leider kann ichs nicht allen nach <rs ref="#i899009" type="object">Wunsch<lb/></rs>machen! Nun aber habe ich gewählt u ich<lb/>hoffe die Unzufriedenheit meines <rs ref="#i835869" type="person">Sohns</rs> werde<lb/>sich bald legen! Ich habe nichts Glänzendes<lb/>erkohren u hoffe mich doch bequem u auch für <lb/><rs ref="#i899265" type="object">die Meinigen angenehm einrichten zu können</rs>!<lb/>Auch die Ruhe u Stille dort <del>zu</del> finden, nach denen<lb/>sich meine Seele sehnt. Ungeachtet meiner <lb/>Sorgen war ich doch die Zeit über innerlich</p><pb n="37"/><p>ruhig u traute vest auf Gottes Beistand.</p></div><div xml:id="d23405851" corresp="d898662" ><head resp="#editor">Zitat<date> 06.03.1826 </date></head><pb n="37"/><p>26 3 6<lb/>Für mich ist wohl keine äussere Ruhe <supplied>für</supplied> hiennieden<lb/>zu finden, ich habe gestern einen <rs ref="#i874029" type="object">herben Tag</rs> durch-<lb/>lebt, davon ich heute noch hart angefochten bin, doch<lb/>Gott sey Dank ich kann innerlich <rs ref="#i922909" type="object">ruhig</rs> seyn u bethen<lb/>mit Lus[t] „<rs ref="#i906464" type="book_etc">Seligkeit ist ohne Klagen, Unverdiente<lb/>Schuld zu tragen,<lb/>Still zufrieden seyn in dir</rs>.<lb/>Leiden die das Herz umringen,<lb/>Ruhig still in sich verschlingen,<lb/>diese Stärke Gott gieb mir!"</p></div><div xml:id="d23405852" corresp="d898670" ><head resp="#editor">Tagebucheintrag<date> 26.04.1826 </date></head><pb n="37"/><p>26 4 26<lb/>Wie ich es voraussah war eine <rs ref="#i922784" type="object">herbe Zeit </rs>über mich<lb/>verhängt: ich mußte schon d 14 März nach St. <rs ref="#i874470" type="object">Apll</rs>.<lb/>um mit dem <rs ref="#i873908" type="object">neuen <rs ref="#i873838" type="object">Besitzer</rs> alles ins Reine<lb/></rs>zu bringen. Ich nahm mir vor nur wenige Tage<lb/>dort zuzubringen u auf die Charwoche wieder<lb/>zurück zukehren u nach derselben erst hinzugehn<lb/>u dan erst<rs ref="#i899265" type="object"> meine Sachen wegzunehmen</rs>; allein<lb/>obgleich alle Verhandlungen auf die beste Art</p><pb n="38"/><p>abgethan wurden, so war mir alles doch so angenehm<lb/>was sonst mein Herz erfreute, die <rs ref="#i874029" type="object">lieben schönen<lb/></rs>Bäume die ich vom Saamen aufgezogen mit<lb/>Sorgfalt, gegen 30 Jahre, gepflegt, die mich u<lb/>die Meinen mit ihrem Schatten erquickten,<lb/>die – waren nicht mehr mein! Jedes Plätzchen<lb/>wo ich mich hinwendete war mit Tausend Theils<lb/>lieblichen Erinnerungen Theils auch bittern, aber<lb/>auch diese, wenn keine Reue sie begleitet, werden<lb/>im Andenken anziechend, bezeichnet; und diese<lb/>Gefühle drängten verworen u peinlich auf<lb/>mich her – ich erlag unter dem Übermaaß<lb/>der Gefühle. Ich sah daß ein zweites Hinkommen<lb/>mich gänzlich zu Grunde richten würde u faßte<lb/>den Entschluß auf einmal alles fertig zu machen<lb/>durch den Drang der äussern Geschäftigkeit<lb/>übertäubte ich die innern Gefühle, aber nicht</p><pb n="39"/><p>ohne Schaden meiner Gesundheit! Meine l. Gßt.<lb/><rs ref="#i868044" type="person">Sophie P</rs>. half mir u war mir eine große Erquikung,<lb/>denn ganz allein hätte ich‘s kaum aushalten können.<lb/>Auch die Meinigen <rs ref="#i874148" type="object">besuchten</rs> mich: nur mein <rs ref="#i835869" type="person">Sohn</rs> nicht,<lb/>aber was konnte mir’s helfen! Sie <supplied>th</supplied> hatten zum Theil<lb/>meine Gefühle u litten über den meinen: besonder<lb/>schmerzlich war mir der Besuch meiner Tochter<lb/><rs ref="#i868068" type="person">V</rs> welche ich so tief gerührt sah, u den Nachtheil<lb/>für ihre <rs ref="#i898746" type="object">Gesundheit</rs> ahndete, der leider nur zu <lb/>gegründet war u der mir jetzt das Herz tief<lb/>zerdrückt u mir jeden Genuß verbittert. Doch<lb/>ich will mich in den Willen Gottes fügen u tragen<lb/>was mir aufgelegt ist!<lb/>Unter Anordnungen, Einrichtungen u kleinen Geschäften<lb/>die unbedeutend, aber für meine<rs ref="#i873825" type="object"> erschöpften Kräfte<lb/></rs>fast zuviel waren, habe ich bis dahin beinahe meine<lb/>Zeit maschinenmäßig verlebt, nun kömmt Ruhe, ob<lb/>aber auch meine Gesundheit sich wieder heben wird!<lb/>Ich habe einen <rs ref="#i873845" type="object">heftigen Husten</rs> es ist als ob sich alles</p><pb n="40"/><p>in mir zu Schleim verwandelte; ob mir die Esels<lb/>Milch, wie schon oft, wieder helfen werde? Dem will<lb/>ich ruhig entgegensehen! Der Gedanke diese<lb/><rs ref="#i874141" type="object">Weld zu verlassen</rs> ist mir keineswegs schreckend,<lb/>nein – ich freue mich auf meine Auflösung da<lb/>ich doch besorge hier nichts mehr zu nutzen.</p></div><div xml:id="d23405853" corresp="d898678" ><head resp="#editor">Tagebucheintrag<date> 01.05.1826 </date></head><pb n="40"/><p>26 5 1<lb/>Ob gleich der erste <rs ref="#i873950" type="object">Maitag</rs> sehr <rs ref="#i884071" type="object">trübe</rs> ist, so<lb/>ist mir doch <rs ref="#i910699" type="object">heitrer</rs>; Gott sey Dank daß es<lb/>Tochter <rs ref="#i868068" type="person">Vischer</rs> <rs ref="#i898746" type="object">wieder besser geht</rs>.</p></div><div xml:id="d23405854" corresp="d898686" ><head resp="#editor">Tagebucheintrag<date> 10.05.1826 </date></head><pb n="40"/><p>26 5 10<lb/>Wie viele Ursache habe ich Gott für so manig-<lb/>fache Wohlthaten zu danken: das fühle ich wohl u<lb/>schäme mich des <rs ref="#i910645" type="object">Trübsins</rs> der mich bedrückt;<lb/>doch „Wenn uns unser Herz verdammt so ist<lb/>Gott großer als unser Herz u erkennet alle<lb/>Dinge.“ Allso kennet Gott mein Inners, meinen<lb/><rs ref="#i874141" type="object">Kampf u mein Streben</rs>, er wird mir Trost verlei[hen]<lb/>mich leiten auf meiner mühevollen Bahn, od<lb/>od. mich bald hinaus führen ins Land der Ruhe</p><pb n="41"/><p>nach welcher sich meine Seele sehnet, wo mein<lb/>Geist sich frei hinauf schwingen kann zu den<lb/>Theuren schon Verklärten, wo ich nicht mehr<lb/>vom Drang der Umstände verwirrt, von den<lb/>Liebsten miskannt u misdeutet, vereinzelt<lb/>u verlassen mich in mich selbst zurück ziehn<lb/>muß. Was <rs ref="#i874029" type="object">war</rs> u was ist <supplied>mein</supplied> von jeher<lb/>mein Sehnen u Streben gewesen? Suchte ich nicht<lb/>meine Pflicht zu erfüllen den Meinen, u wo es <lb/>möglich war auch andern Menschen zu nützen,<lb/>wie oft aber wurde ich <rs ref="#i873990" type="object">misverstanden</rs>, verschmäht<lb/>u mit Spott zurück gestoßen! Doch wie oft <lb/>war es Misverstand, wie oft auch <rs ref="#i873964" type="object">Fehler</rs> von<lb/>meiner Seite, Mangel an Kraft, Menschenfurcht,<lb/>Mangel an Zutrauen u Offenheit gegen die<lb/>Menschen! O Gott laß mich frei in mein Herz blicken<lb/>dessen Mängel einsehn, u Zutrauen Liebe u<lb/>Offenheit, wahrer christlicher Sinn mich beleben!</p><pb n="42"/><p>Es schwebt jetzt wohl ein hartes <rs ref="#i873943" type="object">Verhängniß<lb/></rs>über mir: eine Veränderung meiner Lage,<lb/>die Entfernung von dem, seit bald 30 Jahren<lb/>mir durch Gewohnheit, durch daraufgewandten<lb/>Fleiß, durch das frohe Gefühl der Anwendung<lb/>u Ausbreitung meiner Kräffte u meines<lb/>Fleißes, mir lieb geworden, lastet hart <lb/>auf mir. Aus guten Gründen u freiwillig<lb/>habe ich’s verlassen: aber nichts desto weniger<lb/>leidet meine Natur schmerzlich, doch Gott sei<lb/>Dank ohne Reue; ich kämpfe u Gott wird<lb/>meinen Kampf auf diese od andre Weise enden.<lb/>An allem was mir am theursten ist muß<lb/>ich empfindlich leiden, meine geliebte <rs ref="#i868068" type="person">Tochter<lb/></rs>sehr <supplied>K</supplied> <rs ref="#i898746" type="object">krank</rs>, obgleich jetz besser, muß ich<lb/>doch ein fortwährendes Leiden für sie besorgen,<lb/>ich kann ihr gar nichts leisten u das ist meinem</p><p>[43]     </p><p>Herzen lästig: doch Gott sei Dank sie ist in ihren<lb/>Verhältnissen zufrieden, in ihrer Krankheit<lb/>äusserst gedultig, hat <rs ref="#i874090" type="object">Kinder</rs> die ihr die<lb/>schönsten Hoffnungen geben, eine <rs ref="#i868031" type="person">Tochter</rs> die<lb/>alles besorgt, ein <rs ref="#i868154" type="person">Sohn</rs> voller Fähigkeiten,<lb/>ein kleines <rs ref="#i836718" type="person">Mädchen</rs> das ihr das Leben erheitert<lb/>[xxx]</p><pb n="44"/><p><rs ref="#i835869" type="person">seines</rs> Gemüthes zu überwinden! Möchte mir die<lb/>die Krafft gegeben werden, ihm seinen Irthum, sein<lb/>Mistrauen seine trübe Laune zu benehmen, mein<lb/>einziges Sinnen ist Gebeth zu Gott ihm einen<lb/>sanften christlichen Sinn einzuflösen! Wie sehnt sich<lb/>mein Herz ihn meiner Liebe meiner Verzeichung<lb/>meiner Theilnahme zu überzeugen, allein er bleibt<lb/>ferne u scheut das [xxx]</p><pb n="45"/><p><rs ref="#i906518" type="book_etc">Kern </rs>der Lehre vom<lb/>Reiche Gottes, nach Anleitung der<lb/>biblischen Geschichtinhälts.<lb/>Von <rs ref="#i906529" type="person">Joh Jacob Heß</rs>. Antistes<lb/>von Zürich</p><pb n="46"/><p><rs ref="#i869675" type="person">Jean Paul F.R.</rs> Tod<lb/>[„]Das große reiche Herzens ist zerbrochen,<lb/>der hoche Geist steigt auf in Lichtes pracht;<lb/>Was er zu uns in Flammenschrift gesprochen,<lb/>Glänzt wie sein Hesperus in dunkler Nacht.<lb/>Ein Chor von Engeln hört sein freudig Pochen;<lb/>Am Tempelthor: und ruft es ist vollbracht!<lb/>Ob Schmerzen gleich die Nachgelassnen drängen,<lb/>der Dichter lebt in ewigen Gesängen</p><p>Doch quillt die Thräne daß wir ihn verloren,<lb/>Daß Genius so herrliches gebar,<lb/>Den Mann der unter tausenden erkoren<lb/>Ein Priester stand am Vaterlands Altar<lb/>die Geißel schwang <supplied>zum</supplied> zum Schrecken arger Thoren<lb/>Als Bildner kühn u unerschöpflich war.<lb/>Was tröstet uns – der Geist in seinen Werken,<lb/>Wird uns mit Muth im Kampf des Lebens stärken.<lb/><rs ref="#i906546" type="person">J.H. Kaufmann<rs ref="#i906560" type="book_etc"></rs>[“]<lb/></rs></p><pb n="47"/><p>„Das tiefe innige Gefühl für die Schonheiten der Natur      <lb/>ist eine himlische Blume vom Schöpfer in den<lb/>Garten des menschlichen Lebens gepflanzt, die<lb/>der Sterbliche sorgfältig warten u in frischer<lb/>Lebendigkeit erhalten soll, den sie vermag in<lb/>den unglücklichsten Verhältnissen, in Wiederwär-<lb/>tigkeiten die von allen Seiten zerstörend<lb/>auf ihn eindringen, bei dem Fehlschlagen seiner<lb/>liebsten Hoffnungen, denen er Vieles, Alles<lb/>aufopferte, ihn über des Geschickes Tücken, u des<lb/>Menschen Erbärmlichkeiten, zu erheben, seinen<lb/>Geist zu stärken, u unabhängig von dem Wech-<lb/>sel des Verhängnisses, frei von Einwirkungen <lb/>der Laune, u selbstständig in dem Kampfe<lb/>mit der Weld, sich in sich allein genüge.“<lb/><rs ref="#i906571" type="book_etc">Briefe aus Colombia<lb/></rs>Umgebungen von                   <lb/>Havana</p></div>
       </body></text>
   </TEI>
    