<?xml version="1.0"?>
    <?xml-model href="http://www.tei-c.org/release/xml/tei/custom/schema/relaxng/tei_all.rng" type="application/xml" schematypens="http://relaxng.org/ns/structure/1.0"?>    
    <TEI xmlns="http://www.tei-c.org/ns/1.0" xml:id="d835618">
       <teiHeader>
          <fileDesc>
             <titleStmt>
                <title>Heft 2 (1796)
                </title>
                <author>Anna Maria Preiswerk-Iselin</author>
             </titleStmt>
             <publicationStmt>
                <publisher xml:id="editor">Tagebücher Anna Maria Preiswerk-Iselin Projekt</publisher>
                <pubPlace>Basel</pubPlace>
                <date when="2022-03">March 2021</date>
                <availability>
                   <licence notBefore="2022-03-01" target="http://creativecommons.org/licenses/by-sa/4.0/">
                      <p>[...]</p>
                      <p>This work is licensed under a Creative Commons Attribution-ShareAlike 4.0 International License.</p>
                      <p> You are free to: <list>
                            <item> Share — copy and redistribute the material in any medium or format</item>
                            <item> Adapt — remix, transform, and build upon the material</item>
                         </list>
                      </p>
                      <p> Under the following terms: <list>
                            <item> Attribution — You must give appropriate credit, provide a link to the license, and indicate if changes were made. You
                               may do so in any reasonable manner, but not in any way that suggests the licensor endorses you or your use.</item>
                            <item> ShareAlike — If you remix, transform, or build upon the material, you must distribute your contributions under the same
                               license as the original.</item>
                            <item> No additional restrictions — You may not apply legal terms or technological measures that legally restrict others from
                               doing anything the license permits.</item>
                         </list>
                      </p>
                      <p>The licence was added on March first, 2022.</p>
                   </licence>
                </availability>
             </publicationStmt>
             <sourceDesc>
                <msDesc>
                   <msIdentifier>
                      <settlement>Basel</settlement>
                      <repository>Staatsarchiv</repository>
                      <idno>StABS PA 511 304-03-04</idno>
                      <msName>Heft 12 (1815-1816) - Anna Maria Preiswerk-Iselin </msName>
                   </msIdentifier>
                </msDesc>
    <listPerson><person xml:id="i835869"><persName>Lux</persName></person><person xml:id="i835771"><persName>Dietrich Preiswerk-Bischoff</persName></person><person xml:id="i835836"><persName>Susanna Paravicini-Preiswerk</persName></person></listPerson><listObject><object xml:id="i873922" type="tag"><objectIdentifier><objectName>Religion</objectName></objectIdentifier></object><object xml:id="i873936" type="tag"><objectIdentifier><objectName>Philosophie</objectName></objectIdentifier></object><object xml:id="i874045" type="tag"><objectIdentifier><objectName>Gedanken zur Erziehung</objectName></objectIdentifier></object><object xml:id="i873964" type="tag"><objectIdentifier><objectName>Selbstkritik</objectName></objectIdentifier></object><object xml:id="i873990" type="tag"><objectIdentifier><objectName>Selbstreflexion</objectName></objectIdentifier></object><object xml:id="i873943" type="tag"><objectIdentifier><objectName>Alter(n)</objectName></objectIdentifier></object><object xml:id="i873859" type="tag"><objectIdentifier><objectName>Ratschlag an die Kinder</objectName></objectIdentifier></object><object xml:id="i874077" type="tag"><objectIdentifier><objectName>Tätigkeiten</objectName></objectIdentifier></object><object xml:id="i873825" type="tag"><objectIdentifier><objectName>Altersgebrechen</objectName></objectIdentifier></object><object xml:id="i910645" type="tag"><objectIdentifier><objectName>Trübe Stimmung</objectName></objectIdentifier></object><object xml:id="i873831" type="tag"><objectIdentifier><objectName>Selbstzeugnis schreiben</objectName></objectIdentifier></object><object xml:id="i873915" type="tag"><objectIdentifier><objectName>Haushalt</objectName></objectIdentifier></object><object xml:id="i874064" type="tag"><objectIdentifier><objectName>Empfinden</objectName></objectIdentifier></object><object xml:id="i874141" type="tag"><objectIdentifier><objectName>Gedanken über den Tod</objectName></objectIdentifier></object><object xml:id="i873908" type="tag"><objectIdentifier><objectName>Geschäfte</objectName></objectIdentifier></object><object xml:id="i910699" type="tag"><objectIdentifier><objectName>Heiterkeit</objectName></objectIdentifier></object><object xml:id="i874090" type="tag"><objectIdentifier><objectName>Personenbeschreibung</objectName></objectIdentifier></object><object xml:id="i873838" type="tag"><objectIdentifier><objectName>Unbekannte Person</objectName></objectIdentifier></object><object xml:id="i874148" type="tag"><objectIdentifier><objectName>Besuch</objectName></objectIdentifier></object><object xml:id="i922763" type="tag"><objectIdentifier><objectName>Wohlbefinden</objectName></objectIdentifier></object></listObject>
    </sourceDesc>
      </fileDesc>
      <profileDesc>
         <textClass>
            <!-- vérifier !!! -->
            <catRef scheme="#genre" target="#journal"/>
         </textClass>
         <langUsage>
            <language ident="de">Deutsch</language>
         </langUsage>
      </profileDesc>
   </teiHeader>
       <text><body><div xml:id="d23381941" corresp="d835671" ><head resp="#editor">Tagebucheintrag<date> XX.XX.1796 </date></head><pb n="19"/><p>lau zum Guten, und träg in Ablegung der Fehler <lb/>macht junge Sünder, und alte Busfertige Sklaven. <lb/>Wen ich eine über Alles Wachende Vorsehung <lb/>glaube, so muß ich, jeden Gesetzgeber jedes <lb/>große Genie, und hiemit vor allem aus auch <lb/><rs ref="#i873922" type="object">Christus als ein von Gott Gsandten ansehen</rs>. <lb/>Jeder Mensch hat ein <supplied>Mensch hat ein</supplied> Fünkchen <lb/>göttlicher Kraft ein Großer Mensch <supplied>der auf</supplied> <lb/>hat ein höhers Mas dieses göttlichen Liechtes <lb/>empfangen.<lb/><rs ref="#i873936" type="object">Welcher Sterbliche hat je auf die Menschheit <lb/>gewirkt was Christus auf Sie gewirkt hat?</rs> <lb/>Wo findet man sonst das erhabene reine für <lb/>alle Menschen in allen Ständen nachahmbare <lb/>Muster zur Tugend. Noch keine Moral hat diese <lb/>übertroffen, und keine wird sie <supplied>st</supplied> je übertreffen <lb/>wenn wir sie von Menschen unentstellt wie wir <lb/>sollen betrachten. <del>Dem Plan</del> der göttlichen Vorsehung <lb/>muß es <supplied>seinen Plane</supplied> nicht zuwieder gewesen <lb/>sein daß diese göttliche Moral Jahrtausendelang </p><pb n="20"/><p>von einem Heer menschlichen Leidenschaften <lb/>entstellt wurde, und zum Stichblatt tausend <lb/>Abscheulichkeiten diente. Aber zeigt mir eine <lb/>andere Religion die den Menschen zu einer <lb/>höhern Würde geschwungen? Wen die Menschen <lb/>das heiligste entheiligt, so zeigt mir <lb/>das nicht daß das Heilige nicht heilig<supplied>e</supplied>, <lb/>sondern daß der Mensch nicht Sinn hatte <lb/>es zu faßen wie er es hätte faßen <lb/>sollen. Langsam mußte der Mensch zu <lb/>dem gebildet werden zu dem er gelangt <lb/>ist, und noch lange wird es gehen bis <lb/>die Menschheit des reinen Wahrheitssinnes <lb/>fähig ist. Wenn ich Zeit hätte möchte ich mir <lb/>folgende Sätze entwickeln:<lb/>Wie können wir mit der Erhabenheit Gottes <lb/>den Satz <supplied>räumen</supplied> reimen – Christus ist sein <lb/>eingeborner Sohn.<lb/>Warum war aber [eher eben?] diese Religion mit so vielem <lb/>Wunderbarem, und den sich klug dünkenden Verstand </p><pb n="21"/><p>zurükschrekendem bekleidet?<lb/>Hat diese Religion nicht auch in den Zeiten wo sie <lb/>am jämerlichsten durch Dumheit und Betrug entstellt <lb/>war dem Wahrheit liebenden Trost und Stärkung <lb/>gegeben.</p></div><div xml:id="d23381943" corresp="d835685" ><head resp="#editor">Tagebucheintrag<date> 03.04.1796 </date></head><p>96 4 3<lb/><rs ref="#i873922" type="object"><rs ref="#i873936" type="object">„Der Mensch sollte ganz ohne Religion sein. <lb/>Oder vielmehr man sollte ihm keine Religion <lb/>zu glauben auflegen“</rs> </rs>dies wiedersprach meinem <lb/>Gefühl anfangs, doch <supplied>die</supplied> finde ich viel wahres <lb/>darin nur nicht in so weit anwendbar für alle <lb/>Menschen<lb/>Der Glaube an Gott und Unsterblichkeit <lb/>kan nicht geboten werden.<lb/>Ist dieser Glaube zur reinen Moralitet des <lb/>Menschen nöthig? Wenn ich gut handle in der <lb/>Hoffnung von Gott dafür in Ewigkeit belohnt zu <lb/>werden, so handle ich nicht moralisch gut <lb/>so spricht die neue Th. ich glaube nicht unwahr. <lb/>Aber was soll man dem Menschen zum Triebrad <lb/>seiner Handlungen geben? Das Interesse für <lb/>Wahrheit. – Bei wenig edlen reinen Menschen </p><pb n="22"/><p>deren Gefühl ganz unverdorben ist, wird dieses <lb/>Interesse für Wahrheit, die reinste Moralität <lb/>wirken. Aber wie klein ist die Zahl dieser, <lb/>und wie sind sie dahin gelangt, muste nicht <lb/>vor allem aus die Natur sie vor Milionen Andern <lb/>begünstigen daß ihr Gefühl nicht schon von <lb/>früher Jugend herabsank? Mußten nicht später <lb/>hin Ausere Umstände ihm Licht und Kraft <lb/>mittheilen, um daß er nicht dahingerißen <lb/>wurde durch den Strom der Vorurtheile <lb/>wie die meisten seiner Brüder?<lb/>Nichts beseligt den Menschen mehr als das <lb/>Gefühl seiner eignen Würde die Hoffnung <lb/>seines Aufstrebens zu einer höhern Stuffe <lb/>diese belebt seinen Muth.<lb/>Nun möchte ich wissen ob dieser <supplied>der nach</supplied> <del>durch</del> den <lb/>reinen Trieb für Wahrheit handlende nicht <lb/>in dem Grad als sein reines Gefühl für Wahr-<lb/>heit steigt, nicht auch in eben diesem Grade <lb/>seinen Glauben an Gottheit und Fortdauer </p><pb n="23"/><p>nicht zur Mathematischen Gewißheit, <supplied>bringt</supplied>, aber <lb/>zu einem so beruhigenden Gefühl der Ahndung <lb/>hinauf bringt, die ihm statt der unmöglichen <lb/>und der Natur der Sache <supplied>wie</supplied> ganz unanpaßenden <lb/>Gewißheit dient. Bei diesem edleren Men-<lb/>schen tritt das inige Wohlseyn durch das Bewußt-<lb/>sein nach seiner besten Einsicht gehandelt zu <lb/>haben, an die Stelle des Niedern Eigennutzes <lb/>Andrer, es ist ebenso wohl Eigenliebe aber <lb/>in Edlern Formen, dieses Gefühl der eignen <lb/>Würde wenn es tief eingeprägt ist wird den <lb/>Menschen <supplied>hindern</supplied> mehr als alle möglichen <lb/>anderweitigen Beweggründe abhalten gegen das <lb/>Gefühl seiner Würde zu handeln.<lb/>Aber was dem Menschen soll gegeben werden <lb/>der nicht Zeit und Kraft zum Nachdenken hat <lb/>diesem muß wohl was vorgehalten werden <lb/>das weniger edel aber doch zum Guten an-<lb/>spornend ist.</p></div><div xml:id="d23381945" corresp="d835694" ><head resp="#editor">Tagebucheintrag<date> 12.04.1796 </date></head><pb n="24"/><p>96 4 12<lb/>Wenn ich <rs ref="#i835869" type="person">Lux</rs>. <rs ref="#i874045" type="object">für Ungehorsam oder Nekereien <lb/>lange Straffen auflege, so wird er nur <lb/>störischer</rs>, lange wollte ich die Ruthe <lb/>nicht gebrauchen, aber nun sehe ich das <lb/>wenn ich ihm dieselbe gebe so bald er nicht <lb/>augenblicklich gehorcht, er nachher viel <lb/>lengsamer ist, sonderbar ist daß meine <lb/>Kinder alle in Hauptsachen auch wenn sie ganz <lb/>gewiß sind daß ichs nie erfahren werde, <lb/>nie ungehorsam sind, hingegen in Kleinigkeiten <lb/>oft in meiner Gegenwart.<lb/><rs ref="#i873964" type="object">Die Schuld mu[ss] wohl an mir liegen, <lb/>ich habe für diese Art von Ungehorsam, nicht genug <lb/>gestraft habe, ganz kan ich das Versäumte <lb/>nicht wieder einholen.<lb/><rs ref="#i874045" type="object"></rs>Man kan die Kinder nicht frühe genug <lb/>zum Gehorsam bringen</rs>. <rs ref="#i873964" type="object">Diese Regel empfinde <lb/>ich leider zu spät.<lb/></rs>Warum bin ich seit langem immer so traurig und <lb/><rs ref="#i910645" type="object">niedergeschlagen</rs>, wie ein Mensch der ein boses <lb/>Gewißen hat? Warum hat die Seelenruh die </p><pb n="25"/><p>ich mir so unzertrennlich glaubte mich verlassen? <lb/><rs ref="#i873990" type="object"><rs ref="#i873825" type="object">Mein <rs ref="#i873943" type="object">Körper leidet</rs></rs> und Körper und Geist <lb/>haben die <rs ref="#i874077" type="object">Thätigkeit</rs> nicht mehr die vorher so <lb/>glücklichen Einfluß auf mein ganzes Ich hatte</rs>.<lb/><rs ref="#i873859" type="object">für <rs ref="#i835771" type="person">Dt<lb/></rs></rs>Wenn du einmal einem Menschen deine Achtung <lb/>geschenkt hast u diese auf gute Eigenschaften <lb/>gegründet ist, so sollst du diesen Menschen <lb/>wenn er noch so kalt und gefühllos gegen dich <lb/>wäre, deswegen nicht minder schätzen, sonst <lb/>würdest zu beweisen daß du nicht den Menschen <lb/>um ihrer Verdienste willen sondern deswegen <lb/>geschätz weil sie deiner Eitelkeit und Eigenliebe <lb/>geschmeichelt haben. Sei stolz dir durch <lb/>Verdienste den Umgang und die Achtung der <lb/>Bessern zu erwerben, aber hütte dich wohl <lb/>diese oder Jene für gut zu halten weil sie <lb/>dir Achtung und Liebe beweisen. Glaube mir <lb/>zu diesem Fehler hast du große Neigung in <lb/>deinem Charakter.</p></div><div xml:id="d23381951" corresp="d835721" ><head resp="#editor">Tagebucheintrag<date> 13.5.1796 </date></head><p>[26] </p><p>13 Mai<lb/><rs ref="#i873831" type="object">Schon wieder lange daß ich nichts geschrieben <lb/>habe, und schreiben ist doch was imer  mein <lb/>ganzes Wesen so vorzüglich aufheiterte.</rs> <lb/>Aber wo ich hinschaue sehe ich <rs ref="#i873915" type="object">tausend Arbeiten <lb/>die ich gerne thun möchte </rs>u <rs ref="#i873825" type="object">zu welchen mir <lb/>Kräften fehlen</rs>, möchte doch mein wundes <lb/>und <rs ref="#i910645" type="object">gekränktes Gemüth,</rs> sich die Trostgründe <lb/>die es sich geben kan recht zu eignen, welcher <lb/>Unterschied zwischen predigen und empfinden <lb/>u handeln! <rs ref="#i873936" type="object">Wenn Verstand das Größte <supplied>am</supplied> des <lb/>Menschen ist, so ist er nicht das schnell u stark <lb/>wirkendste</rs>. <rs ref="#i873990" type="object">schon lange sage ich mir sey <lb/>ruhig du hast nach deinen Kräften nach deiner <lb/>Einsicht zum besten gehandelt.</rs> Den hochrer Grad <lb/>von Einsicht kontest du dir nicht geben und war <lb/>er dir von der Natur nicht bestimmt, wer <lb/>kan hadern daß du darnach hättest handeln sollen <lb/>also kanst du die Schuld nicht auf dich <supplied>du</supplied> nehmen <lb/>und in wiefern bin ich unglücklich nicht anders als <lb/>wenn mein Gewißen mich anklägt den alles Uebrige <lb/>fürchte ich nicht für mich, auch nicht für meine Kinder </p><pb n="27"/><p>wenn ich schuldlos dabei bin. Gefehlt habe ich <lb/>oft, aber aus Eigennutz Sinnlichkeit oder Liebe zu <lb/>irgend einem Vergnügen habe ich doch nie was <lb/>unternomen nein, <rs ref="#i874064" type="object">mein Körper leidet aber nicht <lb/>weil ich ihn geschont oder ihm zu gut gethan, nein, <lb/>weil ich zu wenig Anlas zu Erholung u Stärkung <lb/>meines Körpers u Geistes gefunden, nicht weil <lb/>ich Feindin der Freuden bin.</rs> – Nein weil die <lb/>so ich hätte geniessen können für mich nicht Freude <lb/>waren, weil ich glaubte daß die stillen Freuden <lb/>welche ich für mich u mit meinen Kindern <lb/>genoß für mich genügten, und dis hätten <lb/>sie gewiß, wenn nicht ein Zusamenfluß <lb/>wiedriger Zufälle an denen ich nicht schuld bin <lb/>wohl aber zum Theil die von welchen auch <lb/>meiner Kinder Schiksal abhängt, dis nagt u <lb/>quält mich u oft denke ich hättest du vieleicht <lb/>mehr dagegen arbeiten können. Ich suche <lb/>mich zu trösten, aber mein Herz bleibt <rs ref="#i910645" type="object">darnie<lb/>dergedrükt</rs> – <rs ref="#i874141" type="object">ich wandle einher wie ein <lb/><supplied>leben</supplied> Toder unter den Lebenden.<lb/></rs></p></div><div xml:id="d23381953" corresp="d835730" ><head resp="#editor">Tagebucheintrag<date> 19.05.1796 </date></head><p>19.5.1796</p><p>[28] </p><p>19 Mai<lb/>Heute Abend bin ich besonders <rs ref="#i910699" type="object">munter</rs>, und ich <lb/>habe doch durch den Tag so viel Wiedriges <lb/>gehabt. <rs ref="#i873908" type="object">Ich habe aber <rs ref="#i874077" type="object">Thätigkeit </rs>anwenden <lb/>können u diese ist immer wieder Balsam <lb/>für mich, lebe auf, dank denen die <lb/>mir Muth geben.<lb/></rs>Wenn ich alle Nacht das was ich den Kind <lb/>den folgenden Tag <rs ref="#i874045" type="object">von der Botanik vor <lb/>lesen wollte</rs> durchgehn könnte!</p></div><div xml:id="d23381956" corresp="d835749" ><head resp="#editor">Tagebucheintrag<date> 19.XX.1796 </date></head><p>[19. Mai 1796 Vermutlich ein Nachtrag]</p><pb n="28"/><p>19</p><p><rs ref="#i873908" type="object">Heute habe ich viel <rs ref="#i874077" type="object">Thätigkeit</rs> anwenden <lb/>müssen</rs>, und habe mich sehr <rs ref="#i922763" type="object">wohl</rs> dabei <lb/>befunden. Kan meine <rs ref="#i874064" type="object">Gesundheit</rs> wieder <lb/>neue Thätigkeit vertragen wie leicht u <lb/>froh würde dis mein Geist machen. <lb/>Um meinen Bedürftnißen zu entsprechen <lb/>muß ich Mechanische so wohl als Geistige <lb/>Arbeit verrichten, auch glaube ich dis <lb/>wäre Bedürftniß für alle Menschen wen <lb/>keine vom Weeg der Natur abgegangen <lb/>wären. <rs ref="#i873990" type="object">Unthätigkeit ist töden all meines <lb/>Wesens. U dis hat mich viel <rs ref="#i910645" type="object">darnieder <lb/>gedrückt</rs> <lb/></rs></p><pb n="29"/><p>O wie vieles trägt der Genuß unsres Thätig-<lb/>keit zu erhöhung unsrer Kräfte zu be-<lb/>lebung unsers Muths bei.<lb/><rs ref="#i874045" type="object">Ich sehe an den Kindern</rs> wie sehr vorteilhaft <lb/>es ist sie immer in Thätigkeit zu versezen <lb/>sind sie oft froh so darf man ohne Scheu <lb/>sie auch oft durch versagung dessen was <lb/>sie wünschten in Selbstüberwindung üben <lb/>und dis sollte das Hauptgeschäft bei der <lb/>Erziehung sein, ganz jung muß man die <lb/>Kinder durch Befehl zu solchen Übungen <lb/>bringen sind sies einmahl gewöhnt so wird <lb/>es ihnen leicht werden auch schwere Dinge <lb/>sich auf einziges anrathen selbst aufzu-<lb/>legen.<lb/><rs ref="#i835836" type="person"><rs ref="#i874090" type="object">Susy</rs> ist bei ausserordentlicher Lebhaftigkeit <lb/>des Geistes äusserst träg u kan keine körp<lb/>erlichen Übel ertragen.</rs> Doch arbeite ich <lb/>nicht ganz vergebens an ihrer Besserung</p><pb n="30"/><p>Ihre körperliche und geistige Gewandtheit <lb/>und Fertigkeit erwirkt ihr überall Ruhm <lb/>dieser Ruhm schmeichelt ihr, ist sie dan bei <lb/>uns allein u hört statt Schmeicheleien bittere <lb/>Wahrheiten so wird sie übler Laune gibt <lb/>heftige u bittere Antworten, die die Folgen <lb/>einer zu großen Einbildung ihrers Verstandes <lb/>will sie sich nicht bessern so wird sie sich <lb/>viel Leiden zuziehn. Selten sieht sie <lb/>ihr Unrecht ein, weil sie nie vorsez-<lb/>lich fehlt, ja weil sie so gar gegen jeder-<lb/>man dienstfertig u gefällig ist, oft <lb/>mehr als andere. Doch ist sie mit <lb/>den meisten Menschen im Streit bei jeder <lb/>Kleinigkeit.<lb/><rs ref="#i874090" type="object">Wie erbärmlich störisch u eigensinig ist <rs ref="#i835869" type="person">Lux</rs> <lb/>Charakter</rs>. Imer möchte ich<rs ref="#i873990" type="object"> in meinem eigenen <lb/>Betragen einige Schuld finden</rs>, u diese ändern, <lb/>Heute erwachte er, <rs ref="#i874148" type="object">ich war eben mit <rs ref="#i873838" type="object">Sophie</rs> <lb/></rs>u erzählte ihr was, er fing an auch zuzuhören </p><pb n="31"/><p>u sich in unser Gespräch zu mischen, er hört <lb/>sonst sehr gern erzählen, aber jetzt war <lb/>sein ganzer Ton so mürisch ich sagt endlich zu <lb/>ihm wenn du nun Munter u höflich gewesen <lb/>wärest hätte ich dich bei mir gelassen hätte dich <lb/>selber gekämmt u dir dabei noch laut erzählt, <lb/>gleich wurde er aufgebracht ging hinaus, u murte <lb/>noch lange vor der Thür. Ich that als hörte ichs <lb/>nicht dan ging er seiner Weegen, war mit <lb/>den Andern vertragsam lies sich von <rs ref="#i835836" type="person">Susan</rs> geduldig <lb/>kämmen, sonst muß oft <rs ref="#i874045" type="object">eine harte ruthentracht <lb/></rs>die Sach <supplied>a</supplied> die Reinigung des Kopfes möglich <lb/>machen.</p></div><div xml:id="d23387940" corresp="d870927" ><head resp="#editor">Tagebucheintrag<date> 21.05.1796 </date></head><pb n="31"/><p>96 5 21<lb/>Man muß durch geringen Erfolg einer Sache <lb/>nicht müde werden, sonst ist</p></div>
       </body></text>
   </TEI>
    