<?xml version="1.0"?>
    <?xml-model href="http://www.tei-c.org/release/xml/tei/custom/schema/relaxng/tei_all.rng" type="application/xml" schematypens="http://relaxng.org/ns/structure/1.0"?>    
    <TEI xmlns="http://www.tei-c.org/ns/1.0" xml:id="d897928">
       <teiHeader>
          <fileDesc>
             <titleStmt>
                <title>Heft 20 (1824-1824)
                </title>
                <author>Anna Maria Preiswerk-Iselin</author>
             </titleStmt>
             <publicationStmt>
                <publisher xml:id="editor">Tagebücher Anna Maria Preiswerk-Iselin Projekt</publisher>
                <pubPlace>Basel</pubPlace>
                <date when="2022-03">March 2021</date>
                <availability>
                   <licence notBefore="2022-03-01" target="http://creativecommons.org/licenses/by-sa/4.0/">
                      <p>[...]</p>
                      <p>This work is licensed under a Creative Commons Attribution-ShareAlike 4.0 International License.</p>
                      <p> You are free to: <list>
                            <item> Share — copy and redistribute the material in any medium or format</item>
                            <item> Adapt — remix, transform, and build upon the material</item>
                         </list>
                      </p>
                      <p> Under the following terms: <list>
                            <item> Attribution — You must give appropriate credit, provide a link to the license, and indicate if changes were made. You
                               may do so in any reasonable manner, but not in any way that suggests the licensor endorses you or your use.</item>
                            <item> ShareAlike — If you remix, transform, or build upon the material, you must distribute your contributions under the same
                               license as the original.</item>
                            <item> No additional restrictions — You may not apply legal terms or technological measures that legally restrict others from
                               doing anything the license permits.</item>
                         </list>
                      </p>
                      <p>The licence was added on March first, 2022.</p>
                   </licence>
                </availability>
             </publicationStmt>
             <sourceDesc>
                <msDesc>
                   <msIdentifier>
                      <settlement>Basel</settlement>
                      <repository>Staatsarchiv</repository>
                      <idno>StABS PA 511 304-03-04</idno>
                      <msName>Heft 12 (1815-1816) - Anna Maria Preiswerk-Iselin </msName>
                   </msIdentifier>
                </msDesc>
    <listPerson><person xml:id="i835836"><persName>Susanna Paravicini-Preiswerk</persName></person><person xml:id="i868068"><persName>Sophia Vischer-Preiswerk</persName></person><person xml:id="i835771"><persName>Dietrich Preiswerk-Bischoff</persName></person><person xml:id="i869890"><persName>August Hermann Niemeyer</persName></person><person xml:id="i868044"><persName>Sophia Geigy-Preiswerk</persName></person><person xml:id="i868777"><persName>Karl Geigy-Preiswerk</persName></person><person xml:id="i836473"><persName>Charlotte Geigy-Sarasin</persName></person><person xml:id="i868141"><persName>Wilhelm Preiswerk</persName></person><person xml:id="i835869"><persName>Lux</persName></person><person xml:id="i836759"><persName>Anna Maria Burckhardt-La Roche-Preiswerk</persName></person><person xml:id="i869834"><persName>Johann Georg Müller</persName></person><person xml:id="i903731"><persName>Isaak Iselin</persName></person><person xml:id="i837033"><persName>Esther Iselin</persName></person><person xml:id="i27035"><persName>Johann Caspar Lavater</persName></person><person xml:id="i867962"><persName>Rudolf Paravicini-Vischer</persName></person><person xml:id="i869458"><persName>Johann Wolfgang von Goethe</persName></person><person xml:id="i869363"><persName>Elisabeth von Freudenreich-Tscharner</persName></person><person xml:id="i868056"><persName>Sophia Thurneysen-Paravicini</persName></person><person xml:id="i868031"><persName>Sophia Burckhardt-Vischer</persName></person><person xml:id="i869860"><persName>Johannes Niederer-Kasthofer</persName></person><person xml:id="i869876"><persName>Maria Rosina Niederer-Kasthofer</persName></person><person xml:id="i869319"><persName>Philipp Emanuel von Fellenberg-Tscharner</persName></person></listPerson><listObject><object xml:id="i874470" type="tag"><objectIdentifier><objectName>Gut St. Apollinaris bei Michelbach</objectName></objectIdentifier></object><object xml:id="i884071" type="tag"><objectIdentifier><objectName>Wetter</objectName></objectIdentifier></object><object xml:id="i875143" type="tag"><objectIdentifier><objectName>Stadt-Land</objectName></objectIdentifier></object><object xml:id="i873838" type="tag"><objectIdentifier><objectName>Unbekannte Person</objectName></objectIdentifier></object><object xml:id="i873901" type="tag"><objectIdentifier><objectName>Trennung</objectName></objectIdentifier></object><object xml:id="i873943" type="tag"><objectIdentifier><objectName>Alter(n)</objectName></objectIdentifier></object><object xml:id="i874226" type="tag"><objectIdentifier><objectName>Gedanken zur Gesellschaft</objectName></objectIdentifier></object><object xml:id="i873894" type="tag"><objectIdentifier><objectName>Allgemeine Stimmung</objectName></objectIdentifier></object><object xml:id="i874141" type="tag"><objectIdentifier><objectName>Gedanken über den Tod</objectName></objectIdentifier></object><object xml:id="i873990" type="tag"><objectIdentifier><objectName>Selbstreflexion</objectName></objectIdentifier></object><object xml:id="i874148" type="tag"><objectIdentifier><objectName>Besuch</objectName></objectIdentifier></object><object xml:id="i899009" type="tag"><objectIdentifier><objectName>Wunsch</objectName></objectIdentifier></object><object xml:id="i874895" type="tag"><objectIdentifier><objectName>Mädchenschule?</objectName></objectIdentifier></object><object xml:id="i904045" type="book_etc"><objectIdentifier><objectName>Niemeyer: Charakteristik der Bibel.</objectName></objectIdentifier></object><object xml:id="i873866" type="tag"><objectIdentifier><objectName>Reisen</objectName></objectIdentifier></object><object xml:id="i873922" type="tag"><objectIdentifier><objectName>Religion</objectName></objectIdentifier></object><object xml:id="i873950" type="tag"><objectIdentifier><objectName>Ereignis</objectName></objectIdentifier></object><object xml:id="i873825" type="tag"><objectIdentifier><objectName>Altersgebrechen</objectName></objectIdentifier></object><object xml:id="i922800" type="tag"><objectIdentifier><objectName>Einsamkeit</objectName></objectIdentifier></object><object xml:id="i898746" type="tag"><objectIdentifier><objectName>Schmerz/Krankheit Familie</objectName></objectIdentifier></object><object xml:id="i873159" type="tag"><objectIdentifier><objectName>Ortserwähnung</objectName></objectIdentifier></object><object xml:id="i873908" type="tag"><objectIdentifier><objectName>Geschäfte</objectName></objectIdentifier></object><object xml:id="i904085" type="tag"><objectIdentifier><objectName>Erbschaft</objectName></objectIdentifier></object><object xml:id="i904094" type="book_etc"><objectIdentifier><objectName>Wyttenbach: Aussprüche der philosophirenden Vernunft.</objectName></objectIdentifier></object><object xml:id="i904118" type="book_etc"><objectIdentifier><objectName>Müller: Der Geschichten schweizerischer Eidgenossenschaft.</objectName></objectIdentifier></object><object xml:id="i910699" type="tag"><objectIdentifier><objectName>Heiterkeit</objectName></objectIdentifier></object><object xml:id="i873964" type="tag"><objectIdentifier><objectName>Selbstkritik</objectName></objectIdentifier></object><object xml:id="i873852" type="tag"><objectIdentifier><objectName>Brief</objectName></objectIdentifier></object><object xml:id="i899265" type="tag"><objectIdentifier><objectName>Umzug</objectName></objectIdentifier></object><object xml:id="i899128" type="tag"><objectIdentifier><objectName>Krankheit anderer Personen</objectName></objectIdentifier></object><object xml:id="i903712" type="tag"><objectIdentifier><objectName>Behandlung/Kur</objectName></objectIdentifier></object><object xml:id="i874045" type="tag"><objectIdentifier><objectName>Gedanken zur Erziehung</objectName></objectIdentifier></object><object xml:id="i899058" type="tag"><objectIdentifier><objectName>Alter(n) anderer Personen</objectName></objectIdentifier></object><object xml:id="i874077" type="tag"><objectIdentifier><objectName>Tätigkeiten</objectName></objectIdentifier></object><object xml:id="i874090" type="tag"><objectIdentifier><objectName>Personenbeschreibung</objectName></objectIdentifier></object><object xml:id="i922784" type="tag"><objectIdentifier><objectName>Unruhe</objectName></objectIdentifier></object><object xml:id="i873915" type="tag"><objectIdentifier><objectName>Haushalt</objectName></objectIdentifier></object><object xml:id="i873831" type="tag"><objectIdentifier><objectName>Selbstzeugnis schreiben</objectName></objectIdentifier></object><object xml:id="i904222" type="book_etc"><objectIdentifier><objectName>Lavater: Johann Caspar Lavaters auserlesene Christliche Lieder.</objectName></objectIdentifier></object><object xml:id="i922997" type="tag"><objectIdentifier><objectName>Wehmut</objectName></objectIdentifier></object><object xml:id="i892398" type="book_etc"><objectIdentifier><objectName>Goethe, Aus meinem Leben.</objectName></objectIdentifier></object><object xml:id="i922763" type="tag"><objectIdentifier><objectName>Wohlbefinden</objectName></objectIdentifier></object><object xml:id="i891654" type="tag"><objectIdentifier><objectName>Heirat</objectName></objectIdentifier></object><object xml:id="i873957" type="tag"><objectIdentifier><objectName>Freundschaft</objectName></objectIdentifier></object><object xml:id="i904303" type="tag"><objectIdentifier><objectName>Sommersitz „Freudheim“</objectName></objectIdentifier></object><object xml:id="i904317" type="tag"><objectIdentifier><objectName>Erziehungsinstitut von Johann Heinrich Pestalozzi</objectName></objectIdentifier></object><object xml:id="i874436" type="tag"><objectIdentifier><objectName>Über das weibliche Geschlecht</objectName></objectIdentifier></object><object xml:id="i874235" type="tag"><objectIdentifier><objectName>Ausbildung</objectName></objectIdentifier></object><object xml:id="i904347" type="tag"><objectIdentifier><objectName>Landwirtschaftliche Armenschule Basel</objectName></objectIdentifier></object><object xml:id="i904355" type="tag"><objectIdentifier><objectName>Armenschule in Hofwil BE</objectName></objectIdentifier></object><object xml:id="i874003" type="tag"><objectIdentifier><objectName>Verhalten</objectName></objectIdentifier></object></listObject>
    </sourceDesc>
      </fileDesc>
      <profileDesc>
         <textClass>
            <!-- vérifier !!! -->
            <catRef scheme="#genre" target="#journal"/>
         </textClass>
         <langUsage>
            <language ident="de">Deutsch</language>
         </langUsage>
      </profileDesc>
   </teiHeader>
       <text><body><div xml:id="d23405659" corresp="d897936" ><head resp="#editor">Tagebucheintrag<date> 11.04.1824 </date></head><pb n="1"/><p>1824 4 11<lb/><rs ref="#i874470" type="object">St.Apoll.<lb/></rs>Seit 12 Tagen bin ich nun <rs ref="#i873866" type="object">wieder hier</rs>; wie <rs ref="#i875143" type="object">erquikend</rs> war<lb/>es für mein Gemüth mich wieder an einem Ort zu finden wo tausend<lb/>angenehme Erinnerungen dunkel in meine Seele drangen!<lb/>Trotz <rs ref="#i884071" type="object">Sturm, Schnee u Regen</rs>, trotz der erbärmlich Ungeschicklich-<lb/>keit meines neuen <rs ref="#i873838" type="object">Verwalters</rs> u der Unordnung in der ich<lb/>alles antraf, war mir doch weit wohler u heitrer als in<lb/>der Statt. Wäre ich nur <rs ref="#i873901" type="object">nächer bei den l. Meinigen<lb/></rs>mich sollten die Mauren der Statt nicht mehr einschließen.<lb/>Seit dem ich allein wohne u keinen festen Sitz, kein Eigenthum<lb/>darein habe, keines meiner Kinder od Gßkinder unter dem<lb/>gleichen Dache wohnen, meine <rs ref="#i873943" type="object">schwache Gesundheit</rs> den Lärm der<lb/><rs ref="#i874226" type="object">Gesellschaft</rs>, in welcher ich mich nie groß gefiel, nicht mehr er-<lb/>tragen kann o wie gefangen finde ich mich dort; komme ich<lb/>von einer meiner <rs ref="#i835836" type="person"><rs ref="#i868068" type="person">Töchtern</rs></rs> nach Hause so ist mir als ob<lb/>ich wieder in eine <rs ref="#i873894" type="object">Gefangenschaft</rs> zurück gewiesen wäre.<lb/>Seit dem Verlurst meines theuren <rs ref="#i835771" type="person">Sohnes</rs> ist mir die Statt dopelt<lb/>lästig, u noch wie manches Andre drückt mich dem ich nicht abhelfen<lb/>kann. Ich kann mich zwar im festen Vertrauen auf Gottes<lb/>Güte in alles gelassen schicken bin meist heiter dabei, besonder<lb/><rs ref="#i874141" type="object">den vergangnen Winter war ich’s weil ich glaubte meinem Ende<lb/></rs>entgegen zu gehn; seit dem <rs ref="#i873990" type="object">meine Kräfte wieder zunehmen</rs>, fange<lb/>ich mehr wieder an meine Einrichtungen auf dieser Erde zu denken</p><pb n="2"/><p>ohne deswegen den Gedanken, ich darf sagen den erwünschten,<lb/>aus dem Sinne zu schlagen, sie bald zu verlassen: gebe mir<lb/>Gott nur die Krafft das Gute zu wählen u in Ruhe abzuwarten,<lb/><rs ref="#i899009" type="object">Könnte ich nur dieses von den Meinen zu entfernte Guth ver-<lb/>kauffen u mir eines nahe bei der Statt anschaffen</rs> wo ich das<lb/>ganze Jahr bleiben könnt wo die Meinen mich <rs ref="#i874148" type="object">besuchen</rs> könnten<lb/>u ich sie, wo ich ferne vom Geraßel u Störung der Statt ruhig<lb/>ein Theil der Zeit dem stillen Nachdenken, ein andrer zweck-<lb/>mässiger Thätigkeit vieleicht noch mein schon lange gemachter <rs ref="#i874895" type="object">Plan<lb/></rs>ausführen u nützlich seyn könnte! Doch alles sei der Vor-<lb/>sehung überlassen!<lb/>Dem Himmel sey dank daß ich wieder frei denken, lesen<lb/>u über das was ich lese nachdenken kann! Die Lecktur<lb/>mit der ich mich seit einiger Zeit beschaftige, ist <rs ref="#i869890" type="person">Niemeiers<lb/><rs ref="#i904045" type="book_etc"></rs>Karakteristig der Bibel</rs>. Dies Werk ob es mir oft<lb/>etwas zu weitschweifig scheint ist so sehr nach meinem Sinne<lb/>ich finde so viele Ideen darin die ich schon gehabt u die dadurch<lb/>bestärkt u berichtigt werden daß ich’s dem Geschick danke da-<lb/>mit bekannt worden zu seyn, wie wohl thut es mit einem    <lb/>so edlen Menschen übereinzustimmen! Würde mir die Zeit der <lb/>Ruhe nach der ich mich sehne auch die nöthigen Kräfte<lb/>wie gerne würde ich meine religiosen Ideen über so manches</p><pb n="3"/><p>zu berichtigen u ins Reine bringen zu suchen, doch Gott sieht<lb/>mein Wille u meine Kräffte u wird mein Stammeln annehmen<lb/>u mir meine Irthümmer so ich noch gegen meinen Willen habe verzeihen.</p><p> </p></div><div xml:id="d23405660" corresp="d897944" ><head resp="#editor">Tagebucheintrag<date> 15.04.1824 </date></head><pb n="3"/><p>d 15 Ap 24<lb/>Seit dem 12 bin ich wieder <rs ref="#i873866" type="object">in der Statt zurück</rs>: bin auch<lb/><rs ref="#i875143" type="object">weit weniger wohl</rs>, doch kann ichs nicht allein der Statt-<lb/>luft zuschreiben, sondern so manchem das mich tief <rs ref="#i873894" type="object">kränkt</rs>.<lb/>[xxx]<lb/>Ich wollte diesen Morgen in die Kirche gehn, fand mich<lb/><rs ref="#i873943" type="object">aber nicht wohl genug</rs>: es that mir leid denn ob ich<lb/>gleich glaube bei Hause eben so gut meine Andacht ver-<lb/>richten zu können, so ist es mir doch eine gewisse<lb/>Befriedigung dieselbe <rs ref="#i873922" type="object">auch öffentlich bezeugen zu können</rs>!<lb/>An Ostern wünsche ich zur h. <rs ref="#i873950" type="object">Comm</rs>. zu gehen, u werde indessen<lb/>mich dazu vorbereiten sollte mir’s die Gesundheit ja nicht<lb/>erlauben so glaube ich fest, vor Gott gerechtfertigt zu</p><pb n="4"/><p>seyn u halte die Haus comm für eine eitle Zeremonie<lb/>u glaube mit <rs ref="#i873838" type="object">H. O</rs>[?] J., daß in Krankheiten taglich im<lb/>Herzen communicieren könne.<lb/>Nachmittag. Vergeblich war mein Versuch in die Kirche zu<lb/>kommen, sie war so angefüllt daß ich zurück gewiesen<lb/>wurde. Nun las ich für mich eine Pred. von <rs ref="#i873838" type="object">Z</rs>. über<lb/>den Tod Christi: ich war sehr damit zufrieden, u<lb/>zweifle was Bessers gehört zu haben! Dessen Vorstel-<lb/>lungen von Christus sind doch immer so daß sie diesen<lb/>erhabnen GottMenschen nicht entwürdigen und keinen<lb/>wiedrigen Eindruck auf den Zuhörer machen, wie es von<lb/>einem Theil der Prediger geschieht. Doch welchen Geist<lb/>erfodert es nicht um dieses göttliche Ideal der <lb/>Menschheit würdig zu schildern! Ich glaube fest daß so<lb/>lange die Menschheit bestehen wird, je weiter sie an<lb/>Einsicht u Aufklärung auch Fortschritte machen möchte,<lb/>so würde man die erhabne Würde dieses Charackters<lb/>nie ganz erschöpfen! Christus ist für alle u kann<lb/>allen die es wollen Alles seyn: dem der noch rohe<lb/>Begriffe hat wie dem der das Ideal der Tugend sucht</p><pb n="5"/><p>dem der an blutige Opfer gewohnt war, wie dem der im<lb/>stillen Herzen Gott sucht.<lb/>Könnt ich dich Würdigster, Höchster täglich reiner erkennen<lb/>deinem Vorbild mich nahn, heilig allein dir mich weihn!<lb/>O wie schwänden die Klagen, wie ruhig trüg ich die Leiden<lb/>die zur Prüffung du mir, mir zur Bessrung beschert!</p><p>Sieh die Sonne, ihre Stralen,<lb/>Sie bescheinen Groß u Klein;<lb/>Aber wie verschieden malen<lb/>Sie sich Jedem; einem rein<lb/>Und dem Andern wie verworen!<lb/>Alle sind nicht auserkohren<lb/>Reiner Spiegel ihr zu seyn<lb/>Alle dürfen ihr sich freun.</p></div><div xml:id="d23405661" corresp="d897952" ><head resp="#editor">Tagebucheintrag<date> 23.04.1824 </date></head><pb n="5"/><p>24 4 23<lb/><rs ref="#i874470" type="object">St. Apoll.<lb/></rs>Ich bin seit Gestern <rs ref="#i873866" type="object">wieder hier</rs>; in der <rs ref="#i875143" type="object">Statt<lb/></rs>war mir nicht wohl, auch die freudigen <rs ref="#i873950" type="object">Ereigniß</rs>, so wie<lb/>nun die Verlobung meiner Enkelin S. <rs ref="#i868044" type="person">Preis</rs>. mit H <rs ref="#i868777" type="person">Gygi<lb/></rs>greiffen meinen <rs ref="#i873825" type="object">schwachen Körper</rs> stark an: doch im stillen<lb/>kann ich Gott dafür danken, ich hoffe sie werde glücklich <lb/>seyn so viel es die Menschheit erlaubt! Besonders freut <lb/>es mich daß sie so eine verständ[ige] geistreiche <rs ref="#i836473" type="person">Schwieger Mutter<lb/></rs>bekömmt, ich hoffe das werde die gute S. noch etwas herausheben.</p><pb n="6"/><p>Es freut mich weit besser das sie in eine <rs ref="#i874226" type="object">Familie von mässigem<lb/></rs>Vermögen kömmt als in eine sehr Reiche; denn wahrlich, es<lb/>ist nur gar zu wahr was die H Schrift sagt „daß die<lb/>Reichen schwerlich ins Himmelreich kommen“.</p></div><div xml:id="d23405662" corresp="d897960" ><head resp="#editor">Tagebucheintrag<date> 24.04.1824 </date></head><pb n="6"/><p>24 4 24<lb/>Es ist mir zwar <rs ref="#i922800" type="object">einsam</rs> <rs ref="#i874470" type="object">hier</rs>, u <rs ref="#i875143" type="object">doch leichter als in d Statt;<lb/></rs>seit dem meine offnen, wohl etwas harten Vorstellungen<lb/>so empfindlich aufgenommen u sich von mir entfremdet,<lb/>ist des Schmerzlichen noch mehr für mich dorten.<lb/>Zwar liegt es mir auch hier schwer auf: u doch kann<lb/>u soll ich es nicht bereuen, ich folgte meinem Gewissen,<lb/>u hoffe immer es sey nicht vergeblich!<lb/>[xxx]</p><pb n="7"/><p>beruhigt mich. Es ist hart von denen so miskannt zu seyn,<lb/>die man innig liebt! O wie wahr sagte der wohlmeinende Fr.<lb/>„wie bedaure ich Sie, ihre Kinder werden Sie oft misverstehen“.<lb/><rs ref="#i898746" type="object">Ja wohl dies war schon oft, u ist hier der Fall.<lb/></rs></p></div><div xml:id="d23405663" corresp="d897968" ><head resp="#editor">Tagebucheintrag<date> 25.04.1824 </date></head><pb n="7"/><p>24 4 25<lb/>Mir ist seit ein pr Tagen <rs ref="#i873825" type="object">nicht so wohl</rs> als das vergangne<lb/>Mal, <rs ref="#i874141" type="object">doch habe ich alles in Ordnung gebracht</rs>, es geschehe<lb/>wie Gott will. Gerne möchte ich den <rs ref="#i873908" type="object">Verkauff</rs> des<lb/><rs ref="#i873159" type="object">MühlenGuthes</rs> noch schließen, doch ich darf die Sache nicht<lb/>betreiben, um den Käuffer nicht trozig zu machen, muß<lb/>ihn selbst kommen lassen; wäre dieser Verkauff gethan,<lb/>so würden die Meinen, auch wenn ich nicht mehr da wäre<lb/>einen Maaßstab für das Andre haben. Die Sume<lb/>der jährlichen Abgaben auf jedem Theil würde den Werth<lb/>bestimmen. Wenn der Verkauff geschieht so werde ich <rs ref="#i904085" type="object">2/3 des<lb/>Erlöses meinen Kindern überlassen</rs> um sie für den ver-<lb/>minderten Werth, um welchen sie mir das Guth überliessen,<lb/>schadlos zu halten; das soll ich um desto mehr thun da ich<lb/>sehe daß mir das Guth den rechten Zins trägt u daß<lb/>ich ohne dies mehr als gemächlich zu leben u mitzutheilen<lb/>habe, auch Letzres unbefangner thun kann wenn ich meinen<lb/>Pflichten genüge geleistet habe. Wohl weis ich daß man <del>es</del><lb/>nicht von mir fodern würde: desto eher werde ichs thun.</p></div><div xml:id="d23405664" corresp="d897976" ><head resp="#editor">Tagebucheintrag<date> 26.04.1824 </date></head><pb n="8"/><p>24 4 26<lb/>Ich nahm diesen Morgen wieder „<rs ref="#i904094" type="book_etc">die Aussprüche der reinen<lb/>Vernunft</rs> Artikel Religion: wie wohl thut es meiner Seele<lb/>wenn ich die schönen erhabnen Lehrbegriffe unter allen<lb/>Völkern ausgesaet sehe, wie viel tragt es dazu bei mir<lb/><rs ref="#i873922" type="object">die Güte Gottes erhabner vorzustellen</rs>, wie sehr beve-<lb/>stigt es meinen Glauben an das Christenthum, welches<lb/>ich immer als die reinste u von Gott für alle Menschen<lb/>auch für die so zum vielen Nachforschen weder Zeit noch<lb/>Kräffte haben bestimmt sey: aber ach Gott wie vielen <lb/>Misbrauch ist schon, u wird noch damit getrieben!</p></div><div xml:id="d23405665" corresp="d897984" ><head resp="#editor">Tagebucheintrag<date> 27.04.1824 </date></head><pb n="8"/><p>27</p><p>Wenn ein mit Bäumen, Dorn u Disteln bewachsnen Land-<lb/>stück soll urbar gemacht werden so braucht es großer         <lb/>Gewalt, starker Werkzeuge u Arme um den Zweck<lb/>zu erreichen: die so es vollbringen sind für die Menschheit<lb/>wohlthätig, sie verdienen Dank u Genuß, sie haben<lb/>ein gegründetes Recht von denen, welchen sie das urbar-<lb/>gemachte Land übergeben einen Abtrag zu fodern:<lb/>wollten in der Folge der Zeit die unthätigen Enkel der<lb/>Urbarmacher sich gleiche Rechte anmassen, <supplied>wollt</supplied> in<lb/>wie ferne hätten sie das Recht dazu?</p><pb n="9"/><p>Ist die Feuchtigkeit unsres Dunstkreises schön vertheilt<lb/>so verbreitet sie wohlthätigen Thau od befruchtenden<lb/>Regen; häuft sie sich in einzelne schwere Wolken<lb/>so ensteht <rs ref="#i884071" type="object">Sturm Hagel u Wolkenbruch</rs>: so die Gewalt<lb/>in der menschlichen <rs ref="#i874226" type="object">Gesellschaft</rs>.</p><p>Die Sume aller <rs ref="#i873922" type="object">religiosen Erkenntniß</rs> bei allen<lb/>Weisen aller Völker geht immer dahin, Gott mit<lb/>Reinigkeit des Herzens, Bezwingung der niedrigen<lb/>Begierden u mit dem Bestreben Gott änlich zu werden<lb/>zu dienen: „Liebe Gott von ganzem Herzen u</p></div><div xml:id="d23405666" corresp="d897992" ><head resp="#editor">Tagebucheintrag<date> 29.04.1824 </date></head><pb n="9"/><p>29</p><p>Die Nachrichten so ich Gestern von <rs ref="#i873159" type="object">B[asel]</rs> erhielt über<lb/>den <rs ref="#i868141" type="person">Kleinen</rs> meines <rs ref="#i835869" type="person">Sohns</rs> sind etwas <rs ref="#i898746" type="object">beunruhigend</rs>:<lb/>doch der Allgütige weis besser was gut ist! In jedem<lb/>Fall flößen mir die beiden <rs ref="#i836759" type="person"><rs ref="#i868141" type="person">Kinder</rs></rs> große Besorgniße<lb/>ein u mein armer Sohn nicht minder.</p><p>Ich las in der N. Zeitung, über die erst verstorbne<lb/>Prinzeßin von Bourbon Mutter[5] des Prz von Enghieng,[6]<lb/>ihre Grundsätze über Religion u Menschenrechte, wie</p><pb n="10"/><p>erhaben u ächt christlich! Hätte sie ihrem Sohn die gleichen<lb/>Grundsatze beibringen können, welch edler Fürst hätte er<lb/>werden können, wie Schade um ihn! Doch sie war durch<lb/>Wiederwärtigkeit geprüft u belehrt über Menschenwerth<lb/>u Menschenkleinheit.<lb/>Ich lese nun wieder in <rs ref="#i869834" type="person">Müllers</rs> <rs ref="#i904118" type="book_etc">Swzgeschichte</rs>, die<lb/>ich über Anderen lange weggelegt hatte: eine mühsame<lb/>Lecktüre, aber doch wie herrlich, so eben die charakter<lb/>Schilderung von König Albrecht,[9] wie gediegen wie<lb/>viel gesagt in wenig Worten, wie lehrreich!</p><p>[5] Vielleicht Maria Louisa von Spanien (1782–1824), Königin von Spanien und Etrurien. Allerdings war ihr Sohn Karl II. Ludwig (1799–1883) kein Duc d‘ Enghien. Möglicherweise spricht Anna Maria Preiswerk-Iselin auch von Bathilde d’Orléans (1750–1822), Herzogin von Bourbon-Condé, deren Tod zwar etwas weiter zurück liegt, deren Sohn Louis Anton Henri de Bourbon Condé (1772–18404) jedoch der letzte Duc d’Enghien war.<lb/>[6] Karl II. Ludwig (1799–1883), Infant von Spanien und König von Etrurien oder aber Louis Anton Henri de Bourbon Condé, duc d’Enghien (1772–18404), französischer Herzog.</p><p>[9] Albrecht I. (1255–1308), Herzog von Österreich und der Steiermark sowie König des HRR.</p></div><div xml:id="d23405667" corresp="d898000" ><head resp="#editor">Tagebucheintrag<date> 29.04.1824 </date></head><pb n="10"/><p>24 4 29<lb/>Morgen<rs ref="#i873866" type="object"> kehre ich wieder</rs> in die<rs ref="#i875143" type="object"> Statt zurück</rs>, so sehr<lb/> ich mich freue <rs ref="#i874148" type="object">die Meinen wieder zu sehen</rs> so ist<lb/>doch diese Freude durch Mancherlei gedämpft.<lb/>Ich bin so <rs ref="#i874226" type="object">wenig mehr stark genug Leid u Freud</rs> zu<lb/>tragen, daß beides einen schädlichen Eindruck auf meine<lb/><rs ref="#i873825" type="object">schwache Gesundheit</rs> macht.</p></div><div xml:id="d23405668" corresp="d898007" ><head resp="#editor">Tagebucheintrag<date> 09.05.1824 </date></head><pb n="10"/><p>24 5 9<lb/>Den lezten April kam ich in <rs ref="#i873866" type="object">die Statt zurück</rs>, um zur<lb/><rs ref="#i873950" type="object">Communion</rs> zu gehen u dan meinen <rs ref="#i903731" type="person">Bruder</rs> zu<lb/><rs ref="#i874148" type="object">erwarten</rs>: dieser kam schon am 1 Mai. Die Freude<lb/>ihn wieder zu sehn <rs ref="#i910699" type="object">erschütterte</rs> mich sehr; doch konnte<lb/>ich den folgenden Tag zur Com. gehn u ich hoffe mit</p><pb n="11"/><p>der Verfaßung welche diese h Handlung erfodert.<lb/>Mein Geist ist ruhig, wie wohl mein Körper diese<lb/>Tage <rs ref="#i873943" type="object">über sehr schwach war, nun ist mir wieder etwas<lb/></rs>besser. Die <rs ref="#i898746" type="object">Lage</rs> des guten Bruders bewegt mich<lb/>sehr, u mit dem besten Willen ist ihm nicht zu <lb/>helfen, den so lange er nicht eine Stelle findet wobei<lb/>er sich zweckmässig beschäfftigen kann, wird er nicht<lb/>ruhig seyn: es lasten zu bittre Erinnerungen auf ihm<lb/>die sich nur schwer, u nie ganz in Wehmuth auflösen<lb/>werden. Möge er auf Gott vertraun u auf ihn hoffen,<lb/>das will auch ich!</p></div><div xml:id="d23405669" corresp="d898015" ><head resp="#editor">Tagebucheintrag<date> 22.05.1824 </date></head><pb n="11"/><p>                <lb/>24 5 22<lb/><rs ref="#i874470" type="object">St. Ap<lb/></rs>Seit dem 11 Mai bin ich <rs ref="#i873866" type="object">wieder hier</rs>: obgleich ich nur<lb/>sehr<rs ref="#i873908" type="object"> langsam meine Geschäffte</rs> verrichte u von der <rs ref="#i873825" type="object">Schwäche<lb/></rs>meines Körpers oft belastet bin, so kann ich doch Gott,<lb/>sei Dank meine Unthätigkeit noch in Geduld ertragen<lb/>u meine Seele zu Gott erheben mit Vertrauen u<lb/>freudiger Hoffnung auf eine hellere Zukunft: Ob gleich<lb/><rs ref="#i873894" type="object">so Manches mein Gemüth darniederdrückt</rs>, so gewähr<lb/>mir der Himmel doch noch so unendlich viel Gutes daß ich<lb/>die größte Ursache zur Dankbarkeit habe: nebst allen<lb/>meinen Bedürfnißen habe ich noch übrig um andern</p><pb n="12"/><p>beizustehen, <rs ref="#i873964" type="object">beschämmt gestehe </rs>ich daß ich diesen Vorzug<lb/>nicht immer genug würdige; wie rührte mich mein <rs ref="#i903731" type="person">Bruder<lb/></rs>als er mir letzhin diesen Vorzug mit thränenden Augen<lb/>vorwies! O möchte dieser gute Bd. in eine Lage versetz<lb/>werden worin er dem Wunsch seines guten Herzens genüge<lb/>leisten könnte! Mit Eifer will ich darnach streben mein<lb/>mir von Gott verliehnes Vermögen so gut als möglich<lb/>anzuwenden.</p></div><div xml:id="d23405670" corresp="d898023" ><head resp="#editor">Tagebucheintrag<date> 26.05.1824 </date></head><pb n="12"/><p>24 5 26<lb/>Ich erhielt vor 4 Tagen einen sehr freundschaftlichen <rs ref="#i873852" type="object">Bf</rs> von der<lb/>S. <rs ref="#i837033" type="person">Ether</rs>: möchte sie doch nur auch ruhigers Gemüthes seyn u<lb/>nicht allzu ängstlich für andre sorgen u darüber sich selbst<lb/>vergeßen! Ihre liebreichen Gesinnungen gaben mir den<lb/>Gedanken <rs ref="#i899265" type="object">sie um ihre Wohnung über den Winter für<lb/>mich zu bitten</rs>, um <rs ref="#i835836" type="person">Paraviz</rs> die meine zu überlassen, weil<lb/>ich sie noch in Verlegenheit glaubte; ich <rs ref="#i873852" type="object">schrieb</rs> an <rs ref="#i873838" type="object">Swst<lb/></rs>darüber u fuhr bei dem elendsten Wetter nach der Statt<lb/>in der Hoffnung meiner Tochter Trost zu bringen. Allein<lb/>durch die wohlmeinende aber nicht genug überdachte<lb/>Zurede meines <rs ref="#i903731" type="person">Bd</rs>. hatten sie das<rs ref="#i873159" type="object"> G. Haus</rs> angenommen.<lb/>U mein Vorschlag brachte nur meiner Tochter neue<lb/><rs ref="#i898746" type="object">Unruhe</rs>, die ich sehr bedaurte: in mancher Rücksicht<lb/><rs ref="#i873964" type="object">war mir die Sache nicht recht</rs> u ich hätte gewünscht es wäre</p><pb n="13"/><p>anders gegangen! Doch will ich mich nun mit der Hoffnung<lb/>beruhigen daß diese gute Wohnung für die<rs ref="#i899128" type="object"> Gesundheit<lb/>der leidenden Tochter</rs> zuträglich seyn werde.<lb/>[xxx], <rs ref="#i873838" type="object">er</rs> wollte nicht eingestehn daß ich durch<lb/>seine Behandlung die Kräffte eingebüßt, sonder: ich könnte<lb/>ohne Schaden von Zeit zu Zeit die erste Arznei wieder brauchen<lb/>aber ganz meinem eignen Gefühl folgen, sie nur nehmen<lb/>wenn ichs Bedürfnis dazu fühle u. d. g. <rs ref="#i903712" type="object">wegen dem Aderlassen</rs>:<lb/>mein Puls sei für den Augenblick nicht dazu geeignet.<lb/>Ja ich fühlte wohl selbst was ich bedürfte: aber meine<lb/>arme Tochter, die immer gar zu wenig über ihre Gesundheit</p><pb n="14"/><p>nachdenken neigte, u sich blindlings diesem Menschen<lb/>in dieser Hinsicht überläßt; mir ist für die Folgen bange,</p><p>[xxx]<lb/><rs ref="#i873943" type="object">Je älter ich werde je weniger scheue ich mich vor den Menschen<lb/></rs>so bald mir mein Gewißen eine Sache zur Pflicht macht.<lb/>Beschämt muß ichs erkennen daß ichs nicht immer so machte<lb/>u das ich zu ängstlich war den Menschen wehe zu thun.</p></div><div xml:id="d23405671" corresp="d898031" ><head resp="#editor">Tagebucheintrag<date> 05.06.1824 </date></head><pb n="14"/><p>24 6 5<lb/>Seit dem 2ten ist der kleine <rs ref="#i868141" type="person">W</rs>. meines <rs ref="#i835869" type="person">Sohns</rs> <rs ref="#i874148" type="object">hier</rs>, den er<lb/>mir mit dem <rs ref="#i873838" type="object">Hausknecht</rs> schickte um ihn der unartigen<lb/>Behandlung seiner alten Wärterin zu entziehn: der Junge<lb/>giebt mir wohl Mühe, f<rs ref="#i873825" type="object">ast zu viel für meine Gesundheit<lb/></rs></p><pb n="15"/><p>doch ich will versuchen was sie aushalten mag! Das Ver-<lb/>gnügen diesen 2 <rs ref="#i836759" type="person"><rs ref="#i868141" type="person">Kindern</rs></rs> zu nützen wird auch wohlthätig<lb/>auf mich wirken. Mein Sohn glaubt sehr irrig er<lb/>werde mich erleichtern wenn er mir die <rs ref="#i873838" type="object">Jacobe</rs>, schickte<lb/>dieses Mensch hat die <rs ref="#i836759" type="person">Marie</rs> durch<rs ref="#i874045" type="object"> kriechende<lb/>Schmeichelei so verdorben</rs> u alles was man für ihre<lb/>Besserung so unwirksam gemacht, daß ich sie durchaus<lb/>nicht bei dem Mädchen dulden kann. Die Personen die<lb/>ich bei mir habe sind für die Kd. recht gut <rs ref="#i873838" type="object">Jf. St</rs>. durch<lb/>ihre richtigen Begriffe u ihre Gutmüthigkeit: <rs ref="#i873838" type="object">M.<lb/></rs>wie durch ein angebohrnes Talent die Kd. in Schranken<lb/>u zum Gehorsam u in guter Laune zu erhalten.<lb/>Dem Himmel sey für diese Hilfe gedankt! Sollte ich<lb/>sie durch die Annahme eines so verkehrten Menschen<lb/>zu nichte machen!</p></div><div xml:id="d23405672" corresp="d898039" ><head resp="#editor">Tagebucheintrag<date> 10.06.1824 </date></head><pb n="15"/><p>24 6 10<lb/>Die <rs ref="#i898746" type="object">Lage</rs> meines guten <rs ref="#i903731" type="person">Bruders</rs> macht mich so wehmüthig:<lb/>ich sehe wie ihn <supplied>seine</supplied> dieselbe drückt! Nicht den Mangel<lb/>sich die Bequemlichkeiten des Lebens anschaffen zu können<lb/>schmerzt ihn, nein daß er nicht Andern mitheilen, helfen<lb/>u beistehen kann, das bringt ihm bei jedem Anlaß in stille<lb/>Thränen: u wie könnte ich, od jemand Anders ihm helfen!</p><pb n="16"/><p>Wenn er keine Beschäfftigung in <rs ref="#i873159" type="object">Ba[sel]</rs> findet die ihm etwas<lb/>einträgt, so besorge ich er werde wieder <rs ref="#i874148" type="object">abreisen</rs>u so<lb/>wehe es mir thun würde, so kann ich ihn nicht darüber<lb/>tadeln: an seinem Platz thäte ich das Gleich: doch wie<lb/>hart ist es in seinem <rs ref="#i899058" type="object">Alter</rs> sich aus dem Schoos einer<lb/>geliebten Familie zu reißen um im Auslande sein Brod<lb/>zu verdienen; da doch <del>ich</del> , so lange mir der Himmel das Leben<lb/>schenkt, da mit mir, u ohne mich, unsre gute Swst. <rs ref="#i837033" type="person">Esther<lb/></rs>ihr artiges Vermögen so gerne mit ihm theilen würde,<lb/>u beide genug hätten; da wenn auch sie vor Bd. sterben<lb/>sollte der Theil ihres <rs ref="#i904085" type="object">Vermögens</rs> über den sie ver-<lb/>fügen kann u über den sie schon verfügt, für den guten <lb/>Brd hinreichte. Nach der reinen christlichen Bruderliebe<lb/>sollte er sich kein Bedenken darüber machen. Aber<lb/>wie ferne ist unser verfeinertes Zeitalter von<lb/>der schlichten Sinnesart der ersten Christen!<lb/>Sollte Bd. es nicht in Anschlag bringen wie vie Vergnügen<lb/>er in unsre Mitte durch seine Gegenwart bringt!<lb/>Nicht bedenken daß der Platz den er wieder an-<lb/>nehmen würde, in der jetzigen Zeit, wo sich so Mancher</p><pb n="17"/><p>vergeblich nach Brod u Arbeit sehnt, von zehn Andern<lb/>die <supplied>den</supplied> keine andern Hilfsquellen haben, besetzt<lb/>werden können! Nicht denken daß in dem er einem<lb/>Andern die Stelle räumt er eine wirkliche Wohlthätigkeit<lb/>wäre; könnte ich ihm nur recht fühlbar[4] machen! Doch wie<lb/>werde ich ihm das Gefühl, der Abhängigkeit von Andern,<lb/>u dessen Schmerzliches wegnehmen können, auch das<lb/>Leere eines geschaftlosen Lebens! – Mir fällt<lb/>ein Gedanke ein: wenn ich mein lieblings <rs ref="#i874895" type="object">Vorhaben</rs> je<lb/>ausführen könnte wäre ihm dan nicht Beschäfftigung<lb/>anzuweisen die seiner Sehnsucht nach Wohlthun stillen<lb/>könnte?</p><p>[4] Möglicherweise auch fehlbar.</p></div><div xml:id="d23405673" corresp="d898047" ><head resp="#editor">Tagebucheintrag<date> 12.06.1824 </date></head><p>[17]                                                                                                                 </p><p>24 6 12<lb/>Mit Vergnügen las ich in <rs ref="#i869834" type="person">Müllers</rs> <rs ref="#i904118" type="book_etc">Swzgeschichte</rs>, die Schlacht<lb/>bei Laupen schon da bewunderte ich Rudolphs von Erlach[3]<lb/>sein edles Betragen besonders wie er dem Grafen von<lb/>Nidau,[4] beim Ausbruch des Krieg, erklärte daß er seine<lb/>Dienstentlassung fodre (er war Aufseher der Sohne des Grafen[5])<lb/>Aber wie schon ist die Stelle 196 Band 2. „Jacob[6] u Rudolph,<lb/>Sohne Rudolphs von Nidau, waren unmündig: ihre Vetern<lb/>zu Welschneuenburg zu schwach zur Vertheidigung der<lb/>der Herrschaft; u sie trugen billig Scheu die Verthei-</p><pb n="18"/><p>digung einem fremden Fürsten zu vertrauen, da<lb/>bewogen sie durch Vermittlung des Bischofs von Basel<lb/>Johann Senns von Mäusigen,[7] Rudolphen von Erlach, den<lb/>sie einen ebenso frommen als tapfern Ritter wußten<lb/>über Nidau u die verlassne Jugend ihrer Vettern die<lb/>die Vormundschaft wieder anzunehmen. Der Tag<lb/>bei Laupen ist glänzend: diese Urkunde seiner <lb/>Tugend ist größer; denn Kriegsglück ist meist bei<lb/>dem Geschicktesten, solches Vertrauen kömmt nur dem<lb/>Besten zu, Erlach hat mit vielen Tausenden gemein daß<lb/>er in Schlachten gesiegt, aber ich weis nicht ob einem<lb/>andern Kriegshelden, freiwillig ohne Mistrauen u<lb/>so ohne Reue, die Söhne, Herrschaften des erschlagnen<lb/>feindlichen Feldherrn anvertraut worden sind.<lb/>Auch Peter von Aarperg[8] u Ludwig von Welschneuenburg[9]<lb/>bewiesen ein Glück u eine Hochheit die wohl dem<lb/>„größten König fehlen, darin daß sie an Tugend<lb/>glaubten. Man kann zweifeln ob es für Bern <lb/>ein größres Lob war, daß man wußte der Senat<lb/>würde von Erlach nichts fodern wieder seine Pflicht, oder<lb/>[xxx]</p><p>[3] Rudolf von Erlach (um 1299–1360) Berner Edelknecht und Ritter.<lb/>[4] Rudolf III. von Nidau (um 1276–1339), Neuenburger Adliger.<lb/>[5] Rudolf IV. von Nidau (um 1336–1375), Neuenburger Adliger und Sohn Rudolf III. von Nidau.<lb/>[6] Jacob von Nidau (14. Jh.), Sohn Rudolf III. von Nidau.<lb/>[7] Johann II. Senn von Münsingen (um 1308–1365), Bischof von Basel (1335–1365).<lb/>[8] Wohl Peter II. von Aarberg (um 1300–1372), letzter regierender Graf von Aarberg.<lb/>[9] Ludwig von Neuenburg (1305–1373), Graf von Neuenburg.</p></div><div xml:id="d23405674" corresp="d898055" ><head resp="#editor">Tagebucheintrag<date> 02.07.1824 </date></head><pb n="23"/><p>24 7 2<lb/>Ich habe wieder einige <rs ref="#i922784" type="object">unruhige</rs> Tage verlebt, verursacht<lb/>durch die Abwechslung meines <rs ref="#i873838" type="object">Gartners</rs> der zugleich<lb/>Verwalter meines <rs ref="#i874470" type="object">Guthes</rs> ist: der so fort kamm war<lb/>ein ganz <rs ref="#i874090" type="object">unfähiger Mensch</rs>, der weder Lust noch Muth<lb/>zur Arbeit hatte so auch seine Frau u Kinder; mir that es<lb/>lange wehe diese Menschen zu entlassen, da sie den Platz<lb/>so nothig hatten: allein da all mein Zusprechen unnütz<lb/>war mußte ich sie entlassen. Die ungezognen unthätigen<lb/><rs ref="#i874045" type="object">zu keiner Arbeit angezognen Kinder eckelten mich<lb/>an</rs>, so viel Freude ich sonst mit Kindern habe; auch<lb/>hielt ich’s nicht rathsam meine <rs ref="#i836759" type="person"><rs ref="#i868141" type="person">GßKinder</rs></rs>, die nun bei<lb/><rs ref="#i874148" type="object">mir sind</rs>, mit jenen umgang zu haben: u dieses zu<lb/>vewahren hatte auch wieder Anstände u war beinahe<lb/>unmöglich. <rs ref="#i874226" type="object">Wie elend werden doch Menschen</rs> deren<lb/>Beruff ist mit Handarbeiten ihr Leben zu verdienen<lb/>wenn sie bei zu nachsichtigen Herrschafften verwöhnt<lb/>an Trägheit u stättische unnöthige Bedürfnisse gewöhnt<lb/>werden! Wie wenig wissen doch die <supplied>Re</supplied> meisten Reichen<lb/>was das eigentliche Bedürfniß des Volkes ist! Verzärtelt<lb/>zur Arbeit untauglich mit unmässigen Bedürfnissen geplagt<lb/>sinken sie in Armuth u Elend herab.</p><pb n="24"/><p>der Mann u die Fr die ich an ihre Statt habe sind mir<lb/>viel seitig als sehr brave taugliche Leute empfahlen, u<lb/>bis dahin scheinen sie mir das Lob zu verdienen, ihnen<lb/>scheint Arbeit u gute Ordnung Freude zu seyn; bleiben<lb/>sie fort so, so werden sie mir viel Unmuth u Sorgen<lb/>ersparren! Ich werde Gott dafür danken u auch<lb/>ihnen so viel möglich ihr Leben zu erleichtern trachten.<lb/>Ich bedarf nun doppelt der Erleichterung meiner<lb/><rs ref="#i874077" type="object">Geschäfte</rs> da meine<rs ref="#i873943" type="object"> Kräfte sehr beschränkt sind</rs> u<lb/>die beiden GßKinder die ich bei mir habe mir ein<lb/>Theil davon rauben es ist kein Kleines sie zu leiten<lb/>möge Gott mir den Geist geben es gehörig zu thun!</p></div><div xml:id="d23405675" corresp="d898063" ><head resp="#editor">Tagebucheintrag<date> 12.07.1824 </date></head><pb n="24"/><p>24 7 12                                                                                                             <lb/>Wegen <rs ref="#i873915" type="object">Häuslichen</rs> u all <rs ref="#i874077" type="object">Beschäftigungen</rs> kam ich einige Zeit<lb/><rs ref="#i873831" type="object">nicht zum schreiben</rs>: doch muß ich was nachholen das<lb/>mir interressant ist; vor 6. Tagen <rs ref="#i874148" type="object">brachte</rs> mein <rs ref="#i835869" type="person">Sohn<lb/></rs>einen <rs ref="#i873838" type="object">Mann</rs> zu mir der vor 30 Jahren oft in unser Haus<lb/>kam, damals <rs ref="#i874090" type="object">war er ein feiner aufgeputz</rs>, dabei <supplied>war<lb/>er</supplied> ein wohlbelebter artiger Gesellschafter: hatte ein<lb/>großes Vermögen. Vor einigen Jahren hatte ich von<lb/>ihm gehört daß er sein Vermögen gänzlich verlohren</p><pb n="25"/><p>u ein religioser Schwärmer geworden wäre: es war<lb/>mir allso darum zu thun ihn zu beobachten, anfangs war<lb/>er zurückhaltend, doch als er sah daß ich Theil an ihm<lb/>nahm wurde er zutraulich, sagte mir: daß er als er<lb/>vor 30 Jh bei uns <supplied>gewesen</supplied> <del>war</del> noch ein unverdorbner Mensch<lb/>gewesen, hätte er damals geheurathet u in gute Familien<lb/>Verhältnisse getretten wie gut wäre es für ihn gewesen<lb/>(er hatte damals eine große Zuneigung zu meiner <rs ref="#i873838" type="object">K.W.</rs> diese<lb/>war aber schon verlobt). Doch mit der Zunahme seines<lb/>Reichthums, wäre er auf alle Abwege gerathen; bis<lb/>Gott zu seiner Besserung ihm diesen weggenommen hätte:<lb/>er habe eine sehr religiose Base, als einzige Verwandtin,<lb/>noch gehabt, welche nichts von ihm hören wollte so lange er<lb/>in der Zerstreuung herumgeschwärmt; so bald sie ihn aber<lb/>im Unglück gewußt hätte sie sich seiner mit wahrer christ-<lb/>licher Liebe angenommen, ihm den Weg zu Gott gezeigt; seit dem<lb/>sey er ruhig u glücklich welches er vorher nie gewesen:<lb/>er schien mir so aufrichtig so freimüthig zu reden, daß es<lb/>mir recht wohl that. Mein <rs ref="#i835869" type="person">Sohn</rs> sagt mir es stehe nicht<lb/>richtig um seinen Kopf er wäre ein toller Schwärmer.</p><pb n="26"/><p>Gerne hätte ich ihn nochmals u auf langer gesprochen.<lb/>Wohl ist es möglich daß seine Lebensart seinen Geist<lb/>so wie sein Körper geschwächt u ihn auf relig[iöse] Irthümer<lb/>geführt! Aber doch wahr glaube ich daß er in der <rs ref="#i873922" type="object">Religion<lb/></rs>die Ruhe u den Trost findet deren er fähig ist, u daß<lb/>Religion, mit so vielen Irrthümern sie auch verbunden seyn<lb/>mag, die einzige feste Stütze für den Menschen sey.<lb/>U was ist eigendlich <del>reine</del> Wahrheit für den armen Sterblichen?<lb/>Diese ist allein bei Gott. „Wo ist ein Weiser Guter Reiner<lb/>der sagen kann ganz kenn ich Gott.<lb/>Ich ehr ihn rein u Liebevoll,<lb/>So ganz wie man ihn ehren soll!<rs ref="#i904222" type="book_etc">“</rs> sagt <rs ref="#i27035" type="person">Lavater</rs>.<lb/>Folge Jeder der Stimme seines Gewissen u der Einsicht<lb/>die ihm verliehen ist, so hat Jeder den Grad von Wahrheit<lb/>deren er fähig ist u kann darin Ruhe finden. Gott lasse<lb/>den armen Reuigen diese finden!</p></div><div xml:id="d23405676" corresp="d898071" ><head resp="#editor">Tagebucheintrag<date> 16.07.1824 </date></head><pb n="26"/><p>24 7 16                                                                                                                 <lb/>Vorgestern war ich in der Statt um meine Leute zu <rs ref="#i874148" type="object">besuchen<lb/></rs>besonders die neue <rs ref="#i873159" type="object">Wohnung</rs> meiner Tochter <rs ref="#i835836" type="person">Par</rs>. Auch um<lb/>allerlei zu <rs ref="#i873908" type="object">besorgen</rs> auch für die Kind[er]; so wenig es war<lb/>so <rs ref="#i873825" type="object">ermüdete</rs> es mich allzu sehr so daß ich gestern</p><pb n="27"/><p>mich kaum rühren konnte u mich frühe zu Bethe legen<lb/>mußte. Doch nicht die Geschäfte allein bewirkten das: so bald<lb/>mancherlei Gegenstände auf meine Sinne u mein Gemüth<lb/>eindringen so erschöpft es mich; das Freudige nicht minder<lb/>als das Traurige: diesmal wirkte Ersters; denn die<lb/><rs ref="#i899265" type="object">neue Wohnung meiner Tochter</rs> ist über alle Beschreibung<lb/>bequem lieblich u schön; doch auch diese Freude war nicht<lb/>ungetrübt: denn wie lange sind sie sicher darinnen,<lb/>u wie schwer wird es nachher seyn sie zu befriedigen,<lb/>leicht bequemt man sich an das Bessere, schwer an das<lb/>minder Gute! [xxx]</p><p>[28]     </p><p>meine Absicht war zu verhüten daß sie weder Spott noch<lb/>falsche Begriffe hervorbringen möchten. Es fiel mir<lb/>dan schwer auf u ich dachte daß eben diese Bilder<lb/>bei einer Art von Menschen Beruhigung u Trost<lb/>hervorbrachten u daß sie mir in dieser Hinsicht<lb/>achtungsvoll hätten vorkommen sollen, so wenig sie mit<lb/>meinen Religions Begriffen übereinstimmend sind.<lb/>Ich muß mich mit meinen <rs ref="#i835836" type="person"><rs ref="#i868068" type="person">Töchtern</rs></rs> darüber so bald<lb/>möglich erklären.</p><p>[1] Adressbüchlein 1826?<lb/>[2] Susanna Paravicini-Preiswerk (1783–1843).          <lb/>[3] Hälfte der Seite herausgeschnitten.<lb/>[4] Susanna Paravicini-Preiswerk (1783–1843) und Sophia Vischer-Preiswerk (1787–1859).</p></div><div xml:id="d23405677" corresp="d898079" ><head resp="#editor">Tagebucheintrag<date> 16.08.1824 </date></head><pb n="28"/><p>24 8 16                                                                                                   <lb/>Lange kam ich nicht zum <rs ref="#i873831" type="object">schreiben</rs> u Heute wie schwer<lb/>wie <rs ref="#i922997" type="object">wehmüthig</rs> [xxx]</p><p>[29]            </p><p>gestern gar zu sehr angrif; ich konnte mich wohl<lb/>augenblicklich halten, aber der Schmerz drang tief<lb/>in mein Innerstes. [xxx]</p></div><div xml:id="d23405678" corresp="d898087" ><head resp="#editor">Tagebucheintrag<date> 17.08.1824 </date></head><pb n="29"/><p>24 8 17                                                                                                         <lb/>Wie der Umgang der lieben Meinigen meinem Herzen so<lb/>wohl thut! Doch auch dieser Genuß ist mit einigem<lb/>Schmerz vermischt: <rs ref="#i874045" type="object">die Fehler der Kinder</rs> kränken mich<lb/>oft auch die etwas zu heftige, u dann wieder zu nachge-<lb/>bende Art wie die Mütter sie aufnehmen, doch war dies-<lb/>mal die <rs ref="#i868068" type="person">V</rs>. viel <rs ref="#i874090" type="object">sanfter</rs> u das freut mich sehr, auch<lb/>die <rs ref="#i835836" type="person">S</rs>. war weniger <rs ref="#i874090" type="object">heftig</rs> u nahm meinen Verwiß recht<lb/>gut auf. <rs ref="#i867962" type="person">R. P.</rs> der ein so vorzüglicher Junge schien<lb/>[xxx]<lb/>All zu große Begierlichkeit nach Befrie-<lb/>digung des Gaums, stört zweifach die Thätigkeit des <lb/>Geistes, sie nimmt das Sinnen u Denken zu viel in Anspruch</p><pb n="30"/><p>u macht den Körper träge allso zu freier Thätigkeit untaug-<lb/>lich, bringt Unmuth, u läßt des Dankes vergeßen den<lb/>wir Gott für so unzählige Wohlthaten schuldig sind.<lb/>Auch verleitet sie zu Schlauheit, List u so gar zur Lüge.</p></div><div xml:id="d23405679" corresp="d898103" ><head resp="#editor">Tagebucheintrag<date> 20.08.1824 </date></head><pb n="30"/><p>24 8 20<lb/>Ich empfing einen meinem Herzen sehr wohlthätigen <rs ref="#i873852" type="object">Bf<lb/></rs>von meiner Tochter <rs ref="#i868068" type="person">V</rs>. auch von der <rs ref="#i835836" type="person">P</rs>. Erstre wünscht<lb/>mir Ruhe die ich bedürfte, doch ich will nur von Gott<lb/>erbitten daß er mir schickt was mir gut ist, nur<lb/>daß ich mich in all die <rs ref="#i874141" type="object">Unruhe</rs> so mir zugedacht ist<lb/>mit Gedult, Demuth u Würde zu schicken um die innere<lb/><rs ref="#i873990" type="object">Ruhe zu erhalten</rs>, mir welcher alles Aussere zu tragen ist.</p></div><div xml:id="d23405680" corresp="d898111" ><head resp="#editor">Tagebucheintrag<date> 21.08.1824 </date></head><pb n="30"/><p>8 21</p><p><rs ref="#i873950" type="object">Unruhe</rs> giebt es so mancher Art: ich glaube der Himmel<lb/>schickt mir der Unwichtigen um die so mein Herz so<lb/>sehr drücken zu vergeßen od wenigstens zu zerstreuen.<lb/>Doch keine sehr angenehme Zerstreuung: es ist Klage<lb/>über Klage von meinen <rs ref="#i873838" type="object">Dienstbothen</rs> eines klagt das<lb/>Andre an: schwer ist zu entscheiden wer recht hat.<lb/>Ich finde auf beiden Seiten Unrecht; auf der einten Seite<lb/>besorge ich Untreue, auf der Andern scheint mir der</p><pb n="31"/><p>vorgebliche Diensteifer nur eine schöne Larve zu seyn!<lb/>Wie kann ich entscheiden! Doch nur ohne Furcht, mit<lb/>Enschloßenheit eingeschritten so wird es am Ende doch<lb/>klar werden. Imer ist es peinlich an den Menschen<lb/>um uns her so viel schlechtes zu erfahren.</p></div><div xml:id="d23405681" corresp="d898119" ><head resp="#editor">Tagebucheintrag<date> 24.08.1824 </date></head><pb n="31"/><p>24 8 24<lb/>Die Versorgung der <rs ref="#i836759" type="person"><rs ref="#i868141" type="person">Kinder</rs></rs> meines <rs ref="#i835869" type="person">Sohns</rs> machen<lb/>mir vieles zu denken, möge mir Gott in Sinn geben<lb/>zu rathen u thun was Gut ist! Die Wärterin der kranken<lb/><rs ref="#i836759" type="person">Marie</rs>, die eine verständige erfahrene Frau scheint, zweifelt<lb/>ob M sich genug erholen werde um bald weiters zu<lb/>kommen, sie sieht ihre <rs ref="#i898746" type="object">Krankheit</rs> für bedenklicher an<lb/>als der Arzt, u ich besorge sie habe nicht unrecht.<lb/>Ich soll mich darüber nicht kränken sondern alles dem<lb/>Willen Gottes anheim stellen. Doch wirds noch manches<lb/>schmerzliche für mich geben.</p><p>Zu meiner Zerstreuung lese ich nun „<rs ref="#i892398" type="book_etc">Gothens Leben</rs>"<lb/>durch ihn selbst <rs ref="#i869458" type="person">geschrieben</rs>. Wie viel interessantes<lb/>befindet sich in dieser Geschichte; wenn auch schon vieles<lb/>Dichtung seyn mag, wie viel umfaßend zeigt sich schon</p><pb n="32"/><p>der Knabe, welcher Sinn für alles, welche Gewandheit<lb/>wie unbefangen seine Urtheile! Seine Erziechung war<lb/>vielseitig oft scheint sie mir sehr sorglos u fehlerhaft,<lb/>u auf seine künftige Bildung nachtheilig wirkend,<lb/>doch vieleicht mußte sie eben so seyn um das viel-<lb/>seitige Genie so u nicht anders auszubilden!<lb/>Seine Bekanntschaft mit dem jung[en] <rs ref="#i873838" type="object">Schauspieler</rs> u was<lb/>damit verbunden war; wie bange wird einem um den<lb/>Schaden der daraus entstehen mag! U wie erstaunt<lb/>man zu hören daß bald darauf der gleiche Knabe<lb/>sich eine so eifrige Bekanntschaft mit der Bibel zu<lb/>verschaffen sucht, wie er Predigten anhort u sie<lb/>aufschreiben läßt! Sein Geschick für Alles u seine Lust<lb/>zu Allem sind erstaunend u doch muß es so statt<lb/>gehabt haben um daß aus ihm wurde was aus<lb/>ihm geworden ist. Ich bewundere immer seine<lb/>Mässigkeit in allen Urtheilen! So leichtfertig u<lb/>über alles wegschreitend er oft ist, so ist er doch<lb/>nie Spötter: oft so schonend daß er so Manche beschämen</p><pb n="33"/><p>könnte. Zum Beispiel gefiel mir so wohl was er Seite<lb/>82, 83 über den Seckten Geist sagt „doch war der kirchliche<lb/>Protestantismus, den man uns überlieferte, eigentlich<lb/>nur eine Art trockner Moral: an einen geistreichen<lb/>Vortrag war nicht gedacht, u die Lehre konnte weder<lb/>der Seele noch dem Herzen zusagen. Deswegen gaben<lb/>sich auch gar viele Absonderungen von der gesetzlichen<lb/>Kirche. Es entstanden Separati, Pietisten, Herrenhuter<lb/>u die stillen im Lande u wie man sie sonst noch zu<lb/>nennen pflegt, die aber alle <del>blos</del> die Absicht hatten, sich<lb/>der Gottheit, besonders durch Christum, mehr zu nächern<lb/>als es ihnen nach der Form der offentlichen Religion<lb/>möglich zu seyn schien<rs ref="#i892398" type="book_etc">“</rs>. Manches ist auch in Rücksicht der<lb/><rs ref="#i874045" type="object">Erziechung</rs> bemerkenswerth z.B. was er über Selbstüber-<lb/>windung u Stoicismus sagt: hier zeigt sich ein wahres<lb/>edles Gemüth.</p></div><div xml:id="d23405682" corresp="d898127" ><head resp="#editor">Tagebucheintrag<date> 25.08.1824 </date></head><pb n="33"/><p>24 8 25<lb/>Ich bin mit mir <rs ref="#i873964" type="object">selbst unzufrieden</rs> daß mich die Idee<lb/>des <rs ref="#i873908" type="object">Hausekauffes</rs> so sehr im Kopfe steikt, daß ich wie<lb/>ein Kind nach dem Christgeschenk mich darnach sehnen,<lb/>damit beschäftigen kann. So ich mirs doch zum Gesetz</p><pb n="34"/><p>gemacht, u auch zimlich daran gehalten, mich über<lb/>dergleichen Äusserlichkeiten nich mehr den Kopf warm<lb/>werden zu lassen. Zwar habe ich mir keine Vorwürfe<lb/>über mein Vorhaben zu machen, wenn der Kauff so<lb/>wie ich glaube billig zu schließen wäre: u um einen<lb/>hohen Preis würde ich ihn nie eingehn. Mit meinem<lb/>jetzigen Logie bin ich zum Theil zufrieden, u werde<lb/>es ferner seyn u mich nicht beklagen, allein die<lb/>Straße ist mir zu larmend, <rs ref="#i875143" type="object">ich habe keinen Winkel<lb/>im Hause wo ich stille u ungesehen ruhig seyn könnte<lb/></rs>die umgebenden Häuser nehmen mir Licht u Sonne,<lb/>keine Aussicht ins Freie, kein nacher Spaziergang<lb/>will ich hinaus muß ich fahren; wie Anders wäre es<lb/>dort, geräumige Wohnung, wo von ein Theil an Andre<lb/>übergeben werden könnte, liebliche Aussicht auf<lb/>beiden Seiten, gänzliche Stille auf der einen: Garten<lb/>der ins Freie führt, Näche der Örter so ich als<lb/>Mädchen so oft besuchuchte, u was sich meiner Einbildung<lb/>am öftsten darbietet, <rs ref="#i873922" type="object">Näche der Kirche </rs>welche ich den</p><pb n="35"/><p>[xxx], ist zwar von mir gänzlich verziehen,<lb/>aber doch nicht gänzlich vergeßen: möchte nur auch sie<lb/>auf eine Art daran denken die ihr zur Wahrnung<lb/>dienet! Die Wohnung mit ihnen zu theilen, besonders<lb/>ihnen den Vorschlag dazu zu machen, könnte ich, so<lb/>erwünscht es mir eins theils wäre, nur unter ernsten<lb/>Bedingnißen eingehn. Sollte Sw. <rs ref="#i837033" type="person">Est</rs>. die mit einiger<lb/>Abneigung ihr Haus behält, sich zum Verkauff enschließen<lb/>u es wagen wollen für meine kleine Spanne Lebzeit</p><pb n="36"/><p>[xxx]</p></div><div xml:id="d23405683" corresp="d898135" ><head resp="#editor">Tagebucheintrag<date> 26.08.1824 </date></head><pb n="36"/><p>24 8 26<lb/>Wie es mit der <rs ref="#i898746" type="object">armen</rs> <rs ref="#i836759" type="person">Marie</rs> gehen wird, ob sie<lb/>sich erholen werde um dies Spätjahr <rs ref="#i874141" type="object">noch weg gethan<lb/></rs>zu werden?</p></div><div xml:id="d23405684" corresp="d898143" ><head resp="#editor">Tagebucheintrag<date> 27.08.1824 </date></head><pb n="36"/><p>24 8 27<lb/>Das Selbstgefühl, das Bewußseyn zu thun was wir glauben<lb/>das Pflicht sey, stärkt unser Vertrauen zu Gott, unser<lb/>fester Glaube daß alles was uns begegne zu unserm<lb/>Besten dienen könne: durch die Art wie wir es auf-<lb/>nehmen, es bekämpfen od ertragen. Es stärkt<lb/>unsern Muth, benimt Menschenfurcht u Furcht vor</p><pb n="37"/><p>unglücklichen Begegnissen. Nach dieser <rs ref="#i922763" type="object">wohlthäthigen<lb/></rs>Stimmung habe ich immer gestrebt, doch oft gewankt! Nun<lb/>glaube ich weiter darinnen gekommen zu seyn: darüber<lb/>will ich mich zwar freun, Gott dafür danken, aber keines<lb/>Wegs mir ein Verdienst daraus machen, denn das<lb/><rs ref="#i873943" type="object">Alter</rs>, zum Theil die <rs ref="#i874141" type="object">Sehnsucht</rs> bald in eine bessere Weld<lb/>überzugehen, hilft mir dazu.</p></div><div xml:id="d23405685" corresp="d898151" ><head resp="#editor">Tagebucheintrag<date> 05.09.1824 </date></head><pb n="37"/><p>24 9 5<lb/><rs ref="#i873831" type="object">Seit dem ich Obiges geschrieben</rs> hatte ich Anlas meine<lb/>Grundsätze, so ich oben äusserte, in Ausübung zu bringen.<lb/>Die Hoffnung einen geschickten <rs ref="#i873838" type="object">Gartner</rs> u guter Auf-<lb/>seher zum Guth zu haben war schon einige Zeit in<lb/>Zweifel gebracht endlich aber in Gewißheit gesetzt<lb/>daß es ein <rs ref="#i874090" type="object">verworrner schlechter Mensch war:<lb/></rs>das giebt keine angenehmen Empfindungen, füllt den<lb/>Kopf mit unangenehmen Gedanken, verursacht Mühe,<lb/>u raubt dadurch viele Zeit. Ich habe mich eigentlich<lb/>nicht zu groß darüber bekümert mein Gemüth blieb<lb/>frei u heiter; aber mein Körper war davon geschwächt.<lb/>Recht gute Dienste leistete mir der gute <rs ref="#i903731" type="person">Bruder</rs>,</p><pb n="38"/><p>wäre er nicht hier gewesen ich hätte nicht zur <rs ref="#i891654" type="object">Hochzeit<lb/></rs>meiner [Gross]<rs ref="#i868044" type="person">Tochter</rs> nach <rs ref="#i873159" type="object">B[asel] </rs>gehn können denn meine<lb/>Leute mit den <rs ref="#i874045" type="object">Kindern hätte </rs>ich nicht hier lassen u<lb/>dem rohen Betragen solcher Menschen aussetzen können.<lb/>Aber so konnte ich 3 liebliche Tage im Schoos meiner<lb/><rs ref="#i874148" type="object">lieben Familie zubringen</rs>: an der Hochzeit war ich sehr<lb/>vergnügt weil ich hoffe die l. S. habe eine Verbindung<lb/>geschloßen die sie in einem Kreis liebevoller Menschen<lb/>ein ruhiges angenehmes Leben werde führen können<lb/>ganz ihrem Charakter gemäs; das gebe Gott!<lb/><supplied>den Tag nach der</supplied> Auch machte es mir viele Freude<lb/>von von allen mir bekannten Personen die dem Feste<lb/>beiwohneten mit Liebe u <rs ref="#i873957" type="object">Freundschaft</rs> aufgenommen<lb/>zu seyn. Der Tag darauf dr 1 Sept war das <rs ref="#i873950" type="object">Kinderfest<lb/></rs>in <rs ref="#i873159" type="object">St. Jacob</rs>, von dem ich auch noch einiges sah u mich<lb/>darüber freute. Bei meiner Rückkehr fand ich durch<lb/>Bruders gute Anordnung die ruhestorenden Menschen<lb/>fort geschaft u Stille hergestellt, für welche ich dank-<lb/>bar bin.</p><pb n="39"/><p><rs ref="#i869458" type="person">Gothes</rs> <rs ref="#i892398" type="book_etc">Leben</rs> 2ter Bd 276 Seite, über das Motto „was einer<lb/>in der Jugend wünscht hat er im Alter genug.[“]<lb/>Unsre Wünsche sind angesichts der Fähigkeiten die in<lb/>uns liegen, Vorboten desjenigen was wir zu leisten<lb/>im Stande seyn werden. Was wir können u möchten<lb/>stellt sich unsrer Einbildungskraft ausser uns u in der<lb/>Zukunft vor; wir fühlen eine Sehnsucht nach dem was wir<lb/>schon im Stillen besitzen. –<lb/>Nun gesellen sich zur menschlichen Beschranktheit noch<lb/>so viele Hinderniße, daß hier ein Begonnenes liegen<lb/>bleibt, dort ein ergriffnes aus der Hand fällt, u ein<lb/>Wunsch nach dem Andern sich verzettelt. Waren aber <lb/>diese Wünsche aus einem reinen Herzen entsprungen,<lb/>den Bedürfnißen der Zeit gemäß; so darf man ruhig<lb/>rechts u links liegen u fallen laßen, u kann versichert <lb/>seyn daß nicht allein daß dieses wieder aufgefunden<lb/>u aufgehoben werden muß, sondern daß auch noch<lb/>gar manches Verwandte, das man nie berührt, ja<lb/>an welches man nie gedacht hat, zum Vorschein kommen werde.<lb/>Sehen wir nur während unsers Lebensganges dasjenige<lb/>von Andern geleistet, wozu wir selbst früher einen</p><pb n="40"/><p>Beruf fühlten, ihn aber mit manchem Andern, aufgeben<lb/>mußten; dann tritt das schöne Gefühl ein, daß die<lb/>Menschheit zusamen erst der wahre Mensch ist, u daß<lb/>der Einzelne nur froh u glücklich seyn kann, wenn er<lb/>den Muth hat sich im Ganzen zu fühlen.</p><p> </p></div><div xml:id="d23405686" corresp="d898159" ><head resp="#editor">Tagebucheintrag<date> 10.10.1824 </date></head><pb n="40"/><p>24 10 10<lb/>Den 6ten dies kam ich von meiner <rs ref="#i873866" type="object">Schweizerreise</rs>, so ich<lb/>den 24 Sept angetretten zurück in <rs ref="#i873159" type="object">Basel</rs>, u den 8ten<lb/>wieder <rs ref="#i874470" type="object">hier</rs>. Wie vielfache Ursache habe ich Gott zu<lb/>danken für den vielfachen Genuß den ich dabei hatte!<lb/>Zwar wie alles im Menschlichen Leben u besonders in<lb/>dem Meinigen war Schmerz u Freude gemischt:<lb/>ich machte die <rs ref="#i873866" type="object">Reise</rs> in Gesellschaft meines l <rs ref="#i903731" type="person">Bruder<lb/></rs>meiner beiden Gßtochter <rs ref="#i868056" type="person">Para</rs>. u <rs ref="#i868031" type="person">V.</rs> Der Zweck derselben<lb/>war zum Theil, mein kleiners Gßkind <rs ref="#i836759" type="person">M. Pr</rs>. nach<lb/><rs ref="#i904317" type="object">Yverdon</rs> zu H <rs ref="#i869860" type="person">Niedrer</rs> zu führen. So froh ich war dieses<lb/>liebe u zum Theil unglückliche Kind <rs ref="#i874045" type="object">so wohl zu versorgen<lb/></rs>so that mir doch die <rs ref="#i873901" type="object">Trennung</rs> von demselben wehe<lb/>u die Besorgniß sie möchte nicht gerne dort bleiben<lb/>trübten u beunruhigten die ersten Tage: dazu kamm<lb/>noch daß den Tag vor unsrer Ankunft in Y. eine Tochter</p><pb n="41"/><p><rs ref="#i873950" type="object">im Institut gestorben war</rs>, alles machte mir Sorge.<lb/>Doch der liebreiche Empfang von den theuren Freunden<lb/><rs ref="#i869860" type="person"><rs ref="#i869876" type="person">Nied</rs></rs>. u das edle Benehmen ihrer Umgebungen, besonders<lb/>aber das Behagen das die M. in diesem Hause<lb/>am ersten Tage schon hatte, welzte einen schweren<lb/>Stein von meinem Herzen; mein Gemüth ergoß<lb/>sich in Dankbarkeit zu Gott. Aber Freude u Schmerz<lb/>greiffen meinen <rs ref="#i873825" type="object">schwachen Körper</rs> allzu sehr an u<lb/>die Folgen davon benahmen mir ein Theil des Ge-<lb/>nußes so ich auf der Reise hätte haben können,<lb/>ja ich fühlte mich schon in Y. so matt, daß wäre<lb/>ich allein gewesen ich von dort gerade nach B[asel]<lb/>zurückgekehrt wäre. Doch das Verlangen meinen<lb/>lieben Reisegefährten Freude zu machen, auch für mich<lb/>noch einige noch nie besuchten Gegenden unsers geliebten<lb/>Vaterlandes zu sehen, liesen mich die Reise fort-<lb/>setzen: doch das stette Gefühl meiner Schwäche, erreg-<lb/>die Besorgniß krank zu werden u machten mich<lb/>die Reise mehr beschleunigen als meiner l Gesellschaft<lb/>wünschenswert u mir zuträglich war. Doch gieng alles</p><pb n="42"/><p>in dem schönsten Vernehmen for sich u Liebe Zufriedenheit<lb/>Freudigkeit machten mich beinahe meine Gebrechlich-<lb/>keit vergeßen. Welcher <rs ref="#i910699" type="object">Genuß</rs> von liebenden<lb/>Menschen welche uns nache sind, umgeben zu seyn,<lb/>ihnen Freude machen zu können!<lb/>Meiner Schwächlichkeit ungeachtet hat mich doch<lb/>Manches aufs herzlichste angesprochen u wird mir<lb/>einen bleibenden herrlichen Genuß gewähren:<lb/>so <rs ref="#i873159" type="object">La Chaux de fond </rs>u dessen Umgebungen besonders<lb/>der herrliche Bergrücken mit den schönen Alphöhn<lb/>zahlreich überdeckt, diesseits des Orts, der <lb/>Ort selbst mit den schönen theils prächtigen Gebäude,<lb/>die alle Vortheile des Statt u Landlebens vereinigen.<lb/>Die reine Luft die man dort einathmet, die<lb/>Produckte der Kunst (wir besuchten H Ducomun[8]<lb/>dessen Kunstwerke in Erstaunen setzen u dessen<lb/>bescheidene Gefälligkeit ihm herzliche Zuneigung erwies<lb/>auch seine Wohlthätigkeit ist schön, den was für<lb/>das Besehn seiner Kunst fallt 1 Fr für Person, das<lb/>wiedmet er der Armenschule welche nach der dem</p><pb n="43"/><p>Muster deren von Locle von M. A. Calame[9] errichtet<lb/>werden.[10] Alles daselbst ist wohlthätig für Kopf u<lb/>Herz. In <rs ref="#i873159" type="object">Locle</rs> hatten wir erbarmliches Wetter,<lb/>doch mußte die obenbenannte Anstalt von M. A. Cal. <lb/>nicht unbesucht bleiben, u mit dem innigsten Verg-<lb/>nügen fanden wir alles zu unsern großten Zufrieden-<lb/>heit, das sanfte Benehmen der Unterlehrerinnen,<lb/>die Heiterkeit u Ruhe so aus ihnen spricht, die<lb/>Einfachheit u Reinlichkeit ihres Anzuges ist wohlthätig<lb/>es sind meist <rs ref="#i874235" type="object">Töchtern</rs> die in der Anstalt erzogen<lb/>u gebildet worden: die Ordnung u Reinlichkeit<lb/>des sonst ärmlichen Hauses, das gute u gesunde<lb/>Aussehn der Kinder, alles ist erfreulich! Betrach-<lb/>tet man die geringen Mittel mit welchen alles<lb/>so trefflich ausgeführt wird so muß man erstaunen.<lb/>Die Stiffterin die wir dan in ihrer Wohnung besuchten<lb/>hat ein sehr edles geistreiches Ausres: in ihrem <lb/>Gespräch demüthig gottesfürchtig u sehr gefällig.<lb/>Ich freue mich sehr diese <rs ref="#i874436" type="object">Frau</rs> kennen gelernt zu<lb/>haben; wie glücklich preise ich sie im Stande zu seyn</p><pb n="44"/><p>so viel gutes zu stiften!<lb/>Nicht ungenoßen blieben von mir die herrlichen<lb/>Ansichten unsers von der Natur so vielfach<lb/>gezierten Vaterlandes, so gewähren mir noch jetzt<lb/>u werden mir Zeitlebens eine liebliche Rückerin-<lb/>nerung geben. Doch darüber etwas aufzuzeichnen<lb/>fehlt mir Zeit. Eines der liebevollstens Genußes<lb/>muß ich doch noch gedenken, des Wiedersehns<lb/>meiner theuren Jugendfreundin Fr von<rs ref="#i869363" type="person"> Freuden-<lb/>reich</rs>: ich besuchte diese edle Frau auf ihrem Gut<lb/><rs ref="#i904303" type="object">Freudheim</rs> in <rs ref="#i873159" type="object">Gerzensee</rs>, ihr liebreicher Empfang<lb/><rs ref="#i899058" type="object">die stille edle Würde ihres zwar sehr schwächlichen<lb/>Körpers</rs>, <supplied>thaten</supplied> erfüllten mein Herz mit freudiger<lb/>Wehmuth: liebe theure Seele, wohl werden<lb/>wir uns hienieden n<rs ref="#i874141" type="object">icht mehr sehen doch sind<lb/></rs>sich unsre Seelen nicht fremd seyn u in einer<lb/>bessern Weld uns wieder finden, o wonne volle<lb/>Hoffnung!<lb/>H. Pfarrer Steinhäuslin[13] in <rs ref="#i873159" type="object">Kirchdorf</rs> besuchte ich</p><pb n="45"/><p>auch: ein würdiger geistvoller Mann dessen<lb/>Umgang dem Gemüth wohl thut.</p><p>[8] Möglicherweise Joseph Du Commun du Locle (gen. Daniel) (1804–1884), französischer Künstler und Skulpteur.<lb/>[9] Marie-Anne Calame (1775–1834), Neuenburger Künstlerin und Pädagogin. Und Pietistin!<lb/>[10] Das Institut Billodes existiert noch heute unter dem Namen Les Billodes, Centre Pédaqoqique in Le Locle.</p><p>[13] Emanuel Albrecht Alexander Steinhäuslin (1764–1834), Aargauer Pfarrer.</p></div><div xml:id="d23405687" corresp="d898167" ><head resp="#editor">Tagebucheintrag<date> 20.10.1824 </date></head><pb n="45"/><p>24 10 20<lb/>Den 17ten dieses war die <rs ref="#i873950" type="object">Einweihung</rs> der <rs ref="#i904347" type="object">Landwirth-<lb/>schafftlichen Weisen Schule </rs>in der Kirchen in St. Margar[ethen]<lb/>ich fuhr mit meinem GßKd.<rs ref="#i867962" type="person"> Rud. Par.</rs> auch hin. Die <lb/>Sache interressierte mich vielfach auch wollte ich gerne<lb/>den Knaben dabei haben. Der Anfang der Ceremo.<lb/>that mir wehe: es wurde durch<rs ref="#i873838" type="object"> H O</rs>.[?] H.[?] Burkard,[3] nach<lb/>einem kalten Gebeth, die Entstehung u Bildung der<lb/>Anstalt, die Beitrage so man dazu erhalten,<lb/>die Ausgaben so man gemacht, der Betrag so noch<lb/>in Handen sey u.s.w. auf eine sehr langweilige<lb/>Art hergelesen; dieses alles war mir, so wie<lb/>fast allen Zuhörern, gewiß allen die im Fall<lb/>sind die Sache zu begünstigen lange bekannt u mußte<lb/>sehr lange weilig seyn. Doch war das nicht das schlimste<lb/>sondern das daß die Art wie die Erzählung abgefaßt<lb/>war, die armen Waisen, wenn sie nur einiges<lb/>Gefühl haben, beleidigen mußte: mir kam es so</p><pb n="46"/><p>beleidigend vor daß ich <rs ref="#i874003" type="object">gerne weggegangen wäre<lb/></rs>Wie anders verhält sich <rs ref="#i869319" type="person">H Fell</rs>. mit seiner <rs ref="#i904355" type="object">Armenschule<lb/></rs>er will nicht daß man sie, Kinder der Armenschule<lb/>nenne, sondern die Wehrlin Knaben.<lb/>Die Rede so nachher H. Pf. Bruckner[6] hielt war Geist<lb/>u Leben, sie kam vom Herzen u gieng zum Herzen;<lb/>es war darinen ein wahrer christlicher Sinn.<lb/>Es freut mich daß dieser Mann diesen Knaben den<lb/><rs ref="#i874235" type="object">Religions</rs> Unterricht geben soll.</p><p>[3] Durch Literatur UB nachvollziehbar!</p><p>[6] Möglicherweise Abraham Bruckner-Eglinger (1790–1866), Basler Pfarrer.</p></div><div xml:id="d23405688" corresp="d898175" ><head resp="#editor">Tagebucheintrag<date> 22.10.1824 </date></head><pb n="46"/><p>24 10 22<lb/>Gestern war H Welbert, der Verwalter von H F<lb/>Gundeldingen[1] hier: ein <rs ref="#i874090" type="object">artiger</rs>, dem Ansehn nach<lb/>verständiger u thätiger Mann; es gefiel ihm hier<lb/>sehr wohl auch schien ihm meine Art die kleine Wirth-<lb/>schaft zu treiben, zu gefallen <supplied>so auch</supplied> die Geräthschaften,<lb/>es scheint sie seyen zum Theil brauchbarer als die<lb/>so er gebraucht: es wäre mir lieb ihm in etwas<lb/>nützlich seyn zu können. Könnte er mir, wie er mir<lb/>einige Hoffnung machte, einen Mann finden, der mein<lb/><rs ref="#i874470" type="object">Guth</rs> <rs ref="#i873908" type="object">übernehme</rs> u es auf eine bessere Art anbaute</p><pb n="47"/><p>als meine jetzigen Pächter, wie gut ware das!<lb/>Mir wäre doppelt geholfen: dem Anblick der ungeschickten<lb/>Wirthschaft wäre ich enthoben, wäre frei meinen <lb/>Hang zu einem andern Thun u Wirken zu befriedigen,<lb/>wenn die <rs ref="#i873825" type="object">Umstände u meine Kräfte</rs> es erlaubten.<lb/>Doch ich will mich ganz in den Willen der Vorsehung<lb/>unterwerfen laßt sie mich die Mittel dazu nicht finden<lb/>so will ich mich ruhig fügen, in die Stille zurückziehn u<lb/>nach meinem Sinn leben. Wohl wird es mir wehe<lb/>thun dieser liebliche Aufenthalt, der durch so viele<lb/>Erinnerungen, so viele daran gehabte Mühe, mir<lb/>beinahe so wie mein eigner Körper anhängt; doch<lb/>auch diesen werde ich bald, u ich hoffe ohne Grauen<lb/>ja mit Freuden ablegen! Warum nicht Jenes mit<lb/>Ruhe entbehren? Die Erinnerung der frohen<lb/>Tage, ja selbst die Trüben, wenn sie ohne Vorwürfe<lb/>verlebt worden verwandlen sich in Frohe, der <lb/>treu erfüllten Pflicht kann mir nicht genommen werden<lb/>u diese wird der <rs ref="#i874141" type="object">Abend meines Lebens erhellen.<lb/></rs></p><p>[1] Möglicherweise meint Anna Maria Preiswerk-Iselin das Gundeldingen Schloss, welches damals im Besitz von Carl Wilhelm Forcart-Merian (1788–1838) – einem fernen Verwandten – war, der das Anwesen 1824 zeitweise der Landwirtschaftlichen Armenschule überliess.</p></div><div xml:id="d23405689" corresp="d898183" ><head resp="#editor">Tagebucheintrag<date> 29.10.1824 </date></head><pb n="48"/><p>24 10 29                                                                                                                  <lb/>Mit meinen Geschäften u einrichtung um<rs ref="#i899265" type="object"> in die Statt zu<lb/>ziehn</rs> bin ich schon zimlich fortgerückt u danke Gott daß<lb/><rs ref="#i873943" type="object">er mir noch so viele Kräfte verleiht</rs>, besonders aber <lb/>daß ich seit einig Zeit viel mehr <rs ref="#i910699" type="object">Heiterkeit</rs> fühle:<lb/><rs ref="#i875143" type="object">mich schreckt es nicht in die Statt zu müssen</rs>, ich glaube<lb/>weil ich Hoffnung habe mich dort für mein lieblings<lb/><rs ref="#i874895" type="object">Vorhaben</rs> etwas umzuthun u vorzuarbeiten.<lb/>Doch, auch glaube ich die kleine <rs ref="#i873866" type="object">Reise</rs> so ich gethan<lb/>habe meine Gesundheit gestärkt u die Zerstreuung<lb/>besonders die Freude theure Menschen liebend gegen <lb/>mich zu treffen. Es durchkreuzen mancher-<lb/>lei Gedanken meinen Kopf, besonders beschäftigte mich<lb/>die Sorge, mir die Gründer[1] der der Knaben <rs ref="#i904347" type="object">W. An</rs>.<lb/>abgeneigt zu machen: doch diese Nacht kam mir der<lb/>glückliche Gedanke, ob im Fall ich einiges bewirken <lb/>könnte, die Vereinigung der <rs ref="#i904347" type="object">beid</rs>. <rs ref="#i874895" type="object">Anst</rs>. möglich u<lb/>wie ich glaube sehr zweckmässig sein würde, dieser<lb/>Gedanke machte mir viele Freude; doch wie leicht zer<lb/>fließen die schönsten Träume, wie mancher ist mir schon zerronnen.</p><p>[1] Geschichte der Landwirtschaftlichen Armenschule und des Landwaisenhauses 1823-1943. In UB bestellt.</p></div>
       </body></text>
   </TEI>
    