<?xml version="1.0"?>
    <?xml-model href="http://www.tei-c.org/release/xml/tei/custom/schema/relaxng/tei_all.rng" type="application/xml" schematypens="http://relaxng.org/ns/structure/1.0"?>    
    <TEI xmlns="http://www.tei-c.org/ns/1.0" xml:id="d897895">
       <teiHeader>
          <fileDesc>
             <titleStmt>
                <title>Heft 19 (1823-1823)
                </title>
                <author>Anna Maria Preiswerk-Iselin</author>
             </titleStmt>
             <publicationStmt>
                <publisher xml:id="editor">Tagebücher Anna Maria Preiswerk-Iselin Projekt</publisher>
                <pubPlace>Basel</pubPlace>
                <date when="2022-03">March 2021</date>
                <availability>
                   <licence notBefore="2022-03-01" target="http://creativecommons.org/licenses/by-sa/4.0/">
                      <p>[...]</p>
                      <p>This work is licensed under a Creative Commons Attribution-ShareAlike 4.0 International License.</p>
                      <p> You are free to: <list>
                            <item> Share — copy and redistribute the material in any medium or format</item>
                            <item> Adapt — remix, transform, and build upon the material</item>
                         </list>
                      </p>
                      <p> Under the following terms: <list>
                            <item> Attribution — You must give appropriate credit, provide a link to the license, and indicate if changes were made. You
                               may do so in any reasonable manner, but not in any way that suggests the licensor endorses you or your use.</item>
                            <item> ShareAlike — If you remix, transform, or build upon the material, you must distribute your contributions under the same
                               license as the original.</item>
                            <item> No additional restrictions — You may not apply legal terms or technological measures that legally restrict others from
                               doing anything the license permits.</item>
                         </list>
                      </p>
                      <p>The licence was added on March first, 2022.</p>
                   </licence>
                </availability>
             </publicationStmt>
             <sourceDesc>
                <msDesc>
                   <msIdentifier>
                      <settlement>Basel</settlement>
                      <repository>Staatsarchiv</repository>
                      <idno>StABS PA 511 304-03-04</idno>
                      <msName>Heft 12 (1815-1816) - Anna Maria Preiswerk-Iselin </msName>
                   </msIdentifier>
                </msDesc>
    <listPerson><person xml:id="i904009"><persName>Xenophon</persName></person></listPerson><listObject><object xml:id="i873825" type="tag"><objectIdentifier><objectName>Altersgebrechen</objectName></objectIdentifier></object><object xml:id="i874077" type="tag"><objectIdentifier><objectName>Tätigkeiten</objectName></objectIdentifier></object><object xml:id="i873964" type="tag"><objectIdentifier><objectName>Selbstkritik</objectName></objectIdentifier></object><object xml:id="i873908" type="tag"><objectIdentifier><objectName>Geschäfte</objectName></objectIdentifier></object><object xml:id="i873915" type="tag"><objectIdentifier><objectName>Haushalt</objectName></objectIdentifier></object><object xml:id="i873943" type="tag"><objectIdentifier><objectName>Alter(n)</objectName></objectIdentifier></object><object xml:id="i873838" type="tag"><objectIdentifier><objectName>Unbekannte Person</objectName></objectIdentifier></object><object xml:id="i903998" type="book_etc"><objectIdentifier><objectName>Xenophontos Oikonomikos oder Xenophon vom Haus=Wesen.</objectName></objectIdentifier></object><object xml:id="i922841" type="tag"><objectIdentifier><objectName>Übelbefinden</objectName></objectIdentifier></object></listObject>
    </sourceDesc>
      </fileDesc>
      <profileDesc>
         <textClass>
            <!-- vérifier !!! -->
            <catRef scheme="#genre" target="#journal"/>
         </textClass>
         <langUsage>
            <language ident="de">Deutsch</language>
         </langUsage>
      </profileDesc>
   </teiHeader>
       <text><body><div xml:id="d23409719" corresp="d897903" ><head resp="#editor">Tagebucheintrag<date> 04.03.1823 </date></head><pb n="1"/><p>1823 3 4<lb/>Mir ist seit einiger <rs ref="#i873825" type="object">nicht ganz wohl</rs>, so daß ich wenig<lb/>thun kann; sehr unbedeutend ist mein Übel, doch<lb/>eine Mattigkeit die oft <rs ref="#i922841" type="object">Unlust</rs> in mir erzeugt muß<lb/>ich in mir bekämpfen; wenn ich Zeit u Kräfte habe was<lb/>zu lesen so ist mir oft ich sollte mich mit etwas anderem<lb/>beschäftigen; thue ich eine <rs ref="#i874077" type="object">Handarbeit</rs> so bin ich bald dadurch<lb/><rs ref="#i873943" type="object">erschöpft</rs> u habe dan auch keine mehr um zu lesen od zu<lb/>schreiben, dan mache ich mir wieder <rs ref="#i873964" type="object">Vorwürfe</rs> sie<lb/>nicht für was besseres geschont zu haben. Die Umstände<lb/>u mein innrer Trieb haben mir die zweckmässige<lb/>Arbeit zur Pflicht, aber auch zur maschinelen Gewohnheit<lb/>gemacht; jetz fallt glaube ich die Pflicht weg u die<lb/>gewohnheit ist noch zum Theil geblieben; nun muß ich<lb/>diese auch wegschaffen. So lange ich <rs ref="#i873908" type="object">Geschäfte</rs> zu ver-<lb/>richten hatte die ich als Pflicht ansah, war mir nach<lb/>Vollbringung derselben sehr leicht u zum lesen u<lb/>denken sehr aufgelegt (freilich hatte ich dan noch<lb/>der Kräfte mehr) jetzt werde ich gleich dadurch<lb/>erschöpft darum wird es wohl Pflicht seyn</p><pb n="2"/><p>sie aufzugeben; in so ferne sie nicht zur Erhaltung<lb/>der Ordnung meines <rs ref="#i873915" type="object">Hauswesens</rs> nöthig ist.<lb/>Wie lange sehnte ich mich nicht nach [?]<lb/>um meinen Hang zum Nachdenken u zur Belehrung<lb/>befriedigen zu können! U nun sollte ich diese Muße<lb/>nicht zu benutzen wissen, sollte nicht dankbar<lb/>zu Gott sie geniesen! Aller Arbeit so durch Andre<lb/>so gut als durch mich können gemacht werden will<lb/>ich entsagen, u denken daß es Pflicht sey, da <lb/>Gott mich mit Gütern begabt, der Arbeitslossigkeit<lb/>von Bedürftigen zu Hilfe zu kommen. Doch so viel<lb/>als meinen Kräften angemessen ist will ich auf<lb/>andere Weise suchen thätig u nützlich zu seyn.<lb/>Irgend ein Geschäft zu betreiben, eine Anstalt zu<lb/>verwalten welche zum Wohl der Menschheit zweck<lb/>könnte, dieses würde meinem Herzen Befriedigung<lb/>doch ich finde keine Mittel meinen so einfachen</p><pb n="3"/><p>Plan in Ausführung zu setzen. Die Nachricht die mir<lb/>gestern H. Pf. <rs ref="#i873838" type="object">Wick</rs> brachte sind nicht gar tröstlich:<lb/>doch will ich den Muth nicht sinken lassen; schon tröstlich<lb/>ist es für mich wenn Menschen von Einsicht mir bei-<lb/>stimmen. Wäre ich nicht so an Jahren fortgerückt<lb/>so würde ich auf die Zukunft hoffen! Doch was ich<lb/>nicht werde vollbringen können das werden Andere<lb/>vieleicht tauglichere an meinem Platz thun.<lb/><rs ref="#i904009" type="person">Xenophon</rs> vom <rs ref="#i903998" type="book_etc">Hauswesen</rs> Seite 115<lb/>„Allerdings lasse ich mir das sehr angelegen seyn,<lb/>(die Habe zu vermehren) denn ich halte es für sehr<lb/>angenehm mein Soc. die Götter reichlich zu verehren,<lb/>Freunden wenn sie bedürftig sind zu nützen und der<lb/>Statt die Zierde so welche Reichthum giebet, für<lb/>meine Person nicht zu entziechen.“ Mochten doch<lb/>unsre Reichen auch so denken! <lb/>d d Seite 195. Ende<lb/>Wie mich dünkt ist die ganze Herrlichkeit daß </p><pb n="4"/><p>„ein Mensch über andre Menschen herrsche, so daß <lb/>sie ihm gerne gehorsamen, nicht etwas Menschliches<lb/>sondern etwas Göttliches; welches denen zugetheilt<lb/>wird welche in dem Heiligthum der Weisheit ein-<lb/>geweiht sind. Mit Gewalt aber über die<lb/>Unterthanen, wieder ihren Willen, lassen die Götter<lb/>meiner Meinung nach, diejenigen herrschen, welche<lb/>sie werth halten, so zu leben  wie man sagt, das<lb/>Tantalus, in der andern Weld es mache, der nicht<lb/>aufhört sich zu fürchten daß er noch zum andern<lb/>Mal sterben müsse.“ Welche Lehre für<lb/>die Fürsten!</p></div><div xml:id="d23409735" corresp="d897911" ><head resp="#editor">Leer<date> 18.03.1823 </date></head><p>23 3 18</p></div><div xml:id="d23409736" corresp="d897919" ><head resp="#editor"><date> Beilage Heft 19 </date></head></div>
       </body></text>
   </TEI>
    