<?xml version="1.0"?>
    <?xml-model href="http://www.tei-c.org/release/xml/tei/custom/schema/relaxng/tei_all.rng" type="application/xml" schematypens="http://relaxng.org/ns/structure/1.0"?>    
    <TEI xmlns="http://www.tei-c.org/ns/1.0" xml:id="d908620">
       <teiHeader>
          <fileDesc>
             <titleStmt>
                <title>Heft 30 (1832-1833)
                </title>
                <author>Anna Maria Preiswerk-Iselin</author>
             </titleStmt>
             <publicationStmt>
                <publisher xml:id="editor">Tagebücher Anna Maria Preiswerk-Iselin Projekt</publisher>
                <pubPlace>Basel</pubPlace>
                <date when="2022-03">March 2021</date>
                <availability>
                   <licence notBefore="2022-03-01" target="http://creativecommons.org/licenses/by-sa/4.0/">
                      <p>[...]</p>
                      <p>This work is licensed under a Creative Commons Attribution-ShareAlike 4.0 International License.</p>
                      <p> You are free to: <list>
                            <item> Share — copy and redistribute the material in any medium or format</item>
                            <item> Adapt — remix, transform, and build upon the material</item>
                         </list>
                      </p>
                      <p> Under the following terms: <list>
                            <item> Attribution — You must give appropriate credit, provide a link to the license, and indicate if changes were made. You
                               may do so in any reasonable manner, but not in any way that suggests the licensor endorses you or your use.</item>
                            <item> ShareAlike — If you remix, transform, or build upon the material, you must distribute your contributions under the same
                               license as the original.</item>
                            <item> No additional restrictions — You may not apply legal terms or technological measures that legally restrict others from
                               doing anything the license permits.</item>
                         </list>
                      </p>
                      <p>The licence was added on March first, 2022.</p>
                   </licence>
                </availability>
             </publicationStmt>
             <sourceDesc>
                <msDesc>
                   <msIdentifier>
                      <settlement>Basel</settlement>
                      <repository>Staatsarchiv</repository>
                      <idno>StABS PA 511 304-03-04</idno>
                      <msName>Heft 12 (1815-1816) - Anna Maria Preiswerk-Iselin </msName>
                   </msIdentifier>
                </msDesc>
    <listPerson><person xml:id="i835869"><persName>Lux</persName></person><person xml:id="i836759"><persName>Anna Maria Burckhardt-La Roche-Preiswerk</persName></person><person xml:id="i868141"><persName>Wilhelm Preiswerk</persName></person><person xml:id="i918856"><persName>Henri de Saint-Simon </persName></person><person xml:id="i918874"><persName> Karl Gottlieb Bretschneider</persName></person><person xml:id="i901320"><persName>Andreas Hoffmann-Merian</persName></person><person xml:id="i868665"><persName>Emanuel Hoffmann-Preiswerk</persName></person><person xml:id="i901271"><persName>Valeria Sophia Forcart-Hoffmann</persName></person><person xml:id="i918905"><persName>Anna Catharina Von der Mühll-Hoffmann</persName></person><person xml:id="i836705"><persName>Adelheid Iselin</persName></person><person xml:id="i836899"><persName>Dietrich Iselin</persName></person><person xml:id="i919000"><persName>Stephan Gutzwiller</persName></person><person xml:id="i836718"><persName>Adele Sarasin-Vischer</persName></person><person xml:id="i919040"><persName>Johannes Linder </persName></person><person xml:id="i868068"><persName>Sophia Vischer-Preiswerk</persName></person><person xml:id="i836841"><persName>Benedict Vischer-Preiswerk</persName></person><person xml:id="i868154"><persName>Wilhelm Vischer-Bilfinger</persName></person><person xml:id="i868868"><persName>Emma Valeria Vischer-Bilfinger</persName></person><person xml:id="i867825"><persName>Isaak Iselin-Forcart</persName></person><person xml:id="i921046"><persName>Georg Heinrich Ziegler </persName></person><person xml:id="i837033"><persName>Esther Iselin</persName></person><person xml:id="i921123"><persName>Skanderbeg (Gjergj Kastrioti)</persName></person><person xml:id="i921155"><persName>Gjon Kastrioti II.</persName></person><person xml:id="i869649"><persName>Georg Konrad Horst</persName></person><person xml:id="i921293"><persName>Niklaus Müller</persName></person><person xml:id="i837130"><persName>Isaac Iselin</persName></person><person xml:id="i835771"><persName>Dietrich Preiswerk-Bischoff</persName></person><person xml:id="i835836"><persName>Susanna Paravicini-Preiswerk</persName></person><person xml:id="i867938"><persName>Niclaus Preiswerk-Iselin</persName></person><person xml:id="i836345"><persName>Maria Vischer-Handmann</persName></person><person xml:id="i921522"><persName>Maria Margaretha Bachofen-Vischer</persName></person><person xml:id="i836927"><persName>Dietrich Preiswerk-Bischoff</persName></person><person xml:id="i870208"><persName>Heinrich Gottlieb Tzschirner</persName></person><person xml:id="i868031"><persName>Sophia Burckhardt-Vischer</persName></person><person xml:id="i921570"><persName>Anna Elisabeth Gemuseus-Burckhardt</persName></person><person xml:id="i868759"><persName>Karl Burckhardt-Vischer</persName></person><person xml:id="i900069"><persName>Angelus Silesius</persName></person><person xml:id="i870031"><persName>Johann Christoph Friedrich von Schmid</persName></person><person xml:id="i921621"><persName>Georg Ludwig Kriegk. </persName></person></listPerson><listObject><object xml:id="i910653" type="tag"><objectIdentifier><objectName>Hoffnung</objectName></objectIdentifier></object><object xml:id="i874141" type="tag"><objectIdentifier><objectName>Gedanken über den Tod</objectName></objectIdentifier></object><object xml:id="i915145" type="tag"><objectIdentifier><objectName>Kantonstrennung</objectName></objectIdentifier></object><object xml:id="i874011" type="tag"><objectIdentifier><objectName>Furcht</objectName></objectIdentifier></object><object xml:id="i910645" type="tag"><objectIdentifier><objectName>Trübe Stimmung</objectName></objectIdentifier></object><object xml:id="i873859" type="tag"><objectIdentifier><objectName>Ratschlag an die Kinder</objectName></objectIdentifier></object><object xml:id="i918889" type="book_etc"><objectIdentifier><objectName>Bretschneider: Der Simonismus und das Christenthum.</objectName></objectIdentifier></object><object xml:id="i873887" type="tag"><objectIdentifier><objectName>Tod</objectName></objectIdentifier></object><object xml:id="i904085" type="tag"><objectIdentifier><objectName>Erbschaft</objectName></objectIdentifier></object><object xml:id="i874148" type="tag"><objectIdentifier><objectName>Besuch</objectName></objectIdentifier></object><object xml:id="i873159" type="tag"><objectIdentifier><objectName>Ortserwähnung</objectName></objectIdentifier></object><object xml:id="i898746" type="tag"><objectIdentifier><objectName>Schmerz/Krankheit Familie</objectName></objectIdentifier></object><object xml:id="i910699" type="tag"><objectIdentifier><objectName>Heiterkeit</objectName></objectIdentifier></object><object xml:id="i873866" type="tag"><objectIdentifier><objectName>Reisen</objectName></objectIdentifier></object><object xml:id="i873838" type="tag"><objectIdentifier><objectName>Unbekannte Person</objectName></objectIdentifier></object><object xml:id="i919029" type="book_etc"><objectIdentifier><objectName>Linder: Jahrespredigt.</objectName></objectIdentifier></object><object xml:id="i873922" type="tag"><objectIdentifier><objectName>Religion</objectName></objectIdentifier></object><object xml:id="i900058" type="book_etc"><objectIdentifier><objectName>Silesij: Cherubinisches Wandersmann.</objectName></objectIdentifier></object><object xml:id="i873825" type="tag"><objectIdentifier><objectName>Altersgebrechen</objectName></objectIdentifier></object><object xml:id="i873852" type="tag"><objectIdentifier><objectName>Brief</objectName></objectIdentifier></object><object xml:id="i873901" type="tag"><objectIdentifier><objectName>Trennung</objectName></objectIdentifier></object><object xml:id="i910740" type="tag"><objectIdentifier><objectName>Unnütz/Untätig</objectName></objectIdentifier></object><object xml:id="i873950" type="tag"><objectIdentifier><objectName>Ereignis</objectName></objectIdentifier></object><object xml:id="i874090" type="tag"><objectIdentifier><objectName>Personenbeschreibung</objectName></objectIdentifier></object><object xml:id="i919081" type="tag"><objectIdentifier><objectName>Helvetische Gesellschaft</objectName></objectIdentifier></object><object xml:id="i919090" type="book_etc"><objectIdentifier><objectName>Iselin: Träume eines Menschenfreundes.</objectName></objectIdentifier></object><object xml:id="i873831" type="tag"><objectIdentifier><objectName>Selbstzeugnis schreiben</objectName></objectIdentifier></object><object xml:id="i873845" type="tag"><objectIdentifier><objectName>Krankheit</objectName></objectIdentifier></object><object xml:id="i875143" type="tag"><objectIdentifier><objectName>Stadt-Land</objectName></objectIdentifier></object><object xml:id="i874045" type="tag"><objectIdentifier><objectName>Gedanken zur Erziehung</objectName></objectIdentifier></object><object xml:id="i910686" type="tag"><objectIdentifier><objectName>Sorgen</objectName></objectIdentifier></object><object xml:id="i899128" type="tag"><objectIdentifier><objectName>Krankheit anderer Personen</objectName></objectIdentifier></object><object xml:id="i884031" type="tag"><objectIdentifier><objectName>Gedanke zur Politik</objectName></objectIdentifier></object><object xml:id="i921140" type="book_etc"><objectIdentifier><objectName>Scanderbeg: Geschichte des grossen Castriotto, genannt Skanderbeg, König von Albanien und Grossherzog von Epirus.</objectName></objectIdentifier></object><object xml:id="i911636" type="book_etc"><objectIdentifier><objectName>Horst: Siona.</objectName></objectIdentifier></object><object xml:id="i874226" type="tag"><objectIdentifier><objectName>Gedanken zur Gesellschaft</objectName></objectIdentifier></object><object xml:id="i921330" type="book_etc"><objectIdentifier><objectName>Müller: Glauben, Wissen und Kunst der alten Hindus in ursprünglicher Gestalt.</objectName></objectIdentifier></object><object xml:id="i910637" type="tag"><objectIdentifier><objectName>Erschöpfung</objectName></objectIdentifier></object><object xml:id="i874470" type="tag"><objectIdentifier><objectName>Gut St. Apollinaris bei Michelbach</objectName></objectIdentifier></object><object xml:id="i873936" type="tag"><objectIdentifier><objectName>Philosophie</objectName></objectIdentifier></object><object xml:id="i873943" type="tag"><objectIdentifier><objectName>Alter(n)</objectName></objectIdentifier></object><object xml:id="i873990" type="tag"><objectIdentifier><objectName>Selbstreflexion</objectName></objectIdentifier></object><object xml:id="i921441" type="tag"><objectIdentifier><objectName>Geschriebenes</objectName></objectIdentifier></object><object xml:id="i874029" type="tag"><objectIdentifier><objectName>Rückblick</objectName></objectIdentifier></object><object xml:id="i873929" type="tag"><objectIdentifier><objectName>Trauer</objectName></objectIdentifier></object><object xml:id="i874486" type="tag"><objectIdentifier><objectName>Gedanken zur Ehe</objectName></objectIdentifier></object><object xml:id="i892101" type="tag"><objectIdentifier><objectName>Geburt</objectName></objectIdentifier></object><object xml:id="i915236" type="book_etc"><objectIdentifier><objectName>Tzschirner:Predigten.</objectName></objectIdentifier></object><object xml:id="i874436" type="tag"><objectIdentifier><objectName>Über das weibliche Geschlecht</objectName></objectIdentifier></object><object xml:id="i873915" type="tag"><objectIdentifier><objectName>Haushalt</objectName></objectIdentifier></object><object xml:id="i891654" type="tag"><objectIdentifier><objectName>Heirat</objectName></objectIdentifier></object><object xml:id="i921595" type="book_etc"><objectIdentifier><objectName>Aurbacher: Perlenschnüre: Sprüche nach Angelus Silesius.</objectName></objectIdentifier></object><object xml:id="i921608" type="book_etc"><objectIdentifier><objectName>Schmid: Neue Erzählungen für Kinder und Kinderfreude von dem Verfasser der Ostereyer.</objectName></objectIdentifier></object><object xml:id="i921636" type="book_etc"><objectIdentifier><objectName>Kriegk: Belehrende Darstellungen für das höhere Jugendalter.</objectName></objectIdentifier></object></listObject><listPlace><place xml:id="i205500"><placeName>Basel CH</placeName></place></listPlace>
    </sourceDesc>
      </fileDesc>
      <profileDesc>
         <textClass>
            <!-- vérifier !!! -->
            <catRef scheme="#genre" target="#journal"/>
         </textClass>
         <langUsage>
            <language ident="de">Deutsch</language>
         </langUsage>
      </profileDesc>
   </teiHeader>
       <text><body><div xml:id="d23413085" corresp="d909875" ><head resp="#editor">Tagebucheintrag<date> 24.04.1832 </date></head><pb n="1"/><p>32.4.24.         <lb/>Nun lasse ich meine Zurüstungen rasten u bestärke <lb/>mich in meinen guten <rs ref="#i910653" type="object">Hoffnungen</rs>: <rs ref="#i874011" type="object">Furcht</rs> für<lb/>meine Person hat mich nie geplagt u soll mich ferner<lb/>nicht plagen: in Ruhe u Dankbarkeit will ich die<lb/>wenigen Tage so mir noch bestimmt sind verleben u mich<lb/>auf den <rs ref="#i874141" type="object">Hingang</rs> nach der Ewigkeit vorbereiten.<lb/>Auch glaube ich mich jetzt fest gefaßt daß wenn ich<lb/>in die <rs ref="#i915145" type="object">Statt</rs> flüchten müßte, meine Ergebung in die<lb/>Fügungen der Vorsehung nicht wanken u meine Ruhe<lb/>nicht stören würde. Gott erhalte nur unsern Bürgern <lb/>den Muth!</p></div><div xml:id="d23413086" corresp="d909882" ><head resp="#editor">Tagebucheintrag<date> 29.04.1832 </date></head><pb n="1"/><p>32.4.29.<lb/>Die <rs ref="#i915145" type="object">Wirren</rs> in unserm unglücklichen Lande halten<lb/>Viele für trauriger als je – mag seyn:<lb/>deswegen hoffe ich sie ihrem Ende nahe; Gott<lb/>gebe es! Es beschwert so manches meine Seele,<lb/>besonders: die <rs ref="#i910645" type="object">finstre</rs> Stimmung meines <rs ref="#i835869" type="person">Sohns</rs>,<lb/>gegen mich, gegen seine <rs ref="#i836759" type="person"><rs ref="#i868141" type="person">Kinder</rs></rs>, gegen Andre.<lb/>O möge ein guter Geist mich beseelen u mir<lb/>eingeben wie ich mit ihm <rs ref="#i873859" type="object">reden</rs> soll! Er hat so<lb/>viel Verstand u docht wie sehr täuscht er sich!!<lb/>Schon lange hätte ich gewünscht es was über die neue<lb/>Lehre <rs ref="#i918856" type="person">St. Simons</rs> zu erfahren! Ich lies deswegen 2 Hefte [?]</p><pb n="2"/><p>darüber holen, weil mich alles intressiert was auf<lb/>das Schicksal der Menschheit Einfluß haben kann.<lb/>Mit dem tiefsten Unmuth erfüllten die von diesem<lb/>verkehrten Menschen aufgestellten Grundsätze<lb/>wie schmerzt es mich daß Solche bei vielen Menschen,<lb/>ja bei jungen Leuten von Talent, eingang finden<lb/>sollen. Wie schlecht muß es noch in moralischer u religi-<lb/>oser Hinsicht bestellt seyn! Besonders in Frankreich!<lb/>Das 2 Heft enthielt eine Wiederlegung dieser<lb/>Lehre von Obst. Consistory . <rs ref="#i918874" type="person">Bretschneider</rs> in <rs ref="#i918889" type="book_etc">Gotha</rs>,<lb/>diese fand ich vortrefflich, ob ich sie zwar nicht ganz<lb/>zu Ende las, da ich sie zurückschicken mußte. Weh<lb/>muth erregte es zwar in mir daß solch ein würdiger <lb/>Mann es für nöthig hält solche Wiederlegung<lb/>vorzunehmen!</p></div><div xml:id="d23413087" corresp="d909890" ><head resp="#editor">Tagebucheintrag<date> 30.04.1832 </date></head><pb n="2"/><p>32 4 30<lb/>Heute <rs ref="#i873887" type="object">starb</rs> mein GßgegenSchwächer H <rs ref="#i901320" type="person">Hoffmann<lb/></rs>es wird seinen <rs ref="#i868665" type="person"><rs ref="#i901271" type="person">Kinder</rs></rs> eine schmerzhafte Leiden<lb/>seyn; doch ist sein Verlurst nicht von großem<lb/>Einfluß, mögen die <rs ref="#i918905" type="person">Kinder</rs> das große <rs ref="#i904085" type="object">Vermogen<lb/></rs>das ihnen zufließ zum Wohl ihrer Nebenmenschen<lb/>gut anwenden!! Solch ein Todesfall ist immer eine<lb/>Lücke für die dienstbare u gewerbs Classe.</p></div><div xml:id="d23413088" corresp="d909898" ><head resp="#editor">Tagebucheintrag<date> 03.05.1832 </date></head><pb n="3"/><p>32.5.3.<lb/>Meine theure Nichte <rs ref="#i836705" type="person">A. J</rs>. <rs ref="#i874148" type="object">besuchte</rs> mich gestern u<lb/>erzählte mir die Auftritte, die ihr <rs ref="#i836899" type="person">Bruder</rs>, der<lb/>seit einiger Zeit commis im <rs ref="#i873159" type="object">Regoldschwyler Thal</rs> ist,<lb/>mit dem Eid. représent. u auch den Insurgenten Anführern<lb/>gehabt: es ist wahrlich traurig solche Unmenschen<lb/>in der Mitte seines <rs ref="#i915145" type="object">Landes</rs> zu wissen! Es ist als ob<lb/>giftige Schlangen die Eingeweide eines gesunden<lb/>Körpers zernagten. <rs ref="#i919000" type="person">Gutswyler</rs> ein kriechender<lb/>Hungerleider</p></div><div xml:id="d23413089" corresp="d909906" ><head resp="#editor">Tagebucheintrag<date> 09.05.1832 </date></head><pb n="3"/><p>32.5.9.<lb/>Die vergangnen Tage, u auch jetzt noch, lag mir<lb/>die<rs ref="#i898746" type="object"> finstre Stimmung</rs> meines <rs ref="#i835869" type="person">S.</rs> schwer auf dem Herzen,<lb/>ich flehe zu Gott er möchte mir Mittel zeigen der<lb/>Sache eine bessere Wendung zu geben!<lb/>Seit gestern Abend ist <rs ref="#i836718" type="person">Ad. Vischer</rs> <rs ref="#i874148" type="object">bei mir</rs>: das <lb/><rs ref="#i910699" type="object">erheitert</rs> mich etwas; Gott sey gedankt für ihre<lb/>Wiederherstellung. Möchte nur der l. <rs ref="#i868141" type="person">W. P.</rs> auch<lb/>bald kommen können u sein <rs ref="#i835869" type="person">V.</rs> auf einer <rs ref="#i873866" type="object">Reise</rs> Erheiter-<lb/>ung finden! Wenn mir die Kind. schon einige Unruhe <lb/>machen, so ist der Gedanke ihnen nützlich zu seyn u gute<lb/>Gedanken in sie zu pflanzen vielfache Genugthuung.</p><pb n="4"/><p>Heute ist die erste <rs ref="#i915145" type="object">Sitzung der Tagsatz</rs>. Möge<lb/>Wahrheit u Recht siegen u die schändlichen Lügner<lb/>u Heuchler zu schanden werden!</p></div><div xml:id="d23413090" corresp="d909914" ><head resp="#editor">Tagebucheintrag<date> 16.05.1832 </date></head><pb n="4"/><p>32.5.16.<lb/>Letzten Sontag d[en] 13 Abends <rs ref="#i873887" type="object">starb</rs> plötzlich am Schlag<lb/>die <rs ref="#i873838" type="object">Mutter</rs> des <rs ref="#i873838" type="object">Pachters</rs>, die auf Besuch bei ihm war<lb/>wie schnell ist es um ein Menschen Leben geschehn!<lb/>Wie ganz ihres Todes unbewußt! Doch sonderbar<lb/>als ob sie eine Ahndung gehabt, besuchte sie in<lb/>den letzten Tagen all ihre Kinder. Rührend war mir<lb/>die sich äussernnde kindliche Liebe: es waren bei<lb/>diesem Anlaß mancherlei Bemerkungen zu machen!<lb/>Ich las jüngst eine <rs ref="#i919029" type="book_etc">Predig</rs> von H Pfar. <rs ref="#i919040" type="person">Linder<lb/></rs>die von vielen Leuten als ein Meisterstück ange-<lb/>priesen wird: ich konnte ihr nicht ganz meinen Beifall<lb/>zollen, ob gleich ich viel schönes darin fand u wünsche<lb/>daß man seinen Lehren folgen möchte, da die meisten<lb/>Menschen noch weit weniger reine <rs ref="#i873922" type="object">Christliche</rs> Ansichten <lb/>haben; doch glaube ich nicht ganz der evangelische<lb/>Sinn darin zu finden, denn ich allein in der treuen<lb/>Nachfolge Christi, nicht in Gebetformeln, Betstund besuchen</p><pb n="5"/><p>u. d. g. zu finden glaube. H. L. sagt die jetzige unruhige<lb/>Zeit hindre an der Ausübung des Christenthums:<lb/>das scheint mir irrig; denn ich finde es richtig „die<lb/>Noth lehrt bethen“ ich glaube daß mein stetes Flehn<lb/>zu Gott, um Hilfe für die Unglücklichen, eben so<lb/>gut zu Gott dringe als die Gebethe in den Kirchen<lb/>u daß der wahre Christ in all sein Thun u Denken<lb/>vonn Christi Sinn durchdrungen seyn soll: u daß<lb/>in jeder Lage, besonders in den unruhigsten Wirren <lb/>der Zeit, er sein Christenthum thätig beweisen soll.<lb/>Der alte Spruch „Kannst in der Hölle du nicht ohne<lb/>Hölle leben,<lb/>Hast du dich noch nicht <del>ganz</del> dem Höchsten übergeben .<rs ref="#i900058" type="book_etc">“<lb/></rs>scheint mir vortrefflich.<lb/>Wo u in was für Lagen lebte Christus? Hat er nicht<lb/>in den leidensten Umständen seinen höchsten edelsten<lb/>Sinn den Menschen zur Nachfolge gestellt!</p></div><div xml:id="d23413091" corresp="d909922" ><head resp="#editor">Tagebucheintrag<date> 06.06.1832 </date></head><pb n="6"/><p>32.6.6.<lb/>Ich fühle mich <rs ref="#i873825" type="object">mat u schwächlich</rs> u zu wenigen Geschaften<lb/>des Lebens mehr tauglich: auch die mir vormals die<lb/>angenehmsten, die Unterhaltung mit meinen Enkeln,<lb/>(<rs ref="#i836718" type="person">Ad. V. </rs>u <rs ref="#i868141" type="person">Will. P.</rs> sind nun <rs ref="#i874148" type="object">bei mir</rs>) genügen mir nicht<lb/>wie vormals, weil ich zu schwach bin ihnen zu genügen.<lb/>Die <rs ref="#i915145" type="object">Wirren</rs> in unserm Lande, die Schwäche u Furcht-<lb/>samkeit auf der einen, die schandbare Treulosigkeit <lb/>auf der andern Seite, betrüben mich tief. Doch ist<lb/>mein Geist noch meist heiter u ruhig, ich vertraue vest<lb/>auf Gottes Güte: mögen seine Straffen uns alle bessern<lb/>u belehren! Aber ach mit welchem Eigendünkel<lb/>welcher Kraftlosigkeit gehen die Meisten durchs<lb/>Leben! Wie wenig fester Muth u Vertrauen auf<lb/><rs ref="#i873922" type="object">Gott</rs> beseelt die Menschen! Ich traure nicht um<lb/>mich, die kleine Zeit die ich noch hier zu weilen habe, das<lb/>viele Gute das mir Gott noch gnädig schenkt, die frohe<lb/>Hoffnung auf eine bessre Zukunft, werden mich ruhig<lb/>ans Ziele führen! An der Besserung meines Sinnes<lb/>an der Läuterung meines Herzens will ich arbeiten<lb/>so lange mir noch Kräfte bleiben – u hilfreich seyn<lb/>so viel ich kann.</p></div><div xml:id="d23413092" corresp="d909930" ><head resp="#editor">Tagebucheintrag<date> 15.06.1832 </date></head><pb n="7"/><p>32.6.15.<lb/>Vergangnen Dienstag d[en] 12. <rs ref="#i873852" type="object">schrieb</rs> mir Tochter <rs ref="#i868068" type="person">Vischer<lb/></rs>daß ihr <rs ref="#i836841" type="person">Mann</rs> seit Samstag sehr <rs ref="#i898746" type="object">krank</rs> läge, er<lb/>könne keinen Menschen sehen weil er so schwach wäre u<lb/>ganz nicht sprechen könne, ich sollte ja nicht zu ihnen<lb/>kommen: die gute Tochter bedaurte ich sehr. Ich schickte<lb/>gleich ihre <rs ref="#i836718" type="person">Adele</rs> die noch bis den folgenden Tag bei<lb/>mir bleiben sollte, nach Hause. Mir war <rs ref="#i873901" type="object">wehmüthig<lb/></rs>u <rs ref="#i910740" type="object">oede</rs>. Des Abens u den folgenden Morgen vernahm<lb/>ich daß der Kranke etwas besser sey. Wie erstaunte<lb/>ich als Mittwochen d[en] 13. meine Tochter angefahren<lb/>kam u mir die Nachricht der <rs ref="#i873950" type="object">Verlobung</rs> ihres <rs ref="#i868154" type="person">Sohns<lb/></rs>Willhelms mit Jf. <rs ref="#i868868" type="person">Bilfinger</rs>, brachte. Die zärtliche Mutter<lb/>war sehr vergnügt weil sie u H. V. schon lange wußten<lb/>daß das der sehnlichste Wunsch ihres Sohnes war.<lb/>Gestern waren die neu Verlobten <rs ref="#i874148" type="object">bei mir</rs>, sie freuten<lb/>mich sehr die J. B. <rs ref="#i874090" type="object">scheint</rs> mir so was anständiges, sanftes<lb/>u ruhiges zu haben das mir sehr gefiel, Will. war<lb/>lebendig u gesprächig so heiter daß sein inniges Ver-<lb/>gnügen ganz sichtbar war. Meine innigsten Wünsche<lb/>sind ihnen geweiht! Ich hoffe sie paßen sehr gut zusammen!</p></div><div xml:id="d23413093" corresp="d909938" ><head resp="#editor">Tagebucheintrag<date> 16.06.1832 </date></head><pb n="8"/><p>32 6 16<lb/>Es ist fast immer so <rs ref="#i910645" type="object">trübe</rs> in meinem Innern, ich habe<lb/>Mühe gegen meinen dumpfen Sinn zu kämpfen: ich glaube<lb/>es komme viel von <rs ref="#i873825" type="object">körperlicher Ursache </rs>her. Doch auch<lb/>die Zeitumst[ä]nde wirken mit dazu; mich schmerz es<lb/>tief in der Seele daß ein Theil unsrer <rs ref="#i915145" type="object">Landleute</rs>,<lb/>ja bei nache alle, durch die traurige Verworenheit<lb/>einiger Schurken viel leiden müssen. Viele mögen<lb/>wohl auch schuldig seyn doch auch Viele, selbst in den<lb/>getrennten Gemeinen sind enweder unschuldig oder<lb/>doch zu entschuldigen! Wie ich immer gehofft so<lb/>hoffe ich noch daß es zu keiner Trennung kommen<lb/>werde! Ich rechne auf die Schlechtigkeit u Arm-<lb/>seligkeit der Insurg. Bald wird manchem Landman<lb/>die Augen geöfnet werden! Dan auf die Festigkeit<lb/>unsrer Regierung u die Gerechtigkeit unsrer<lb/>Sach, besonders aber auf die Hilfe Gottes. Es glänz<lb/>von verschiednen Seiten her ein Schimer der in der<lb/>Folge zu bedeutenden Ereignißen leiten könnte.<lb/>Vertrauen wir Gott u lassen uns durch keine<lb/>Elenden schrecken!</p></div><div xml:id="d23413094" corresp="d909946" ><head resp="#editor">Tagebucheintrag<date> 17.06.1832 </date></head><pb n="9"/><p>32.6.17.<lb/>Aus Veranlassung meiner Entrüstung über dem<lb/>schandlichen Betragen der <rs ref="#i919081" type="object">helvetischen Gesellschaft</rs>, nahm<lb/>ich die <rs ref="#i919090" type="book_etc">Träume eines M.</rs> meines sel. <rs ref="#i867825" type="person">Vaters</rs> wieder zur<lb/>Lecktur, o Gott welcher and Geist fand <del>ich</del> darin! Hier waltet<lb/>der Vorschmack der himmlischen Ruhe! Bei den jetzigen<lb/><rs ref="#i915145" type="object">Volksführern</rs> herrschen die Kunstgriffe des Satans.<lb/>Wie würde er zurück beben wenn er seine edlen Zwecke<lb/>so misbraucht, alles schöne u Gute so verketzert sehet.<lb/>Es sind in dem Buch so manche treffliche Gedanken, die<lb/>ich gerne ausschriebe, allein ich kann so wenig! Ich habe<lb/>sie in der Decke angemerkt: nur eines das ich so eben<lb/>treffe 2 Bd Seite 326 „die Herrschsucht u die Freiheitsliebe<lb/>sind einander viel nächer verwandt, als es diejenigen<lb/>selbst sich gestehen dürfen welche am meisten darauf<lb/>stolz sind. Sie können beide die allgemeine Wohlfahrt<lb/>durch ihre Zwiste zerstören. Sie können beide durch<lb/>eine wohlthätige Übereinstimmung u auch durch edelmüth-<lb/>ige Kämpfe die offentliche Glückseligkeit bevestigen.“<lb/>Seite 407. „Gebt einem Volke die ausgesonnenste Verfaßung<lb/>u laßt es ihm an Tugend mangeln, so wird bei ihm die <supplied>Tugend</supplied><lb/>Freiheit unmöglich seyn. Nur nach dem Gerechtigkeit</p><pb n="10"/><p>u Ordnung in einem Lande herrschen können dessen<lb/>Bürger glücklich seyn. Der gute Bürger<lb/>wird allezeit eifrig seyn sich selber zu bessern<lb/>als geneigt seine Beherrscher zu tadeln u einzuschränken.<rs ref="#i919090" type="book_etc">“<lb/></rs></p></div><div xml:id="d23413095" corresp="d909954" ><head resp="#editor">Tagebucheintrag<date> 21.06.1832 </date></head><pb n="10"/><p>32.6.21<lb/>Seit einigen Tagen befinde ich mich<rs ref="#i873825" type="object"> nicht wohl</rs> bin von<lb/>Ohren u Kopfschmerzen u großer Mattigkeit ange-<lb/>griffen; der Ruhe halben halte ich mich meist auf der<lb/>Laube auf. Mit Vergnügen sehe ich den benach-<lb/>barten Baumgrup, den vor mehr als 40 Jahren ein<lb/>durch Fleiß sich bereicherter Mann, hat anpflanzen<lb/>lassen: ich ehre dankbar diesen braven Mann.<lb/>Über diesem Grup im Hintergrunde erheben sich<lb/>lieblich die badensischen Gebirge mit Dörfern Rebhügeln<lb/>u dunkeln  Waldungen bedekt. Ich kehre meine Blicke<lb/>zu den nahen Bäumen zurück, zuerst sehe ich die edle<lb/>schön gerundete Linde, dann die etwas höckerichte<lb/>Platane, darhinter die schlanke Weihmuthskiefer mit<lb/>ihren dunkeln hängenden Zweigen, dazwischen die<lb/>schnell wachsende Accazien mit ihren duftenden Blüthn<lb/>behangen, weiter die gegen die Wollken strebenden</p><pb n="11"/><p>Papeln, u noch manhe andre Bäumarten, zu<supplied>nter</supplied> ihren<lb/>Füßen mancherlei gesträuch. Ein jedes in seiner<lb/>Art lieblich anzusehen. Diese verschiedenheit in<lb/>der Natur ist nach dem Wille des Schöpfers so<lb/>entstanden Manigfaltigkeit muß sein Wille seyn.<lb/>Wäre es nicht auch so bei dem Menschen?! Sollten<lb/>wir den fordern daß alle gleich denken u handeln <lb/>sollen.</p></div><div xml:id="d23413096" corresp="d909962" ><head resp="#editor">Tagebucheintrag<date> 19.07.1832 </date></head><pb n="11"/><p>32 7 19<lb/>Seit dem ich <rs ref="#i873831" type="object">obiges geschrieben</rs> war ich immer <rs ref="#i873845" type="object">krank<lb/></rs>nicht gefahrlich aber ein Theil der Zeit meist betlägerig<lb/>ohne bedeutende Schmerzen, aber sehr <rs ref="#i873825" type="object">matt</rs>.<lb/>Gott lob war mein Gemüth ruhig, mit <rs ref="#i910699" type="object">Heiterkeit</rs> konnte<lb/>ich die schöne <rs ref="#i875143" type="object">Natur</rs> um mich her betrachten, mit Ruhe<lb/>u Ergebung meine Seele zu Gott erheben, mit Dank<lb/>die liebreiche Theilnahme der Meinigen erkennen.<lb/>Meine Seele ist ihnen nahe wenn sie gleich nicht bei<lb/>mir sind u mein Gebet steigt für sie zu Gott.<lb/>Mein <rs ref="#i873922" type="object">Glaube</rs>, den ich ehemals nicht hatte, u den die<lb/>meisten Menschen verlachen würden, nemlich, daß eine<lb/>geheime Simpathie in der Geisterweld herrsche u zu<lb/>Gott hinauf steigt, so daß unser Flehn zu Gott dringen</p><pb n="12"/><p>u auch auf andere uns gleich gestimmten Seelen<lb/>wirken könne, ist eine große Befriedigung für<lb/>mich, besonders in mein<supplied>ig</supplied>em zur Thätigkeit unfähigem<lb/>Zustand. Mein Enkel <rs ref="#i868141" type="person">Will. P. </rs>ist seit 3 Wochen bei<lb/><rs ref="#i874148" type="object">mir</rs> er macht mir eines Theils viel Freude: aber<lb/>manche seiner Unarten bekümmern mich tief, besonders<lb/>aber<rs ref="#i898746" type="object"> seine Lage </rs>wie sehr ist mein Herz darüber<lb/>verwundet.</p></div><div xml:id="d23413097" corresp="d909970" ><head resp="#editor">Tagebucheintrag<date> 07.08.1832 </date></head><pb n="12"/><p>32 8 7<lb/>Noch immer daurt meine <rs ref="#i873825" type="object">Schwäche</rs> fort, ich bedarf<lb/>der Ruhe u Stille: ich zweifle ob es andres kommen<lb/>werde! Doch ruhig sehe ich der Zukunft entgegen.<lb/>Besonders auffallend ist es mir daß wenn ich bei<lb/>einem <rs ref="#i874141" type="object">Gottesacker</rs> vorüberfahre ich in eine<lb/>sanfte Sehnsucht nach Ruhe verfalle, als ob mein<lb/>mich oft belästigende Körper bald dorthin ver-<lb/>setzt u. die befreite Seele sich in einen hellern<lb/>Zustand versetzt werde! Meine <rs ref="#i873922" type="object">religiösen<lb/></rs>Gefühle gewähren mir Seelen Ruhe, durch den<lb/>Glauben daß Gott nichts von mir födere als <lb/>was meinen Einsichten u Kräften angemessen<lb/>sey erspare ich mir vielen Kummer u Sorgen;</p><pb n="13"/><p>habe auch dadurch das peinliche Gefühl über<lb/>meine <rs ref="#i910740" type="object">Unthätigkeit</rs> fast ganz überwunden.  <lb/>Ich halte es nun für mein haupt Geschäft mit dem<lb/>zufrieden zu seyn was Gott mir schickt u ihm für<lb/>seine, oft hart mir scheinen Fügungen so wie<lb/>über die manichfachen Wohlthaten die er<lb/>mir gewährt zu danken: ihn anzuflehen<lb/>mir Kräfte zu verleihen noch hie u da für<lb/>die Meinen was Gutes zu wirken u meinen<lb/>Nebenmenschen so viele Liebe als möglich zu<lb/>erweisen, u für mich selbst so ruhig u vergnügt <lb/>als möglich zu seyn!</p></div><div xml:id="d23413098" corresp="d909978" ><head resp="#editor">Tagebucheintrag<date> 07.09.1832 </date></head><pb n="13"/><p>32.9.7.<lb/>Schon gar zu lange bin ich nicht zu meinen lieben<lb/><rs ref="#i873831" type="object">Blättern</rs> gekommen, theils wegen meiner <rs ref="#i873825" type="object">Schwächlichkeit<lb/></rs>theils wegen dem Vielen mich angreifenden so mir<lb/>durch den Kopf gieng: darunter war besonders<lb/>die Lage meines l. [?] <rs ref="#i868141" type="person">Willhelms</rs>: ich sah daß er bei<lb/>meinem <rs ref="#i835869" type="person">Sohn</rs>, so sehr er den Willen hat für ihn zu</p><pb n="14"/><p>sorgen doch nicht gut aufgehoben war, dessen<lb/><rs ref="#i874090" type="object">Ängstlichkeit</rs> u Heftigkeit schreckten den Jungen<lb/>so sehr zurück daß sein bessers Inners ganz ein-<lb/>geschüchtert wurde: bei mir wäre er auch nicht<lb/>ganz gut gewesen da ihm der <rs ref="#i874045" type="object">Umgang</rs> mit<lb/>and Knaben fehlt; wohl glaube ich hoffen zu dürfen<lb/>daß der Aufenthalt bei mir in manchen Stücken<lb/>gut auf ihn gewirkt! Das war Balsam für mein Herz<lb/>sein Umgang war mir oft sehr angenehm, doch<lb/>auch bei meiner Schwächlichkeit zuweilen anstrengend<lb/>u beschwerlich, u wer weis wie lange mir Gott<lb/>noch den Rest von Kräften fristet! Sein Sohn<lb/>sah zum Glück das alles ein u entschloß sich ihn<lb/>zu H Pf <rs ref="#i921046" type="person">Ziegler</rs> nach <rs ref="#i873159" type="object">Steinen</rs> zu thun, wo er nebst<lb/>5 and Knaben den nöthigen Unterricht u elterliche<lb/>Vorsorge geniesen soll. Alles läßt mich hoffen<lb/>daß er gut aufgehoben seyn wird! Allein er</p><pb n="15"/><p>verlies <rs ref="#i205500" type="place">Basel</rs> nicht gerne <supplied>u</supplied> denn sein liebendes<lb/>Herz hängt fest an den Seinen: auch sein Vater<lb/>der oft gar zu strenge mit ihm war liebt er<lb/>doch sehr: denn als wir davon redten daß dieser<lb/>nun auf eine <rs ref="#i873866" type="object">Reise</rs> gehn würde, sagte er sehr<lb/>gerührt, „es ist mir immer Angst wenn Papa auf<lb/>der Reise ist, ich <rs ref="#i910686" type="object">besorge</rs> es möchte ihm was übels <lb/>geschehen!“ Nun ist er seit Gestern weg u mir<lb/>ist immer so wehmüthig; Gott gebe daß er Befrie-<lb/>digung für Kopf u Herz finden möge! Im Gebet<lb/>zu Gott ist er mir immer nahe.</p></div><div xml:id="d23413099" corresp="d909986" ><head resp="#editor">Tagebucheintrag<date> 08.09.1832 </date></head><pb n="15"/><p>32.9.8.<lb/>Auch die <rs ref="#i873866" type="object">Abreise</rs> meines <rs ref="#i835869" type="person">Sohns</rs> kränkte mich: zu<lb/>einer Zeit wo jeder sollte trachten dem <rs ref="#i915145" type="object">Vaterland<lb/></rs>nützlich zu seyn, sollte mans nicht verlassen! Doch<lb/>er misbilligt alle Masregeln der Regierung,<lb/>in seinen Ansichten mag einiges wahr vieles aber<lb/>falsch seyn. In dieser Rücksicht mag es wohl gut<lb/>seyn daß er sich entferne: aber leider nicht gut<lb/>daß er so gestimmt ist.</p><pb n="16"/><p>In diesen manichfachen <rs ref="#i910686" type="object">Sorgen</rs> schenkt mir Gott<lb/>noch manche Erleichterung: ich genieße meistens<lb/>eine Seelenruhe, die ruhig in der festen Überzeugung<lb/>einer schönen Zukunft mich alles ruhig ertragen<lb/>läßt. Die <rs ref="#i874148" type="object">Gesellschaft</rs> meiner Swst. <rs ref="#i837033" type="person">Esther</rs> ist mir<lb/>eine große Erleichterung, nur ihre <rs ref="#i899128" type="object">Kränklichkeit<lb/></rs>stören diesen Genuß.<lb/>Unsre <rs ref="#i884031" type="object">politischen</rs> Angelegenheiten stehn erbärm-<lb/>lich: auf der einen Seite Treulosigkeit, schändliche<lb/>Grausamkeit mit aller Niederträchtigkeit begleitet<lb/>auf der Andern Schwachheit, Unklugheit, Mangel<lb/>an Kraft, wohin wird das führen! Doch eine<lb/>höchre Hand leitet! Es ist so eben ein Jahr<lb/>daß sich unsre Regierung unter die Vogtei der<lb/>Tagsatzung, schwächlicher Weise, setzen lies: welche<lb/>Folgen führte das herbei! Welche wird es noch<lb/>bringen! Damals als ich es erfuhr, war mir’s<lb/>ein Wetterschlag: ich konnte die ganze Nacht kein<lb/>Auge schließen, es war das Vorgefühl, der Unruhe<lb/>            <lb/>[17]</p><p>die ich seit einem Jahr davon erlitten.</p></div><div xml:id="d23413100" corresp="d909994" ><head resp="#editor">Tagebucheintrag<date> 10.09.1832 </date></head><pb n="17"/><p>32.9.10.<lb/>Vom l <rs ref="#i868141" type="person">Willhelm</rs> habe ich einen sehr befriedigenden<lb/><rs ref="#i873852" type="object">Bf </rs><del>vom 9ten</del> erhalten er scheint sich wohl zu gefallen, u<lb/>das Gute seiner Lage zu fühlen: Gott seys gedankt!<lb/>ich antwortete ihm den folgenden Tag.</p></div><div xml:id="d23413101" corresp="d910002" ><head resp="#editor">Tagebucheintrag<date> 14.09.1832 </date></head><pb n="17"/><p>32.9.14.<lb/>Ich las die Tage eine <rs ref="#i921140" type="book_etc">Lebensgeschichte</rs> von Kastriotto<lb/>König von Albanien (<rs ref="#i921123" type="person">Scanderbeg</rs>.) ein wahrhaft<lb/>großer edler Mensch! Wie tapfer, aufgeklärt u<lb/><supplied>doch</supplied> so demüthig u from! Die Lehren an seinen<lb/>Sohn erfüllen einen mit Bewunderung u Ehrfurcht.<lb/>Ob wohl ich nicht glauben kann daß er sie im<lb/>Augenblick seines Todes mündlich an seinen 10jährigen<lb/><rs ref="#i921155" type="person">Sohn</rs> ausgesprochen, wie sein Biograf sagt, sondern<lb/>daß er sie im Lauf seiner letzen Jahre schriftlich<lb/>aufgesetz um sie ihn bei reifern Jahren lesen zu<lb/>lassen: an der Aechtheit derselben zweifle ich nicht,<lb/>denn die Grundsätze stimmen so sehr mit dem Leben<lb/>dieses edlen Helden überein, daß man sie eher<lb/>ihm, als seinem Beichtvater, der sie aufbewahrt<lb/>hat, zuschreiben wird.</p></div><div xml:id="d23413102" corresp="d910010" ><head resp="#editor">Tagebucheintrag<date> 15.09.1832 </date></head><pb n="18"/><p>32.9.15. [?]<lb/>Wie erbärmlich aufgeregt ist unsre Zeit, wie<lb/>ganz sind bei vielen Menschen Redlichkeit u<lb/>Gottesfurcht schamlos hintan gesetzt! Welche<lb/>verschrobne, traurige so genannte Aufklärung!<lb/>Nebst den erbärmlichen Ausgeburten, geben<lb/>es noch eine Menge unstete Halbmenschen die<lb/>keine Kraft u Entschloßenheit haben u nur<lb/>ihre Behaglichkeit suchen, od. gerne in Ansehen<lb/>stehn möchten u schwankend hinu[n]dher tasten!<lb/>Und doch lehrt uns die Geschichte aller Zeiten,<lb/>die jüdische, heidnische u christliche daß ohne<lb/>Kraft u Muth ohne Gottesfurcht u Vertrauen<lb/>auf seinen Schutz nirgends kein festes Gebäude<lb/>errichtet werden kann; daß alles was auf<lb/>Eigennutz u Selbstsucht gebaut wird bald wieder<lb/>zu Grunde gehen muß, Möchten doch das Viele<lb/>anerkennen u im vesten Vertrauen auf<lb/>diese Wahrheit, auch vest <supplied>auf</supplied> Recht u Gerech-<lb/>tigkeit fodern, u keine Gefahr scheuen!</p></div><div xml:id="d23413103" corresp="d910018" ><head resp="#editor">Tagebucheintrag<date> 18.09.1832 </date></head><pb n="19"/><p>32.9.18.<lb/>„Ein Wort an die Bürger von <rs ref="#i205500" type="place">Basel</rs>.“<lb/>Wahrlich ein treffliches Wort, mir ganz aus<lb/>der Seele gesprochen! Dies ist das wahre Wort<lb/>eines wahrhaft freien <supplied>Mocht</supplied> Mannes: o möchten<lb/>wir viele Solcher haben, möchte diese Stimme tief<lb/>in die Herzen der Mittbürger eindringen u den<lb/>erbärmlichen Schlendrian unsrer armselig<lb/>befangnen <rs ref="#i884031" type="object">Statsmänner</rs> überwältigen! Wie<lb/><supplied>ar</supplied> elend, wie wenig ihren Stellen angemessen<lb/>kommen mir diese vor! Auch sie beseelt nicht der<lb/>wahre Glaube u, das Vertrauen auf eine höchre <lb/>Hand: leider suchen sie Ehre bei den Menschen<lb/>u nicht bei Gott, darum fehlt ihnen der wahre Muth.<lb/>Mögen aller Rechtschaffner Gebete zum Himmel dringen!<lb/>Nicht um die Herrschaft über einige Tausend Menschen<lb/>nein – um Schutz für die Unschuldigen, um Verhüttung<lb/>der unerhörten Sittenlosigkeit flehen wir zu Gott.</p></div><div xml:id="d23413104" corresp="d910026" ><head resp="#editor">Tagebucheintrag<date> 21.09.1832 </date></head><pb n="19"/><p>32.9.21.<lb/>Ich las so eben in <rs ref="#i869649" type="person">Horst</rs>’s <rs ref="#i911636" type="book_etc">Siona</rs> 1 Bd Seit 83. 84.<lb/>einige Auszüge aus <rs ref="#i921293" type="person">Nik. Müllers</rs> (<rs ref="#i921330" type="book_etc">Glauben, Wissen<lb/>u Kunst der alten Hindus</rs>). Es sind erhabne</p><pb n="20"/><p>vortreffliche Gedanken: meine Seele ist ergriffen<lb/>u dankt Gott für die Mittel die er auch jenen<lb/>Völkern verliehen sich aus dem niedrigen Erden-<lb/>staub sich zu erheben! Wie ist der Sinn so ganz<lb/>christlich! Mit festerm <rs ref="#i873922" type="object">Glauben</rs> u Vertraun kehren<lb/>wir zu unsrer erhabnen Religion zurück, welche<lb/>die ähnlichen Grundsätze u Trostgründe enthält<lb/>aber so vorgebracht daß sie nicht nur einzelne<lb/>von der Weld abgeschiedne Weise, sondern alle<lb/>Menschen vom Geringsten bis zum Höchsten, belehren<lb/>u beseligen kann. <lb/>Ich bin gesonnen übermorgen zum H Nachtmal zu<lb/>gehn, möchte ich diese h Handlung auf eine würdige<lb/>Weise begehn! Möchte mein Gebeth eifrig u Gott<lb/>wohlgefällig seyn für mein Heil für das der l <lb/>Meinigen, u auch fürs Wohl unsers bedrückten <lb/>Vaterlandes, mög[e] Kraft u Vertrauen <lb/>zu Gott, die beseelen, so dazu beitragen<lb/>könnten! Wie schmerz es daß das so <rs ref="#i874226" type="object">Manchen<lb/></rs>fehlt!</p></div><div xml:id="d23413105" corresp="d910034" ><head resp="#editor">Tagebucheintrag<date> 25.09.1832 </date></head><pb n="21"/><p>32.9.25.<lb/>Vorgestern habe ich das H <rs ref="#i873922" type="object">Nachtmal</rs> gefeiert<lb/>mir war sehr wohl, <rs ref="#i910699" type="object">heiter</rs> u voll festem Vertrauen<lb/>auf Gott. Gestern war ich sehr <rs ref="#i910637" type="object">ermüdet</rs> u von<lb/>einigen Zufälligkeiten gestört, doch sie gaben<lb/>mir Veranlassung gefällig u hilfreich zu seyn,<lb/>das genügte mir.<lb/>Sontag hatte <rs ref="#i837130" type="person">Bruder</rs> die Gefalligkeit den l. <rs ref="#i868141" type="person">W.<lb/></rs>in <rs ref="#i873159" type="object">Steinen</rs> zu <rs ref="#i874148" type="object">besuchen</rs>: die Nachrichten in Betracht<lb/>seiner Lage waren mir sehr befriedigend, doch<lb/>klagen <rs ref="#i921046" type="person">H. Pf</rs>. über die gleichen Fehler über welche<lb/>ich traurte, freuen sich aber über seine liebe-<lb/>volle Zutraulichkeit. Gott gebe daß sie gut auf<lb/>ihn wirken mögen! </p><pb n="22"/><p>Euch hat der gütige Gott der Gaben viel beschieden<lb/>Genießt sie dankbar froh mit weiser Mässigkeit:<lb/>Bewahrt Euch heilig nur der Tugend innrer Frieden,<lb/>So geht durch Freud u Leid erst spät zur Ewigkeit!<lb/>Für <rs ref="#i868154" type="person">Willhelm Vischer</rs> an seinem <rs ref="#i873950" type="object">Hochzeitstag</rs> d 9 Oct. </p></div><div xml:id="d23413106" corresp="d910042" ><head resp="#editor">Tagebucheintrag<date> XX.XX.1832 </date></head><p>1832</p><p>D[en] 17 Oct an <rs ref="#i836759" type="person">M Preiswerkh</rs> nach <rs ref="#i873159" type="object">Strasburg</rs> <rs ref="#i873852" type="object">geschrieben<lb/></rs>D[en] 18 [Oct] an <rs ref="#i868141" type="person">Will P[reiswerk</rs> <rs ref="#i873852" type="object">nach</rs>] <rs ref="#i873159" type="object">Steine<lb/></rs></p></div><div xml:id="d23413107" corresp="d910050" ><head resp="#editor">Tagebucheintrag<date> 06.11.1832 </date></head><pb n="22"/><p>32.11.6.<lb/>Von 2-6  Morgens war der liebe <rs ref="#i868141" type="person">W. P.</rs> bei<lb/><rs ref="#i874148" type="object">mir</rs> er machte mir viele <rs ref="#i910699" type="object">Freude</rs>: doch wie<lb/>viel <rs ref="#i910645" type="object">Drückendes</rs> u Wehmüthiges mischt sich dieser<lb/>Freude bei! Ich hoffe er sey jetzt wohl versorgt<lb/>er ist sehr zufrieden: ich danke Gott daß er<lb/>dort ist.</p><p>Den 18 Nov erhielt ich einen <rs ref="#i873852" type="object">Bf</rs> von<rs ref="#i868141" type="person"> W. P.<lb/></rs>[Den] 21 [Nov] beantwortete ich ihn.</p></div><div xml:id="d23413108" corresp="d910058" ><head resp="#editor">Tagebucheintrag<date> 22.11.1832 </date></head><pb n="22"/><p>32.11.22.<lb/>So eben erhalte ich Nachricht daß mein <rs ref="#i835869" type="person">Sohn<lb/></rs>wieder zurück sey; moge er neugestärkt<lb/>u mit heiterm Sinn wieder in das Seine zu-<lb/>rückkehren!</p></div><div xml:id="d23413109" corresp="d910066" ><head resp="#editor">Tagebucheintrag<date> 22.11.1832 </date></head><pb n="23"/><p>32.11.22.<lb/>Seit d 4 Oct. befinde ich mich <rs ref="#i873825" type="object">nicht wohl</rs> u schleiche<lb/>so <rs ref="#i910740" type="object">unthätig</rs> herum: obgleich mein Gemüth fast<lb/>immer heiter ist u ich noch Lebenslust fühle u Antheil<lb/>an den Ereigniße der Weld nehme, so ahndet mir’s<lb/>doch dieses Nichtwohl seyn sey der Anfang meiner<lb/><rs ref="#i873845" type="object">letzten Krankheit</rs>. Schon geraume Zeit sehe ich<lb/>die Natur um mich her, mit einem besondern<lb/><rs ref="#i910645" type="object">wehmüthig</rs> süssen Wohlgefallen an: ein ahnliches<lb/>Gefühl hatte ich jedesmal bevor ich einen mir lieb<lb/>gewordnen <rs ref="#i875143" type="object">Wohnort</rs> verlaßen mußte, schon geraume<lb/>Zeit ehe ich es wußte. So beim Garten vor dem<lb/><rs ref="#i873159" type="object">Riechemerthor</rs>, so beim <supplied>Garten von</supplied>, Haus auf dem<lb/><rs ref="#i873159" type="object">Münsterplatz</rs> u bei <rs ref="#i874470" type="object">St Apollinaire.</rs> Besonders<lb/>lebhaft fühlte ich’s die Zeit über so die l. Swst. <rs ref="#i837033" type="person">Esther<lb/></rs>hier bei <rs ref="#i874148" type="object">mir</rs> war, eine geheime Stimme schien mir<lb/>zuzuflüstern, genieße diese Wohlthat dankbar, es<lb/>ist die <rs ref="#i874141" type="object">letzte</rs> der Art, Gott lob ich bin nicht<lb/>ängstlich darüber u bethe ruhig zu Gott</p><pb n="24"/><p>„Wie du willst zum fernern Leben<lb/>Oder auch zur Ewigkeit“!</p></div><div xml:id="d23413110" corresp="d910073" ><head resp="#editor">Tagebucheintrag<date> 29.11.1832 </date></head><pb n="24"/><p>32.11.29.<lb/>Ich sehe die Erde als ein <rs ref="#i874226" type="object">Erziehungshaus</rs> von<lb/><rs ref="#i873936" type="object">Menschenwesen</rs> an; wir schwachen Zöglinge können<lb/>nicht beurtheilen was zu unserm Frommen taugt,<lb/>aber benützen mit allem Eifer sollen wir die uns<lb/>beschiedene Lehrzeit: dann werden wir uns immer<lb/>mehr <rs ref="#i873922" type="object">Gott</rs> nahen u Christus dem Ebenbild des Vaters<lb/>suchen ähnlicher zu werden. Dan werden wir<lb/>Demuth lernen, aber nicht minder uns als Menschen<lb/>werthschätzen u uns auf eine Art in ehren halten<lb/>die uns ver edeln u im Guten stärken wird.<lb/>Es geht in unserm armen <rs ref="#i884031" type="object">Vaterland</rs> schrecklich<lb/>zu es schaudert mir oft! Aber die veste<lb/>Überzeugung daß es eine von Gott gesandte<lb/>Prüfungszeit sey, in welcher der Redliche<lb/>nicht mehr leiden wird als zu seinem wahren<lb/>Wohl gut ist der Schlechte aber in seiner Ver-<lb/>kehrtheit dahinfahren wird u endlich die<lb/>reine</p><pb n="25"/><p>Wahrheit den Sieg davon tragen wird.<lb/>Doch wie Viele sind es die zwischen Recht und<lb/>Unrecht hinwanken die von Schwachheit, Eigen-<lb/>nutz od. Leidenschaft geleitet werden!<lb/>Wie wohl thut es einem auf Menschen zu treffen<lb/>mit wahrem Muth u Kraft! Zu Gott nur können<lb/>wir flehn u hoffen!</p></div><div xml:id="d23413111" corresp="d910081" ><head resp="#editor">Tagebucheintrag<date> 11.12.1832 </date></head><pb n="25"/><p>32.12.11.<lb/>Man jammert so daß unser <rs ref="#i915145" type="object">getrennte Canton<lb/></rs>Theil so verwildre u verarme, daß täglich<lb/>Hausväter für zahlunfähig ausgekündet würden.<lb/>Das ist eines Theils wohl traurig: allein es kann<lb/>auch seine gute Wirkung durch das Beispiel <lb/>haben! Es ist eine läutrungs Zeit, die Unver-<lb/>besserlichen gehen ganz zu Grunde: <rs ref="#i874226" type="object">die</rs> noch der<lb/>Besserung fähigen werden in sich gehen u den<lb/>guten Weg ergreiffen. Auch das kann kräftig<lb/>zu beendigung der Wirren beitragen.<lb/>Was hilft viel jammer, was viel Kläglen? Gehe<lb/>nur jedes seinen graden Weg u baue auf sein<lb/>gutes Gewissen, so wird es der Hilfe Gottes gewiß seyn</p><pb n="26"/><p>Meine <rs ref="#i873943" type="object">Gesundheit</rs> scheint sich wieder etwas zu bessern<lb/>ich erwartete es nicht! Gott erhalte mir nur<lb/>meine Gelassenheit u meine Geistesgegenwart<lb/>bis an mein Ende! Oefters kränkte ich mich<lb/>über meine genöthigte <rs ref="#i910740" type="object">Unthätigkeit</rs>: aber auch<lb/>diese lerne ich in Geduld ertragen u denke<lb/>jeder der dankbar zu Gott, liebreich gegen <lb/>seinen Nebenmenschen, heiter u froh sein Schick-<lb/>sal ertrage, sey nicht vergeblich in der Weld.</p></div><div xml:id="d23413112" corresp="d910089" ><head resp="#editor">Tagebucheintrag<date> 20.12.1832 </date></head><pb n="26"/><p>32 12 20<lb/>Nun begint das <rs ref="#i873950" type="object">Jahr seinem Ende </rs>zu, Morgen ist der<lb/><rs ref="#i873950" type="object">kürzeste Tag</rs>: wird es wohl der letzte seyn<lb/>den ich <rs ref="#i874141" type="object">hienieden</rs> walte? Ich muß es fast glauben<lb/>den meine <rs ref="#i873943" type="object">Kräfte nehmen nicht zu</rs>: möge<lb/>ich nur stille erwarten was Gott mir <lb/>zusendet! Meine Unthätigkeit u mein Unver-<lb/>mögen ist mir zuweilen lästig doch bald stehe<lb/>ich beschämt u denke der vielen Wohlthaten<lb/>die Gott mir täglich erweißt: ich leide wenig<lb/>Schmerzen, mein Kopf ist meistens <rs ref="#i910699" type="object">heiter</rs>,</p><pb n="27"/><p>ich kan Gott für mich, für die lieben Meinigen,<lb/>für unser armes <rs ref="#i884031" type="object">Vaterland</rs> anflehen u habe<lb/>den beseligenden Glauben daß mein, zwar schwaches<lb/><rs ref="#i873922" type="object">gebet</rs>, nicht ganz unerhört lassen werde.<lb/>O Gott möchte nur Glauben u Liebe zu den Menschen<lb/>einkehren! Laß mich so viel ich kann noch<lb/>andre Menschen erquiken u trosten!</p></div><div xml:id="d23413113" corresp="d910097" ><head resp="#editor">Tagebucheintrag<date> 26.12.1832 </date></head><pb n="27"/><p>32.12.26.<lb/>Gestern hatten wir H <rs ref="#i873950" type="object">Weihnachten</rs> u ob ich gleich<lb/>nicht nicht an der öffentlichen Feier Theil nehmen<lb/>konnte, so glaube ich es im Stillen würdig gefeiert<lb/>zu haben: mehr als je fühlte ich die Große der<lb/>Wohlthat die <rs ref="#i873922" type="object">Christus</rs> Sendung der Menschheit<lb/>brachte. Wie traurig daß dessen ungeachtet,<lb/>mitten in der Christenheit es noch so viele giebt<lb/>die wahre <rs ref="#i874226" type="object">Unchristen</rs> sind u noch mehr die<lb/>nicht recht wissen was sie sind! Unsre Zeit mit<lb/>ihren traurigen Ereignissen ist wohl gemacht<lb/>um das bedurungungswürdige des Unglaubens<lb/>einsehen zu machen u uns brünstig bethen<lb/> </p><pb n="28"/><p>zu machen „Dein Reich komme!“ Ungeachtet<lb/>der <rs ref="#i884031" type="object">Stürme</rs> der Zeit, hoffe ich doch immer<lb/>das Wohl der Menschheit werde am Ende<lb/>daraus hervorgehen! Wie würde sie Gott<lb/>sonst zugelassen haben? Es ist eine harte<lb/>Prüfungszeit: möchten sie nur Viele gut<lb/>bestehen!<lb/>Dem l Gott danke ich von ganzer Seele, daß<lb/>ungeachtet meiner <rs ref="#i873825" type="object">körperlichen Schwachheit<lb/></rs>mein Geist wieder so ruhig u heiter ist. </p></div><div xml:id="d23413114" corresp="d910105" ><head resp="#editor">Tagebucheintrag<date> 04.01.1833 </date></head><pb n="28"/><p>1833</p><p>33 1 4<lb/>Es ist ein sonderbares Gefühl in mir wenn<lb/>ich wieder eine neue <rs ref="#i873831" type="object">Jahreszahl schreibe</rs>:<lb/>bei so mancher vermuthete ich schon es würde<lb/>die <rs ref="#i874141" type="object">letzte seyn</rs>! Bei jeder fühlte ich eine Veränder[ung]<lb/>meines Seyns u Denkens; wohl eine Folge des<lb/><rs ref="#i873943" type="object">Alters</rs>, des langsamer schlagenden  Pulses.</p><pb n="29"/><p>Doch nicht das allein, es ist auch eine Folge<lb/>meines <rs ref="#i873990" type="object">reifern Nachdenkens</rs>, meines<lb/>vestern ruhigern Vertrauens auf <rs ref="#i873922" type="object">Gott</rs> u.<lb/>seine weise Führung, von ganzer Seele bin ich<lb/>Gott dankbar dafür. Ich habe die wenigen Tage<lb/>dieses Jahres schon manches erfreuliche genoßen.<lb/>Ob es mir zum Theil Mühe machte, daß ich,<lb/>meiner <rs ref="#i873825" type="object">schwächlichen Gesundheit </rs>wegen meine<lb/>Familie nicht zusamen bei mir versameln, u sich<lb/>untereinanter sich freuen sehen konnte; so<lb/>tröstete ich mich mit dem Gefühl daß ich das ler-<lb/>mende Gepränge nicht hätte ertragen können,<lb/>daß es nicht misgefällige Laune sondern wirk-<lb/>liches Bedürfniß erfoderte</p></div><div xml:id="d23413115" corresp="d910113" ><head resp="#editor">Tagebucheintrag<date> XX.03.1833 </date></head><pb n="30"/><p>1833 März<lb/>Ich habe lange nichts <rs ref="#i873831" type="object">geschrieben</rs>, da meine<lb/><rs ref="#i873825" type="object">schwächliche Gesundheit</rs> mich mahnte all meine<lb/><rs ref="#i874141" type="object">Sachen in Ordnung</rs> zu bringen um jeden Augen-<lb/>blick bereit zu seyn dem Ruff in jene Weld zu<lb/>folgen. Ich habe all meine Papiere durchlesen,<lb/>oft zweifelnd ob ich sie alle ins Feuer werfen<lb/>wollte: doch der Gedanke wie viel stille Freude<lb/>ich beim <rs ref="#i921441" type="object">Durchlesen des Hinterlassnen</rs> von meinem<lb/>sel. <rs ref="#i867825" type="person">Vater</rs>, auch von meinem Sohn <rs ref="#i835771" type="person">Dt.</rs> sel. genoßen<lb/>habe, machte daß ich nur zerstörte was irgend<lb/>Jemand häte Mühe machen können. Möge<lb/>das noch Übrige den lieben Meinigen hie u da<lb/>eine Blume auf ihrem Weg ausstreuen u ihnen<lb/>das Andenken der Mutter nicht unwerth machen!<lb/>Gottes Segen walte über ihnen!<lb/>Es fehlt mir noch einiges, wenn ich’s nur noch<lb/>fände u auch ordnen könnte!</p></div><div xml:id="d23413116" corresp="d910121" ><head resp="#editor">Tagebucheintrag<date> 20.03.1833 </date></head><pb n="31"/><p>33.3.20.<lb/>So habe ich dan gegen mein Vermuthen meinen<lb/><rs ref="#i873943" type="object">76 <rs ref="#i873950" type="object"></rs>Geburtstag</rs> erlebt! <rs ref="#i873825" type="object">Schwächlich u gebrechlich<lb/></rs>aber noch im Genuß meines Geisteskräfte!<lb/>Wie kann ich <rs ref="#i873922" type="object">Gott</rs> genug danken? Durch wie viele<lb/>Stürme, kalte u heiße Tage hat er mich gnädiglich [?]<lb/><rs ref="#i874029" type="object">hindurch geführt</rs>, wie oft mich vom Straucheln<lb/>zurückgehalten, wie oft von demselben wieder<lb/>herausgezogen! Vertrauend auf auf seine<lb/>Gnade hoffe ich auf Vergebung aller meiner<lb/>Fehler. Was wäre ich wenn ich nicht auf ihn hoffen<lb/>könnte! Unbedeutend sind mir fast alle Güter der<lb/>Erde: mein Tagewerk ist vollbracht, meine Kräften<lb/><rs ref="#i910637" type="object">erschöpft</rs>. Für die Meinen kann ich nur wenig mehr <lb/>thun, nichts als durch stilles Ergeben in den Willen<lb/>Gottes u wahres Dankgefühl, ihnen zu zeigen<lb/>wie ruhig u freudig die Seele ist die sich Gott<lb/>u Christo ergeben hat. Möge mir die Kraft<lb/>dazu beschieden seyn! Sollten mich noch Leiden<lb/>treffen, wie mir zu weilen ahnent, so gewähre</p><pb n="32"/><p>Allgütiger Geduld sie zu ertrage u Niemand<lb/>durch Klagen lästig zu seyn! Möge ich noch<lb/>den Meinigen durch gutes Beispiel nützlich<lb/>seyn welche Wonne wäre es für mich! Für ihr<lb/>Wohl werde ich ohne Unterlaß zum Himmel flechen.</p></div><div xml:id="d23413117" corresp="d910129" ><head resp="#editor">Tagebucheintrag<date> 26.03.1833 </date></head><pb n="32"/><p>33 3 26<lb/>Ich komme wenig zum <rs ref="#i873831" type="object">schreiben</rs>: das <rs ref="#i899128" type="object">Nichtwohl<lb/><rs ref="#i837130" type="person"></rs>Bruders</rs> hindert mich am allein seyn doch habe<lb/>ich Zeit meine Gedanken zusameln u meine<lb/>Wünsche vor Gott zu bringen. Es drückt so Manches<lb/>mein armes Herz: die <rs ref="#i898746" type="object">Krankheit</rs> meiner To.<lb/><rs ref="#i835836" type="person">Par</rs>; die <rs ref="#i910686" type="object">Besorgniß</rs> einen <rs ref="#i873838" type="object">Urenkel</rs> zu verlieren<lb/>der die Wonne seiner Eltern u GßEltern macht:<lb/>das sollen wir Gott empfehlen u trauen daß<lb/>er alles gut führen werde: das wohl allein so<lb/>lange unser Herz <rs ref="#i874141" type="object">menschlich schlägt</rs> können<lb/>wir nicht umhin an den Leiden der Unserigen<lb/>Theil zu nehmen. Wie so manches Andre drückt<lb/>noch auf meinem Herzen auch bei den l Meinigen</p><pb n="33"/><p>dan noch das Unheil in unserm <rs ref="#i884031" type="object">Vaterland</rs>.<lb/>Die verschiednen Ansichten die ein Theil der<lb/>Meinen darüber haben u die Besorgniß daß<lb/>dieselben durch ihre Äusserungen das Übel noch<lb/>mehren mochten: daß diese ihre Ansichten nicht<lb/>mit dem wahren <rs ref="#i873922" type="object">Christenthum</rs> übereinstimmen<lb/>das schmerzt tief.</p></div><div xml:id="d23413118" corresp="d910137" ><head resp="#editor">Tagebucheintrag<date> 27.03.1833 </date></head><pb n="33"/><p>33.3.27.<lb/>Es thut meinem Herzen so wehe die lieben Meinigen<lb/>so in <rs ref="#i898746" type="object">Kummer</rs> zu sehen! Ich <rs ref="#i873943" type="object">alte Frau</rs> wie gerne<lb/>möchte ich <rs ref="#i873929" type="object">Krankheit u Schmerz </rs>auf mich nehmen,<lb/>ach Gott wenn es möglich wäre so schenke den<lb/>zärtlichen Eltern ihr <rs ref="#i873887" type="object">geliebtes Kind</rs> wieder !<lb/>Doch dein Wille geschehe.</p></div><div xml:id="d23413119" corresp="d910145" ><head resp="#editor">Tagebucheintrag<date> 29.03.1833 </date></head><pb n="33"/><p>33.3.29.<lb/>Ich habe gestern endlich einen Entschluß ausgeführt,<lb/>u bin froh daß es geschehn ist: ich hatte eine Schachtel<lb/>voll alter <rs ref="#i873852" type="object">Bfe</rs>. zwischen mir u <rs ref="#i867938" type="person">P.</rs> ich hatte sie immer<lb/>zu meiner R<rs ref="#i874486" type="object">echtfertigung sorgfältig aufbewahrt</rs>:<lb/>aber ach, mußte nicht eben diese Rechtfertigung </p><pb n="34"/><p>doch einerseits meine Kinder kränken! Was habe<lb/>ich in meinem <rs ref="#i873943" type="object">Alter</rs> noch von d Menschen für<lb/>Rechtfertigung nöthig? Wem mein Denken u Thun<lb/>nicht genügt den muß ich gehn lassen: vor Gott<lb/>werden mich keine <rs ref="#i921441" type="object">Papiere</rs> beschönigen, vor ihm<lb/>ist keiner gerecht, von meinem Gewissen u von<lb/>Gottes Gnade, erwarte ich alles u bin froh meine<lb/>Eigenliebe unterdrückt zu haben. Möge <rs ref="#i873922" type="object">Gott<lb/></rs>ferner meine Entschlüße leiten u nichts Unlauters<lb/>in meinem Herzen zurückbleiben! Vergebung <lb/>denen die mich beleidigt haben u Demüthigung u<lb/>inniger Dank gegen den Höchsten der mir so viele,<lb/>viele Wohlthaten erwies u noch erweißt.</p></div><div xml:id="d23413120" corresp="d910153" ><head resp="#editor">Tagebucheintrag<date> 02.04.1833 </date></head><pb n="34"/><p>33.4.2.<lb/>Ich bin<rs ref="#i910645" type="object"> mat</rs> u zu wenig aufgelegt, allein mein<lb/>Kopf ist <rs ref="#i910699" type="object">heiter</rs>, ruhig kann ich die mir sonst<lb/><rs ref="#i910740" type="object">peinliche Unthätigkeit</rs> ertragen: wie dankbar<lb/>soll ich <rs ref="#i873922" type="object">Gott</rs> dafür seyn, wie dankbar für<lb/>alles Gute so er mir so er den lieben Meinigen<lb/>gewährt! Ich wünsche künftigen Sontag (<rs ref="#i873950" type="object">Ostern</rs>)</p><pb n="35"/><p>zur Communion zu gehen! Ob ich gleich vom<lb/>öffentlichen Gottesdienst wenig Genuß u viel<lb/>Ermüdung, wegen meinem <rs ref="#i873825" type="object">Überhören</rs> u meiner<lb/>Schwächlichkeit habe, so möchte ich doch das Abend-<lb/>Mahl gerne in der Kirche nehmen: die Haus<lb/>Commun. scheinen mir nicht dem Zweck angemessen<lb/>Im Stillen will ich für mich meine Vorbereitung <lb/>halten u sollte mir nicht möglich seyn in die Kirche<lb/>zu gehen so hoffe ich Gott werde mir in meinem <lb/>stillen Kämmerchen eben so nahe seyn als in der<lb/>Kirche!</p></div><div xml:id="d23413121" corresp="d910161" ><head resp="#editor">Tagebucheintrag<date> 10.04.1833 </date></head><pb n="35"/><p>33.4.10.<lb/>Mein Vorhaben konnte ich Sontag ausführen,<lb/>doch so sehr es mich freute meine Andacht in<lb/>öffentlicher Gemeinde zu halten so habe ich auffs <lb/>neu <rs ref="#i873990" type="object">eingesehen</rs> daß stille Andacht allein für<lb/>mich paßt: andre beraubt mich meiner Kräfte<lb/>u macht mich der Andacht unfähig. Mein ganzes<lb/>Bestreben soll jetzt seyn meine<rs ref="#i873922" type="object"> christlichen Gesin-<lb/>nungen</rs> thätig zu beweisen.</p></div><div xml:id="d23413122" corresp="d910169" ><head resp="#editor">Tagebucheintrag<date> XX.XX.1833 </date></head><pb n="36"/><p>1833 d[en] 21 April Morgens um 6 Uhr kam Fr.<lb/><rs ref="#i836345" type="person">Vischer Handmann</rs> mit einem <rs ref="#i921522" type="person">Mädchen</rs> glück-<lb/>lich <rs ref="#i892101" type="object">nieder</rs>. Mögen sie das Kind gut<lb/>erziehn u viele Freude an ihm erleben!</p></div><div xml:id="d23413123" corresp="d910177" ><head resp="#editor">Tagebucheintrag<date> 24.04.1833 </date></head><pb n="36"/><p>33.4.24.<lb/>Ich habe geraume Zeit<rs ref="#i873831" type="object"> nichts schreiben</rs> konnen<lb/>da ich noch das <rs ref="#i921441" type="object">TgB.</rs> meines Sohns <rs ref="#i836927" type="person">Dt.</rs> durchlesen<lb/>machte: manches grief mich sehr an, das Einte<lb/>freudig rührend <supplied>ma</supplied>  Andres tief wehmüthig.<lb/>Schon sehe ich es dunkel ein das Gott es wohl<lb/>gemacht ihn in die bessere Weld zu versetzen<lb/>wie wenig hat er für die gepaßt, wie<lb/>manche seiner schönsten <rs ref="#i910653" type="object">Hoffnungen</rs> wären<lb/>gescheitert! – Welcher wonnevolle Gedanke<lb/>ist die Hoffnung des verklarten Wiedersehens!<lb/>Auch das <rs ref="#i898746" type="object">Übelbefinden</rs> meiner <rs ref="#i835836" type="person"><rs ref="#i868068" type="person">Töchter</rs></rs> u [unles.]<lb/>schmerzte mich, so meiner Schweher. [?]<lb/>So im Haus hatte ich einen<rs ref="#i873950" type="object"> traurigen Vorfall</rs>:<lb/>die Fr. des <rs ref="#i873838" type="object">Gartners</rs>, erst <rs ref="#i873943" type="object">23 Jahr alt</rs>, auszeh[rend?]<lb/>seit dem sie hier ist, kam Abends am Oster-<lb/>tag mit einem <rs ref="#i892101" type="object">Mädchen nieder</rs>: man hatte</p><pb n="37"/><p>vermuthet, daß <rs ref="#i873887" type="object">Mutter</rs> u Kind dahinscheiden<lb/>würden: Erstere lebte noch 15 Tage u starb<lb/>d[en] 22. Das Kind that ich mit Bewilligung des Vaters<lb/>u GßElltern zu einer Amme auf <rs ref="#i873159" type="object">Riechen</rs> wo es<lb/>bis dahin gesund verblieben ist. Auch hiebei<lb/>war für mich manches Angreifende.</p></div><div xml:id="d23413124" corresp="d910185" ><head resp="#editor">Tagebucheintrag<date> 29.04.1833 </date></head><pb n="37"/><p>33 4 29<lb/>Ich habe gestern eine vortreffliche <rs ref="#i915236" type="book_etc">Predig</rs> ge-<lb/>lesen, von „<rs ref="#i870208" type="person">Tschirner</rs> erster Band Seite 197.<lb/>[unles.] P. Seine Gedanken über den Genuß der<lb/>irdischen Güter scheinen mir mit meinem dunkeln<lb/>Gefühl, mit den Aussprüchen der <rs ref="#i873922" type="object">Bibel</rs>, u mit dem<lb/>Bedürfnissen der menschlichen Natur so sehr über-<lb/>einzustimmen. Ich muß sie nochmals mit Nach-<lb/>denken lesen um meine Gedanken darüber <lb/>in’s klare zu bringen</p></div><div xml:id="d23413125" corresp="d910193" ><head resp="#editor">Tagebucheintrag<date> 03.05.1833 </date></head><pb n="37"/><p>33.5.3. [6,8?]<lb/>Mir liegt das <rs ref="#i898746" type="object">Loos</rs> meiner Enkel <rs ref="#i836759" type="person"><rs ref="#i868141" type="person">Pr. Fr.</rs></rs> schwer<lb/>auf dem Herzen: möchte mir Gott Kraft geben<lb/>ihrem <rs ref="#i835869" type="person">Vater</rs> meine Gesinnungen kräftig<lb/>ans Herz zu legen! Der Marie gehort eine</p><pb n="38"/><p><rs ref="#i874436" type="object">weibliche</rs> <rs ref="#i874045" type="object">Führerin</rs>, die sie Tag u Nacht<lb/>beobachtet (doch ohne sie der nöthigen Freiheit<lb/>zu berauben) die ihr Zutrauen zu gewinnen<lb/>wüßte, die ihre <rs ref="#i873922" type="object">religiosen Gefühle</rs> leiten<lb/>u berichtigen könnte, die sie zur Leitung der<lb/>Hausgeschäffte anführte u ihrer Thätigkeit<lb/>die gehörigen Schranken anwiese.<lb/>Der Unterrricht den sie noch zu nehmen nöthig<lb/>hat sollte sie mit Gespielinen bei Lehrern od<lb/>Lehrerinnen nehmen: ihre <rs ref="#i873838" type="object">Erziecherin</rs> gewä[?]<lb/>inzwischen Zeit das <rs ref="#i873915" type="object">Hauswesen</rs> zu ordnen u.<lb/>über ihre schwierige Aufgabe nachzudenken.<lb/>Welche schwere Aufopferung würde das den<lb/>Vater kosten! Doch meine <rs ref="#i873990" type="object">Pflicht</rs> gebietet<lb/>mir es von ihm zu begehren<lb/>[xxx]</p><pb n="41"/><p>so <rs ref="#i874090" type="object">vielfältigen Talenten</rs> begabt, diese so gut<lb/>anwendet! Ihre jetzige Lage setzt sie in<lb/>einen ausgedehntern Wirkungskreis u zieht<lb/>sie vom Kleinlichen ab. Ihre Samlung von<lb/>Seepflanzen von beinahe 200 Arten, hat<lb/>mich in Erstaunen gesetz wegen der<lb/>Pünktlichen Zierlichkeit mit der alles geord-<lb/>net ist. In demüthige Bewunderung über<lb/>die Wunder Gottes in der Natur!</p></div><div xml:id="d23413126" corresp="d910201" ><head resp="#editor">Tagebucheintrag<date> 26.07.1833 </date></head><pb n="41"/><p>33.7.26.<lb/>Diesen Morgen 3 Uhr ist <rs ref="#i868031" type="person">GßTochter<lb/></rs>Burkhard. V. mit einem <rs ref="#i921570" type="person">Mädchen</rs> <rs ref="#i892101" type="object">nieder</rs>-<lb/>gekomen. Herzlich theile ich die Freude<lb/>von <rs ref="#i868031" type="person"><rs ref="#i868759" type="person">Eltern</rs></rs> u<rs ref="#i868068" type="person"> <rs ref="#i836841" type="person">GßEltern</rs></rs>, Gott sey dedankt<lb/>er segne sie!<lb/>Diesen Morgen ist <rs ref="#i873838" type="object">M. W</rs>. die 5 Jahr<lb/>bei mir war, <rs ref="#i873866" type="object"><rs ref="#i873901" type="object">abgereißt</rs></rs> um sich zu</p><pb n="42"/><p><rs ref="#i891654" type="object">verheurathen</rs> möge es ihr gut gehn!<lb/>[xxx]</p><p>[46]     </p><p><rs ref="#i921595" type="book_etc">Sprüche</rs>, aus <rs ref="#i900069" type="person">Angelus Silesius</rs>.<lb/>Wie soll ich die Gebot<lb/>So viel u schwer erfüllen?<lb/>Er sieht ja nicht Dein Werk,<lb/>Er will nur Deinen Willen<lb/>Es könnte Dir von Gott<lb/>Kein größre Straf<supplied>f</supplied> geschehen<lb/>Als wenn er alles ließ<lb/>Nach Deinem Wunsch geschehen.</p><p>Wie magst in Angst u Schweiß<lb/>Die Hölle Dir erringen?<lb/>Kannst ja um halben Preis<lb/>Den Himmel Dir erringen.</p><p>Soll sicher sein u leicht<lb/>Des Lebensschiffes Lauf,<lb/>So nim vom Erdengut<lb/>Nicht zu viel Ballast auf.<lb/> </p><p>Die Schrift sie spricht so <supplied>leis</supplied> stille,<lb/>So leis wie die Natur;<lb/>Dem Horcher scheint sie stum<lb/>Beredt dem Frager nur</p><p>[quer gestellt:] Drum folge Christi Rath,<lb/>Er sagt es uns ganz klar:<lb/>Nach meinen Worten thut!<lb/>Dann seht ihr ob sie wahr.</p></div><div xml:id="d23413127" corresp="d910209" ><head resp="#editor">Tagebucheintrag<date> 06.01.1833 </date></head><pb n="47"/><p>33.1.6.<lb/>Durchgehe ein Theil von <rs ref="#i870031" type="person">Schmids</rs> <rs ref="#i921608" type="book_etc">Kinderschriften</rs> [?]<lb/>Neue Erzahlung 2 Bd 1832<lb/>„Die Kirschen“ für Kind von 8 Jahren, auch für<lb/>alle <rs ref="#i873943" type="object">Alter<lb/></rs></p></div><div xml:id="d23413128" corresp="d910216" ><head resp="#editor">Tagebucheintrag<date> 21.12.1833 </date></head><pb n="47"/><p>1833 12 21 <lb/>Im Volksboth angerühmte Bücher für Kinder</p><pb n="48"/><p>Belehrende Darstellungen für die reifere<lb/>Jugend. Mit <rs ref="#i921636" type="book_etc">Anmerkungen</rs> von <rs ref="#i921621" type="person">Krieg</rs>. Aus den<lb/>vorzüglichsten Schriftstellern gezogen. Sehr [unles.]</p><p> </p></div>
       </body></text>
   </TEI>
    