<?xml version="1.0"?>
    <?xml-model href="http://www.tei-c.org/release/xml/tei/custom/schema/relaxng/tei_all.rng" type="application/xml" schematypens="http://relaxng.org/ns/structure/1.0"?>    
    <TEI xmlns="http://www.tei-c.org/ns/1.0" xml:id="d891868">
       <teiHeader>
          <fileDesc>
             <titleStmt>
                <title>Heft 14 (1816-1817)
                </title>
                <author>Anna Maria Preiswerk-Iselin</author>
             </titleStmt>
             <publicationStmt>
                <publisher xml:id="editor">Tagebücher Anna Maria Preiswerk-Iselin Projekt</publisher>
                <pubPlace>Basel</pubPlace>
                <date when="2022-03">March 2021</date>
                <availability>
                   <licence notBefore="2022-03-01" target="http://creativecommons.org/licenses/by-sa/4.0/">
                      <p>[...]</p>
                      <p>This work is licensed under a Creative Commons Attribution-ShareAlike 4.0 International License.</p>
                      <p> You are free to: <list>
                            <item> Share — copy and redistribute the material in any medium or format</item>
                            <item> Adapt — remix, transform, and build upon the material</item>
                         </list>
                      </p>
                      <p> Under the following terms: <list>
                            <item> Attribution — You must give appropriate credit, provide a link to the license, and indicate if changes were made. You
                               may do so in any reasonable manner, but not in any way that suggests the licensor endorses you or your use.</item>
                            <item> ShareAlike — If you remix, transform, or build upon the material, you must distribute your contributions under the same
                               license as the original.</item>
                            <item> No additional restrictions — You may not apply legal terms or technological measures that legally restrict others from
                               doing anything the license permits.</item>
                         </list>
                      </p>
                      <p>The licence was added on March first, 2022.</p>
                   </licence>
                </availability>
             </publicationStmt>
             <sourceDesc>
                <msDesc>
                   <msIdentifier>
                      <settlement>Basel</settlement>
                      <repository>Staatsarchiv</repository>
                      <idno>StABS PA 511 304-03-04</idno>
                      <msName>Heft 12 (1815-1816) - Anna Maria Preiswerk-Iselin </msName>
                   </msIdentifier>
                </msDesc>
    <listPerson><person xml:id="i835771"><persName>Dietrich Preiswerk-Bischoff</persName></person><person xml:id="i835869"><persName>Lux</persName></person><person xml:id="i835885"><persName>Anna Maria Preiswerk-Forcart</persName></person><person xml:id="i836759"><persName>Anna Maria Burckhardt-La Roche-Preiswerk</persName></person><person xml:id="i869706"><persName>Johann Heinrich Jung-Stilling</persName></person><person xml:id="i869458"><persName>Johann Wolfgang von Goethe</persName></person><person xml:id="i892194"><persName>Sibylla Schwarz</persName></person><person xml:id="i835836"><persName>Susanna Paravicini-Preiswerk</persName></person><person xml:id="i868068"><persName>Sophia Vischer-Preiswerk</persName></person><person xml:id="i867938"><persName>Niclaus Preiswerk-Iselin</persName></person><person xml:id="i836381"><persName>Eduard Vischer-Handmann</persName></person><person xml:id="i870156"><persName>Ludwig Tieck</persName></person><person xml:id="i870104"><persName>Anne Louise Germaine de Staël-Holstein</persName></person></listPerson><listObject><object xml:id="i873990" type="tag"><objectIdentifier><objectName>Selbstreflexion</objectName></objectIdentifier></object><object xml:id="i874141" type="tag"><objectIdentifier><objectName>Gedanken über den Tod</objectName></objectIdentifier></object><object xml:id="i873943" type="tag"><objectIdentifier><objectName>Alter(n)</objectName></objectIdentifier></object><object xml:id="i873936" type="tag"><objectIdentifier><objectName>Philosophie</objectName></objectIdentifier></object><object xml:id="i873825" type="tag"><objectIdentifier><objectName>Altersgebrechen</objectName></objectIdentifier></object><object xml:id="i873964" type="tag"><objectIdentifier><objectName>Selbstkritik</objectName></objectIdentifier></object><object xml:id="i874090" type="tag"><objectIdentifier><objectName>Personenbeschreibung</objectName></objectIdentifier></object><object xml:id="i874045" type="tag"><objectIdentifier><objectName>Gedanken zur Erziehung</objectName></objectIdentifier></object><object xml:id="i874486" type="tag"><objectIdentifier><objectName>Gedanken zur Ehe</objectName></objectIdentifier></object><object xml:id="i892101" type="tag"><objectIdentifier><objectName>Geburt</objectName></objectIdentifier></object><object xml:id="i873922" type="tag"><objectIdentifier><objectName>Religion</objectName></objectIdentifier></object><object xml:id="i874226" type="tag"><objectIdentifier><objectName>Gedanken zur Gesellschaft</objectName></objectIdentifier></object><object xml:id="i874895" type="tag"><objectIdentifier><objectName>Mädchenschule?</objectName></objectIdentifier></object><object xml:id="i874019" type="tag"><objectIdentifier><objectName>Zweifel</objectName></objectIdentifier></object><object xml:id="i922784" type="tag"><objectIdentifier><objectName>Unruhe</objectName></objectIdentifier></object><object xml:id="i873915" type="tag"><objectIdentifier><objectName>Haushalt</objectName></objectIdentifier></object><object xml:id="i873950" type="tag"><objectIdentifier><objectName>Ereignis</objectName></objectIdentifier></object><object xml:id="i874235" type="tag"><objectIdentifier><objectName>Ausbildung</objectName></objectIdentifier></object><object xml:id="i873838" type="tag"><objectIdentifier><objectName>Unbekannte Person</objectName></objectIdentifier></object><object xml:id="i874148" type="tag"><objectIdentifier><objectName>Besuch</objectName></objectIdentifier></object><object xml:id="i874003" type="tag"><objectIdentifier><objectName>Verhalten</objectName></objectIdentifier></object><object xml:id="i873957" type="tag"><objectIdentifier><objectName>Freundschaft</objectName></objectIdentifier></object><object xml:id="i892152" type="tag"><objectIdentifier><objectName>Situation</objectName></objectIdentifier></object><object xml:id="i873894" type="tag"><objectIdentifier><objectName>Allgemeine Stimmung</objectName></objectIdentifier></object><object xml:id="i873859" type="tag"><objectIdentifier><objectName>Ratschlag an die Kinder</objectName></objectIdentifier></object><object xml:id="i874029" type="tag"><objectIdentifier><objectName>Rückblick</objectName></objectIdentifier></object><object xml:id="i873887" type="tag"><objectIdentifier><objectName>Tod</objectName></objectIdentifier></object><object xml:id="i874436" type="tag"><objectIdentifier><objectName>Über das weibliche Geschlecht</objectName></objectIdentifier></object><object xml:id="i892172" type="book_etc"><objectIdentifier><objectName>de la Motte (Hg.): Frauentaschenbuch für das Jahr 1818.</objectName></objectIdentifier></object><object xml:id="i892183" type="book_etc"><objectIdentifier><objectName>Horn, Franz: Erinnerung an Sibylle Schwarz. Aus einem Briefe an **</objectName></objectIdentifier></object><object xml:id="i873845" type="tag"><objectIdentifier><objectName>Krankheit</objectName></objectIdentifier></object><object xml:id="i874064" type="tag"><objectIdentifier><objectName>Empfinden</objectName></objectIdentifier></object><object xml:id="i875450" type="tag"><objectIdentifier><objectName>Finanzen</objectName></objectIdentifier></object><object xml:id="i874011" type="tag"><objectIdentifier><objectName>Furcht</objectName></objectIdentifier></object><object xml:id="i892245" type="book_etc"><objectIdentifier><objectName>Tieck: Franz Sternbalds Wanderungen. Eine altdeutsche Geschichte.</objectName></objectIdentifier></object><object xml:id="i873852" type="tag"><objectIdentifier><objectName>Brief</objectName></objectIdentifier></object></listObject>
    </sourceDesc>
      </fileDesc>
      <profileDesc>
         <textClass>
            <!-- vérifier !!! -->
            <catRef scheme="#genre" target="#journal"/>
         </textClass>
         <langUsage>
            <language ident="de">Deutsch</language>
         </langUsage>
      </profileDesc>
   </teiHeader>
       <text><body><div xml:id="d23400716" corresp="d891878" ><head resp="#editor">Tagebucheintrag<date> 05.05.1817 </date></head><pb n="1"/><p>17 5 5 <lb/><rs ref="#i873990" type="object">Ich bin</rs> nun einmal nicht ganz so geschaffen wie<lb/>die meisten Menschen um mich her! Mich ihnen<lb/>anzupassen war lange mein eifrigstes Bestreben<lb/>aber das erzeugte meist ein wiedriger Streit<lb/>in meinem Innern: am Ende sehe ich doch wohl ein daß<lb/>jeder das seyn muß wozu die Natur ihn geschaffen hat.<lb/>Meine Liebe zu denen so mich umgeben, eine schwächliche<lb/>Nachgebigkeit hat mich oft gehindert das zu seyn, zu thun<lb/>was meine eigne Natur foderte. Aber nie unge-<lb/>straft. Hätte mehr eigne Stärke u günstigere <lb/>Umstände mich herausgehoben, wie anders würden<lb/>meine geistigen u körperlichen Kräfte beschaffen<lb/>seyn! Diese auszubilden u in Thätigkeit zu setzen<lb/>ist dringendes Bedürftnis meiner Natur: darin <lb/>gehemmt werden, mich hemmen lassen, das zerstört <supplied>und</supplied></p><pb n="2"/><p> </p><p>meine sämtlichen Kräfte. Darin finde ich den größten<lb/>Abstand meiner u den meisten andern Naturen,<lb/>diese suchen zu haben u zu geniesen; meine erfodert,<lb/>zu seyn u zu wirken, u nur dan wenn sie beiden<lb/>Bedürftnissen entsprechen kann ist sie in ihrem gesun-<lb/>den Zustande. Eine Hemmung macht mein Inneres stocken<lb/>u hat mich nun zum 2ten Mal einer gäntzlichen <rs ref="#i873943" type="object">Entkräftung</rs>,<lb/>ja ich kann wohl sagen, meiner Auflösung nahe gebracht.<lb/>Ich war, u bin noch, ruhig in meinem Geist, ich unterwerfe<lb/>mich der Schikung der Vorsehung, ich suche so viel möglich<lb/>dem leidenden Gefühl entgegenzuarbeiten; auch sehe ich<lb/><rs ref="#i874141" type="object">meinem Ende</rs>, wenn es bald erfolgen sollte ruhig entgegen:<lb/>doch kann ich meine Natur nicht ändern: in den Schranken<lb/>halten, leiten u mich in die Umstände schicken das werde<lb/>ich ferner thun u dem Schiksal das übrige überlassen; soll<lb/>ich hier in keinen meiner Natur angemessenen Wirkungs-<lb/>kreis mehr treten, so wird die gütige Vorsehung mich an eine<lb/>andre Stelle seiner Schöpfung einen Platz anweisen wo ich</p><pb n="3"/><p> </p><p>in Thätigkeit gesetzt seyn werde! Die Betrachtung<lb/>der Erde, der Anblick so vieles <rs ref="#i873936" type="object">Lebens</rs>, auch bis in die<lb/>verborgensten Theile, die steten Verwandlungen wo<lb/>scheinbarer Tod nur Mittel zu neuer Entstehung ist,<lb/>läßt mich ruhig <rs ref="#i873825" type="object">die Zerstörung meines eignen<lb/>Körpers ansehen</rs>: aber mehr, weit mehr als alles<lb/>ist das Gefühl daß er in meine Seele gelegt, die<lb/>Fähigkeit Ihn zu <supplied>ahnden</supplied> Erkennen, zu lieben, ihm zu<lb/>vertrauen, dies war, ist und wird ewig meine feste<lb/>Stütze seyn! Das Gefühl daß ich durch ihn bin, von<lb/>ihm alles habe, ist mir das nicht Pfand seiner Liebe!<lb/>Sollte das nicht die unversiegbare Quelle meiner<lb/>Beruhigung seyn! Soll ich allso nicht auch mit dem Platz<lb/>so er mir in seinem Reiche angewiesen zufrieden seyn,<lb/>so hart es mir auch oft ankömmt, so emfpindlich mich auch<lb/>manches trift? Habe ich nicht genugsam gelernt daß<lb/>alles zu meiner Bildung, zur Übung meiner Kräfte dient<lb/>wenn ich es nur gut benutze! Durch Zufriedenheit mit<lb/>meinem Zustande, durch wirken u thätig seyn so wie<lb/>durch stilles Zusehen soll ich Gott dankbar preisen</p></div><div xml:id="d23400717" corresp="d891886" ><head resp="#editor">Tagebucheintrag<date> 29.05.1817 </date></head><pb n="4"/><p>17 5 29<lb/>O wie weit bin ich noch von dem Ziele entfernt, das<lb/>ich mir zu erreichen vorgestreckt habe!<lb/>Wie oft nahm ich mir so fest vor mich ganz in den<lb/>Willen der Vorsehung zu schicken, alles was sie an<lb/>Leiden mir zuschickt, mit Vertrauen in ihre<lb/>weise Leitung ruhig zu ertragen! Und doch<lb/>habe ich nun wieder eine Zeit durchlebt, wo ich<lb/><rs ref="#i873964" type="object">meinem Vorsatz nicht ganz getreu war</rs>, wo die <lb/>Sorgen mich wieder tief zu Boden drückten.<lb/>Ist die menschliche Natur, ist das Mutterherz so<lb/>schwach geschaffen, oder ist die Schuld an mir?<lb/>Einmal ist es so daß die <rs ref="#i874090" type="object">Zwistigkeiten</rs> meiner<lb/><rs ref="#i835771" type="person"><rs ref="#i835869" type="person">Söhne</rs></rs>, alle meine alten vernarbten Wunden wieder<lb/>aufgerissen: Ruhe, Friede, gegenseitige Liebe, schienen<lb/>mir immer die Grundlage alles möglichen Wohls zu seyn:<lb/>und diese sehe ich meine Söhne, aus einem harten, eigenwilligen<lb/>Sinn gänzlich verscherzen! <rs ref="#i874045" type="object">Beide muß ich tadeln</rs>,<lb/>Beider Gesinnungen schmerzen mein Herz tief, sehr tief<lb/><rs ref="#i874486" type="object">alle meine vorher empfundnen schmerzlichen Gefühle die<lb/></rs>Beide mir <supplied>mir</supplied> früherhin durch ihre eigenmächtige Härte<lb/>besonders einer gegen den andern, auch gegen mich u andere<lb/>[xxx]</p></div><div xml:id="d23400718" corresp="d891894" ><head resp="#editor">Tagebucheintrag<date> 23.06.1817 </date></head><pb n="5"/><p>1817 6 23<lb/>Den 20ten Juny wurde meine jüngere <rs ref="#i835885" type="person">Sohnsfrau</rs> glücklich<lb/>von einem <rs ref="#i836759" type="person">Mädchen</rs> <rs ref="#i892101" type="object">entbunden</rs>; die Mutter betrug sich mit<lb/>Muth u Standhaftigkeit, sie fühlte nach überstandnen Leiden<lb/>eine so lebhafte Freude, daß ich beinache in Sorgen um sie<lb/>stand. Möge sie fortfahren mit den reinsten Trieben<lb/>alle ihre Mutterpflichten zu erfüllen!</p></div><div xml:id="d23400719" corresp="d891902" ><head resp="#editor">Tagebucheintrag<date> 16.07.1817 </date></head><pb n="5"/><p>17 7 16<lb/>Wir leben in einer sonderbaren Zeit: möchte <lb/>sie die <rs ref="#i873936" type="object">Menschen</rs> aufmerksam machen auf das was<lb/>Noth thut! Im Phisischen so wie im Geistigen ist<lb/>Überfluß am Unbedeutenden u Nichtigen: Mangel<lb/>hingegen am Nothwendigsten. An dem was zum<lb/>Putz u Ziererei dient, ist mehr da als kann<lb/>gebraucht werden, am täglichen Brod hat so mancher<lb/>Mangel! Von geschickten, vielwissenden, gelehrten<lb/>Menschen wimmelt alles, von Herzen voll Glauben,<lb/>Liebe u Hoffnung ist noch mehr Mangel als am täglichen<lb/>Brod. Möchte die Hoffnung zu jenen eben so gegründet<lb/>seyn als wir sie zu diesen nun können!</p></div><div xml:id="d23400720" corresp="d891910" ><head resp="#editor">Tagebucheintrag<date> 21.07.1817 </date></head><pb n="6"/><p>17 7 21<lb/>Es ist mir äusserst erfreulich junge Prediger<lb/>zu hören die auf eine schöne u kräftige Weise<lb/>die Lehren unsrer <rs ref="#i873922" type="object">göttlichen Religion</rs> vortragen:<lb/>Besonders gefällt mirs wenn diese Männer ein<lb/>erfreuliches einnehmendes Ansehn haben, da das<lb/>gewis bei jungen Leuten viel dazu beiträgt die<lb/>Lehre zu faßen u aufzunehmen.<lb/>Ich bin tief u fest überzeugt daß die christliche<lb/>Religion die reinste, erhabenste, die so für alle<lb/>Völker u alle Zeiten beseligende sey, doch finde ich‘s<lb/><supplied>doch</supplied> sehr unzweckmässig daß deren Lehrer oft alle<lb/>andern vorher bestehenden Religionsbegriffe<lb/>so tief herabwürdigen, ja ganz verwerfen:<lb/>mir scheint das mit dem wahren christlichen Sinn<lb/>wirklich zu streitten, dieser stellt uns Gott als<lb/>einen liebenden Vater der Menschen vor, u sollte<lb/>dieser L. V. nicht schon vor der Sendung Christi,<lb/>allen mit Eifer die Wahrheit suchenden Menschen, sich<lb/>nicht ihren Fähigkeiten gemäs, nach christlichem Sinne</p><pb n="7"/><p> </p><p>geoffenbart haben? Wie schön finden wir das nicht<lb/>in so manchen Stellen sowohl heidnischer Weisen, als<lb/>besonders im alten Testament, wo fester Glaube<lb/>an Gott u Unsterblichkeit, Menschen zu dem höchsten<lb/>Heldenmuth erheben; sollten diese Thatsachen nicht als<lb/>die schönsten Beweise zu Erhabenheit der christlichen<lb/>Lehre mit weit mehrerem Nutzen gebraucht werden<lb/>können, als <supplied>das</supplied> ihre Heruntersetzung zu Gunsten<lb/>derselben? Das Letztere ist eine Ungerechtig-<lb/>keit: u diese wenn sie auch in der besten Absicht<lb/>verübt wird, kann nichts wahres Gute hervorbringen.</p></div><div xml:id="d23400721" corresp="d891918" ><head resp="#editor">Tagebucheintrag<date> 23.07.1817 </date></head><pb n="7"/><p>23</p><p>Das körperliche Zerstümeln ist in unserer<lb/>halb <rs ref="#i873922" type="object">christlichen Weld</rs> abgeschafft, aber wie vieles<lb/>wird, meist unwissender Weise, <rs ref="#i874045" type="object">an den Kindern<lb/></rs>geistig zerstümelt, von ihrer Geburt an bis zu<lb/>ihrer Versorgung, ja bis zu ihrer Ruhestätte!<lb/>Mich tröstet der Glaube, daß die Seele des Menschen<lb/>ein göttlicher Funke sey, der in seinem Gang wohl</p><pb n="8"/><p> </p><p>gehemt, irre gleitet, aber nicht zerstört werden<lb/>könne: Gott der die Saat gestreut wird sie früher<lb/>oder später zur Erndte reifen lassen.</p></div><div xml:id="d23400722" corresp="d891926" ><head resp="#editor">Tagebucheintrag<date> 06.08.1817 </date></head><pb n="8"/><p>17 6 6<lb/>Ein <rs ref="#i874226" type="object">Mensch</rs> der uns immer mit seinen eigenen Angelegen-<lb/>heiten unterhält wird oft beschwerlich: aber einer<lb/>der aus allen seinen Geschäften Geheimniß macht ist<lb/>noch viel peinlicher, entweder ist das ein sehr schwacher<lb/>oder verschlagener Mensch, oft beides.</p></div><div xml:id="d23400723" corresp="d891934" ><head resp="#editor">Tagebucheintrag<date> 15.12.1817 </date></head><pb n="8"/><p>1817 12 15<lb/>Es liegt mir immer schwer daß so viele theils heidnische<lb/>theils jüdische Gebräuche bei den<rs ref="#i873922" type="object"> christlichen Kirchen<lb/></rs>angenommen sind. In der Katolischen, sind noch<lb/>viele vom Heidenthum in der Luthrischen u refor-<lb/>mierten, noch vieles vom Judenthume</p></div><div xml:id="d23400724" corresp="d891942" ><head resp="#editor">Tagebucheintrag<date> 17.12.1817 </date></head><pb n="9"/><p>17 12 17<lb/><rs ref="#i873936" type="object">Edle Menschen</rs> so verschieden auch ihre Ansichten<lb/>über wichtige Gegenstände seyn mögen, bleiben sich<lb/>doch Freunde: nur die Lauheit trennt u toded.<lb/>So bleiben <rs ref="#i869706" type="person">Jung</rs>, und <rs ref="#i869458" type="person">Göthe</rs> immer Freunde, welche Ver-<lb/>schiedenheit war nicht in dieser Ansichten!<lb/>So oft ist es mir aufgefallen wenn ich kurzsichtige<lb/>Christusverehrer, über Andere, seufzen u jammern<lb/>sah, die <rs ref="#i873922" type="object">Christus</rs> nicht weniger als sie, aber nur<lb/>auf eine andere Weise verehrten. Wie muß der<lb/>Göttliche mit gütigem Mittleid auf diese blinden Eifrer<lb/>herabblicken!<lb/>[xxx]</p><pb n="13"/><p> </p><p>zu unthätig, aber auch diese <rs ref="#i873964" type="object">sollte ich ertragen<lb/></rs>lernen! Ich hoffte daß die <rs ref="#i874045" type="object">Beschäftigung mit den<lb/><rs ref="#i874895" type="object">Mädchen</rs> mir genügende Anwendung meiner Kräfte<lb/>gewähren würde!</rs> Allein wie wenig Erfolg bis<lb/>dahin! Doch ich will nicht verzagen!</p></div><div xml:id="d23400725" corresp="d891950" ><head resp="#editor">Tagebucheintrag<date> 22.12.1817 </date></head><pb n="13"/><p>17 12 22<lb/>So bald ich von irgend einem Menschen einen<lb/>Beweis von Zutrauen erhalte, so wird mein<lb/>Gemüth, so darniedergeschlagen es war, wieder<lb/>heiter. Das ist doch<rs ref="#i873964" type="object"> noch eine Schwachheit</rs>,<lb/>eine Abhänglichkeit von äussern Umständen: ich <lb/>sollte mich bevestigen mich mit der Versicherung<lb/>meines Gewissens u der Hoffnung der Gutheissung<lb/>Gottes genügen lassen; darnach will ich mit allen<lb/>Kräften trachten; doch für die Wohlthat, die<lb/>mir durch das Zutrauen guter Menschen gewährt<lb/>wird danke ich inzwischen Gott.</p><pb n="14"/><p> </p><p><rs ref="#i874019" type="object">Es schwinden die zeitlichen Hoffnungen</rs> alle,<lb/>Auf die ich so liebend so hoffend vertraut<supplied>e</supplied>!<lb/><supplied>Ist nirgend hienieden nicht Ruhe nicht Friede</supplied><lb/>Auf daß ich mein Leben noch ruhig hinwalle<lb/>Ist nirgends ein Hütchen dazu mir erbaut?<lb/>O find ich hienieden <rs ref="#i922784" type="object">nicht Ruhe</rs> nicht Friede<lb/>Auch nirgends Erwiedrung der innigen Liebe<lb/>Ist Heilung dem Herzen nur jenseits dem Grabe<lb/>So <supplied>machte das</supplied> <del><supplied>laß</supplied></del> gieb daß das Wunde nicht <del>lange</del> mehr schlage!<lb/>Gieb Vater der Liebe, der du mich erforschest<lb/>der du in der Züchtigung noch väterlich sorgest<lb/>Gieb daß stets in mir die Hoffnung sich gründe<lb/>daß jenseits die Lieben, ich wieder finde<lb/>die früh das prüffende Schicksal mir raubte!</p></div><div xml:id="d23400726" corresp="d891958" ><head resp="#editor">Tagebucheintrag<date> 03.01.1818 </date></head><pb n="15"/><p>1818 1 3<lb/>Unter Zerstreuung, unter Liebensbeweisen, aber <lb/>auch unter scheidenden Sorgen vergiengen mir die<lb/>vergangnen Tage, nur in der Stille der Nacht konnte<lb/>ich meine Betrachtungen, <rs ref="#i873990" type="object">meine Selbstprüffung </rs>anstellen,<lb/>diese hoffe ich waren nicht ganz zwecklos! Ich glaube<lb/>daß ich mit Zuversicht sagen darf ich hätte im vergangnen<lb/>Jahr an Selbstbeherrschung, an stiller Hingabe meines<lb/>Schicksals an Gott, und auch in dem Verhaltniß an<lb/>freimüthiger Standhaftigkeit zugenommen, <rs ref="#i873964" type="object">aber<lb/>ach wie wenig <supplied>war</supplied> ist das in Verhaltnis dessen<lb/>was ich seyn sollt!</rs> Wie beschämt, wie gedemüthigt<lb/>stehe ich vor Gott! Wie vieles bleibt mir noch zu<lb/>thun, o möchte ich nur täglich einen Schritt weiter<lb/>kommen u meine Tage nicht unnütz verleben!<lb/> </p><p>Ich untersuchte auch meine <rs ref="#i873915" type="object">wirtschaftliches Verfahren</rs>,<lb/>u war anfangs über die größe meiner Ausgaben,<lb/>die mehr als das Doppelte andrer Jahre betrugen,<lb/>betroffen u darniedergeschlagen – nicht weil ich</p><pb n="16"/><p> </p><p>meinen Kindern Schätze aufzuhäuffen suche, nein weil<lb/>ich so gerne dazu beitragen möchte [xxx]<lb/>Aber das<rs ref="#i873950" type="object"> vergangne Jahr</rs> war die Theurung<lb/>der Lebensmittel, das allgemeine Elend, die<lb/>Hilfe die zu leisten nöthig war, alles trug dazu<lb/>bei die Ausgaben zu vermehren, so daß ich nicht<lb/>glaube mir Vorwürfe deswegen machen zu sollen<lb/>ich glaube keine thorichten unnützen Ausgaben<lb/>gemacht zu haben, und habe Ursache Gott zu danken<lb/>der mir die Mittel dazu verlieh! Wie Viele haben<lb/>nicht dieses vergangne Jahr peinlich gelitten, auch<lb/>für die folgenden sich in eine Klemme versetzt.<lb/>U ich, ich sollte nicht in dieser Hinsicht Gott für meine </p><pb n="17"/><p> </p><p>Lage dankbar seyn! Es ist eine schöne Tugend<lb/>und die Sparsamkeit allein sie ist sehr bedingt<lb/>u kann leicht überschritten werden davor be-<lb/>wahre mich Gott!</p></div><div xml:id="d23400727" corresp="d891966" ><head resp="#editor">Tagebucheintrag<date> 04.01.1818 </date></head><pb n="17"/><p>18 1 4<lb/>Wenn ich mirs doch nur lebhaft vorhalten könnte<lb/>daß eigentlich nichts, gar nichts einen wahren Werth<lb/>für den Menschen hat, als die <rs ref="#i874235" type="object">Ausbildung seines Geistes<lb/></rs>oder vielmehr die edle Stimmung seines Gemüthes.<lb/>Wo festes<rs ref="#i873922" type="object"> Vertrauen zu Gott</rs>, mit der Überzeugung<lb/>verschmolzen, daß wir mit aufrichtigem Herzen das<lb/>Gute suchen, festen Grund hat: da kann Ruhe des <lb/>Gemüthes, auch in den ungünstigsten zeitlichen<lb/>Verhältnisse statt haben.</p></div><div xml:id="d23400728" corresp="d891974" ><head resp="#editor">Tagebucheintrag<date> 10.01.1818 </date></head><pb n="17"/><p>1818 1 10<lb/>Wie hart sind die <rs ref="#i874226" type="object">Schicksale mancher Menschen</rs>, wie<lb/>Vieles muß ich doch erfahren! Möge doch der letzte<lb/>Zufall zur Ruhe, zum Frieden dienen! Schon lange sehe</p><pb n="18"/><p> </p><p>[unles., Ecke der Seite weggerissen] Schmerz, die <rs ref="#i892152" type="object">unglücklichen Verhältnisse</rs> meiner<lb/><rs ref="#i835771" type="person"><rs ref="#i835869" type="person">Söhne</rs></rs>: <rs ref="#i873990" type="object">war oder bin ich jetzt noch verblendet?<lb/></rs>Ich glaube u trachte es nicht zu seyn. Schon mehr<lb/>als 12 Jahre so ich mit Wehmuth den unglücklichen<lb/><rs ref="#i873838" type="object">H</rs>. einen <rs ref="#i874148" type="object">Platz in unserm Hause</rs>, in dem Herzen<lb/>meines ältern <rs ref="#i835771" type="person">Sohnes</rs> einnehmen, der mich Unglück oder<lb/>vielmehr Übels zu bewirken schien, <rs ref="#i874090" type="object">seine Geistesgaben<lb/>seine Gutmüthigkeit, sein anständiges Betragen<lb/>[geg]en Jedermann</rs>; gaben mir – oder vielmehr<lb/>[unles.] nahmen mir jeden Grund zur Klage gegen<lb/>ihn: u doch sprach mein Inneres immer gegen<lb/>ihn, <rs ref="#i874003" type="object">so sehr ich auch diese Abneigung in mir zu<lb/>überwinden suchte</rs>, so fand ich sie doch nicht unge-<lb/>gründet, u konnte ihr auch nicht Einhalt thun.<lb/>Seine Ergebenheit an meinen Sohn, schien mir<lb/>mehr an Schmeichelei zu gränzen, mehr aus Schwarm<lb/>u Eigennutz, als wahrer <rs ref="#i873957" type="object">Freundschaft</rs> zu entspringen</p><pb n="19"/><p> </p><p>mehr dem Gemüth meines Sohnes zu schaden [und]<lb/>es von der Stimme der wahren Freundschaft,<lb/><rs ref="#i873859" type="object">der treu gemeinten mütterlichen Stimme zu ent-<lb/>fernen</rs>: auch die brüderliche Vertragsamkeit<lb/>weniger Eingang zu lassen. <rs ref="#i873894" type="object">Wie sehr ich dadurch<lb/>litt!</rs> Als der jüngere meiner <rs ref="#i835869" type="person">Söhne</rs> noch zwischen<lb/>dem <rs ref="#i874029" type="object">jünglings u Knabenalter</rs> war, fanden die<lb/>beiden Freunde ein Vergnügen darin Erstern<lb/>zu necken u zum Stichblatt ihres bittern Wesens [?]<lb/>zu machen: wie mußte das das reitzbare<lb/>Gemüth erbittern! Ich that meinem Sohn, Vorstellung<lb/>darüber: allein der geistreiche Freund, wußte ja alles<lb/>weit besser als die altmodische Mutter, u diese mußte<lb/>ihren Schmerz u ihre finstern Andungen im stillen<lb/>tragen: konnte dies gut seyn?<lb/>H. sah die <supplied>die</supplied> heftige Gemüthsart meines ält. S[ohns] wohl<lb/>ein besprach sich oft klagend mit dem Jüngern darüber<lb/>durch diesen erfuhr ich es u äusserte mehr [unles.]</p><pb n="20"/><p> </p><p>mein Misfallen darüber: ich glaubte der Bruder<lb/>sollte sich dem Bruder u der Freund <del>dem Freund</del> offen äussern,<lb/>ja ich sagte, es könne kein gutes Ende nehmen,<lb/>entweder würden die Brüder oder H. das Opfer,<lb/>dieses Benehmens werden. Aber ach meine<lb/>Warnungen waren vergeblich! Als nun die<lb/>Bitterkeit zwischen den Brüdern ausbrach u H. sich ganz<lb/>zu dem ältern zu halten glauben mußte, ohne<lb/>demselb offen reden zu dürfen, so erbitterte das wie<lb/>begreifflich den Jüngern u verleitete ihn zu einem<lb/>harten Benehmen.<rs ref="#i873838" type="object"> H</rs>. der nicht vorsatzlich Boses wollte<lb/>litt unter diesen Verhältnissen mehr als er bei seinen<lb/>durch vielerlei Anstrengung schon erschöpften Kräfte<lb/>tragen konnte u da er bei einem ganz unbedeutenden<lb/>Anlaß sich eines zwar unwillkührlichen Unrechtes<lb/>u einer Schwäche überzeugt wurde; <rs ref="#i873887" type="object">überwältigte das<lb/>den armen Unglücklichen so daß <rs ref="#i873838" type="object">er</rs> seinem Leben ein<lb/>Ende macht.</rs> – Bedauren – aber nicht richten sollen<lb/>wir den Unglücklichen! All die Bitterkeit so ehmals gegen</p><pb n="21"/><p> </p><p>ihn in meinem Herzen war, ist in Mittleid gegen ihn und<lb/>seine Familie umgewandelt. – Mein Herz ist tief bewegt<lb/>und bittet zu Gott, daß er meinen Söhnen, das Unrecht das<lb/>sie gehabt auf eine zur Besserung leitende Art einsehn möchten,<lb/>daß er mir die Kraft verleihn möge, mit der zartesten<lb/>Schonung, Worte der Wahrheit an ihr Herz zu legen!<lb/>Einige Tage war es trübe, sehr trübe in meiner Seele,<lb/>mein Körper u Geist waren entkräftet: doch dem Himmel<lb/>sey dank für die Ruhe die er mir selbst in den trübsten<lb/>Stunden gewährte! Dank für Lichtstrahlen die mir in der<lb/>Dunkelheit noch durchschimmern! Was</p></div><div xml:id="d23400729" corresp="d891982" ><head resp="#editor">Tagebucheintrag<date> 12.01.1818 </date></head><pb n="21"/><p>18 1 12<lb/>A[ll] zu große <rs ref="#i874003" type="object">Nachgiebigkeit u gefällige Unterwürfigkeit<lb/></rs>ist, wie wohl weniger strafbar doch schädlicher als<lb/>Schmeichelei, weil sie weniger bemerkbar im stillen<lb/>wirken: hätte ich nicht auch, ohne es zu wollen, mich<lb/><rs ref="#i873964" type="object">dieses Fehlers theilhaftig gemacht</rs>? In bedeutenden<lb/>Sachen wo das Recht oder Unrecht mir auffiel, da<lb/>glaube ich nicht in den Fehler verfallen zu seyn:<lb/>aber in Kleinigkeiten wo keine Wichtigkeit mir</p><pb n="22"/><p> </p><p>statt zu haben schien; aber wie bedeutend werden oft<lb/>die Folgen dieser Kleinigkeiten! Unser Charakter<lb/>wird dadurch weniger achtungswürdig wir ernied-<lb/>rigen uns und verhindern das Gute das wir bewirken<lb/>könnten. Ist nicht die Zurückgezogenheit in welcher<lb/>das Weib lebt, oder leben sollte, dazu dienlich<lb/>ihr feineres Gefühl zu schärfen u für das Gute empfänglich<lb/>zu machen. Der Mann der in so vielen äusseren<lb/>Verhaltnissen in dem Getriebe der Weld leben muß<lb/>wird durch dieselben weit mehr hingerissen u ist<lb/>ihm zu verzeihn wenn er vom edlern mehr abge-<lb/>zogen, durch den Strom des Weldgeistes fortge-<lb/>rissen wird. Wie glücklich ist das Haus wo der<lb/>sanfte <rs ref="#i874436" type="object">Geist der Frau</rs>, der rasche Gang des <supplied>Weibes</supplied> Mannes<lb/>zu besänftigen weiß! Aber wie selten in unsern<lb/>überklugen, schiefaufgeklarten Zeiten!</p></div><div xml:id="d23400730" corresp="d891990" ><head resp="#editor">Tagebucheintrag<date> 15.01.1818 </date></head><pb n="22"/><p>18 1 15<lb/>Aus dem <rs ref="#i892172" type="book_etc">Frauentaschenbuch</rs> „<rs ref="#i892183" type="book_etc">Erinnerung an <rs ref="#i892194" type="person">Sybille<lb/>Schwarz</rs></rs>“ Wie ein Stern aus dunkler Nacht ist der</p><pb n="23"/><p> </p><p>kräftige, aber so <rs ref="#i874436" type="object">liebliche Frauencharackter</rs>, mir<lb/>erschienen: das ist eines der schönen weiblichen Bilder<lb/>die uns aus der Vorzeit freundlich anlächeln, uns Kraft<lb/>zum dulden u leiden geben, uns zeigen daß feste<lb/>religiose Grundsätze, der Grundpfeiler unserer<lb/>Ruhe ist. Welcher kindliche aber feste Sinn herrscht<lb/>in ihrer uns roh scheinenden Sprache! Ihr Wahlspruch<lb/>war „Laß dich nur nichts zu sehr belieben,<lb/>so wird dich nichts so sehr betrüben.“<lb/>Bei ihrer Ergebung in den göttlichen Willen, wie schön<lb/>ihre Freude an der Freundschaft, am Landleben!<lb/>Wie schön ihr Anhänglichkeit an ihren geliebten<lb/>landlichen Aufenthalt (Fretow) wie schön was sie<lb/>sagt, als dieser ihr so liebe Ort auch durch feindliche<lb/>Waffen zerstört u verbrannt wurde<lb/>„Mein Fretow, muß dennoch bestehen<lb/>Wie wohl es muß durchs Feur vergehn:<lb/>Was uns nur einmal wird bekannt<lb/>Wird wenn schon brennt doch nicht verbrannt.“</p><pb n="24"/><p> </p><p>sie lebte während dem 30jährigen Krieg u starb<lb/>im 17ten Jahre.</p></div><div xml:id="d23400731" corresp="d891998" ><head resp="#editor">Tagebucheintrag<date> 18.01.1818 </date></head><p>18 1 18<lb/>Es ist vieleicht keine größre (zwar wohlgemeinte)<lb/>Ungerechtigkeit, als die dem Menschen besondere<lb/><rs ref="#i873922" type="object">Glaubensartikel</rs> aufdringen zu wollen: jeder hat<lb/>seinen besondern Grad von Fähigkeit u Einsichten, und<lb/>nur diesen gemäs kann er sich einen mehr oder<lb/>weniger richtigen Begriff von Gott, und göttlichen Dingen<lb/>machen u nur dem gemäs kann er wirklich glauben.<lb/>Fodert man mehr so pflanzt man Maschinen oder<lb/>Heuchler.<lb/> </p><p>Wenn der Mensch eine lange Reihe von Jahren<lb/>durchlebt, und zurück schaut auf so manche vereitelte<lb/>Wünsche, auf andere Erlangte deren Besitz aber<lb/>nur wenig befriedigend war, was kann er dan<lb/>sagen! Muß er nicht ausruffen „Alles ist eitel“<lb/>Was kann alsdan noch Befriedig geben? Ich glaube</p><pb n="25"/><p> </p><p>folgendes: Unser <rs ref="#i873936" type="object">Leben</rs> auf Erden ist ein Erziech-<lb/>ungs Haus , unsere Erfahrungen, Leiden u Freuden<lb/>sollen nur dazu dienen uns weiser und besser<lb/>zu machen, sind wir das, wohl uns! wo nicht so<lb/>lasset uns jetzt so viel wir noch können darnach<lb/>streben. Wohl noch dem, welcher sich bewußt<lb/>ist, daß seine Wünsche, die erfüllten u unerfüllten<lb/>nicht nach dem Niedrigen u Vergänglichen gerichtet<lb/>waren. Daß er das Gute suchte obgleich er in den<lb/>Mittlen es zu finden irrte: Wenn er sich denn<lb/>noch bewußt ist daß er sich mit Muth u christlicher<lb/>Unterwürfigkeit in seine Leiden, mit Demuth in<lb/>Glück u Freude betragen habe!</p></div><div xml:id="d23400732" corresp="d892006" ><head resp="#editor">Tagebucheintrag<date> 19.01.1818 </date></head><pb n="25"/><p>18 1 19<lb/>Manche Prüffung ist über mich ergangen; <rs ref="#i873990" type="object">nach<lb/>meinem Vermögen habe ich sie bestanden</rs>: immer<lb/>hoffte ich am Ende meiner Laufbahn noch Ruhe von <lb/>aussen, Freude an meinen Kindern zu haben!<lb/>[26]</p><p> </p><p>Meine beiden <rs ref="#i835836" type="person"><rs ref="#i868068" type="person">Töchtern</rs></rs> leiden an <rs ref="#i873845" type="object">körperlichen Gebrechen<lb/></rs>die ältere hat noch dabei manche schwere Sorge:<lb/><rs ref="#i873894" type="object">dieses schlägt mein mütterliches Herz oft zu viel<lb/>darnieder</rs>; sollte ich nicht mit Vertrauen zu Gott<lb/>mich an der Hoffnung halten, daß alle zeitlichen Leiden<lb/>für den der sie wohl zu tragen weiß, eine Quelle<lb/>der Veredlung des Geistes dienen kann! Daß dieses<lb/>bewirkt werde: wie ich es wohl zu hoffen Ursache habe,<lb/>will ich zu Gott, bitten und im stillen meinen Schmerz<lb/>zu tragen suchen. Wie wenig sind die zeitlichen<lb/>Güter geeignet, die Ruhe u das wahre Glück des<lb/>Menschen zu begründen! Meine beiden <rs ref="#i835771" type="person"><rs ref="#i835869" type="person">Söhne</rs></rs>, sind in<lb/>dieser Rücksicht vorzüglich begünstigt: aber wie<lb/>wie <rs ref="#i874090" type="object">vieles fehlt nicht beiden</rs>, besonders dem Einen, an<lb/>wahrem Glück! Möge sie das Schicksal, die traurige<lb/>Erfahrung,<rs ref="#i873859" type="object"> die Bitten ihrer Mutter</rs>, in stille Selbst-<lb/>prüffung führen!</p></div><div xml:id="d23400733" corresp="d892014" ><head resp="#editor">Tagebucheintrag<date> 23.01.1818 </date></head><pb n="27"/><p>18 1 23<lb/>Wie wenig trägt<rs ref="#i873936" type="object"> Geld u Gut zur Glückseligkeit</rs> des<lb/>Menschen bei! Manches können sie wohl gewähren,<lb/>aber die meisten Menschen entfernen sie mehr vom<lb/>wahren Glück als daß sie es ihnen verleihen. Diese<lb/><rs ref="#i873922" type="object">Lehre wird allgemein gepredigt</rs>, aber wer handelt als<lb/>ob er sie für wahr hielt? Die Wahrheit davon<lb/>habe ich zwar immer geglaubt und an der Weld er-<lb/>probt gefunden:<rs ref="#i873990" type="object"> aber tief, tief fühle ich sie durch<lb/>eigne Erfahrung, traurige Erfahrung. </rs>Manche<lb/>würden es vieleicht an meiner Stelle nicht so tief empfin-<lb/>den als ich; der <rs ref="#i874226" type="object">Mensch</rs> der nur in seiner Bequemlichkeit<lb/>u äusserm Wohlstand sein Glück sucht der würde meinen<lb/>Schmerz nicht gleich wie ich fühlen; aber sein Loos möchte<lb/>ich doch dem meinen nicht vorziehn wenn ich gleich bis<lb/>ans Grab den gleichen Schmerz fühlen müßte,<lb/>nicht den Genuß, nein die wahre Erkenntniß suche<lb/>ich, samt dem innern Bewußtseyn nach dem guten zu<lb/>streben. Was macht vom Äussern mir noch Freude</p><pb n="28"/><p> </p><p>Was kann dem vernünftigen Menschen Befriedigung ge-<lb/>währen, als Achtung Zutrauen u Liebe? Dann noch die<lb/>so mir lieb sind in solcher Verfaßung zu sehen daß ich<lb/>hoffen kann sie werden ihr daurendes Glück nicht an<lb/>ein hinfälliges hergeben. Alle Gefälligkeit alle<lb/>Bequemlichkeit, was können sie mir werth seyn wenn sie<lb/>nicht aus oben genannten Quellen entspringen!<lb/>Nach meinen gemachten Erfahrungen wie kann ich anders<lb/>als das große Vermögen als eine Quelle vieles Übels<lb/>ansehn? <rs ref="#i874029" type="object">Vor 40 Jahren</rs> als ich mich <rs ref="#i874486" type="object">verheurathete<lb/></rs>hatte mein <rs ref="#i867938" type="person">Mann</rs>, einen großen Eifer sich hervorzu-<lb/>thun, so wol in seinen persönlichen Eigenschaften, als<lb/>als auch durch den Erwerb eines beträchtlichen<lb/>Vermögens: so lang er letzteres noch nicht erreicht<lb/>hatte bestund das Streben nach beidem; so wie aber<lb/>dieses anwuchs, erschlaffte das Streben nach dem Erstern.<lb/>[xxx] die Stimme der<lb/><rs ref="#i873957" type="object">Freundschaft der Liebe</rs>, wurden nach u nach gar nicht</p><pb n="29"/><p> </p><p>mehr gehört, wurden [xxx]<lb/>Endlich <supplied>nah</supplied> gieng das Übel in <rs ref="#i873950" type="object">eine gänzliche Zerrüttung<lb/></rs>über: <rs ref="#i892152" type="object">durch dieselbe</rs> wurde mit den phisischen u geistigen<lb/>Kräfte auch das <rs ref="#i875450" type="object">Vermögen zu grunde gerichtet.<lb/></rs>Mein Gott, wenn ich an all das denke was ich darüber<lb/><rs ref="#i874064" type="object">gelitten</rs>! – Ist es sich zu wundern wenn ich <rs ref="#i874011" type="object">ängstlich<lb/></rs>bin über die Wirkung die der Reichthum auf meine<lb/>Söhne haben könnte! [xxx]<lb/>des größten Glückes: nicht allein in Betracht der<lb/>Ehlichen Verbindung auch in der von Freundschaftlichen:<lb/>Sie berauben sich des Glücks der brüderlichen Liebe u<lb/>mich der so schönen Hoffnung Friede u Einigkeit in meiner<lb/>Familie zu sehen: welche Summen können das aufwiegen?</p></div><div xml:id="d23400734" corresp="d892022" ><head resp="#editor">Sinnspruch<date> 28.01.1818 </date></head><pb n="30"/><p>18 1 28<lb/>In Ed <rs ref="#i836381" type="person">Vischers</rs> Stammbuch.<lb/>Wie aus dem Blumen die Bienen das herrlichste nur sich sameln<lb/>Allso samle auch du von jeder Erkenntniß das Beste<lb/>doch [unles.] aller [unles.] Vertrauen auf göttliche Führung<lb/>dieses nur giebt dir den Muth zur Übung jeglicher Tugend<lb/>Führt dich durchs Leben mit Kraft, folgt in die Ewigkeit dir</p></div><div xml:id="d23400735" corresp="d892030" ><head resp="#editor">Sinnspruch<date> Beilage 1 Heft 14 </date></head><p>[Beilage 1 Heft 14]<lb/> </p><p> </p><p>Freudigkeit u frohe Unschuld bleibe<lb/>stets dein Theil<lb/>Fertigkeit in allem Guten gründe<lb/>fest de[i]n Heil<lb/><supplied>Trage leicht des Lebens Bürden</supplied> pflücke<lb/><supplied>jedes Blümchen dir</supplied><lb/>Trage leicht <supplied>des jungen</supplied><del> u frohen Muthes deines</del> Lebens<lb/>Mühen<lb/>O so werden [2 Worte unles.] dir [unles.] Liebe<lb/>entgegen blühen</p></div><div xml:id="d23400736" corresp="d892038" ><head resp="#editor">Sinnspruch<date> Beilage 2 Heft 14 </date></head><p>[Beilage 2 Heft 14]<lb/> </p><p> </p><p>1816 12 31<lb/>Dank Vater für mein Leben<lb/>Dank für Freude, dank für Schmerz<lb/>Dir nur sey ich ganz ergeben<lb/>Dir nur weihe sich mein Herz</p><p>Rohe, oft sehr steile Pfade,<lb/>Führtest du mich bis hierher manches Jahr,<lb/>Doch ich fühl es deine Gnade<lb/>Walte väterlich ob mir wunderbar</p><p>Bald am Ziele meiner Tage,<lb/>Fühl ich furchtlos mich vertrauend<lb/>Auf die unbegränzte Gnade,<lb/>Nur auf deine Güte schauend.</p><p>Läßt du länger mich noch wallen<lb/>Hier ist dieser Prüfungs Zeit<lb/>O so schenke mir vor allem<lb/>Nur zum Guten Willigkeit</p><p>[Beilage 2 Heft 14 Seite 02]<lb/> </p><p>Deine Weisheit zu ergründen<lb/>Deiner Güte Spur zu finden<lb/>Brüdern Gutes zu erweisen<lb/>Daß sie deinen Namen preisen!<lb/> </p><p>Daß auch liebend sie sich <supplied>nahe</supplied> loben<lb/><supplied>Daß sie dankbar dich erkennen<lb/>Daß sie dankbar deine Lieb erkennen</supplied><lb/>Wendend ihren Sinn nach Oben;<lb/>Daß sie liebend dich erkennen<lb/>Suchend würdig nur dich nennen!<lb/> </p><p>1817 <rs ref="#i870156" type="person">Tieck</rs> seine Schriften, besonders sein<lb/><rs ref="#i892245" type="book_etc">Sternbald</rs>, von <rs ref="#i870104" type="person">Md de Stael</rs>, sehr gepriesen</p></div><div xml:id="d23400737" corresp="d892046" ><head resp="#editor"><date> Beilage 3 Heft 14 </date></head><p>[Beilage 3 Heft 14]<lb/> </p><p>[Unles.] um daselbst eine W die der V der von einem Jahr starb, dort errichtet hatte,<lb/>fortzusetzen die T hatten in jeder Rücksicht eine sehr sorgfält-<lb/>ig Erz[ie]h[ung] genossen<lb/><supplied>die [unles.] für ihr Charakter aufs zärtlichste [mehrere Wörter unles.] die sich</supplied><lb/>immer die äusserste Mühe gab ihren Geist auszubilden u ihre<lb/>grösse Freude im<lb/>Umgang [unles. ] Unterrichten der Kinder fand u schon vor mehrern<lb/>Jahren den Wunsch<lb/>hatte einige Mädchen zu sich zu nehmen um sie zu erziehn welches<lb/>Vorhaben der<lb/>Wille des Vaters nicht zugab. Diese <supplied>fragt mich um Rath sie<lb/>wünscht da die</supplied><lb/>wünscht nun eine Stelle als Erziecherin in einem guten russischen<lb/>Hause zu erhalten<lb/>sie wünscht meinen Rath u wenn ichs gut finde daß man sich bey<lb/>den hierbefindlichen<lb/>Dames dafür bewerbe. Nach meiner Denkungsart kann ich ihrem<lb/>Wunsch nicht entgegen<lb/>seyn sie thut der Neigung ihres Herzens entsprechen u verschaff<lb/>sich in ihren<lb/>durch die Zeitumstände beengten Lage eine unabhängige Existenz,<lb/>durch<lb/>welche sie in der Folge vieleicht noch den Ihrigen nutzen kann.<lb/>Nun fiel mir<lb/>gleich bey daß ich auf keine bessere Weise für sie sorgen konnte als<lb/>wenn ich <del>um</del> Ihre gütige Verwendung bey Ihren Freunden in R an-<lb/>flehte; darf</p><p>[Fortsetzung Beilage 3 Heft 14]<lb/> </p><p>ich Sie allso um ihre Hilfe hierin bitten? Da dieses Vorhaben<lb/>noch niemand be-<lb/>kannt ist u <del>es</del> nicht werden sollte bis sich was gefunden oder wenig-<lb/>stens zu hoffen<lb/>wäre so bitte ich Sie sich nur gegen mich darüber zu äussern.<lb/>Diese Person spricht<lb/>u schreibt gut deutsch u französisch hat eine sehr schöne Hand-<lb/>schrift zeichnet artig<lb/>spielt fertig Clavier, ist in Geographie Historie im Rechnen so<lb/>weit daß<lb/>sie mittelst eines <supplied>Leitfadens</supplied> Buches den Unterricht mit Leichtigkeit geben könnte<lb/>in weiblichen Arbeiten aller Art ist sie sehr erfahren u pünktlich: ihr Charackter<lb/>ist äusserst gefällig u dienstfertig, sie würde gewiß unermüdet seyn sich in allem<lb/>noch zu vervollkommnen. In [unles.] seht die [?] <del>[zwei Wörter unles.]</del> Moralitat wieder ich [zwei Wörter unles.]</p><p>[Beilage 3 Heft 14 Seite 02]<lb/> </p><p>Schwaches Geschlecht du bedarfst einer Stütze<lb/>die leibend dich hebet:<lb/>Sonst gleichst du der Rebe die einsam, ohne benachbarten<lb/>Baum, ohne die Pflege des Winzers<lb/>Kümmerlich auf der Erde, Blüthen u Früchen hervor-<lb/>bringt, die der Staub u der Schlamm<lb/>Nie zur Reife läßt kommen. Soll nicht das starke<lb/>Geschlecht der Mann zur Stütze dir dienen ?<lb/>Hat die Natur ihn nicht reichlich mit Kräften begabt [?]<lb/>Darfst du vertrauend <supplied>ihn</supplied> nicht<lb/>Ihn zum Führer dir wählen? Doch wie oft scheint<lb/>der Stab von aussen dir hilfreich<lb/>Aber wie <supplied>bewährt</supplied> selten bewehrt ist diese<lb/>Stütze die trotz aller Gaben nur Mensch [unles.]<lb/>Auch sehe ich so manches Weib daß ohne den Führer<lb/>durchs Leben, <supplied>volle</supplied> oft durch ein Leben voll Sorge<lb/>Heiter u Muthvoll noch schritt beschämend den<lb/>stärkern Mann der Manches <del>Übel</del> nicht duldet<lb/>Forschend spürt ich ihr nach der Kraft die so herrliche<lb/>Wunder an den Schwachen bewirkt</p><p>[Beilage 3 Heft 14 Seite 03]<lb/> </p><p>Sorgsames Suchen ist nie ohne Erfolg, er krönnte<lb/>meinen Eifer er lies<lb/>Mich das kostbarste Kleinod finden, das Ruhe u Muth<lb/>fest in die <del>Seele</del> mir legt<lb/>Soltest du fragen wie sich nenne das kostbare Gut<lb/>Nein deine reine Seele sagt hat es schon lange gefunden<lb/>Ruhig spricht sie es aus es ist Religion</p></div><div xml:id="d23400738" corresp="d892054" ><head resp="#editor">Sinnspruch<date> Beilage 4 Heft 14 </date></head><p>[Beilage 4 Heft 14]<lb/> </p><p>Wie aus dem Herzen der Mutter, Euch Se<supplied>e</supplied>gens Wünsche begleiten,<lb/>Jetzt und zu jeglicher Zeit; <rs ref="#i873852" type="object">allso begleit Euch die Liebe</rs>,<lb/>die heute so heilig Euch bindet, blühe u reife und bleibe<lb/>dauernde Quelle des Glücks! Liebliche Sprößlinge mögen<lb/>Neue Wonne Euch schenken, blühend nach Eurem Wunsch!<lb/>Daß in Ihnen die Jugend Euch neu und frisch wieder grüne;<lb/>daß Ihr durch Liebe beglückt, Seegen <del>auf</del> Andere ergießt!<lb/>Möge Gott die Wünsche erfüllen von Eurer tief gerührten<lb/>u herzlich liebenden Mutter!<lb/>Anna Maria Preißwerkh Iselin<lb/>Basel den 8 Juli<lb/>1816</p></div>
       </body></text>
   </TEI>
    