<?xml version="1.0"?>
    <?xml-model href="http://www.tei-c.org/release/xml/tei/custom/schema/relaxng/tei_all.rng" type="application/xml" schematypens="http://relaxng.org/ns/structure/1.0"?>    
    <TEI xmlns="http://www.tei-c.org/ns/1.0" xml:id="d870956">
       <teiHeader>
          <fileDesc>
             <titleStmt>
                <title>Heft 3 (1796)
                </title>
                <author>Anna Maria Preiswerk-Iselin</author>
             </titleStmt>
             <publicationStmt>
                <publisher xml:id="editor">Tagebücher Anna Maria Preiswerk-Iselin Projekt</publisher>
                <pubPlace>Basel</pubPlace>
                <date when="2022-03">March 2021</date>
                <availability>
                   <licence notBefore="2022-03-01" target="http://creativecommons.org/licenses/by-sa/4.0/">
                      <p>[...]</p>
                      <p>This work is licensed under a Creative Commons Attribution-ShareAlike 4.0 International License.</p>
                      <p> You are free to: <list>
                            <item> Share — copy and redistribute the material in any medium or format</item>
                            <item> Adapt — remix, transform, and build upon the material</item>
                         </list>
                      </p>
                      <p> Under the following terms: <list>
                            <item> Attribution — You must give appropriate credit, provide a link to the license, and indicate if changes were made. You
                               may do so in any reasonable manner, but not in any way that suggests the licensor endorses you or your use.</item>
                            <item> ShareAlike — If you remix, transform, or build upon the material, you must distribute your contributions under the same
                               license as the original.</item>
                            <item> No additional restrictions — You may not apply legal terms or technological measures that legally restrict others from
                               doing anything the license permits.</item>
                         </list>
                      </p>
                      <p>The licence was added on March first, 2022.</p>
                   </licence>
                </availability>
             </publicationStmt>
             <sourceDesc>
                <msDesc>
                   <msIdentifier>
                      <settlement>Basel</settlement>
                      <repository>Staatsarchiv</repository>
                      <idno>StABS PA 511 304-03-04</idno>
                      <msName>Heft 12 (1815-1816) - Anna Maria Preiswerk-Iselin </msName>
                   </msIdentifier>
                </msDesc>
    <listPerson><person xml:id="i870104"><persName>Anne Louise Germaine de Staël-Holstein</persName></person><person xml:id="i869556"><persName>Johann Gottfried von Herder-Flachsland</persName></person><person xml:id="i870986"><persName>William Shakespeare</persName></person></listPerson>
    </sourceDesc>
      </fileDesc>
      <profileDesc>
         <textClass>
            <!-- vérifier !!! -->
            <catRef scheme="#genre" target="#journal"/>
         </textClass>
         <langUsage>
            <language ident="de">Deutsch</language>
         </langUsage>
      </profileDesc>
   </teiHeader>
       <text><body><div xml:id="d23387952" corresp="d870966" ><head resp="#editor">Zitat<date> 26.06.1796 </date></head><pb n="5"/><p>96 6 26 </p><p>[„]Ja das Buch verdient unsern Dank das nur <lb/> einen einzigen Tag unsere Schmerz zerstreut, <lb/> Es dient gewöhnlich den besten Menschen, <lb/> denn zwar giebt es Schmerzen die aus Fehlern <lb/> des Charakters entspringen, aber wie viele <lb/> kommen nicht aus einer superorität des <lb/> Geistes oder aus einer Fühlbarkeit des <lb/> Herzens, und man würde das Leben viel <lb/> besser ertragen, wenn man einig Eigen-<lb/> schafften weniger hätte. Ehe ichs noch kenne <lb/> habe ich Achtung für das Herz das leidet <lb/> und gebe solchen Dichtungen Beifall, wenn sie <lb/> auch nur Linderung seiner Schmerzen zum <lb/> Zwek hätten. In diesem Leben, wodurch <lb/> man besser hindurchgeht, je weniger man’s <lb/> fühlt, sollte man den Menschen von sich und <lb/> Andern abzuziehen suchen, die Wirkungen der <lb/> Leidenschaften aufhalten, und an ihre Stelle unab-<lb/> hängigen Genuß setzen. Wer es vermöchte, <lb/> könnte für den größten Wohlthäter des <lb/> menschlichen Geschlechts gehalten werden, wenn der <lb/> Einfluß seines Talents nicht auch verschwände.[“]</p><p> <rs ref="#i870104" type="person">Horen</rs> 2tes Stük 96 Ste 55</p><p>[„]Ach in dieser treulos schönen Oede, <lb/> Armes Herz verstummet deine Rede <lb/> Und dein Pulsschlag schweiget. Lüf[t]eleer <lb/> Ist es um <del>dich</del>, da ertönt nicht mehr <lb/> Herzens Silberklang, den alle Saiten <lb/> Nur so gern im Nachhall noch verbreiten <lb/> dessen Wahnlaut dessen süsser Klang <lb/> Täuschend, täuschend manches Herz durchdrang <lb/> Süßgelokt verlies es seine treuen, <lb/> Irrt umher in goldnen Phantaseien <lb/> Suchte sie die Echo Simpathie <lb/> Rief sie überall und fand sie nie.[“]<lb/>		<rs ref="#i869556" type="person">Herders</rs> zerstreute Blätter<lb/>		3te Samlung St 51<lb/> [„]Muß ich das Körbchen hier vol Kraut und <lb/>			Blumen lesen,<lb/> Vol Pflanzen giftiger Art und diensam zum genesen, <lb/> die Mutter der Natur die Erd ist auch ihr Grab, <lb/> Und was ihr Schooß gebahr sinkt tod in ihn hinab <lb/> Und Kinder manigfalt soll auch ihr Schooß empfangen <lb/> Sehn wir gesäugt von ihr an ihren Brüsten hangen. <lb/> An vielen Tugenden sind viele drunter reich <lb/> Ganz ohne Werth nicht eins, doch keins dem Andern gleich <lb/> O große Kräf[t]e sinds, weiß man sie recht zu pflegen <lb/> </p><pb n="7"/><p> </p><p>die Pflanzen, Kräuter Stein in ihrem Busen hegen. <lb/>Was nun auf Erden lebt das ist auch nicht so schlecht <lb/>daß es der Erde nicht besonders Nutzen brächt. <lb/>Doch ist auch nichts so gut aus diesem Ziel entwendet <lb/>Abtrünig seiner Art sich <supplied>diesem Zwek entwendet</supplied><lb/>			nicht durch Misbrauch schändet<lb/>In Laster wandelt sich selbst Tugend falsch geübt <lb/>So wie dem Laster selbst die Führung Würde giebt. <lb/>Zwei Feinde lagern so im menschlichen Gemüthe <lb/>Sich immerdar im Kampf, verderbter Will u Güte. <lb/>Und wo das Schlechtere herscht mit siegender Gewalt <lb/>dergleichen Pflanze frißt des Todes Wurm gar bald[“]<lb/>		<rs ref="#i870986" type="person">Horen</rs> 96 St 3. Romeo u Julia No 101</p><pb n="9"/><p> </p><p>Jede Arbeit wenn sie mit der gehörigen Ordnung <lb/>gethan ist, ist Quelle der Freude für den Menschen <lb/>Ordnung, auch in den kleinsten Dingen, strömt <lb/>Harmonie u Freude ins Menschliche Herz. <lb/>Ich habe viele Geschäfte in meinem Leben <lb/>verrichten müssen, die ganz wieder mein Geschmak <lb/>waren, aber seit dem ich obige Regel gefunden <lb/>habe ich sie auf dieselben angewand, u <lb/>seither fließt mein Leben fröhlicher dahin<lb/> </p><p>Jede schwache Seele ist eifersüchtig, <lb/>je schwächer je unglüklicher. Je edler und <lb/>erhaben je glükseeliger. Die Vergnügen <lb/>zu deren Genuß man selbst fähig, oder über <lb/>dieselben erhaben ist, misgönt man Andern <lb/>gewiß nicht.<lb/>Der wahre Tugendhafte ist mit Andern Fehler <lb/>duldsam, nur wenn er nützen kan oder wen <lb/>das Übel welches Andern dadurch zufält </p><pb n="10"/><p> </p><p>sein Inneres empört, so rügt er sie. <lb/>Der Elende der selbst seine Fehler <lb/>zu verdeken hat, hoft durch den Abscheu <lb/>den er über Andrer Fehler bezeugt <lb/>sich selbst zu beschönen, und zum Verf-<lb/>echter der Tugend zu schreien. <lb/>Hüte du dich junge Seele dich zum Verl-<lb/>eumden zu gewöhnen, du würdest von <lb/>dem Rechtschafnen für einen verdrehten <lb/>oder leeren Kopf gehalten werden. <lb/>Der Spott über Andrer Thorheiten ist sehr <lb/>reizend, .. aber sehr gefährlich<lb/> </p><p>Es ist eine schwere Sache sich Vergnüg-<lb/>en <supplied>zu</supplied> versagen zu lassen die man für <lb/>erlaubt hält. Aber für die edle Seele <lb/>ist dis auch nicht schwer, sie findet in <lb/>bezähmung ihrer Begierden ein Theil </p><p>[11] </p><p>ihrer Freuden, in ihrer Würde ihr Behag- <lb/>lichkeit. Sie lächelt vergebend auf den <lb/>Despoten herunter, und bedauert aber <lb/>beneidet ihn nicht. </p><p>Je eingeschränkter die Begrife je leerer <lb/>der Kopf, je dreister und ausgeschloßener <lb/>das Urtheil </p></div>
       </body></text>
   </TEI>
    