<?xml version="1.0"?>
    <?xml-model href="http://www.tei-c.org/release/xml/tei/custom/schema/relaxng/tei_all.rng" type="application/xml" schematypens="http://relaxng.org/ns/structure/1.0"?>    
    <TEI xmlns="http://www.tei-c.org/ns/1.0" xml:id="d906998">
       <teiHeader>
          <fileDesc>
             <titleStmt>
                <title>Heft 23 (1826-1827)
                </title>
                <author>Anna Maria Preiswerk-Iselin</author>
             </titleStmt>
             <publicationStmt>
                <publisher xml:id="editor">Tagebücher Anna Maria Preiswerk-Iselin Projekt</publisher>
                <pubPlace>Basel</pubPlace>
                <date when="2022-03">March 2021</date>
                <availability>
                   <licence notBefore="2022-03-01" target="http://creativecommons.org/licenses/by-sa/4.0/">
                      <p>[...]</p>
                      <p>This work is licensed under a Creative Commons Attribution-ShareAlike 4.0 International License.</p>
                      <p> You are free to: <list>
                            <item> Share — copy and redistribute the material in any medium or format</item>
                            <item> Adapt — remix, transform, and build upon the material</item>
                         </list>
                      </p>
                      <p> Under the following terms: <list>
                            <item> Attribution — You must give appropriate credit, provide a link to the license, and indicate if changes were made. You
                               may do so in any reasonable manner, but not in any way that suggests the licensor endorses you or your use.</item>
                            <item> ShareAlike — If you remix, transform, or build upon the material, you must distribute your contributions under the same
                               license as the original.</item>
                            <item> No additional restrictions — You may not apply legal terms or technological measures that legally restrict others from
                               doing anything the license permits.</item>
                         </list>
                      </p>
                      <p>The licence was added on March first, 2022.</p>
                   </licence>
                </availability>
             </publicationStmt>
             <sourceDesc>
                <msDesc>
                   <msIdentifier>
                      <settlement>Basel</settlement>
                      <repository>Staatsarchiv</repository>
                      <idno>StABS PA 511 304-03-04</idno>
                      <msName>Heft 12 (1815-1816) - Anna Maria Preiswerk-Iselin </msName>
                   </msIdentifier>
                </msDesc>
    <listPerson><person xml:id="i835836"><persName>Susanna Paravicini-Preiswerk</persName></person><person xml:id="i868068"><persName>Sophia Vischer-Preiswerk</persName></person><person xml:id="i836997"><persName>Emilia Geigy</persName></person><person xml:id="i867825"><persName>Isaak Iselin-Forcart</persName></person><person xml:id="i837069"><persName>Helena Iselin-Forcart</persName></person><person xml:id="i867987"><persName>Salomé Köchlin-Iselin</persName></person><person xml:id="i867877"><persName>Louise Köchlin</persName></person><person xml:id="i835852"><persName>Rudolf Paravicini-Preiswerk</persName></person><person xml:id="i868056"><persName>Sophia Thurneysen-Paravicini</persName></person><person xml:id="i868044"><persName>Sophia Geigy-Preiswerk</persName></person><person xml:id="i837130"><persName>Isaac Iselin</persName></person><person xml:id="i870273"><persName>Frances Wright</persName></person><person xml:id="i868141"><persName>Wilhelm Preiswerk</persName></person><person xml:id="i835869"><persName>Lux</persName></person><person xml:id="i869303"><persName>Margaretha von Fellenberg-Tscharner</persName></person><person xml:id="i835771"><persName>Dietrich Preiswerk-Bischoff</persName></person><person xml:id="i869847"><persName>Iwan Matwejewitsch Murawjow-Apostol</persName></person><person xml:id="i868105"><persName>Valerie Wettstein-Iselin</persName></person><person xml:id="i869769"><persName>Pauline Christine Wilhelmine zur Lippe</persName></person><person xml:id="i869445"><persName>Johann Wilhelm Ludwig Gleim</persName></person><person xml:id="i869890"><persName>August Hermann Niemeyer</persName></person><person xml:id="i836759"><persName>Anna Maria Burckhardt-La Roche-Preiswerk</persName></person><person xml:id="i869458"><persName>Johann Wolfgang von Goethe</persName></person><person xml:id="i868031"><persName>Sophia Burckhardt-Vischer</persName></person><person xml:id="i835885"><persName>Anna Maria Preiswerk-Forcart</persName></person><person xml:id="i869649"><persName>Georg Konrad Horst</persName></person></listPerson><listObject><object xml:id="i873922" type="tag"><objectIdentifier><objectName>Religion</objectName></objectIdentifier></object><object xml:id="i874141" type="tag"><objectIdentifier><objectName>Gedanken über den Tod</objectName></objectIdentifier></object><object xml:id="i898746" type="tag"><objectIdentifier><objectName>Schmerz/Krankheit Familie</objectName></objectIdentifier></object><object xml:id="i910637" type="tag"><objectIdentifier><objectName>Erschöpfung</objectName></objectIdentifier></object><object xml:id="i910645" type="tag"><objectIdentifier><objectName>Trübe Stimmung</objectName></objectIdentifier></object><object xml:id="i910653" type="tag"><objectIdentifier><objectName>Hoffnung</objectName></objectIdentifier></object><object xml:id="i874895" type="tag"><objectIdentifier><objectName>Mädchenschule?</objectName></objectIdentifier></object><object xml:id="i892101" type="tag"><objectIdentifier><objectName>Geburt</objectName></objectIdentifier></object><object xml:id="i874077" type="tag"><objectIdentifier><objectName>Tätigkeiten</objectName></objectIdentifier></object><object xml:id="i922841" type="tag"><objectIdentifier><objectName>Übelbefinden</objectName></objectIdentifier></object><object xml:id="i922850" type="tag"><objectIdentifier><objectName>Zerstreutheit</objectName></objectIdentifier></object><object xml:id="i874226" type="tag"><objectIdentifier><objectName>Gedanken zur Gesellschaft</objectName></objectIdentifier></object><object xml:id="i874029" type="tag"><objectIdentifier><objectName>Rückblick</objectName></objectIdentifier></object><object xml:id="i874090" type="tag"><objectIdentifier><objectName>Personenbeschreibung</objectName></objectIdentifier></object><object xml:id="i875264" type="tag"><objectIdentifier><objectName>Traum</objectName></objectIdentifier></object><object xml:id="i903712" type="tag"><objectIdentifier><objectName>Behandlung/Kur</objectName></objectIdentifier></object><object xml:id="i873825" type="tag"><objectIdentifier><objectName>Altersgebrechen</objectName></objectIdentifier></object><object xml:id="i899128" type="tag"><objectIdentifier><objectName>Krankheit anderer Personen</objectName></objectIdentifier></object><object xml:id="i910686" type="tag"><objectIdentifier><objectName>Sorgen</objectName></objectIdentifier></object><object xml:id="i873943" type="tag"><objectIdentifier><objectName>Alter(n)</objectName></objectIdentifier></object><object xml:id="i874436" type="tag"><objectIdentifier><objectName>Über das weibliche Geschlecht</objectName></objectIdentifier></object><object xml:id="i910699" type="tag"><objectIdentifier><objectName>Heiterkeit</objectName></objectIdentifier></object><object xml:id="i873838" type="tag"><objectIdentifier><objectName>Unbekannte Person</objectName></objectIdentifier></object><object xml:id="i873887" type="tag"><objectIdentifier><objectName>Tod</objectName></objectIdentifier></object><object xml:id="i899265" type="tag"><objectIdentifier><objectName>Umzug</objectName></objectIdentifier></object><object xml:id="i873908" type="tag"><objectIdentifier><objectName>Geschäfte</objectName></objectIdentifier></object><object xml:id="i910725" type="tag"><objectIdentifier><objectName>Gundeli?</objectName></objectIdentifier></object><object xml:id="i875143" type="tag"><objectIdentifier><objectName>Stadt-Land</objectName></objectIdentifier></object><object xml:id="i874470" type="tag"><objectIdentifier><objectName>Gut St. Apollinaris bei Michelbach</objectName></objectIdentifier></object><object xml:id="i910740" type="tag"><objectIdentifier><objectName>Unnütz/Untätig</objectName></objectIdentifier></object><object xml:id="i910748" type="tag"><objectIdentifier><objectName>Bauvorhaben</objectName></objectIdentifier></object><object xml:id="i900835" type="tag"><objectIdentifier><objectName>Taufe</objectName></objectIdentifier></object><object xml:id="i910770" type="tag"><objectIdentifier><objectName>Zufriedenheit</objectName></objectIdentifier></object><object xml:id="i874148" type="tag"><objectIdentifier><objectName>Besuch</objectName></objectIdentifier></object><object xml:id="i910789" type="book_etc"><objectIdentifier><objectName>Wright: Gesellschaftsleben und Sitten in den Vereinigten Staaten von Amerika.</objectName></objectIdentifier></object><object xml:id="i873866" type="tag"><objectIdentifier><objectName>Reisen</objectName></objectIdentifier></object><object xml:id="i873159" type="tag"><objectIdentifier><objectName>Ortserwähnung</objectName></objectIdentifier></object><object xml:id="i873901" type="tag"><objectIdentifier><objectName>Trennung</objectName></objectIdentifier></object><object xml:id="i874045" type="tag"><objectIdentifier><objectName>Gedanken zur Erziehung</objectName></objectIdentifier></object><object xml:id="i910873" type="book_etc"><objectIdentifier><objectName>Matwejewitsch: Reise durch Taurien im Jahre 1820. </objectName></objectIdentifier></object><object xml:id="i904085" type="tag"><objectIdentifier><objectName>Erbschaft</objectName></objectIdentifier></object><object xml:id="i873852" type="tag"><objectIdentifier><objectName>Brief</objectName></objectIdentifier></object><object xml:id="i873831" type="tag"><objectIdentifier><objectName>Selbstzeugnis schreiben</objectName></objectIdentifier></object><object xml:id="i873957" type="tag"><objectIdentifier><objectName>Freundschaft</objectName></objectIdentifier></object><object xml:id="i873990" type="tag"><objectIdentifier><objectName>Selbstreflexion</objectName></objectIdentifier></object><object xml:id="i899009" type="tag"><objectIdentifier><objectName>Wunsch</objectName></objectIdentifier></object><object xml:id="i910940" type="tag"><objectIdentifier><objectName>Schloss Maienfels, Pratteln BL</objectName></objectIdentifier></object><object xml:id="i911482" type="tag"><objectIdentifier><objectName>Siechenhaus, erbaut 1769.</objectName></objectIdentifier></object><object xml:id="i911491" type="book_etc"><objectIdentifier><objectName>Pietiscus: Gott mit dir! Ein Andachtsbuch für gebildete Christen jüngeren Alters.</objectName></objectIdentifier></object><object xml:id="i885365" type="book_etc"><objectIdentifier><objectName>Goethe, Johann Wolfgang von: Iphigenie auf Tauris. Ein Schauspiel.</objectName></objectIdentifier></object><object xml:id="i911515" type="tag"><objectIdentifier><objectName>Vermutlich die Landwirtschaftliche Armenschule, welche in Basel seit 1823 bestand.</objectName></objectIdentifier></object><object xml:id="i873915" type="tag"><objectIdentifier><objectName>Haushalt</objectName></objectIdentifier></object><object xml:id="i903700" type="book_etc"><objectIdentifier><objectName> Niemeyer: Beobachtungen auf Reisen in und ausser Deutschland.</objectName></objectIdentifier></object><object xml:id="i904317" type="tag"><objectIdentifier><objectName>Erziehungsinstitut von Johann Heinrich Pestalozzi</objectName></objectIdentifier></object><object xml:id="i873964" type="tag"><objectIdentifier><objectName>Selbstkritik</objectName></objectIdentifier></object><object xml:id="i911558" type="book_etc"><objectIdentifier><objectName>Aus Goethes Gedichtgruppe „Zahme Xenien“.</objectName></objectIdentifier></object><object xml:id="i884071" type="tag"><objectIdentifier><objectName>Wetter</objectName></objectIdentifier></object><object xml:id="i873845" type="tag"><objectIdentifier><objectName>Krankheit</objectName></objectIdentifier></object><object xml:id="i873950" type="tag"><objectIdentifier><objectName>Ereignis</objectName></objectIdentifier></object><object xml:id="i874486" type="tag"><objectIdentifier><objectName>Gedanken zur Ehe</objectName></objectIdentifier></object><object xml:id="i911636" type="book_etc"><objectIdentifier><objectName>Horst: Siona.</objectName></objectIdentifier></object></listObject>
    </sourceDesc>
      </fileDesc>
      <profileDesc>
         <textClass>
            <!-- vérifier !!! -->
            <catRef scheme="#genre" target="#journal"/>
         </textClass>
         <langUsage>
            <language ident="de">Deutsch</language>
         </langUsage>
      </profileDesc>
   </teiHeader>
       <text><body><div xml:id="d23412056" corresp="d907008" ><head resp="#editor">Tagebucheintrag<date> 14.05.1826 </date></head><pb n="1"/><p>26 5 14<lb/>Ich gieng gestern zum h <rs ref="#i873922" type="object">Abendmahl</rs>, u hoffe mit<lb/>den Gesinnungen welche dem Geist des Stifters ange-<lb/>messen waren mit Demuth u kindlichem Vertrauen,<lb/>mit Ruhe auf meine <rs ref="#i874141" type="object">baldige Auflösung</rs>, deren<lb/>ich freudig entgegen sehe. Ungeachtet all<lb/>dem benebelt mich doch oft eine düstre Wolke<lb/>die ich mit Mühe ertrage u schwer wieder ver-<lb/>scheue: es ist wohl die Folge der veränderten<lb/>Lage ein Heimweh nach dem mir Lieb gewesnen,<lb/>diese u noch so manichfachen <rs ref="#i898746" type="object">Schmerz</rs> über<lb/>die Schwächlichkeit meiner <rs ref="#i835836" type="person"><rs ref="#i868068" type="person">Töchter</rs></rs>, u über<lb/>noch And! Hat meine Kräften <rs ref="#i910637" type="object">erschöpft</rs> u nimt<lb/>mir die Krafft meister über den <rs ref="#i910645" type="object">Trübsinn</rs> zu<lb/>werden, doch bei Gott, in der frohen <rs ref="#i910653" type="object">Hoffnung<lb/></rs>der selgen Zukunft liegt Milderung!</p></div><div xml:id="d23412059" corresp="d907017" ><head resp="#editor">Tagebucheintrag<date> 25.05.1826 </date></head><pb n="2"/><p>26 5 25<lb/>Es wechseln noch immer <rs ref="#i910645" type="object">trübe Wolken</rs> mit wenig<lb/>Sonnenblicken in meinem Gemüthe: doch es wird<lb/>dieser Kampf auch überwunden werden! Im Ver-<lb/>trauen auf Gott ist schon manches bekämpft worden<lb/>u wird’s ferner! Doch ist unser Leben nicht<lb/>ein beständiger Kampf? <supplied>ist</supplied> Nicht für mich<lb/>allein, sondern für alle die so nicht in stumpfer<lb/>Genügsamkeit durchs Leben taumeln.<lb/>Meine Gedanken streben immer noch dahin etwas<lb/><rs ref="#i874895" type="object">nützliches auf dieser Erde auszuführen</rs>, so mir<lb/>Gott Gesundheit dazu schenkt. Wären nur die<lb/>l[ieben] M[einigen] nicht so dagegen! Nach ihrem Sinn meinen<lb/>sie es gut mit mir, sie glauben ein ruhiges<lb/>bequemes Leben sollte mich für die Beschwerden<lb/>des vergangnen entschädigen: aber mit nichten,<lb/>nur das Gefühl etwas Gutes zu bewirken <lb/>kann mir Ruhe u Genügen geben! Was wäre<lb/>ich im Vergangnen geworden wenn nicht zweck-</p><pb n="3"/><p><del>den 25 Mai wurde mir ein Uhrgroßenkel <rs ref="#i892101" type="object">gebohren<lb/></rs>Gott seegne das <rs ref="#i836997" type="person">Mädchen</rs></del><lb/>mässige <rs ref="#i874077" type="object">Beschäfftigung</rs> mich von den manichfachen<lb/><rs ref="#i922841" type="object">Gemüthsleiden</rs>, die ein herbes Loos mir zugedacht,<lb/><rs ref="#i922850" type="object">zerstreut</rs>, u meine Kräffte davon abgezogen <lb/>hätten? Nicht die Arbeit die ich verrichtete allein<lb/>war mir Genüge, nein die <rs ref="#i910653" type="object">Hoffnung</rs> mich zu etwas<lb/>Besserm vor zuüben war Belebung meiner Kräffte<lb/>Und sollte nun alles zu nichte gehn? Ich glaube<lb/>es nicht, ich hoffe zu Gott, ich flehe um stilles<lb/>Ausharren auf Demuth – u Muth!</p></div><div xml:id="d23412062" corresp="d907026" ><head resp="#editor">Tagebucheintrag<date> 28.05.1826 </date></head><pb n="3"/><p>26 6 28<lb/>In meines sel <rs ref="#i867825" type="person">Vaters</rs> Haus, besonders in dessen<lb/>Walten u weben, lernte ich eine <rs ref="#i874226" type="object">Weld</rs> kennen die<lb/>ganz abstach gegen der andern aussert demselben,<lb/>jene sprach mich weit mehr an als diese: (zwar<lb/>war ich nicht ganz von der Letztern frei). Doch<lb/>das frohe ahnden eines Edlern, Bessern, haftete<lb/>fest in mir u, verlies mich nie, obgleich ich auf<lb/><rs ref="#i874029" type="object">kurze Zeit auf Abwege gerieth</rs>, bald erhob mich<lb/>das Bessere wieder. Nach dem Hinschied meines</p><pb n="4"/><p>edeln Vaters, stand <supplied>ich</supplied> mein bessers ich wie verwaißt<lb/>da: meine <rs ref="#i837069" type="person">Mutter</rs> liebte ich herzlich auch meine Ge-<lb/>schwistert, ich freute mich zu ihrem äussern <del>Wohl</del>  etwas<lb/>weniges beitragen <del>zu</del> können, allein das schöne Einver-<lb/>ständniß bestand nicht mehr so wie ehmals, ich<lb/>hatte niemand mehr an dessen Gutheissung sich<lb/>mein Herz stärkte, u um deren Erhaltung ich<lb/>auch das Bitter erdultet hätte; nicht immer nicht<lb/>genug schaute ich zum Vater droben von dem alle<lb/>gute Gabe herkömmt: wohl erinnre ich mich<lb/><supplied>wohl</supplied> selger Augenblicke wo ich, unter drückenden<lb/>Leiden u geringschätzungen, mich im Wonnegefühl<lb/>des Vertrauens zu ihm flehte „du kennest mich<lb/>u wirst mich schützen!“ Aber nicht genug nicht<lb/>allein war ich ihm ergeben; ich suchte noch im Äussern<lb/>Hilfe, Trost u Übereinstimmung. Ich hatte eine <rs ref="#i867987" type="person">Schwester<lb/></rs>mit der ich mehr übereinstimmte, sie war mir sehr<lb/>theuer, sie lebte in <rs ref="#i898746" type="object">unglücklichen Verhältnissen</rs>, war</p><pb n="5"/><p>kränklend u auch am Gemüthe oft sehr leidend, ich<lb/>mußte mehr <rs ref="#i874090" type="object">sie aufmuntern</rs>, als daß ich von<lb/>ihr Stärkung erhalten hätte: allein auch dabei<lb/>lernte ich manches, hatte manchen Genuß für den<lb/>ich Gott danke! Ihr Andenken ist mir ewig<lb/>theuer. Noch vor wenig Tagen als ich die Leichen-<lb/>rede ihrer jüngst verstorbnen <rs ref="#i867877" type="person">Tochter</rs> las,<lb/>ergriff mich das Wonnegefühl diese edle<lb/>langgeprüfte Dulderin, verklärt, von ihren<lb/>Leiden befreit jenseits wieder zu finden, o möchte<lb/>er bald nache seyn <rs ref="#i874141" type="object">der ersehnte Zeitpunkt</rs>!<lb/>Auf dieser Erde schon ist das Finden eines<lb/>Menschen der uns versteht u uns Gerechtigkeit<lb/>wiederfahren läßt, etwas so beglückendes: wie<lb/>muß das Wiederfinden in einer bessern Weld,<lb/>wo keine irdischen Rücksichten uns mehr einengen<lb/>erst seyn! O dan werden auch die so uns hier<lb/>so oft miskannten uns mit Liebe umfaßen!</p><pb n="6"/><p>Des <rs ref="#i875264" type="object">Traums</rs> den ich kurz nach der Theuren Hinschied<lb/>hatte schwebt mir immer so lebhaft vor: Wehmüthig<lb/>über ihren Verlurst schlief ich ein: ich <supplied>glau</supplied> wähnte<lb/>nach einem ländlichen Aufenthalt zu reisen wo die<lb/>Theure mir schon vorausgeeilt war u wo wir<lb/>zusamen uns ausruhen sollten, den Ort der Ruhe<lb/>sah ich in der Ferne, er schien mir herrlicher als<lb/>was ich mir je gedacht hatte; doch zwischen mir<lb/>u demselben tobte ein wilder Strom, ich blickte<lb/>ihn traurig an u fragte den eigenthümer des<lb/>Hauses wo ich abgestiegen war, ob das Toben<lb/>des Stromes noch lange dauern würde u auf<lb/>welche Weise ich hinüber setzen könnte „bis ihr<lb/>das könnt gehts noch geraume Zeit“, war die<lb/>Antwort; ich erwachte mit einem wehmüthigen<lb/>Gefühle, u der Traum wird immer lebhaft vorschweben.<lb/>Das Andenken des herrlichen, nur in der Ferne</p><pb n="7"/><p>erblickten Aufenthalts, hat mich oft leise erquickt,<lb/>aber das Toben des Strom’s kam mir oft nache, sehr<lb/>nahe! Wenn wird er stille für mich werden, wenn<lb/>werde ich ins Land der Ruhe komen?</p><p>Ich habe meiner Tocht. <rs ref="#i835836" type="person">P.</rs> angebothen mit ihr ins<lb/><rs ref="#i903712" type="object">Bade</rs> zu gehen weil der Arzt es ihr rathete u<lb/>sie sich dagegen weigerte; Nun entschließt<lb/>sie sich nach vielem Zureden dazu. Nun aber<lb/>da ihr <rs ref="#i835852" type="person">Mann</rs> auch hingehn sollte, (wohl aber<lb/>sagt er er könne nicht zu gleicher Zeit das Haus<lb/>verlassen) so glaube ich doch es ware besser<lb/>sie giengen zusamen! <rs ref="#i873825" type="object">Meine Schwächlichkeit,<lb/>mein übles Gehör</rs>, meiner Tochter angegriffnes<lb/>Wesen, <rs ref="#i899128" type="object">ihre Kopf u Brustschmerzen</rs>, alles<lb/>macht mich <rs ref="#i910686" type="object">besorgt</rs> u lispelt mir zu ich sollte nicht<lb/>mit gehn! Ihre Tochter <rs ref="#i868056" type="person">S.</rs> wäre eine bessre</p><pb n="8"/><p>Gesellschafterin für sie; ich muß mit ihnen<lb/>darüber reden u sie überzeugen daß ich keines-<lb/>wegs für mich hingehe u eben so zuträglich finde<lb/>anderswo zu gehn. Möge ich die Sache nur<lb/>ohne Spur von Empfindlichkeit behandeln! Möge<lb/>der <rs ref="#i922841" type="object">Unmuth</rs>, die Ungewöhne,  die aus meiner<lb/>veränderten Lebensart herkömmt mich doch<lb/>bald verlassen, u ich in einen Kreis, der mir<lb/><rs ref="#i874895" type="object">angemessnen Beschäftigung </rs>mich versetzen können!<lb/>Wie bebe ich vor dem Gedanken zurück, ein<lb/><rs ref="#i873943" type="object">altes unnützes</rs> <rs ref="#i874436" type="object">Weib</rs> zu werden das Andern<lb/>durch Schwachheit u Launen lästig fallen würde.</p></div><div xml:id="d23412065" corresp="d907035" ><head resp="#editor">Tagebucheintrag<date> 01.06.1826 </date></head><pb n="8"/><p>26 6 1<lb/>Seit langem war mein Kopf nicht so <rs ref="#i910699" type="object">heiter</rs> wie heute<lb/><rs ref="#i903712" type="object">eine abführende Arznei</rs>, hat mir trefflich gefreut;<lb/>ich konnte diesen Morgen einen mässigen <rs ref="#i874077" type="object">Spaziergang<lb/></rs>machen <rs ref="#i873825" type="object">ohne im geringsten ermüdet zu seyn</rs>;<lb/>ich kann jetzt heiter an alles denken u mich über<lb/>die Besserung meiner T.<rs ref="#i868068" type="person"> V.</rs> freuen, u mit <rs ref="#i910653" type="object">Hoffnung<lb/></rs></p><pb n="9"/><p>an die der <rs ref="#i835836" type="person">Parav</rs> denken;  auch des Wiederauf-<lb/>kommens der l. F. <rs ref="#i873838" type="object">L.</rs> denken. Gott sey gedankt für<lb/>das Alles. Ich gedenke mit innigster Theilnahme<lb/>der leidenden <rs ref="#i873838" type="object">Familie</rs>, besonders der treuen <rs ref="#i873838" type="object">Mutter<lb/></rs>die nun im Fall zu kommen scheint, einen <rs ref="#i873838" type="object">Sohn</rs> in der<lb/>Blüthe der Jahren zu verlieren; nur wer das<lb/>selbst erfahren hat kann den <rs ref="#i873887" type="object">Schmerz</rs> ganz faßen.<lb/>Dieser verliert sich nicht mehr, wohl mildert<lb/>er sich, u die Hoffnung eines baldigen Wieder-<lb/>sehns verwandelt ihn in Wehmuth; aber das<lb/>Leben ist nie mehr das was es vorher war, es<lb/>kann uns nicht mehr genügen.</p></div><div xml:id="d23412068" corresp="d907044" ><head resp="#editor">Tagebucheintrag<date> 10.06.1826 </date></head><pb n="9"/><p>26 6 10<lb/>Es ist heute Sontag, ich habe in Ruhe eine schone<lb/><rs ref="#i873922" type="object">Predig</rs> gelesen, da <rs ref="#i873825" type="object">mein Übelhören</rs> mich leider<lb/>am Kirchen gehn hindert; ich war erbaut doch<lb/>zuweilen <rs ref="#i922850" type="object">zerstreut</rs>. Die Nothwendigkeit mir<lb/><rs ref="#i899265" type="object">eine Wohnung zu verschaffen</rs>, die Hinderniß<lb/>das zu finden was mir anständig seyn wird</p><pb n="10"/><p>füllt mir den Kopf an mehr als mir lieb ist.<lb/>Wo ich nun bin ist’s mir ganz recht für den<lb/>Augenblick, allein meine Hoffnung ein Theil<lb/>dieses <rs ref="#i910725" type="object">Guths</rs> <rs ref="#i873908" type="object">zu kauffen</rs> u einzurichten<lb/>schwindet immer mehr: daneben ist es etwas<lb/><rs ref="#i875143" type="object">weit von der Statt</rs> im Sommer u Winter,<lb/>nach meinem Wunsch, da wohnen zu können.<lb/>Nache bei der Statt ist kein für mich taugliches<lb/>Haus: könnte ich ein Stück Land in der mir <lb/>gefälligen <rs ref="#i910725" type="object">Gegend</rs> kauffen (sie wäre der Statt<lb/>u [au]ch dem Ort nahe, wo ich doch vieleicht noch<lb/>mein <rs ref="#i874895" type="object">Lieblingsplan</rs> ausführen könnte) dan<lb/>müßte ich alles neu erbauen u wüßte nicht<lb/>ob ichs noch geniesen könnte! Es gäbe manche<lb/>Mühe damit! Mir scheint es nicht zimet in<lb/><rs ref="#i873943" type="object">meinem Alter</rs> mir den Kopf mit so vielen<lb/>irdischen Geschäfften anzufüllen. Doch<lb/>die <rs ref="#i910645" type="object">Unthätigkeit</rs> in welcher ich mich jetzt befinde<lb/>zimt meinem Wesen nicht: wäre ich thätiger</p><pb n="11"/><p>so würde mein Kopf heitrer u wie ich’s vorher<lb/>in<rs ref="#i874470" type="object"> St. Ap.</rs> war zu allem Andren aufgelegter<lb/>seyn! Auch könnte die zum <rs ref="#i910748" type="object">bauen</rs> lassen ange-<lb/>wandte Geschäfftigkeit mich im Gang zu künftiger<lb/><rs ref="#i910740" type="object">nützlicher</rs> angewandter erhalten!<lb/>Nicht was wir thun hat eigentlich Werth:<lb/>sondern mit welchen Gesinnungen, zu welchem<lb/>Zweck wir’s thun, das macht die Sache.<lb/>Ich glaube allso daß wenn ich das bewußte<lb/>Land auf eine billige Art erhalten könnte ichs<lb/>nehmen sollte: doch will ichs nicht auf eine<lb/>beunruhigende Art wünschen, ganz ruhig erwarten<lb/>was das Schicksal fügt. Sollte ich anfangen zu<lb/>bauen so müßte es ganz mit der Gelassenheit<lb/>u Gleichmut als ob es nicht für mich wäre:<lb/>der <rs ref="#i874141" type="object">Gedanke an ein baldiges Abschieden</rs> von<lb/>der Erde würde mich nicht weniger erfreuen</p><pb n="12"/><p>Ich müßte Rücksicht nehmen daß es auch für<lb/>Jemand der Meinigen nach meinem Tod angenehm<lb/>seyn könnte! Oder doch daß es ohne Schaden<lb/>verkaufft werden könnte.<lb/>Die Beschwerden u Mühen des Bauenlassens<lb/>würde die Freude, das so mir der Himmel be-<lb/>schert zu belohnung des Fleißes u der Thätigkeit<lb/>anwenden zu können <del>erleichtern</del>; es ist doch schön Andern<lb/>durch seine Wohlhabenheit zu nützen!<lb/>Bescheiden u einfach müßte das Gebäude seyn,<lb/>so daß es mich nicht  an bessrer Anwendung<lb/>eines Theils meines Vermogens hindern würde<lb/>Wenn ich ein Haus in der Statt kauffte würde es<lb/>mich wenigstens L[ouis]d[´or] 10–1200 kosten; aber ein<lb/>kleines Gütches vor der Statt auch gegen 1000 Ld.<lb/>Das sehe ich nicht als Bedürfnis für mich an,<lb/>ich würde mich mit weit wenigerm begnügen.</p><pb n="13"/><p>aber für die Lage in welche mich <supplied>der</supplied> u die<lb/>Meinigen die Vorsehung gesetzt anständig.<lb/>Wenn mich allso das Gebäude aufzuführen <del>Ld</del> 1000<lb/>kostet u ich noch Land für eben so viel kauffte<lb/>so würde mir der größte Theil dieses Landes<lb/>doch noch einiges eintragen, sollte es nur<lb/>2 j [unles.] sein so gewönne ich doch noch ¼ [?] [unles.]<lb/>u hätte den gewünschten Vortheil, Sommer u<lb/>Winter in Gottes freier Natur zu leben.</p></div><div xml:id="d23412071" corresp="d907053" ><head resp="#editor">Tagebucheintrag<date> 18.06.1826 </date></head><pb n="13"/><p>26 6 18<lb/>Gestern habe ich<rs ref="#i873908" type="object"> das Stücke Land gekaufft</rs>, es freut<lb/>mich u ich hoffe es werde mich immer freuen! Die Meinigen<lb/>sind es so zimlich zufrieden, daß sie es ganz seyen<lb/>konnte ich in keinem Fall erwarten, da dem Einen<lb/>nicht ansteht was dem Andern: ich muß mich allso<lb/>begnügen u hoffen es werde ihnen immer wie mehr<lb/>gefallen! Alle wünschen doch gewiß daß ich Freude<lb/>daran habe u das wird seyn.</p></div><div xml:id="d23412074" corresp="d907062" ><head resp="#editor">Tagebucheintrag<date> 19.06.1826 </date></head><pb n="14"/><p>26 6 18<lb/>Gestern hub ich meine Urenkelin <rs ref="#i836997" type="person">Emilie Geige</rs> zur<lb/>h <rs ref="#i900835" type="object">Tauffe</rs>: ich war etwas verlegen weil es mich<lb/>nicht schicklich dünckte <rs ref="#i873943" type="object">in meinem Alter </rs>ein Kind<lb/>zur Tauffe zu tragen; da ich für sie nichts mehr<lb/>werde thun können als den Seegen des Himmels<lb/>für sie erflehn. Doch hat es mich innigst gefreut<lb/>meine <rs ref="#i868044" type="person">Gßtochter</rs> in so angenehmen liebreichen<lb/>Verhältnißen zu sehen. Möge sie ihr Glück<lb/>wohl zu benutzen wißen!</p></div><div xml:id="d23412077" corresp="d907071" ><head resp="#editor">Tagebucheintrag<date> 20.06.1826 </date></head><pb n="14"/><p>20)</p><p>Ich bin mit meinem<rs ref="#i910748" type="object"> Kauff u Vorhaben zu bauen</rs> immer<lb/>wie mehr <rs ref="#i910770" type="object">zufrieden</rs>: besonders da ich finde es bahne<lb/>mir eher den Weg zu meinem <rs ref="#i874895" type="object">Lieblingsprojekt</rs>.<lb/>Verrichte ich dieses <rs ref="#i873908" type="object">Geschäfft</rs> mit Leichtigkeit<lb/>u Gleichmuth, so beweise ich dadurch daß ich noch<lb/>was leisten kann u daß Thätigkeit meiner Gesund-<lb/>heit zuträglich ist: u dann darf man mir weniger<lb/>einreden. Soll ich das Gebäude so ich machen lasse<lb/>selbst nicht mehr benutzen, so werde ich doch durch</p><pb n="15"/><p>dasselbe manchen Menschen zu verdienen geben<lb/>u das so mir Gott beschert zu Belohnung des<lb/>Fleißes anwenden. Daß ich so glücklich war<lb/>dieses mir in allen Stücken so erwünschte Land<lb/>zu kauffen hätte ich mir nicht denken dürfen!<lb/>Es liegt so nahe bei der<rs ref="#i875143" type="object"> Statt</rs> daß es meinem<lb/><rs ref="#i837130" type="person">Bruder</rs>, dessen <rs ref="#i874148" type="object">Beimirseyn</rs> mir so erfreulich ist,<lb/>die meiste Zeit nicht schwerfallen wird zu mir zu<lb/>kommen, auch für die Meinen ist die Entfernung<lb/>so groß nicht, so wie für mich zu ihnen zu kommen,<lb/>u dann könnte wie ich glaube mein anders Vor-<lb/>haben am besten in dieser Gegend, nahe bei uns<lb/>Statt haben! Gott sey für alles gedankt.<lb/>Mögen nur meine lieben <rs ref="#i835836" type="person"><rs ref="#i868068" type="person">Töchter</rs></rs> durch das <rs ref="#i903712" type="object">Bad<lb/></rs>gestärkt wieder zurückkehren!!</p></div><div xml:id="d23412080" corresp="d907080" ><head resp="#editor">Tagebucheintrag<date> 26.06.1826 </date></head><pb n="15"/><p>26 6 26<lb/>Ich finde die Lage meines jetzigen Aufenthalts<lb/>sehr schon u danke meinem Geschick das mich hirher<lb/>geführt! In gar mancher Rücksicht ist es viel</p><pb n="16"/><p>besser <rs ref="#i875143" type="object">für mich hier</rs> als in <rs ref="#i874470" type="object">St. Apol.</rs> allein ich<lb/>fühle mich so oft beengt hier meine Brust bedrückt<lb/>u ich sehne mich oft nach der dortigen reinen<lb/>Luft in welcher sich Geist u Körper leichter<lb/>bewegten, nach der balsamischen Ausdünstung<lb/>der herrlichen Bäume. Mit meinem <rs ref="#i873825" type="object">schweren<lb/>Körper u umdüsterten Kopf </rs>habe ich schwer<lb/>zu kämpfen auch macht mich das Gefühl meiner<lb/>Undankbarkeit gegen das Schicksal mit mir<lb/>selbst unzufrieden: Gott vergebe mir sie!</p></div><div xml:id="d23412083" corresp="d907089" ><head resp="#editor">Tagebucheintrag<date> 27.06.1826 </date></head><pb n="16"/><p>26 6 27<lb/>Ich lese mit vielem Vergnügen die Beschreibung<lb/>von<rs ref="#i910789" type="book_etc"> Nord Amerika</rs> von <rs ref="#i870273" type="person">Miss Franzisca Wright</rs>.<lb/><rs ref="#i874436" type="object">Diese Frau </rs>muß einen hellen Verstand u edles<lb/>Herz haben: ihre Grundsatze so wie ihre Urtheile<lb/>gefallen mir sehr wohl, so wie das Buch an sich<lb/>selbst mir gefallt, so erfreut mich der glückliche<lb/>Zustand der Amerikanischen Nation. Wohl mag</p><p>sie alles von der schönsten Seite ansehen (glücklich<lb/>für sie) aber es muß doch vieles wahr seyn!<lb/>Gebe es Gott! Ich lese selten gerne die von Frauen<lb/>geschriebnen Bücher, weil meist eine gewiße<lb/>Affecktation u Ausspieglung von Gelehrsamkeit<lb/>darin herrscht: hier ist davon keine Spur. Welch<lb/>Glück solche Bildung erhalten zu haben! Hier<lb/>scheint die gütige Natur u das Leben fast alles<lb/>übereinstimmend gethan zu haben.</p></div><div xml:id="d23412086" corresp="d907098" ><head resp="#editor">Tagebucheintrag<date> 11.07.1826 </date></head><pb n="17"/><p>1826 July 11  [unles.]<lb/>Den 4ten <rs ref="#i873866" type="object">verreisten</rs> wir von <rs ref="#i873159" type="object">Basel</rs>. Wehe that es<lb/>mir den kleinen <rs ref="#i868141" type="person">Will</rs>. zu <rs ref="#i873901" type="object">verlassen</rs> den gerne hätte<lb/>ich ihn <rs ref="#i874045" type="object">unter meiner Obsicht behalten</rs>, allein meine<lb/>Reise hieher war beschloßen ehe ich wußte daß mein<lb/><rs ref="#i835869" type="person">Sohn</rs> ihn mir übergeben wollte, doch ich hoffe er sey<lb/>mit den beiden Personen u unter der Aufsicht meines<lb/><rs ref="#i837130" type="person">Bruders</rs> gut besorgt! Gott wache über ihn! Meine<lb/>Absicht bei der unternommenen Reise war einzig die<lb/><rs ref="#i903712" type="object">Gesundheit</rs> meiner T. <rs ref="#i835836" type="person">P.</rs> u ihres <rs ref="#i835852" type="person">Rud</rs>. wiederherzustellen,<lb/>da ich <rs ref="#i910686" type="object">besorgte</rs> sie würde für sich allein nicht gegangen<lb/>seyn; auch so kam sie leider nur gezwungen u ohne Muth<lb/>ihre Gesundheit zu erlangen, schon dies ist ein großes<lb/>Hinderniß um daß es geschehe, u vermehrt meine Sorge.<lb/>Die Reise ertrug sie noch zimlich gut: beym Hierkommen<lb/>ist eine Periode eingetreten bei der sie immer sehr leidend<lb/>ist, so ists sie’s nun auch: <rs ref="#i898746" type="object">ihr Übelbefinden ist niederschlagend<lb/></rs>doppelt für mich weil ich sehe wie traurig es auf den guten <rs ref="#i835852" type="person">Rud</rs>.</p><pb n="18"/><p>wirkt; dieser bedarf der Aufmunterung u Zerstreuung.<lb/>Ich sehne mich nun sehr Nachricht von der Heimath zu<lb/>erhalten, moge nur die gute Tochter<rs ref="#i868068" type="person"> V.</rs> sich besser<lb/>befinden! Mir steht die <rs ref="#i910740" type="object">Unthätigkeit</rs> in dem Gewühl<lb/>von Menschen nicht gut zu, doch ich trachte mich darein<lb/>zu fügen u danke Gott für die Stärke die er mir<lb/>verleiht: vieleicht wird mir vergönnt sie noch nützlich<lb/>anzuwenden!<lb/><rs ref="#i874029" type="object">Das Wiederbetreten einer Gegend</rs> die ich vor<lb/>32 Jahren in Gesellschaft mir so Theuren, nun schon lange<lb/>ins bessere Daseyn geschiednen, betrat, rührte<lb/>mich tief u verbreitet eine wehmüthige Sehnsucht<lb/>in mir. Wie verschieden sind die Wege der<lb/>Sterblichen! Warum mußte ich so viele Lieben von<lb/>scheiden, so viele leiden sehn!</p></div><div xml:id="d23412089" corresp="d907107" ><head resp="#editor">Tagebucheintrag<date> 13.07.1826 </date></head><p>July 13<lb/>Gestern wars ein <rs ref="#i898746" type="object">banger Tag </rs>für mich meine <rs ref="#i835836" type="person">Tochter<lb/></rs> war sehr leidend: heute gehs wenig besser, u nun sind<lb/>wir 6 Tage hier ohne daß sie die <rs ref="#i903712" type="object">Cur</rs> hat anfangen können</p><pb n="19"/><p>wie wird unsre Rückkehr verzögert! Doch ich will<lb/>Muth faßen u Gott um Geduld anflehn, sein Wille geschehe!<lb/>Die Muthlosigkeit der Mutter wirkt verzärtelnd<lb/>auf den Jungen, es ist ewig schade u thut mir<lb/>in der Seele wehe: könnte ich’s nur ändern, <supplied>doch</supplied>  <lb/>es ist schwer, sehr schwer doch etwas weniges habe<lb/>ich schon bewirkt, vieleicht kann ich noch mehr! Mit<lb/>Liebe u Ernst läßt sich vieles thun. Noch immer ohne<lb/>Nachricht von meinen Lieben bei Hause, möge ich endlich durch<lb/>gute entschadigt werden! Ich danke Gott daß es mir<lb/>noch so wohl ist.</p></div><div xml:id="d23412092" corresp="d907116" ><head resp="#editor">Tagebucheintrag<date> 24.07.1826 </date></head><pb n="19"/><p>July 24<lb/>Lange war ich zweifelhaft ob die <rs ref="#i903712" type="object">Cur</rs> meiner <rs ref="#i835836" type="person">Tochter<lb/></rs>anschlagen würde, da sie noch mehrere Tage so <rs ref="#i898746" type="object">leidend</rs> war<lb/>u kein oder nur wenig Waßer trincken konnte; doch jetzt<lb/>kann sie’s recht brauchen u ich faße gute Hoffnung u was mehr<lb/>ist auch sie hat Muth dazu u Hoffnung. Der hiesige <rs ref="#i874148" type="object">Aufenthalt<lb/></rs>taugt weder für sie noch für mich da das <rs ref="#i874226" type="object">Menschengedränge<lb/></rs>dem man so ganz fremde ist, beschwerlich fällt; für meine<lb/>Tochter kann das ändern wenn sie zur Gesundheit kömmt, das gebe<lb/>Gott! Für mich aber nie da mein <rs ref="#i873825" type="object">schwaches Gehör </rs>mir die Gesellschaft</p><pb n="20"/><p>beschwerlich macht, u mich ihr. Daneben ist mir eine thätige<lb/>Lebensart, eine solche die was Gutes hervorbringt, Bedürf-<lb/>niß: ich beschäftigte mich die Zeit über mit dem Plänchen<lb/>zu meiner<rs ref="#i899265" type="object"> neuen Wohnung</rs> doch auch diese Arbeit genügte<lb/>mir nur in so ferne als es Zweck ist zum Ziele zu kommen<lb/>welches ich mir vorgesteckt habe, wenn Gott mir Leben <lb/>u Gesundheit schenkt. Seit 10 Tagen ist Fr<rs ref="#i869303" type="person"> Fell.<lb/></rs>von <rs ref="#i873159" type="object">Bern</rs> <rs ref="#i874148" type="object">hier</rs> eine äusserst <rs ref="#i874090" type="object">liebenswürdige Frau</rs>, deren<lb/>Bekanntschaft mir sehr interessant ist, besonders auch<lb/>für meine Tochter.</p></div><div xml:id="d23412095" corresp="d907125" ><head resp="#editor">Tagebucheintrag<date> 30.07.1826 </date></head><pb n="20"/><p>1826 7 30<lb/>Gestern war <rs ref="#i874029" type="object">es 7 Jahre </rs>daß das harte Schicksal<lb/>mir meinen theuren <rs ref="#i835771" type="person">Sohn</rs> entriß, u mir ist alles<lb/>noch so neu so schmerzlich: u ich bin nun in der <rs ref="#i873159" type="object">Gegend<lb/></rs>wohin ich ihn vor 32 Jahren geführt mit so schönen Hoffnungen<lb/>ich dachte mir ihn die Wonne meines Lebens, die<lb/>Stütze meines <rs ref="#i873943" type="object">Alters</rs>! U nun bin ich noch da<lb/>mit so manchen halbgeheilten Wunden des armen<lb/>Herzen das nur durch die Hoffnung einer bessern<lb/>Zukunft sich im Getümel dieses Lebens erhält.<lb/>Auch der theure Sohn hatte ein herbes Schicksal u wohl<lb/>ihm daß sein guter Engel ihn weghob, sein edlers<lb/>Ich wird auf einem bessern Schauplatz zur Vollkommen-</p><pb n="21"/><p>heit reifen. Bin ich hienieden zu nichts mehr nütze, o so<lb/>führe mich auch bald dorthin wo Schmerz u Kummer ein<lb/>Ende nehmen, wo ich deinem Lichte Allvater, reiner<lb/>als hier entgegen streben werde, wo keine Schwach-<lb/>heit mich mehr irre leitet. Doch ist es dein Wille<lb/>daß ich noch hienieden walle so laß mich noch auf<lb/>irgend eine Weise für die Meinen oder andre nütz-<lb/>lich sey, laß mich beweisen was man im Vertrauen auf<lb/>deine Hilfe tragen u thun kann!</p></div><div xml:id="d23412098" corresp="d907134" ><head resp="#editor">Tagebucheintrag<date> 02.08.1826 </date></head><pb n="21"/><p>26 8 2<lb/>Es fängt mir an <rs ref="#i910645" type="object">hier schwer zu werden</rs>, da die Gesundheit <lb/>meiner <rs ref="#i835836" type="person">Tochter</rs> sich gar nicht zu bessern scheint (vieleicht<lb/>nur scheint) auch ich fühle mich ermattet u besorge das <rs ref="#i903712" type="object">Bad<lb/></rs>u Waßer hätten mich zu viel angegriffen: ich wills nun aufgeben<lb/>ich wünsche ich wäre schon bei Hause dan vor der Reise ist<lb/>mir bange; ich besorge and. beschwerlich zu fallen, doch<lb/>es wir der Himmel Hilfe geben! Wenn wir beide stärker<lb/>wären so könnte der hiesige Aufenthalt angenehm seyn.<lb/>Wir hätten angenehme Gesellschaft, unter welchen sich Fr<lb/><rs ref="#i869303" type="person">Fellenberg</rs> von <rs ref="#i873159" type="object">Bern</rs> auszeichnet, eine Fr. von vielem Geist,<lb/><rs ref="#i874090" type="object">von edlem Gefühl</rs> fürs Gute und einer Bildung fürs</p><pb n="22"/><p>gesellschaftliche Leben die Jedermann für sie einnimmt, aber<lb/>uns arme Basler mit all unserm Wissen u Können<lb/>fast darniederschlägt. Ich fühlte es schon lange aber<lb/>jetzt mehr als je daß ich mich von aller <rs ref="#i874226" type="object">Gesellschaft<lb/></rs>zurückziehen muß: mein <rs ref="#i873825" type="object">übles Gehör</rs>, u sonstige Unge-<lb/>wandtheit nöthigt mich dazu; desto nothwendiger<lb/>ist mir stille zweckmässige Thätigkeit, in so fern mir<lb/>Gott noch Kräffte dazu verleiht. Wäre mein <rs ref="#i910748" type="object">Haus-<lb/>bau</rs> doch vollendet! Zuweilen nehme ich Intressen<lb/>daran, aber dan wieder scheint es mir so unge-<lb/>räumt für meine kleine Spanne Leben noch so viele<lb/>Mühe mir zu geben; aber wie könnte ich mich anders<lb/>einrichten? Nun Gott wird es lenken, soll ich mich<lb/>noch vorher <rs ref="#i874141" type="object">zur ewgen Ruhe</rs> legen, so folge ich<lb/>freudig seinem Ruffe.</p></div><div xml:id="d23412101" corresp="d907143" ><head resp="#editor">Tagebucheintrag<date> 02.09.1826 </date></head><pb n="29"/><p>1826 9 2 <lb/>Seit dem 22 dieses Monaths bin ich von der <rs ref="#i873866" type="object">Reise<lb/></rs>von [<rs ref="#i873159" type="object">unles</rs>.] zurück: mit vielen Beschwerden<lb/>war diese Abwesenheit u Reise vermischt; die üble<lb/>Beschaffenheit der<rs ref="#i898746" type="object"> Gesundheit meiner <rs ref="#i835836" type="person">Tochter</rs></rs>, ihre<lb/>Abneigung gegen den dortigen Aufenthalt u so<lb/>manches Andre, besonders die <rs ref="#i910740" type="object">Unthätigkeit</rs> in der<lb/>ich mich befand: das<rs ref="#i874226" type="object"> stätte Gewimmel</rs> von unthätigen<lb/>nach Genuß haschenden Menschen, war nicht nach</p><pb n="30"/><p>meinem Sinn. Zwar bleibt mir noch manche ange-<lb/>nehme Erinnerung über Sachen die ich gesehen<lb/>über Menschen die ich getroffen, und die Hoffnung<lb/>daß in der Folge die<rs ref="#i903712" type="object"> Cur </rs>auf meine Tochter<lb/>Gesundheit noch günstig wirken werde, ist mir<lb/>Befriedigung. Auch meine Gesundheit scheint mir<lb/>dabei gewonnen zu haben. Mein Kopf ist <rs ref="#i910699" type="object">heitrer<lb/></rs>ich kann ruhiger aufs trübe u erfreuliche hinblicken<lb/>und mich stille u Gott ergeben! Möchten nur meine<lb/>beiden <rs ref="#i835836" type="person"><rs ref="#i868068" type="person">Töchter</rs></rs> gesünder seyn! Doch auch darin will<lb/>ich mich in Gottes Fügung ergeben.<lb/>Morgen werde ich zum h <rs ref="#i873922" type="object">Abendmahl</rs> gehen, ich hoffe<lb/>in einer wahren christlichen Stimmung u mit der<lb/>demüthigsten Dankbarkeit gegen Gott, auch mit<lb/>dem besten Entschlu die Kräffte so mir verliehen<lb/>nach dem Beispiele unsers göttlichen Heilandes,<lb/>so viel in meinen Kräften liegt, anzuwenden, auch<lb/>die Fehler so mir noch ankleben, Menschenscheue, Eigenliebe,<lb/>Mistrauen, ganz abzulegen, dazu verleihe mir Gott Krafft.</p></div><div xml:id="d23412105" corresp="d907152" ><head resp="#editor">Tagebucheintrag<date> 16.09.1826 </date></head><pb n="31"/><p>26 8 16<lb/>Ich wandle ruhig vertrauend auf Gottes gütige Leitung<lb/><rs ref="#i874141" type="object">meine sich neigende Bahn</rs>. Was wäre ich wenn ich<lb/>nicht mit wonnevoller Hoffnung auf ein künftiges<lb/>bessers Daseyn vertraute! Wenn das nicht den Schmerz<lb/>über so manches Leiden das die Meinigen drückt,<lb/>erhübe! Gott möge alle ihre Leiden zum Guten,<lb/>zu ihrer Veredlung führen! Bald ist unser Aller<lb/>Ziel hienieden vollendet; welch selger Gedanke, daß<lb/>wir dan ferne von schwächlichen Vorurtheilen, von<lb/>kindischen Sorgen von ängstlichen Mühen, uns in Liebe<lb/>umfaßen, uns vereinigen werden mit andern<lb/>edlern Geistern Christ u Gott nächer, immer heller<lb/>schauen werden.<lb/>Wie schmerzlich ist es zu sehen wie Menschen die man<lb/>liebt, die man so gerne glücklich sehen möchte, sich<lb/>durch Eigenheiten, krankhafte Empfindlichkeiten, sich<lb/>das Leben verbittern. Möge ihnen Gott Gesundheit und<lb/> </p><pb n="32"/><p>Ruhe schenken, u ihre sonst so wohlwollenden Herzen mehr<lb/>Stärke verleihn!</p></div><div xml:id="d23412108" corresp="d907166" ><head resp="#editor">Tagebucheintrag<date> 19.09.1826 </date></head><pb n="32"/><p>26 9 19<lb/>Die Zurüstungen zu meinem <rs ref="#i910748" type="object">künftigen Wohnsitze</rs> kosten<lb/>mich mehr Mühe u nehmen mir den Kopf mehr ein<lb/>als <del>für</del> mein sich nach Rhue sehnendes Gemüth gut ist,<lb/>als für <rs ref="#i873943" type="object">mein Alter</rs> paßt: nichts kann mich darüber<lb/>beruhigen als den <rs ref="#i874895" type="object">guten Zweck</rs> bei der Sache. Sollte<lb/>er auch nicht zu Stande kommen können so soll mein<lb/>Vorhaben mir genügen. Ich suche nicht einen glän-<lb/>zenden nur zur Bequemlichkeit eingerichteten Wohnsitz,<lb/>sondern einen wo ich in <rs ref="#i874077" type="object">gutes wirkender Thätigkeit<lb/></rs>den Rest meiner Tage beschließen könnte, darnach<lb/>ringe ich, u bitte Gott meinen Absichten günstig zu seyn!<lb/>Doch sein Wille geschehe. Ich muß aber die Sache<lb/>so einrichten daß sie auch meinen Kindern ange-<lb/>nehm ist u zu ihrem Vergnügen abzwecken kann,<lb/>auch so daß sie sich in keinem Fall mit Recht über<lb/>mein Thun beschweren können.</p><p>[33] </p><p>[xxx]<rs ref="#i910645" type="object"> alles drückt so<lb/>schwer auf meinem matten Herzen </rs>daß ich Gott<lb/>bat mich bald<rs ref="#i874141" type="object"> von hinnen zu ruffen</rs>! O kennten<lb/>die l Meinigen mein zu weiches Herz sie würden<lb/>es besser schonen! Alles war mir lästig ich hätte<lb/>so gerne allen Baugeschäfften entsagen, wünschte<lb/>mich in ein kleines Logis wo ich in der Stille meinem<lb/>nahen Ende entgen sehn u mich mit den Hoffnungen<lb/>einer bessern Weld zu beruhigen. Ich machte Luft<lb/>nahm etwas zur Besänftigung, las [unles.] im Ev. Johannes<lb/>betete zu Gott! U entschlief sanft. Beim Erwachen</p></div><div xml:id="d23412111" corresp="d907175" ><head resp="#editor">Tagebucheintrag<date> 03.10.1826 </date></head><p>26 10 3<lb/>Ich lese „<rs ref="#i869847" type="person">Muraviel Apostol</rs>, <rs ref="#i910873" type="book_etc">Reisen in Taurien</rs>“ ein Buch<lb/>das mehr für Alterthums u Geschichtforscher als für mich<lb/>geschrieben ist: doch dem liebenswürdigen gefühlvollen<lb/>Reisenden folgt man gerne auch auf dunkelm unbe-<lb/>kanntem Pfade, u kann sich nicht trennen; mir gefiel<lb/>äusserst wohl was er Seite 141 – sagt nach dem er<lb/>einen <supplied>au</supplied> sehr gefahrvollen Weg an der südlichen Spitze<lb/>Taurien geendet hate u in einen gemächlichen, einförmigen<lb/>kam „Ich fühlte Lange Weile, ich suchte sie zu zerstreuen.<lb/>Ich wandte mich in Gedanken zu jenen malerischen ge-<lb/>fährlichen Gegenden, und endeckt noch einen andern Grund</p><pb n="35"/><p>meiner Langen weile welcher weit stärcker auf mich<lb/>wirkte als der erstere. Es that mir leid mich von<lb/>den Abgründen u Abschüßigkeiten zu trennen, in denen ich<lb/>mehrere Tage hinum gewandert war. Das ist ein höchst<lb/>sonderbares Geführ, welches den Menschen Gefahren<lb/>zu gleicher Zeit lieben und fürchten läßt, das lieben<lb/>läßt was mit der fürchterlichsten Zerstorung in der<lb/>Natur bedroht! .. Wenn die Gefahren den Menschen<lb/>mit der Zerstörung bedrohen, so geben sie ihm<lb/>auch die Fähigkeit sein Daseyn lebendiger zu fühlen<lb/>worin das wahre Leben der Seele besteht. Und in<lb/>der That was nimmt den Krieger so leidenschaftlich<lb/>für seinen Stand ein, wo ihn der Tod auf jedem Schritt<lb/>bedroht, als eben dieses lebhafte Gefühl seines Daseyns<lb/>oder mit andern Worten das innere Bewußtseyn<lb/>seines kräftigen Willens, der Alles, u so gar die<lb/>von der Natur selbst, in unser Herz gelegte Furcht vor<lb/>der Zernichtung überwältigt.“ Nach dem er die<lb/>Lange weile der Krieger u Andrer in großer Thätigkeit</p><pb n="36"/><p>gestandner u nun in Ruhe versetzter Menschen [unles.]<lb/>sagt er: „Folgt nun daraus daß jeder Mensch Gefahren<lb/>aufsuchen soll? Ganz gewiß nicht: aber es folgt <lb/>daraus die unbestreitbare Wahrheit, daß ein jeder <lb/>die Verpflichtung hat, seinem Leben ein hohes Ziel zu<lb/>stecken nach dem er streben soll, u das er nie <lb/>erreicht; – denn wir sind nicht gebohren um zu<lb/>haben, sondern um zu wünschen, nicht zu geniesen<lb/>sondern im Genuße zu suchen ... Aber wo sind<lb/>sie?[“] – Nachdem er die verschiednen Bestrebungen<lb/>der Menschen Genüße zu suchen durch gangen sagt er:<lb/>„Wo soll man dan Schutz gegen die Folter des mensch-<lb/>lichen Herzens suchen?          <lb/>In sich selbst in dem festen unwandelbaren Wille,<lb/>nützlich zu seyn, mit einem Wort in der Tugend,<lb/>welche allein keine Übersättigung kennt, allein die Wün-<lb/>sche nicht erschöpft, welche allein aus jedem Genuß<lb/>eine neue Hoffnung aufblühen läßt; deren Wirkung<lb/>überall u deren Ziel so wohl hier als jenseits der</p><pb n="37"/><p>Gränze des Lebens liegt. Glücklich ist der einen<lb/>Freund, welcher von dieser großen Wahrheit durch-<lb/>drungen ist, und noch hundertmal glücklicher der<lb/>welcher sie zu seiner treuen Lebensgefährtin wählt.<lb/>Er kennt keine Langeweile; u umwölkt sich sein<lb/>Geist auch zuweilen, so ist es doch nicht auf lange.<lb/>So verschwindet auf einem reinen Spiegel der<lb/>Anhauch des Athems in einem Augenblick, u macht<lb/>den Glanz nur noch heller u glänzender.“<lb/>Wie herrlich u tief zu beherzigen!<lb/>Obiges hat mir eine Art von Beruhigung gewahrt:<lb/>denn ob ich gleich nicht von Langerweile litt, so war<lb/>u ist noch oft ein Misbehagen in mir, seit dem ich<lb/>von den vielfältigen Geschäften in <rs ref="#i874470" type="object">St. Ap.</rs> abgeruffen<lb/>bin; dort war die Anwendung meiner Kräffte, ob<lb/>gleich zuweilen etwas lästig, mir doch Genuß; in<lb/><rs ref="#i874077" type="object">erhöhter Thätigkeit</rs> vermehrte sich das Lebensgefühl:<lb/><rs ref="#i910740" type="object">jetz stocket es</rs>. – That ich dan nicht wohl mir neue<lb/>Beschäftigung zuzubereiten? Oft bin ich satt u argerlich</p><pb n="38"/><p>darüber, da das viele sinnen u denken zu nichts<lb/>abzweckt als mir eine schickliche Wohnung zu verschaffen<lb/>die – ich vieleicht nicht mehr beziehn werde!<lb/>Was thuts? So lange ich<rs ref="#i910748" type="object"> bauen lasse</rs>, setze ich<lb/>Menschen in Thätigkeit gebe ihnen von meinem, mir<lb/>u den Meinigen Entbehrlichen, was zu verdienen,<lb/><rs ref="#i873943" type="object">auch meine Kräfte erhalte ich in Übung</rs>, zur künftig<lb/>mir <rs ref="#i874895" type="object">vorgesteckten wohlthätigen Thätigkeit</rs>.<lb/>Soll ich leben so gelobe ich <supplied>so gelobe ich</supplied>  meine Kräfte<lb/>gut anzuwenden, soll <del>ich</del> von hier ins bessre Leben, so<lb/>so scheide ich mit den schönsten Hoffnungen, folge gerne<lb/>Gottes Ruff. Allso getroß u muthig du oft gräm-<lb/>liche Seele!</p></div><div xml:id="d23412114" corresp="d907184" ><head resp="#editor">Tagebucheintrag<date> 04.10.1826 </date></head><pb n="38"/><p>26 10 4<lb/>Von unsern Gedanken u Handlungen geben es welche,<lb/>die von den Menschen nicht geschätzt, nicht beachtet<lb/>werden, u doch sind es die welche in unserm Inneren<lb/>Ruhe u Heiterkeit verbreiten. Wie wahr sagt<lb/>unser <rs ref="#i873922" type="object">göttlich Evangelium</rs> „suchet nicht Ehre von den<lb/>Menschen.“ Möchte ich nur einmal hierin ganz frei werden,</p><pb n="39"/><p>mit aller Sorgfalt nichts thun denken u reden was gegen<lb/>die christliche Liebe ist: u dan sich über das allgemeine<lb/>Urtheil trösten. Immer ist es wohl dem Menschen etwas<lb/>schmerzlich wenn er ungerecht beurtheilt, besonders<lb/>wenn solch Urtheil von denen herkömmt die man liebt;<lb/>doch auch dan Geduld u verdoplung unsrer Wachsam-<lb/>keit, u flehen zu Gott.</p></div><div xml:id="d23412117" corresp="d907193" ><head resp="#editor">Tagebucheintrag<date> 06.10.1826 </date></head><pb n="39"/><p>26 10 6<lb/>Es kömmt mir oft sonderbar vor wie mir alles mit<lb/>dem <rs ref="#i910748" type="object">Ankauff meiner neuen Landstücke</rs>, so ganz<lb/>über Erwartung gelingt; zwar kommen sie mich<lb/>höcher zu stehn als ich gewünsche, als ich mir<lb/>vorgenommen hatte dafür zu geben: doch ich soll mich<lb/>ja darüber nicht grämen, habe ich nicht dieses<lb/>Jahr mehr als den ¼ Theil des Werths dieser Land-<lb/>stücke an meinen Einkünften beiseite gelegt!<lb/>U ein Gleiches werde ich künftige Jahre thun können<lb/>wenn ich noch lebe; u sollte <rs ref="#i874141" type="object">ich bald sterben</rs> so werden<lb/><rs ref="#i904085" type="object">diese Landstücke meinen Kindern</rs> sicher immer den<lb/>Werth haben für den ich sie angekaufft habe, auch<lb/>wenn ich sie nicht mehr verbessern Zeit hätte.</p><pb n="40"/><p>Sollte dan eines der Meinige es für sich behalten<lb/>wollen, wie süß ist mir der Gedanke daß meine<lb/>Kinder u Enkel, unter den Bäumen ruhen werden<lb/><rs ref="#i873943" type="object">die ich im Alter gepflanzt</rs>, ohne zu hoffen noch zu<lb/>wünschen unter ihrem Schatten zu ruhen, noch von<lb/>ihren Früchten zu geniesen.<lb/>Ein Spottgeist fragte letzthin meinen <rs ref="#i837130" type="person">Bruder</rs>, ob<lb/>ich dan noch dächte unter dem Schatten der Bäume<lb/>zu weilen die ich pflanzen werde? O der kennt die<lb/>Freude nicht für die Nachweld zu arbeiten.<lb/>Auch das Bauen wird mich höcher kommen als ich<lb/>dachte, doch meine Kräfte nicht übersteigen!<lb/>Es war immer mein Grundsatz mir wenig Bedürf-<lb/>nisse zu machen, mit wenigem zufrieden zu seyn<lb/>u mich daran zu erfreuen: was ich an entbehrlichen<lb/>Sachen erspare u dan zu wohlthätigen Zwecken<lb/>anwende, nur das kann ich als Wohlthun von mir<lb/>ansehn, nicht wenn ich hingebe was Überfluß ist. <lb/>Ich glaube nicht daß ich dieses Jahr im Geben</p><pb n="41"/><p>kärglich gewesen sey: – u doch habe ich mir<lb/>ein artiges erspart. Sparsamkeit u Ordnung<lb/>im Kleinen ist wichtiger als man oft denkt, u<lb/>setzt in Fall das Größre bestreitten zu können,<lb/>Letzres kömmt selten, Ersters täglich u stündlich vor.</p></div><div xml:id="d23412120" corresp="d907202" ><head resp="#editor">Tagebucheintrag<date> 07.10.1826 </date></head><pb n="41"/><p>26 10 7<lb/>Der <rs ref="#i873852" type="object">Brief</rs> von <rs ref="#i873838" type="object">Jf. St</rs>. hat mich sehr gefreut: ich glaube<lb/>sie versteht meine <rs ref="#i874895" type="object">Absichten</rs> u heißt sie gut; nicht<lb/>daß ich ihr mehr Einsicht als den Meinigen zu schreibe,<lb/>aber sie sieht die Sache von einem weniger um-<lb/>nebelten Standpunkt an u da kann sie besser urtheilen.<lb/>Ich werde jämmerlich <rs ref="#i910748" type="object">mit meinem Baue </rs>aufgehalten,<lb/>das macht mir Mühe, nicht allein in Rücksicht meines<lb/>angenehmeren wohnens, besonders aber daß ich<lb/>Zeit verliere mein anderes Vorhaben zu beginnen.<lb/>Ware die Bauarbeit nur einmal fest beschloßen<lb/>so wäre mein Kopf wieder etwas freier, u ich<lb/>fürs Andere vorarbeiten. Doch ich will mein Möglichstes<lb/>thun u dan mich mit Geduld bewaffnen.</p></div><div xml:id="d23412123" corresp="d907211" ><head resp="#editor">Stimmung<date> 08.10.1826 </date></head><pb n="42"/><p>26 10 8<lb/>Die edelsten Gaben welche die Gottheit den Menschen ver-<lb/>liehen, sind auch die deren Misbrauch das schrecklichste<lb/>Unheil in der Weld angerichtet haben. Was haben<lb/>nicht falsche Religionsbegriffe gethan! Ist nicht<lb/>diese Fähigkeit sich zu Gott zu erheben die edelste<lb/>die erhabenste im Menschen? Ihr folgt an Würde<lb/>die Fähigkeit zu lieben: u auch diese, wie hat sie<lb/>erre geleitet, nicht Unheil in der Weld gestiftet!<lb/>Könnte man bei den Kindern diese beiden Fähigkeiten<lb/>richtig leiten, wäre nich das Meiste, nicht beinahe<lb/>alles gethan! Aber leider, wie wenig Menschen, wie<lb/>wenig Lehrer haben richtige <rs ref="#i873922" type="object">Religionsbegriffe</rs>,<lb/>wie wenige sind der wahren Liebe fähig! U verstehen<lb/>den Spruch des Evangeliums, der die Summe aller<lb/>Gebote enthält „Liebe Gott über alles u deinen Näch-<lb/>sten als dich selbst.“</p></div><div xml:id="d23412126" corresp="d907220" ><head resp="#editor">Tagebucheintrag<date> 10.10.1826 </date></head><pb n="42"/><p>26 10 10<lb/>Es ist nothwendiges Bedürfnis meines Geistes, mich <lb/>täglich <supplied>mich</supplied> auf kurze Zeit <supplied>mich</supplied> <rs ref="#i873831" type="object">mit Aufzeichnung</rs> meiner</p><pb n="43"/><p>Gedanken zu beschäfftigen: komme ich dazu es <rs ref="#i873990" type="object">des Morgens<lb/>zu thun</rs>, so ist mir auf den ganzen Tag wohl, versäume<lb/>ich’s so empfinde ich das Übelbehagen eines unbefrie-<lb/>digten nothwendigen Bedürftnißes. Ich muß meine<lb/>Zeit besser eintheilen u meine kleinen <rs ref="#i873908" type="object">Geschäfte</rs> so eintheilen<lb/>daß mir Zeit u Ruhe bleibt meinen Geist zu befriedigen<lb/>u dabei meine Geschäfte in Ordnung halten u alle Pflichten<lb/>der Anständigkeit <del>u Liebe</del> <rs ref="#i873957" type="object">gegen Verwandte u Freunde</rs> zu er-<lb/>füllen. Ich spüre das <rs ref="#i873943" type="object">Alter</rs> in allen meinen Verrichtungen<lb/>alle brauchen Weile, doch ist mein Kopf <rs ref="#i910699" type="object">heiter</rs> u ich<lb/>mache alles mit mehr Ruhe u Ordnung als früher.<lb/>Ich kann Gott nicht genug danken für die Kräffe<lb/>so er mir verleiht u für das Gelingen dessen was<lb/>ich beginne besonders für die Gefälligkeit von Menschen<lb/>an die ich gar keine Ansprüche habe. O möchte nur<lb/>meine<rs ref="#i899009" type="object"> dringenden Wünsche für das Besser</rs> befinden, der lieben<lb/>Meinigen auch von Gott erhört werden!</p></div><div xml:id="d23412129" corresp="d907229" ><head resp="#editor">Tagebucheintrag<date> 12.10.1826 </date></head><pb n="43"/><p>26 10 12<lb/>Je mehr Ungemach ich mit den Anordnungen zu meinem<lb/><rs ref="#i910748" type="object">künftigen Bau</rs> habe, je mehr fällt es mir schwer meinen<lb/>Kindern dadurch Mühe u Schaden zuzufügen wenn ich</p><pb n="44"/><p>eine Wohnung muß ich haben: u so gar meinen<lb/>Kindern zu gefallen eine geräumige u anständige<lb/>auch ist es Pflicht gegen mich mir eine Solche<lb/>zu verschaffen die meiner <rs ref="#i873825" type="object">Gesundheit</rs> u meinem <lb/>Geschmack angemessen ist; eben so Pflicht gegen<lb/>meine Mitmenschen, das mir von Gott verliehne<lb/>Vermögen so zu gebrauchen, daß der thätige Fleiß<lb/>dadurch aufgemuntert u belohnt werde. Es bleibt<lb/>mir daneben noch genug um <rs ref="#i874226" type="object">Arme zu unterstützen<lb/>u wohlthätige Anstalten</rs> zu befödern zu helfen,<lb/>welches der Hauptzweck meines Strebens, meine<lb/>einzige Freude ist. Das Gebäude wird mich nie<lb/>so hoch kommen daß der Zins davon so hoch kömmt als<lb/>wenn ich ein anständiges <rs ref="#i875143" type="object">Haus in der Statt, u eine<lb/>kleine Wohnung auf dem Lande</rs> habe; allein ich wünsche<lb/>für mich daß sie mich so nieder als möglich käme um<lb/>desto mehr zu meinem <rs ref="#i874895" type="object">Lieblingsplan</rs> anwenden zu können!<lb/>Auch für die Meinigen, damit nach meinem Tod es nicht zu <lb/>kostbar wäre, um einem derselben als Landhaus zu dienen?</p></div><div xml:id="d23412132" corresp="d907238" ><head resp="#editor">Tagebucheintrag<date> 13.10.1826 (?) </date></head><pb n="45"/><p>26 11 13 [?]<lb/>Es ist lieblich mit gleichgestimmten Seelen seinen Weg<lb/>durchs Leben zu wandeln, von ihnen aufgemuntert,<lb/>gutgeheisen, o wie viel leichter schreiten wir weiter,<lb/>bekämpfen Hinderniße und erreichen das Ziel!<lb/>Doch nicht Jedem wird diese Wohlthat zu Theil,<lb/>wie Mancher  wird in den besten Überzeugungen<lb/>seines Innern von seinen Umgebungen ja von denen<lb/>an welchen sein Herz hängt wiedersprochen, mis-<lb/>billigt, o dan wird’s ihm schwer, dann bedarf er<lb/>des festen Vertrauen auf seinen <rs ref="#i873922" type="object">Gott</rs> seinen Heiland.<lb/>Auch der Gedanke daß edle Lebende, u auch schon<lb/>Hingeschiedne, mit uns übereinstimmen, muntert<lb/>uns auf. O edler Geist meines verklärten <rs ref="#i867825" type="person">Vaters</rs>,<lb/>wie oft hat der Gedanke daß du mir zulächelst,<lb/>meinen wankenden Muth aufgerichtet! Belebe mich<lb/>ferners und überzeuge mich des Wohlgefallen<lb/>Gottes. O selges Wiedersehn! Wer dieses mit festem<lb/>Glauben hofft geht getrost seinen Lebenspfad, sieht<lb/>mit Wonne seinem <rs ref="#i874141" type="object">Hingang</rs> entgegen!</p><p>.</p></div><div xml:id="d23412135" corresp="d907247" ><head resp="#editor">Tagebucheintrag<date> 13.10.1826 </date></head><pb n="46"/><p>26 11 13<lb/>Der Menschen Wohl ist ausser der Liebe Gottes die erste<lb/>Tugend u fließt aus ihr: wenn ich den Menschen wohl<lb/>thue so ist die Absicht sie zufrieden zu stellen, sie<lb/>dankbar gegen Gott, mit ihrem Zustande vergnügt<lb/>zu machen; dieses wird nicht wiederlegt werden<lb/>können! Wir gestehn hiemit ein daß es Gottes Wille<lb/>sey die Menschen froh zu machen, u doch machen<lb/>wir uns selbst so viele Plagen! Glauben oft durch<lb/>unser ängstliches kümmerhaftes Wesen, frommer u<lb/><rs ref="#i873922" type="object">Gott</rs> gefälliger zu seyn, der uns doch in der Natur, in<lb/>unserm Körper u Geist, in den Führungen die er<lb/>mit dem Menschengeschlecht so allgütig begonnen<lb/>unzählige Quellen des Vergnügens u Verpflichtungen<lb/>des Dankes gegen ihn, gegeben hat.<lb/>Sollte man’s sich denn nicht am ersten angelegen seyn<lb/>lassen die Kinder auf alle Wohlthaten Gottes, aufmerk-<lb/>sam u dankbar zu machen! Wie sehr würde das zu ihrer <lb/>Genügsamkeit, zu ihrem Glück beitragen!<lb/>Genügsamkeit u Mäsigkeit erzeugt Gesundheit,<lb/>bringt Thätigkeit, diese Frohsinn u Zufriedenheit.</p></div><div xml:id="d23412138" corresp="d907256" ><head resp="#editor">Tagebucheintrag<date> 15.10.1826 </date></head><pb n="47"/><p>26 10 15<lb/>Seit ein pr Tagen fühle ich mich <rs ref="#i910645" type="object">matt</rs> alles kömmt mir<lb/>zu schwer vor; ich glaube das <rs ref="#i898746" type="object">Leiden</rs> meiner guten<lb/>Schwester<rs ref="#i868105" type="person"> W.</rs> hat mich angegriffen, Gott sey Dank<lb/>daß es etwas besser geht. Es ist so schmerzlich<lb/>alle die so dem Herzen nache sind so hinwelken sehn<lb/>so frühe hinwelken zu sehn oder doch leidend zu sehn<lb/>wie jetz meine lieben <rs ref="#i835836" type="person"><rs ref="#i868068" type="person">Töchtern</rs></rs>! Doch <rs ref="#i874141" type="object">alles welkt<lb/></rs>dahin früher oder später, es ist der Lauf der <lb/>Natur, von Gott so geordnet; aber auch von Ihm<lb/>ist’s in unser Herz gepflanzt mit den Leidenden<lb/>zu leiden.<lb/>Der <rs ref="#i910748" type="object">Bau meines Hauses</rs>, die<lb/>nicht gänzliche Beistimmung der Meinigen, alles<lb/><rs ref="#i910645" type="object">fält mir schwer</rs>: u doch kann ich einmals nicht einsehn<lb/>wie ich’s anders machen könnte, auch wenn ich noch nicht<lb/>so weit wäre! Kann ich dem Rath meines <rs ref="#i835869" type="person">Sohns<lb/></rs>unbedingt folgen? Ihm der zuerst gewaltig zürnte<lb/>daß ich <rs ref="#i874470" type="object">St. Ap</rs>. verkaufft, der dan alles anwand-<lb/>te um mich den <rs ref="#i910940" type="object">Meienfels</rs> kauffen zu machen, der<lb/>trachtet mein Vorhaben aufzuschieben, der wie ich<lb/>glaube im Grund was andres wünscht, das aber am</p><pb n="48"/><p>unpassendsten für mich wäre u das gänzlich durch<lb/>seine Schuld. Wie könnte ich ihm folgen! Er meint es<lb/>wohl nicht böse, allein ohne seinen Willen thut er<lb/>oft sehr wehe. Jetz glaubt er daß ich mein Haus<lb/>anders stellen soll als ich mirs aus wohl überlegten<lb/>Gründen; erstens möchte ich nicht ferne von einer<lb/>andern Wohnung seyn, zweitens das Nebengebäude<lb/>zum Schutz gegen die Nord Winde setzen, dritens<lb/>meine Wohnung etwas in Schutz der Bäume, nicht<lb/>aufs freie offne Feld stellen: Nach seinem Sinn käme<lb/>der Vordertheil des Hauses eben gegen die Seite<lb/>vor welcher ich mich schützen möchte, u alles <supplied>was</supplied><lb/>was mir passend scheint fiele weg. Nun muß ich<lb/>in Gottes Namen meinem eignen Plan folgen.<lb/>Ich hoffe in der Folge werde er finden daß ich’s<lb/>recht machte! Wie unglücklich macht er sich<lb/>durch seinen Geist des Wiederspruchs der alles<lb/>tadelt was andre machen, u doch so oft auch in der<lb/>Folge bereut was er gemacht hat. Gott gebe ihm Ruhe!</p></div><div xml:id="d23412141" corresp="d907265" ><head resp="#editor">Tagebucheintrag<date> 16.10.1826 </date></head><pb n="49"/><p>26 10 16<lb/>Wenn mir oft <rs ref="#i910645" type="object">trübe</rs> ist u keine Möglichkeit sehe mein<lb/>l<rs ref="#i874895" type="object">ieblings Vorhaben</rs> ins Werk zu setzen, so schickt der<lb/>Himmel mir wieder einen Stern der <rs ref="#i910653" type="object">Hoffnung</rs>; so wie ich<lb/>gestern zu <rs ref="#i873838" type="object">Fr. Lip</rs>.[?] kam traf ich dorten ihre <rs ref="#i873838" type="object">Tante Jf. H.<lb/></rs>Ich hatte sie auch schon einmal gesehn u größtes Gefallen<lb/>an ihr gehabt, doch erkannte ich sie nicht im Augenblick<lb/>ob gleich <rs ref="#i874090" type="object">ihr Ansehn</rs> mich äusserst ansprach; sie<lb/>besorgt seit 16 Jahren das <rs ref="#i911482" type="object">Armenhaus in Liestall</rs>, durch den<lb/>Tod <rs ref="#i873838" type="object">ihres Vater</rs>, der dort Pfleger war, wird sie dieses<lb/>Geschäfts auf künftig Neujahr entledigt. Der stille<lb/>Schmerz den man ihr an ihren naßen Augen ansahe,<lb/>als vom Verlassen dieser wohlthätigen Beschäfftigung<lb/>die Rede war äusserte, ihre ganz ungezierte<lb/>Bescheidenheit, ihr ganzes Wesen nahm mein Gemüth<lb/>so ein, eine innre Stimme flüsterte mir ein, „das<lb/>ist die Person die deine Absichten ins Werk setzen<lb/>kann“ Gott gebe es! Diesen Morgen fiel mir in<lb/>dem schönen Buch „<rs ref="#i911491" type="book_etc">Gott mit dir</rs>“ eine treffliche Stelle<lb/>auf, die mir wie aus dem Herzen geschrieben war,<lb/>Seit[e] 178. „Glaube es nur der Mensch bedarf zum<lb/>Glück wenig, u ein zufriednes ist ein reiches Herz.</p><pb n="50"/><p>nichts sättigt aber u nichts ermattet eher, als zu<lb/>häuffiger Freudengenuß; nichts verfeindet eher<lb/>mit dem Daseyn, als unthätiges Umhergehen; nur<lb/>ein gemeinnütziges ist ein werthvolles Daseyn;<rs ref="#i885365" type="book_etc"> ein<lb/>unnützes Leben ist ein früher Tod</rs>; nur wenn man<lb/>Gutes wirkt ist das Daseyn schön. Arbeit ist ein<lb/>hocher Genuß, ein ächtes Glück; Mühe u Anstrengung<lb/>das daurendste unter den vergänglichen Güttern<lb/>des Lebens<rs ref="#i911491" type="book_etc">“</rs>.</p></div><div xml:id="d23412144" corresp="d907274" ><head resp="#editor">Tagebucheintrag<date> 18.10.1826 </date></head><pb n="50"/><p>26 10 18<lb/>Wenn ich die Knaben der <rs ref="#i911515" type="object">L. Anstalt</rs> sehe macht<lb/>es mir immer ein großes Vergnügen; diese<lb/>Kinder kamen meist verwahrloßt vernachläßigt<lb/>dahin, jetzt sehn sie alle gesund kräfftig u.<lb/>heiter aus: ein neuer Beweis wie Arbeit<lb/>im Freien, stärkt u erheiter! Auch gesund<supplied>heit</supplied><del>e</del><lb/>u mässige Nahrung. Könnte man für die<lb/>höchern Stände, <rs ref="#i874895" type="object">Erziechungs Anstalten</rs> bilden, in<lb/>welchen Körper u Geist zugleich geübt u gestärkt<lb/>würden!</p></div><div xml:id="d23412147" corresp="d907283" ><head resp="#editor">Tagebucheintrag<date> 25.10.1826 </date></head><pb n="51"/><p>26 10 25<lb/><rs ref="#i873990" type="object">Es ist von großem Nutzen</rs> nicht zu wenig u nicht zu<lb/>viel Wichtigkeit in die kleinen <rs ref="#i873915" type="object">häuslichen Beschäftigungen<lb/></rs>zu legen, denn halt man sie für zu wichtig, versäumt<lb/>man darüber das Höchste u vergißt seiner wahren<lb/>Bestimmung. Halt man sie für zu geringe so berei-<lb/>tet man sich tausend Ungemach u Verdruß, und<lb/>beraubt sich der Befriedigung die aus jedem, auch<lb/>noch so kleinen, wohlverrichtetem <rs ref="#i873908" type="object">Geschäft</rs> in unser<lb/>Inners strömt.</p></div><div xml:id="d23412150" corresp="d907292" ><head resp="#editor">Tagebucheintrag<date> 27.10.1826 </date></head><pb n="51"/><p>26 10 27<lb/>Die Bemerkungen die mir meine Tochter<rs ref="#i868068" type="person"> V</rs>. über die<lb/>Lage wo ich <rs ref="#i910748" type="object">mein Haus hinbauen</rs> lasse, hat mich in schmerzliche<lb/>Verlegenheit gesetzt; ich thue gerne was meinen Kindern<lb/>Freude macht, allein wenn es gegen meine Überzeugung,<lb/>gegen das was meine Begriffe als gut u schicklich<lb/>einsehn, was meinem Geschmack entspricht, entgegen<lb/>läufft, so kann ich doch nicht ihren Willen thun!<lb/>Übrigens ist nun der Bau schon begonnen u würde<lb/>viele Unkösten verursachen wenn ich’s andern wollte,<lb/>auch mir viele Mühe machen, denn ich suche die länd-</p><pb n="52"/><p>liche Stille u mag das <rs ref="#i875143" type="object">Stattgeräusch</rs> nicht vor mir<lb/>haben. Mir kamen die Verse der Fürstin von<lb/>der<rs ref="#i869769" type="person"> Lippe</rs> an <rs ref="#i869445" type="person">Gleim</rs>, die uns <rs ref="#i869890" type="person">Niemeier</rs> in seinen <rs ref="#i903700" type="book_etc">Reisen<lb/></rs>Mittheilt in Sinn „Ein kleines Haus, in eines Waldes Mitte<lb/>das ist das Loos was ich mir einst erbitte“<lb/>Was folgt paßt nicht für mich; den beiden ersten<lb/>Versen möchte ich beifügen:<lb/>„Das Stattgeräusch soll ferne von mir bleiben,<lb/>fern <supplied>bleibe</supplied> <del>sey von</del> mir das unzweckmässig Treiben.<lb/>Geschäfftigkeit u nach der Arbeit Ruhe,<lb/>das froh Bewußtseyn daß ich Gutes thue,<lb/>der reine Blick in jene stille Flur<lb/>Gefühl von Gott in mir, u auch in der Natur;<lb/>Im Stillen sinnend nach der künftgen Wonne<lb/>Genies ich noch der schönen erden Sonne<lb/>Bereite mich auf Gottes Liebe Ruff,<lb/>der sorgt hier so wie dort, der mich zum Glück erschuff.[“]<lb/> </p><p>Wenn einmal das Haus stehn wird u meine Kinder</p><pb n="53"/><p>mich darüber zufrieden sehn, werden sie es auch<lb/>seyn, <rs ref="#i874045" type="object">sie wissen ja wie ich gegen sie denke</rs>!<lb/>[xxx]</p></div><div xml:id="d23412153" corresp="d907301" ><head resp="#editor">Tagebucheintrag<date> 30.10.1826 </date></head><pb n="53"/><p>26 10 30<lb/>So eben empfange ich einen <rs ref="#i873852" type="object">Bf</rs> von der kleinen <rs ref="#i836759" type="person">M.<lb/></rs>aus <rs ref="#i904317" type="object">Yv</rs>. Das Mädchen schreibt so herzlich daß es<lb/>mich zu Thränen beweckt: o möchte ihr Herz immer<lb/>so kindlich rein u ihr Sinn offen u gerade bleiben!</p></div><div xml:id="d23412156" corresp="d907310" ><head resp="#editor">Tagebucheintrag<date> 31.10.1826 </date></head><pb n="53"/><p>26 10 31<lb/><rs ref="#i873990" type="object">Wenn wir eine Sache vorhaben</rs> u sie <del>uns</del> noch nicht recht<lb/>klar gemacht haben so liegt sie uns schwer auf, erregt<lb/>Zweife[l] u Sorgen: haben wir sie ein Mal von allen Seiten<lb/>geprüft u richtig eingesehen, so wird uns leicht darüber.<lb/>So gieng es mir mit <rs ref="#i899265" type="object">meinem Güterkauff u dem Gebäude</rs>;<lb/><supplied>Es</supplied> es plagte mich es theurer zu kauffen u zu <rs ref="#i910748" type="object">erbau-<lb/>en</rs> als ich mir vorgenommen hatte: nun da ich aber<lb/>meine Berechnung gemacht, finde ich, daß nach Abzug</p><pb n="54"/><p>dessen was ich für Liegenschaft u Gebäude auslege<lb/>mir noch 6,000 Fr  Einkünfte bleibt, u darüber, mit 6000<lb/>[xxx]<lb/>beiseite, u kann dan den Ertrag des großten Theils<lb/>meiner Liegenschaft zu dem <rs ref="#i874895" type="object">mir vorgesetzten Ziel<lb/></rs>anwenden. Wenn ich 10 Ju[c]h[arten] dazu bestimme, so werden<lb/>diese, aufs geringste unter guter Anordnung, die ich<lb/>zum größten Theil selbst übernehmen werde 15 L[ouis]d’o[r]<lb/>eintragen (ich hoffe in der Folge auf mehr). Werden<lb/>dann nicht 6–10 Frauen u Jf. zu finden seyn, die ein Gleiches<lb/>u manche Andre wo dann mehrere zusamen einen<lb/>Antheil nehmen? Der Gedanke daß ich meine schöne<lb/>Hoffnung nicht aufzugeben brauche, macht mich froh<lb/>u heiter: Gottes Seegen war bei allem was ich bis<lb/>dahin began, möge ich so denken u handeln um mich ferner<lb/>dessen würdig zu machen!</p></div><div xml:id="d23412159" corresp="d907319" ><head resp="#editor">Tagebucheintrag<date> 01.11.1826 </date></head><pb n="55"/><p>26 11 1<lb/>Meine Freude über das gute Befinden der <rs ref="#i835836" type="person">Para</rs>.<lb/>ist nun wieder <rs ref="#i910645" type="object">getrübt</rs>. <rs ref="#i835852" type="person">Rudolph</rs> ist nun wieder<lb/><rs ref="#i898746" type="object">krank</rs>: möge es nur bald besser seyn, u er<lb/>nicht selbst an seinem Nichtwohlbefinden Schuld seyn!</p></div><div xml:id="d23412162" corresp="d907328" ><head resp="#editor">Tagebucheintrag<date> XX.XX.1826 </date></head><pb n="55"/><p>[unles.]     <lb/>Gott lob es geht besser.<lb/>Nun sind die ersten Steine zu meinem <rs ref="#i910748" type="object">Bau</rs> gelegt, es<lb/>steht bei Gott ob ich das Ende desselben erleben soll! Mit<lb/>Ruhe will ich die Zukunft abwarten. Der wahre<lb/>Christ sollte mit Heiterkeit die Wiederwärtigkeiten<lb/>des Lebens ertragen: u doch sehe ich Menschen die<lb/>mit Eifer darnach streben es zu seyn, sich über die<lb/>Ungemache des Lebens so abhärmen daß sie sich darüber<lb/>zu Grunde richten, auf welche keine Trostgründe<lb/>nichts wirken, die sich selbst, alles was aufrichten<lb/>sollte, sagen, u doch keine Ruhe finden! Wie wehe<lb/>thut das anzusehen! Ich glaube es rührt auch viel<lb/>von phisischer Schwäche her: Gott möge sie stärken!</p></div><div xml:id="d23412165" corresp="d907337" ><head resp="#editor">Tagebucheintrag<date> 02.11.1826 </date></head><pb n="55"/><p>26 11 2<lb/>Ich habe gestern im Morgenblatt recensionen über<lb/>Religiose Bücher durchgangen u habe mit Freuden</p><pb n="56"/><p>den Geist der Freiheit darinnen bemerkt: ich<lb/>will nicht urtheilen denn ich bin <rs ref="#i873964" type="object">zu schwach</rs> dazu,<lb/>aber was meinem innern Gefühl zuspricht, was<lb/>ich für die Menschheit als wohlthuend ansehe<lb/>das erfreut mich. Besonders gefiel mir eine<lb/>Ansicht, welche ein so trefflicher Beweis ist, daß<lb/>der Mensch zur <rs ref="#i873922" type="object">Religiositet</rs> geschaffen ist: zur<lb/>Bestättigung werden ein pr Werse von <rs ref="#i869458" type="person">Göthe</rs> beige-<lb/>fügt „Wär’ nicht das Auge sonnenhaft,<lb/>die Sonne könnt’ es nicht erblicken! <lb/>Läg nicht in uns des Gottes eigne Kraft,<lb/>Wie könnt’ uns göttliches entzücken![<rs ref="#i911558" type="book_etc">“</rs>]<lb/>Gott sey Dank ich fühle täglich mehr daß es keiner<lb/>weitläuffigen Untersuchung gebraucht um Beruhigung<lb/>über Religion zu erhalten: wer mit reinem Herzen<lb/>Gott sucht, wird ihn in u ausser sich überal finden.<lb/>Wer so die Bibel, ohne Vorurtheil liest wird finden<lb/>daß die ewige Güte sich den Menschen von jeher</p><pb n="57"/><p>geoffenbart: immer ihren Fähigkeiten gemäß, die Aus-<lb/>breitung dieses für die Menschheit so beglückenden<lb/>Schatzes ist die großte Wohlthat; was auch dagegen<lb/>mag gesagt werden! Wohl geschieht dieselbe auch<lb/>mit Fehlern, aber ist das nicht bei allem menschlichen<lb/>Beginnen der Fall!<lb/>Man hat der christlichen Religion den Vorwurf <lb/>gemacht, als gestatte sie keinen Muth keine Tapfer-<lb/>keit; wo Muth u Tapferkeit mit Gerechtigkeit<lb/>u Menschenliebe übereinstimmen, wer sollte mehr<lb/>Muth haben als der wahre Christ? Wo liegt ein<lb/>edlers Beispiel von Muth als in Christo unserm<lb/>Heiland, der uns aller Furcht entriß in dem er uns<lb/>Gott als unsern Vater kennen lehrte!</p></div><div xml:id="d23412168" corresp="d907346" ><head resp="#editor">Tagebucheintrag<date> 06.11.1826 </date></head><pb n="57"/><p>26 11 6<lb/>Wenn wir uns über das Betragen von <rs ref="#i874226" type="object">Launenhaften</rs>,<lb/>bittern u zornmüthigen Menschen kränken, thun wir<lb/>doppelt Unrecht, denn wären sie wirklich boshaft,</p><pb n="58"/><p>so würden sie sich darüber freuen u sich in ihrer<lb/>Bosheit bestärken? Sind sie das nicht, sondern<lb/>nur von Leidenschaft hingerissen, so werden sie<lb/>ihr Unrecht bereuen u wird sie darniederschlagen<lb/>um so mehr sie sehn daß sie uns gekränkt haben,<lb/>ja sie dadurch vieleicht von uns entfernen.<lb/>Dabei schaden wir uns selbst in dem wir uns <lb/>unnöthigen Kummer machen.</p></div><div xml:id="d23412171" corresp="d907355" ><head resp="#editor">Tagebucheintrag<date> 12.12.1826 </date></head><pb n="58"/><p>26 12 12<lb/>Ich komme<rs ref="#i873831" type="object"> so selten zum schreiben</rs>, welches doch eine<lb/>so große Erholung für mich ist; die vielerlei<lb/>kleine <rs ref="#i873908" type="object">Geschäfte</rs>, <rs ref="#i874148" type="object">Besuche</rs>, u besonders das <rs ref="#i910748" type="object">bauen<lb/><rs ref="#i873943" type="object"></rs>nehmen all meine Kräffte</rs> dahin. Werde ich<lb/>je noch auf dieser Erde zur <rs ref="#i910637" type="object">ersehnten Ruhe<lb/></rs>kommen!! Wo nicht hier doch vieleicht <rs ref="#i874141" type="object">bald dort</rs>.<lb/>Gott lob daß ich sie getrost u freudig erwarte.<lb/>Nebst aller meiner Unruhe habe ich doch die Zeit<lb/>über einig herrliche Bücher gefunden (unter denen<lb/>so ich zum Neujahrs Geschenk für meine Gßtöchtern</p><pb n="59"/><p>wählte) möchten sie ihnen Trost, Festigkeit u die<lb/>wahre Seelenruhe befödern helfen welche ihr<lb/>sonstiger Unterricht schon soll begründet haben!<lb/><rs ref="#i873825" type="object">Meine Kräffte </rs>scheinen mir seit einiger Zeit sehr<lb/>abzunehmen: ist es die <rs ref="#i873990" type="object">Wirkung</rs> des <rs ref="#i884071" type="object">Winters</rs>,<lb/>der <rs ref="#i875143" type="object">Stattluft</rs>, oders des <rs ref="#i873943" type="object">Alters</rs>? Oft liegt mir<lb/>dan mein angefangen <rs ref="#i910748" type="object">Gebäude</rs> etwas schwer,<lb/>allein ich kann meinen Entschluß doch nicht bereuen:<lb/>hätte ich was schon erbautes, das für den Aufenthalt<lb/>für Sommer u Winter dienlich gewesen wäre gefunden,<lb/>so hätte ich’s gewählt, wäre es auch mit weniger<lb/>Bequemlichkeit als das so ich nun bauen lasse, ver-<lb/>sehen gewesen, so hätte ich mich sehr gerne damit<lb/>begnügt, in der Hoffnung mein <rs ref="#i874895" type="object">lieblings Projekt<lb/></rs>desto sichrer [?] ausführen zu können; das fand sich<lb/>aber nicht, so mußte ich ans Bauen schreiten.<lb/>Ich denke es sey so der Wille des Himmels gewesen</p><pb n="60"/><p>vieleicht mußte es so seyn um mein sorgfaltig<lb/>Erspartes unter <rs ref="#i874226" type="object">die arbeitende Menschen Classe<lb/></rs>ausfließen zu lassen; das soll mich nicht kränken<lb/>in dem meine Kinder mehr oder minder in Lage<lb/>sind wo sie <rs ref="#i904085" type="object">eine kleine Schmälerung meines<lb/>Vermögens</rs> nicht fühlen werden. <rs ref="#i873990" type="object">Gerne hätte<lb/></rs>ich wohl weniger kostspielig u mich mit Geringerem<lb/>begnügt, allein aus manchen Gründen konnte es<lb/>nicht seyn. Mancherlei Geduldtsprüffungen habe<lb/>ich schon darüber gehabt, u werde noch manche<lb/>haben, bestehe ich sie gut, so ist mir ein Pfand<lb/>auf künftig zu übende Thätigkeit, wo nicht so darf<lb/>ich mich meiner Absicht nicht schämen, u ruhig<lb/>meinem andern Ziele entgegen gehn.<lb/>[xxx]</p></div><div xml:id="d23412174" corresp="d907364" ><head resp="#editor">Tagebucheintrag<date> 24.12.1826 </date></head><pb n="61"/><p>26 12 24<lb/>[xxx]<lb/>Ein kleines <rs ref="#i873845" type="object">Flußfieber</rs> hat mich seit 10 Tagen<lb/>im Zimmer gehalten u meine Thätigkeit in allem<lb/>gehemmt, auch den Muth zu allem benommen,<lb/>besonders zu den Anordnungen fürs <rs ref="#i910748" type="object">Gebäude</rs>.<lb/>Der Gedanke an meine baldige Auflösung, deren<lb/>ich Gott sey Dank froh entgegen sehe, wurde<lb/><rs ref="#i910645" type="object">getrübt</rs> durch die Mühe so ich den Meinigen<lb/>durch das Bauen aufladen würde.<lb/>Nun ist mein Kopf wieder <rs ref="#i910699" type="object">heitre</rs>: u ich kann<lb/>mich gelassen über alles beruhigen was auch<lb/>der Wille Gottes verfügen wird.<lb/>Morgen haben wir <rs ref="#i873950" type="object">Weihnachten</rs>: ich werde dem<lb/>öffentlichen Gottesdienst noch nicht beiwohnen<lb/>können, allein im Stillen werde ich das so</p><pb n="62"/><p>wichtige Fest mit Dank u Freude feiern; beson-<lb/>ders Gott danken für die Mittel zu einer <lb/>hellern bessern Einsicht über so Manches das<lb/>mir vorher dunkel war u meinen Glauben<lb/>zuweilen störte! Möchte ich nur im Stande seyn<lb/>meine Gesinnungen u Gefühle darüber den lieben<lb/>Meinigen einzuflösen! Besonders bitte ich Gott<lb/>für die l. <rs ref="#i868031" type="person">Enkelin</rs> die heute <rs ref="#i873950" type="object">confirmiert</rs> wird,<lb/>auch für die Andern. Ich hoffe von Allen daß<lb/>sie den Willen haben das Wahre zu suchen,<lb/>wer eifrig sucht den wird Gott nicht sinken<lb/>lassen, u jedes auf besondre Art zum Ziele<lb/>führen.</p></div><div xml:id="d23412177" corresp="d907373" ><head resp="#editor">Tagebucheintrag<date> 29.12.1826 </date></head><pb n="62"/><p>26 12 29<lb/>Bald ist das <rs ref="#i873950" type="object">Jahr zu ende</rs>, diesen ruhigen<lb/>Augenblick will ich benutzen <rs ref="#i873990" type="object">um über mein<lb/></rs>Schicksal u mein Thun u Denken mich zu prüffen.<lb/>Unendlich viel Gutes hat mir Gott im vergangnen</p><pb n="63"/><p>Jahre beschert: ich habe das <rs ref="#i874470" type="object">Guth</rs> das mir<lb/>anfieng eine Last zu werden, nicht so wohl<lb/>wegen den <rs ref="#i873908" type="object">Geschäffen</rs>, als wegen der <rs ref="#i873901" type="object">Ent[f]ern-<lb/>ung </rs>von den l. Meinigen, zimlich vortheil-<lb/>haft verkauffen können; zwar kostete mich<lb/>die Trennung davon viele, viele Überwindung,<lb/>u noch jetzt da die <rs ref="#i884071" type="object">Jahreszeit</rs> wo ich mich<lb/>zum Verkauff entschließen mußte, wieder<lb/>Antrit, erneuern sich in mir die gleichen<lb/>Gefühle, wohl <rs ref="#i910645" type="object">minder lebhaft</rs>. Im <rs ref="#i873943" type="object">Alter</rs> ist<lb/>jede Veränderung der äussern Verhältniße<lb/>beschwerlich u peinlich, nun muß ich gar vieles<lb/>ändern, vieles könnte wohl meine Schuld<lb/>seyn! Mein Wiederwillen in der <rs ref="#i875143" type="object">Statt</rs> zu <lb/>wohnen, mein <rs ref="#i899009" type="object">Wunsch</rs> noch nützlich zu seyn,<lb/>dieses alles hat mich zum Entschluß gebracht<lb/>eine neue Wohnung <rs ref="#i910748" type="object">Erbauen</rs> zu lassen,</p><pb n="64"/><p>über alles Vermuthen hat mir das Schicksal<lb/>einen Platz zugewiesen der so schon als<lb/>möglich ist: u doch ist mir das Geschäft<lb/>lästig, es zieht mich zu sehr von meinen<lb/>lieblings Gedanken, von den Ernsten welche<lb/>die Zubereitung auf ein künftiges Leben<lb/>erfodern, ab. Doch neben dem ist mein<lb/>Geist <rs ref="#i910699" type="object">heiter</rs>, für <rs ref="#i873922" type="object">religiose Betrachtungen<lb/></rs>freudig aufgelegt, u ohne ängstliche Sorgen<lb/><rs ref="#i874141" type="object">über das Diesseits u Jenseits</rs>, das ich<lb/>Gott nicht genug danken kann. Zwar giebt<lb/>es noch Manches das mein Gemüth mit Wehmuth<lb/>erfült, besonders der <rs ref="#i898746" type="object">schwächliche Gesundheit<lb/></rs>Zustand meiner <rs ref="#i835836" type="person"><rs ref="#i868068" type="person">Töchter</rs></rs> u das <rs ref="#i874486" type="object">traurige<lb/>Verhältniß</rs> meines <rs ref="#i835869" type="person">Sohns</rs> mit seiner <rs ref="#i835885" type="person">Frau</rs>.<lb/>Die Erstern schicken sich Gott sey Dank mit Geduld</p><pb n="65"/><p>in ihr loos u ihre Leiden werden ihnen zur<lb/>Vervollkommnung dienen! Möge Letzerer auch<lb/>durch Prüffung zur Ruhe kommen!<lb/>Möge mir Gott immer mehr die Kraft<lb/>verleihn alle irrdischen Geschäffte, in wahrem<lb/>christlichen Sinn zu üben, so werden sie mich<lb/>nicht zur Erde sondern hinauf zu Gott führen!</p></div><div xml:id="d23412180" corresp="d907382" ><head resp="#editor">Tagebucheintrag<date> 30.12.1826 </date></head><pb n="65"/><p>30)</p><p>Ich fühle mich tief <rs ref="#i910645" type="object">darnieder gedrückt</rs>: gestern<lb/>richtete man mein <rs ref="#i910748" type="object">Gebäude</rs> auf, der beste<lb/>Arbeiter, <rs ref="#i873838" type="object">ein Mann</rs> der Frau u 5 Kd hinterläßt,<lb/>fiel vom Dach hinunter u diesen Morgen ist er<lb/><rs ref="#i873887" type="object">eine Leiche</rs>! Es schmerzt mich tief: warum mußte<lb/>das wohl mir geschehn! Doch warum soll ich klagen?<lb/>so viel als nöthig ist u meine Kräfte erlauben<lb/>soll ich die Wittwe unterstützen.</p></div><div xml:id="d23412183" corresp="d907391" ><head resp="#editor">Tagebucheintrag<date> 12.01.1827 </date></head><pb n="66"/><p>27 1 12<lb/>Ich fühle mich äusserst <rs ref="#i910637" type="object">matt u entkräftet<lb/></rs>den Einfluß der s<rs ref="#i884071" type="object">türmischen Witterung</rs> spüre<lb/>ich gar zu sehr in <rs ref="#i873825" type="object">meiner gebrechlichen Hülle</rs>:<lb/>doch mein Geist ist ruhig, ich kann meine Sorgen<lb/>der Vorsehung anheim stellen, sogar auch die über<lb/>den <rs ref="#i910748" type="object">Bau meines Hauses</rs>, dessen Ungemach ich nicht<lb/>meinen Kindern auf den Hals laden möchte!<lb/>Ich glaube<rs ref="#i873990" type="object"> keine Vorwürfe</rs> auf mir zu haben,<lb/>nicht aus Eitelkeit, Prachtliebe oder sonst einer<lb/>eiteln Absicht habe ich’s unternommen; während<lb/>50 Jahren hatte ich mir eine strenge Sparsamkeit<lb/>zur Pflicht gemacht, hatte den größten Theil in<lb/>einem fremden Land verzehrt: nun glaubte<lb/>ich auch in meiner Vaterstatt, ein Theil dessen<lb/>was mir der Himmel beschieden, unter die<lb/><rs ref="#i874226" type="object">arbeitende Classe</rs> auszugeben. Ich glaube<lb/>richtig gedacht zu haben u will den Erfolg</p><pb n="67"/><p>dem Schicksal überlassen! Wohl ist mir die<lb/>Sache mühsam, u ich sehne mich nach der<lb/>Zeit wo ich dieser <rs ref="#i873908" type="object">Geschäfte</rs> entledigt, mich<lb/>mehr mit meinen lieblings Gedanken werde<lb/>beschäftigen können! Oder in die <rs ref="#i874141" type="object">letzte<lb/>Ruhe</rs> gehen werde, wie es Gott gefallt!</p></div><div xml:id="d23412186" corresp="d907400" ><head resp="#editor">Tagebucheintrag<date> 14.01.1827 </date></head><pb n="67"/><p>27 1 14<lb/>„<rs ref="#i911636" type="book_etc">Siona</rs> von <rs ref="#i869649" type="person">Horst</rs>“<lb/>Dieses Buch ist mir von ausserordentlichem<lb/>Wert, so wahr erhaben <rs ref="#i873922" type="object">religios</rs>, so selen-<lb/>erhebend so umsichtig, allen höchern menschlichen<lb/>Bedürfnißen entsprechend! Nie hat ein<lb/>Buch so ganz meinem Kopf u Herzen entsprochen.<lb/>möge es bei den l. Meinigen denen ich’s<lb/>bestimmt, den Endzweck erreichen den ich<lb/>suche! Gott gebe seinen Seegen u empfange<lb/>meinen Dank.</p><pb n="68"/><p>Wenn ich eine <rs ref="#i873915" type="object">Malzeit</rs> zurüste, thue<lb/>ich’s nicht um mich daran satt zu essen<lb/>sondern um meinen Gasten ein Vergnügen<lb/>zuzubereiten: Nun will ichs mit meinem <rs ref="#i910748" type="object">Hausbau<lb/></rs>auch so nehmen; so lange ich damit beschäftigt<lb/>bin will ich die Arbeiter als meine Gaste<lb/>ansehn, die sich über ihren Verdienst vieleicht<lb/>mehr freuen als die Gaste bei einer Malzeit,<lb/>u soll ich auch selbst dort zu Tische komen, so<lb/>will ich mich mit der Andern Freude begnügen<lb/>u ruhig ins bessre Land hinziehn.<lb/>So lange mir aber bestimmt ist hienieden<lb/>zu wallen, so will ich in meinem engen Kreise<lb/>meine Kräfte zu Andrer Wohl thätig <lb/>seyn lassen: dadurch glaube ich allein mich<lb/>meiner hochern Bestimmung würdig zu machen.</p></div><div xml:id="d23412189" corresp="d907409" ><head resp="#editor">Brief<date> Beilage Heft 23 </date></head><p>1801</p><p>An <rs ref="#i835869" type="person">Lux</rs> in sein Stambuch</p><p>Halte fest o Lieber am Fleiß<lb/>Such eifrig das Gute u Schöne<lb/>Fliehe Trägheit wie Gift<lb/>Tod ist sie den höchern Kräften<lb/>Nur nach muthigem Kampf<lb/>Beginnt der Edle zu ruhen<lb/>Nur nach vollbrachter Müh<lb/>Schmeckt jede Freude dir süß.<lb/>Das [unles.] du gewiß du flösest<lb/>Noch Freud ins <rs ref="#i873943" type="object">Alter</rs> der Mutter<lb/>Die mit innigster Liebe<lb/>Deiner o Bester gedenkt</p><p>Durch froher <supplied>Muth Gefälligkeit</supplied> <del>Muth u Thätigkeit</del><lb/>Versüße dir des Lebens Freuden<lb/>Und im Genuß den dir das Glück verleiht<lb/>Erleichtre gern des Andern Leiden</p><p><rs ref="#i835836" type="person">Susan</rs> gab mir 4 Rt.<lb/><rs ref="#i868068" type="person">Sophie</rs> [gab mir] 5 ¼</p></div>
       </body></text>
   </TEI>
    