<?xml version="1.0"?>
    <?xml-model href="http://www.tei-c.org/release/xml/tei/custom/schema/relaxng/tei_all.rng" type="application/xml" schematypens="http://relaxng.org/ns/structure/1.0"?>    
    <TEI xmlns="http://www.tei-c.org/ns/1.0" xml:id="d907947">
       <teiHeader>
          <fileDesc>
             <titleStmt>
                <title>Heft 26 (1828-1829)
                </title>
                <author>Anna Maria Preiswerk-Iselin</author>
             </titleStmt>
             <publicationStmt>
                <publisher xml:id="editor">Tagebücher Anna Maria Preiswerk-Iselin Projekt</publisher>
                <pubPlace>Basel</pubPlace>
                <date when="2022-03">March 2021</date>
                <availability>
                   <licence notBefore="2022-03-01" target="http://creativecommons.org/licenses/by-sa/4.0/">
                      <p>[...]</p>
                      <p>This work is licensed under a Creative Commons Attribution-ShareAlike 4.0 International License.</p>
                      <p> You are free to: <list>
                            <item> Share — copy and redistribute the material in any medium or format</item>
                            <item> Adapt — remix, transform, and build upon the material</item>
                         </list>
                      </p>
                      <p> Under the following terms: <list>
                            <item> Attribution — You must give appropriate credit, provide a link to the license, and indicate if changes were made. You
                               may do so in any reasonable manner, but not in any way that suggests the licensor endorses you or your use.</item>
                            <item> ShareAlike — If you remix, transform, or build upon the material, you must distribute your contributions under the same
                               license as the original.</item>
                            <item> No additional restrictions — You may not apply legal terms or technological measures that legally restrict others from
                               doing anything the license permits.</item>
                         </list>
                      </p>
                      <p>The licence was added on March first, 2022.</p>
                   </licence>
                </availability>
             </publicationStmt>
             <sourceDesc>
                <msDesc>
                   <msIdentifier>
                      <settlement>Basel</settlement>
                      <repository>Staatsarchiv</repository>
                      <idno>StABS PA 511 304-03-04</idno>
                      <msName>Heft 12 (1815-1816) - Anna Maria Preiswerk-Iselin </msName>
                   </msIdentifier>
                </msDesc>
    <listPerson><person xml:id="i868056"><persName>Sophia Thurneysen-Paravicini</persName></person><person xml:id="i868068"><persName>Sophia Vischer-Preiswerk</persName></person><person xml:id="i836966"><persName>Emil Thurneysen-Paravicini</persName></person><person xml:id="i835836"><persName>Susanna Paravicini-Preiswerk</persName></person><person xml:id="i835852"><persName>Rudolf Paravicini-Preiswerk</persName></person><person xml:id="i836759"><persName>Anna Maria Burckhardt-La Roche-Preiswerk</persName></person><person xml:id="i868141"><persName>Wilhelm Preiswerk</persName></person><person xml:id="i835869"><persName>Lux</persName></person><person xml:id="i869649"><persName>Georg Konrad Horst</persName></person><person xml:id="i874514"><persName>Georg Phillipp Friedrich Freiherr von Hardenberg</persName></person><person xml:id="i913686"><persName>Martin Luther</persName></person><person xml:id="i868154"><persName>Wilhelm Vischer-Bilfinger</persName></person><person xml:id="i867825"><persName>Isaak Iselin-Forcart</persName></person><person xml:id="i836841"><persName>Benedict Vischer-Preiswerk</persName></person><person xml:id="i837033"><persName>Esther Iselin</persName></person><person xml:id="i869731"><persName>Karl Friedrich von Baden</persName></person><person xml:id="i870260"><persName>Wohl Charlotte Augusta Matilda von Grossbritannien, Irland und Hannover</persName></person><person xml:id="i869782"><persName>Maria Amalie Auguste von Pfalz-Zweibrücken-Birkenfeld-Bischweiler</persName></person><person xml:id="i836718"><persName>Adele Sarasin-Vischer</persName></person><person xml:id="i868031"><persName>Sophia Burckhardt-Vischer</persName></person><person xml:id="i837084"><persName>Helena Iselin-Iselin</persName></person><person xml:id="i868105"><persName>Valerie Wettstein-Iselin</persName></person><person xml:id="i835885"><persName>Anna Maria Preiswerk-Forcart</persName></person><person xml:id="i869556"><persName>Johann Gottfried von Herder-Flachsland</persName></person><person xml:id="i869876"><persName>Maria Rosina Niederer-Kasthofer</persName></person><person xml:id="i869860"><persName>Johannes Niederer-Kasthofer</persName></person></listPerson><listObject><object xml:id="i910740" type="tag"><objectIdentifier><objectName>Unnütz/Untätig</objectName></objectIdentifier></object><object xml:id="i873990" type="tag"><objectIdentifier><objectName>Selbstreflexion</objectName></objectIdentifier></object><object xml:id="i873964" type="tag"><objectIdentifier><objectName>Selbstkritik</objectName></objectIdentifier></object><object xml:id="i873908" type="tag"><objectIdentifier><objectName>Geschäfte</objectName></objectIdentifier></object><object xml:id="i910748" type="tag"><objectIdentifier><objectName>Bauvorhaben</objectName></objectIdentifier></object><object xml:id="i873915" type="tag"><objectIdentifier><objectName>Haushalt</objectName></objectIdentifier></object><object xml:id="i874235" type="tag"><objectIdentifier><objectName>Ausbildung</objectName></objectIdentifier></object><object xml:id="i873943" type="tag"><objectIdentifier><objectName>Alter(n)</objectName></objectIdentifier></object><object xml:id="i874226" type="tag"><objectIdentifier><objectName>Gedanken zur Gesellschaft</objectName></objectIdentifier></object><object xml:id="i874436" type="tag"><objectIdentifier><objectName>Über das weibliche Geschlecht</objectName></objectIdentifier></object><object xml:id="i891654" type="tag"><objectIdentifier><objectName>Heirat</objectName></objectIdentifier></object><object xml:id="i910686" type="tag"><objectIdentifier><objectName>Sorgen</objectName></objectIdentifier></object><object xml:id="i873950" type="tag"><objectIdentifier><objectName>Ereignis</objectName></objectIdentifier></object><object xml:id="i873901" type="tag"><objectIdentifier><objectName>Trennung</objectName></objectIdentifier></object><object xml:id="i873159" type="tag"><objectIdentifier><objectName>Ortserwähnung</objectName></objectIdentifier></object><object xml:id="i874148" type="tag"><objectIdentifier><objectName>Besuch</objectName></objectIdentifier></object><object xml:id="i898746" type="tag"><objectIdentifier><objectName>Schmerz/Krankheit Familie</objectName></objectIdentifier></object><object xml:id="i873825" type="tag"><objectIdentifier><objectName>Altersgebrechen</objectName></objectIdentifier></object><object xml:id="i914086" type="book_etc"><objectIdentifier><objectName>Kennedy: Der Pater Clemens oder Der Jesuit als Berichtvater.</objectName></objectIdentifier></object><object xml:id="i873922" type="tag"><objectIdentifier><objectName>Religion</objectName></objectIdentifier></object><object xml:id="i873838" type="tag"><objectIdentifier><objectName>Unbekannte Person</objectName></objectIdentifier></object><object xml:id="i874045" type="tag"><objectIdentifier><objectName>Gedanken zur Erziehung</objectName></objectIdentifier></object><object xml:id="i874090" type="tag"><objectIdentifier><objectName>Personenbeschreibung</objectName></objectIdentifier></object><object xml:id="i873852" type="tag"><objectIdentifier><objectName>Brief</objectName></objectIdentifier></object><object xml:id="i911636" type="book_etc"><objectIdentifier><objectName>Horst: Siona.</objectName></objectIdentifier></object><object xml:id="i873936" type="tag"><objectIdentifier><objectName>Philosophie</objectName></objectIdentifier></object><object xml:id="i874536" type="book_etc"><objectIdentifier><objectName>Novalis Schriften, Bd. 2.</objectName></objectIdentifier></object><object xml:id="i910699" type="tag"><objectIdentifier><objectName>Heiterkeit</objectName></objectIdentifier></object><object xml:id="i873845" type="tag"><objectIdentifier><objectName>Krankheit</objectName></objectIdentifier></object><object xml:id="i874029" type="tag"><objectIdentifier><objectName>Rückblick</objectName></objectIdentifier></object><object xml:id="i874895" type="tag"><objectIdentifier><objectName>Mädchenschule?</objectName></objectIdentifier></object><object xml:id="i910770" type="tag"><objectIdentifier><objectName>Zufriedenheit</objectName></objectIdentifier></object><object xml:id="i884071" type="tag"><objectIdentifier><objectName>Wetter</objectName></objectIdentifier></object><object xml:id="i910653" type="tag"><objectIdentifier><objectName>Hoffnung</objectName></objectIdentifier></object><object xml:id="i922841" type="tag"><objectIdentifier><objectName>Übelbefinden</objectName></objectIdentifier></object><object xml:id="i874141" type="tag"><objectIdentifier><objectName>Gedanken über den Tod</objectName></objectIdentifier></object><object xml:id="i910645" type="tag"><objectIdentifier><objectName>Trübe Stimmung</objectName></objectIdentifier></object><object xml:id="i910725" type="tag"><objectIdentifier><objectName>Gundeli?</objectName></objectIdentifier></object><object xml:id="i873887" type="tag"><objectIdentifier><objectName>Tod</objectName></objectIdentifier></object><object xml:id="i911686" type="tag"><objectIdentifier><objectName>Der Basler Mission? Oder Missions-Blatt der Rheinischen Missionsgesellschaft?  Evangelisches Missionsmagazin (Basel, 1816–1974) oder Magazin für die neueste Geschichte der evangelischen Missions- und Bibegesellscgaften(Basel, 1818–1856).   </objectName></objectIdentifier></object><object xml:id="i922909" type="tag"><objectIdentifier><objectName>Ruhe</objectName></objectIdentifier></object><object xml:id="i914202" type="book_etc"><objectIdentifier><objectName>Lotter: Schule der Weisheit und Tugend</objectName></objectIdentifier></object><object xml:id="i914222" type="book_etc"><objectIdentifier><objectName>Lotter: Adela.</objectName></objectIdentifier></object><object xml:id="i910637" type="tag"><objectIdentifier><objectName>Erschöpfung</objectName></objectIdentifier></object><object xml:id="i874486" type="tag"><objectIdentifier><objectName>Gedanken zur Ehe</objectName></objectIdentifier></object><object xml:id="i922784" type="tag"><objectIdentifier><objectName>Unruhe</objectName></objectIdentifier></object><object xml:id="i873831" type="tag"><objectIdentifier><objectName>Selbstzeugnis schreiben</objectName></objectIdentifier></object><object xml:id="i914282" type="book_etc"><objectIdentifier><objectName>Herder: Adrastea.</objectName></objectIdentifier></object><object xml:id="i914300" type="book_etc"><objectIdentifier><objectName>Niederer-Kasthofer: Blicke in das Wesen der weiblichen Erziehung.</objectName></objectIdentifier></object><object xml:id="i899009" type="tag"><objectIdentifier><objectName>Wunsch</objectName></objectIdentifier></object><object xml:id="i904317" type="tag"><objectIdentifier><objectName>Erziehungsinstitut von Johann Heinrich Pestalozzi</objectName></objectIdentifier></object></listObject>
    </sourceDesc>
      </fileDesc>
      <profileDesc>
         <textClass>
            <!-- vérifier !!! -->
            <catRef scheme="#genre" target="#journal"/>
         </textClass>
         <langUsage>
            <language ident="de">Deutsch</language>
         </langUsage>
      </profileDesc>
   </teiHeader>
       <text><body><div xml:id="d23412435" corresp="d907958" ><head resp="#editor">Tagebucheintrag<date> 06.07.1828 </date></head><pb n="1"/><p>1828 7 6<lb/>Ich bin oft <rs ref="#i910740" type="object">unzufrieden</rs> <rs ref="#i873990" type="object">mit mir selbst</rs>, ich <rs ref="#i873964" type="object">tadle<lb/></rs>mich über manches: ich bereue zuweilen die vielen<lb/><rs ref="#i873908" type="object">Geschäfte</rs> die mir mein <rs ref="#i910748" type="object">Bau</rs> verursacht, die mancherlei<lb/>Störungen die mir noch die <rs ref="#i873915" type="object">Feld u Gartenarbeiten<lb/></rs>machen, ich bedaure meine Zeit nicht besser anzu-<lb/>wenden. U <supplied>doch</supplied> denke <supplied>ich</supplied> daß von allem was ich<lb/>nun anbaue u pflanze, ich keinen od doch nur wenig<lb/>Genuß haben werde. Habe ich recht od nicht?<lb/>In der Lage in die mich das Schicksal versetzt,<lb/>u mit den Anlagen die mir Gott verliehen, werde<lb/>ich zu einer Anstrengung meiner Kräffte angetrieben,<lb/>wohl hätte ich gewünscht daß meine Fähigkeit in der<lb/>Jugend <rs ref="#i874235" type="object">mehr wären ausgebildet </rs>worden, daß ich<lb/>meine vielen [?] Kräffte mehr hätte in Übung bringen<lb/>können: allein was nutzen Klagen – Klagen in<lb/>meinem <rs ref="#i873943" type="object">Alter</rs>! Gott soll ich danken für alles was<lb/>ich bin, habe, u thun konnte, u noch werde thun können.<lb/>Wohl ist es ärgerlich daß mich mein Gebäude mehr<lb/>gekostet als ich vermuthete, gerne hätte ich einen</p><pb n="2"/><p>Andern Gebrauch aus dem zu viel gebrauchten<lb/>gemacht, doch bleibt mir noch mehr übrig als ich<lb/>zum Nöthigen bedarf, u das Verbrauchte hat<lb/>manchem Verdienst gegeben. Bearbeite ich nun<lb/>meine kleine Liegenschaft mit Fleiß u Sorgfalt<lb/>so hoffe ich daß sie einen bessern Werth erhalten<lb/>werde! Mögen auch Manche meine Bemühungen<lb/>lächerlich u abgeschmack finden, möge ich selbst<lb/>in Augenblicken müde darüber seyn, ich will<lb/>mich nicht abschrecken lassen: ist nicht eben so<lb/>gut ich verbessere u verschönere ein kleines<lb/>Fleckchen von Gottes lieber Erde, als ich sitze<lb/>u stricke Strümpfe, fahre in <rs ref="#i874226" type="object">Gesellschaft<lb/></rs>od spazieren! Ich will die so das wählen<lb/>nicht tadlen; jedes hat seine Natur; die meine<lb/>war immer etwas anders, allein ich mußte sie so an-<lb/>nehmen wie Gott sie mir gegeben hat. Meine Versuche<lb/>mich den Andern gleich zu machen fielen immer übel<lb/>aus, u waren immer verderblich: allso will ich</p><pb n="3"/><p>sie einmal aufgeben. Meine verschiedene Art zu<lb/>seyn u zu denken, erschwerten mir das Leben manig-<lb/>fach: aber ich hoffe meine <rs ref="#i874436" type="object">Pflichten</rs> als Gattin und<lb/>Mutter nicht versäumt zu haben, sie nicht als harte<lb/>Pflicht sondern mit Freuden, aus Liebe nach meinen<lb/>Einsichten gethan, wo ich gefehlt wird Gott mir vergeben,<lb/>denn es war Mangel an Einsicht! So lange ich<lb/>Pflichtmässige Beschäftigung hatte, <supplied>war</supplied>, befand ich<lb/>mich ruhig; jetzt ist immer ein geheimer unüber-<lb/>windlicher Trieb in mir, mich mit etwas zu beschäftigen<lb/>das zum Wohl der Menschheit beitragen könnte.<lb/>Wohl weis ich daß jeder Mensch der vernünftig lebt<lb/>zum Wohl der Andern was beitragt, u ich glaube<lb/>es sey bei mir auch der Fall: ich habe besonders in<lb/>der letzten Zeit manchem Arbeit u Verdienst gebracht,<lb/>allein das genügt mir nicht, meine bessern Kräffte<lb/>sind nicht genug dabei in Thätigkeit. Etwas Zeit muß<lb/>ich wohl noch abwarten bis ich meine Ausgaben geordnet<lb/>aber dan, u besonders wenn die 2 Kinder fort seyn werden<lb/>dan will ich keine Mühe scheuen. Gott gebe mir Kraft</p></div><div xml:id="d23412436" corresp="d907966" ><head resp="#editor">Tagebucheintrag<date> 08.07.1828 </date></head><pb n="4"/><p>28 7 8<lb/>Heute ist der <rs ref="#i891654" type="object">Vermählungstag</rs> meiner Enkelin<lb/><rs ref="#i868056" type="person">Sophie Para</rs>. Gott segne sie u führe sie auf<lb/>seinen Wegen, er gebe dem Ehepar was<lb/>zu ihrem Seegen dient nicht nach unserm<lb/>sondern nach seinem Willen.<lb/>Die arme Tochter <rs ref="#i868068" type="person">V.</rs> ist, wie ich vorher <rs ref="#i910686" type="object">besorgte</rs>,<lb/>von ihrem Hierseyn jämmerlich erschöpft worden;<lb/>möge das Bewußseyn ihre vermeinte Pflicht<lb/>erfüllt, u ihrem theilnehmenden Herzen entspro-<lb/>chen zu haben ihr Entschädigung seyn! Mögen<lb/>nur die <rs ref="#i836966" type="person"><rs ref="#i868056" type="person">P. Kinder</rs></rs> die nun bei ihr sind ihr nicht<lb/>zu viele Mühe machen! Die Gute findet nur ihr <lb/>Vergnügen für Andre zu sorgen.</p></div><div xml:id="d23412437" corresp="d907974" ><head resp="#editor">Tagebucheintrag<date> 09.07.1828 </date></head><pb n="4"/><p>28 7 9<lb/>Ich wohnte <rs ref="#i873950" type="object">gestern</rs> der <rs ref="#i836966" type="person"><rs ref="#i868056" type="person">Hochzeitfeier</rs></rs> bei (nicht dem Essen)<lb/>ich war äusserst gerührt, ich fühlte welche Leer die<lb/>der <rs ref="#i868056" type="person">Toch</rs>, im elterlichen Hause machen<lb/>werde, Gott gebe daß das Glück derselben die<lb/><rs ref="#i835836" type="person"><rs ref="#i835852" type="person">Eltern</rs></rs> entschädigen möge! Alles was mich rührt</p><pb n="5"/><p>seys Freude od Trauer, ermüdet mich gar zu sehr:<lb/>ich kann mich heute kaum herumschlepen, u muß<lb/>meine <rs ref="#i873908" type="object">Sachen</rs> in Ordnung bringen um Morgen<lb/>nach <rs ref="#i873159" type="object">Gelderkinden</rs> <rs ref="#i874148" type="object">zu gehn</rs>.</p></div><div xml:id="d23412438" corresp="d907982" ><head resp="#editor">Tagebucheintrag<date> 16.07.1828 </date></head><pb n="5"/><p>d 16)<lb/>Seit vorgestern Abend bin ich von <rs ref="#i873159" type="object">Gelt[erkinden] <rs ref="#i874148" type="object"></rs>zurück</rs>;<lb/>ich hatte dort so manche Ursache zur Zufriedenheit,<lb/>u doch war mein Gemüth so unbehaglich u wehmüthig,<lb/>war es der <rs ref="#i898746" type="object">Gesundheitszustand</rs> meiner <rs ref="#i868068" type="person">Tochter</rs>,<lb/>od meine <rs ref="#i873825" type="object">alters Schwäche</rs>? Ich glaube manches zu-<lb/>samen; ich sehe wohl daß mir noch vieles fehlt an<lb/>der wahren christlichen Ruhe u Zufriedenheit.<lb/>Ich muß mich stille halten mich in die Wege<lb/>der Vorsehung fügen, nicht mehr thun wollen als<lb/>meine Kräffte, u die <rs ref="#i873943" type="object">Umstände</rs> erlauben. Mein<lb/>Wunsch in der Weld noch nützlich zu sey[n] will ich nicht<lb/>aufgeben doch nur in so fern als mir’s der Himmel ge-<lb/>währt u ruhig bleiben wenn mirs nicht gewährt<lb/>ist Gott sieht mein Streben, mein Wunsch u wird mir<lb/>vergeben wo ich fehle! Ich hoffe von Eigenliebe und</p><pb n="6"/><p>Ruhmsucht ganz frei zu seyn, ich wünsche die Sache<lb/>ohne gekannt zu seyn, bewirken zu können, doch<lb/>soll ich auch das nicht scheuen wenn’s zum Zweck führt</p></div><div xml:id="d23412439" corresp="d907990" ><head resp="#editor">Tagebucheintrag<date> 18.07.1828 </date></head><pb n="6"/><p>28 7 18<lb/>Ich habe nun (<rs ref="#i914086" type="book_etc">Pat. Clemens der Jesuit</rs>) wieder<lb/>durch gelesen, u war recht wohl damit zu-<lb/>frieden die Grundsätze der <rs ref="#i873922" type="object">reformierten Religion<lb/></rs>scheinen mir sehr kräfftig ausgehoben, die der Katho-<lb/>lischen eben so gerügt u das mit der gehörigen<lb/>Schonung. Es machte mir Jemand die Bemerkung<lb/>daß es sonderbar wäre wie die jungen Leute<lb/>so in der Bibel gewandert u so viele Stellen im<lb/>Gedächt hätten: mir scheint daß diese Bemerkung<lb/>nur in so fern richtig ist, als sie in Vergleich<lb/>der statthabenden U[n]wissenheit unsrer meisten<lb/>jungen u alten Leute gesetzt wird, allein<lb/>ich finde daß es sehr Noth wäre daß die<lb/>Jugend weit mehr mit der Bibel bekannt würde.<lb/>Gewiß ists daß das ihrem Charakter eine<lb/>Stärke u Festigkeit  geben würde, deren Vortheile</p><pb n="7"/><p>nicht zu ersetzen ist. Ich hoffe es werde in der<lb/>Folge geschehen! – Besonders bei dem Tod<lb/>des Jesuiten werden die Grundsätze der beiden<lb/>Religions-Grundsätze sehr schön ausgehoben.<lb/>Herrscht nicht noch in all unsern Ansichten<lb/>einen nicht ganz richtigen Begriff von der Gottheit?<lb/>Die Bibel (nehmlich Christus) u auch die edelsten<lb/>Menschen aller Nationen, schildern sie als die<lb/>Urquel  aller Liebe u Güte: sollte demnach so<lb/>viel Furcht u Beängstigung statt haben?</p></div><div xml:id="d23412440" corresp="d907998" ><head resp="#editor">Tagebucheintrag<date> 29.07.1828 </date></head><pb n="7"/><p>28 7 29<lb/>Ich habe die beiden <rs ref="#i836759" type="person"><rs ref="#i868141" type="person">Kinder</rs></rs> meines <rs ref="#i835869" type="person">Sohns</rs> seit<lb/>11 Tagen<rs ref="#i874148" type="object"> bei mir</rs>; ich hoffte, oder wollte [xxx]</p><pb n="8"/><p><rs ref="#i874045" type="object">Armen</rs> sind sehr zu bedauren, sie sind nicht ohne<lb/>Fähigkeiten, aber das kindlich Liebende ist bei<lb/>ihnen besonders dem<rs ref="#i873838" type="object"> M.</rs> unterdrückt; doch jetzt<lb/>macht sie der baldige <rs ref="#i873901" type="object">Abschied</rs> weich, möchte das ihr<lb/>Herz erschüttern u zur Liebe mürbe machen!<lb/>Wie schwer ist es von Fremden zu erwarten was<lb/>Eltern u die Nächsten selbst nicht vermögen?<lb/>Wäre ich 20 Jahre <rs ref="#i873943" type="object">jünger</rs>, u wären nicht andre Ver-<lb/>hältniße dagegen, wie gerne hätte ich sie immer bei<lb/>mir gehabt! Ihr Weggehn ist nothwendig u doch<lb/>thut es mir wehe sehr wehe. Der <rs ref="#i868141" type="person">Knab</rs> bleibt vie-<lb/>leicht noch einige Wochen bei mir, vieleicht kann<lb/>ich noch auf ihn wirken Gott gebe es!</p></div><div xml:id="d23412441" corresp="d908006" ><head resp="#editor">Tagebucheintrag<date> XX.07.1828 </date></head><pb n="8"/><p>28 7</p><p>[xxx]</p><pb n="9"/><p>[xxx] ich fand sie<lb/>vernünftiger u gemüthlicher als ich vorher<lb/>glaubte; meine heißesten Wünsche zu Gott sollen<lb/>immer lebhaft für sie aufsteigen.</p></div><div xml:id="d23412442" corresp="d908014" ><head resp="#editor">Tagebucheintrag<date> 11.08.1828 </date></head><pb n="9"/><p>1828 8 11<lb/>Nun ist auch der arme <rs ref="#i868141" type="person">W.</rs> von mir <rs ref="#i873901" type="object">weg</rs>, die<lb/>Muße die mir dadurch gewährt ist, wird durch<lb/>den Gedanken an die Lage dieser <rs ref="#i874090" type="object">unglücklichen<lb/><rs ref="#i836759" type="person"><rs ref="#i868141" type="person"></rs>Kinder</rs></rs> peinlich gestört. O wäre nur <rs ref="#i868141" type="person"><rs ref="#i873838" type="object">W</rs>.</rs> auch schon<lb/>weg! Er bedarf <rs ref="#i874045" type="object">einer ernsten Zucht</rs>, aber auch<lb/>der Liebe: möge er nur beide in L. finden!<lb/>[xxx]</p><pb n="10"/><p>[xxx]<lb/>abzuziechen! – Ich kann nichts als für die<lb/>armen <rs ref="#i836759" type="person"><rs ref="#i868141" type="person">Kinder</rs></rs> zu Gott flehen.<lb/>Durch ihr Hierseyn hatte ich Mühe u <rs ref="#i910686" type="object">Sorgen</rs>,<lb/>doch ist’s mir lieb daß ich sie noch bei mir<lb/>hatte ich hoffe doch daß nicht alles was sie<lb/>von mir hörten verlohren seyn werde, so Gott will<lb/>keimt es noch in ihnen auf u bringt später noch<lb/>Früchte; für die Kräffte die mir noch verliehen<lb/>waren danke ich Gott.<lb/>[xxx]</p><pb n="11"/><p>doch was will ich mich daran stoßen! Die Freude<lb/>die mir die Äusserungen der Gesinnungen des <rs ref="#i836759" type="person">Madchens<lb/></rs>machen, lassen mich das unfreundliche Benehmen<lb/>leicht vergeßen: möchten diese Gefühle nur fest in<lb/>ihr haften! Sehr rührend war ihr <rs ref="#i873852" type="object">B[rie]fchen</rs> an <rs ref="#i868141" type="person">Willi</rs>,<lb/>auch freute es mich zu sehn wie er dadurch ge-<lb/>rührt war. Wenn nur diese guten Empfindungen<lb/>nicht so schnell wieder in ihnen durch aussere<lb/>Gegenstande od sinnliche Gelüste getrübt würden!</p></div><div xml:id="d23412443" corresp="d908022" ><head resp="#editor">Tagebucheintrag<date> 21.08.1828 </date></head><pb n="11"/><p>d 21)<lb/>Es ist ein sonderbarer Kampf in meinem Innern:<lb/>meine <rs ref="#i873825" type="object">alters Schwäche</rs> fodert Ruhe u Stille, u doch<lb/>thut mir die <rs ref="#i873901" type="object">Entfernung</rs> von <rs ref="#i868141" type="person">Willi</rs> so innigst wehe,<lb/>der Gedanke daß er bei Hause nicht gut ist, daß<lb/>sein Besseres Gefühl <rs ref="#i874045" type="object">nicht genährt u gepflegt</rs> wird<lb/>wie es sollte, o das kränkt mich tief: gebe mir<lb/>Gott doch in den Sinn wie geholfen werden<lb/>konnte! Ich hoffte er würde in wenig Tagen<lb/>wegkonnen, u nun ist es wieder auf 5 Wochen<lb/>hinausgeschoben, das ist allzu lange für<lb/>seine Lage!</p><pb n="12"/><p>Ich las diesen Morgen in „<rs ref="#i869649" type="person">Horst</rs> <rs ref="#i911636" type="book_etc">Siona</rs> [unles.]<lb/>Seite 204“ eine Stelle die mir sonderbar vorkam<lb/>u die mich schon früher unwahr vorkam; „das <lb/><rs ref="#i874436" type="object">Weib</rs> ist bestimmt ihr ganzes Leben allein zu stehn<lb/>u allein zu handeln“ In meinem Innern spricht <lb/>es laut: das Weib hat das Bedürfniß für<lb/>Andre zu Leben zu sorgen, sich für sie aufzuopfern<lb/>den Keim des Guten in sie auszustreuen; kann<lb/>sie das nicht so ist ihr nicht wohl, sie fühlt sich nicht<lb/>an ihrem Platz u leidet. Er sagt weiter: „er (der<lb/>Mann) kann nicht allein stehen er würde sich einen<lb/>zweiten schaffen wenn es keinen gabe, u Gott nicht<lb/>besser für ihn gesorgt hätte – Eine Frau<lb/>könnte eine Ewigkeit leben ohne daran zu denken<lb/>sich ihresgleichen hervorzubringen.“ Mit meinem<lb/><rs ref="#i873936" type="object">Gefühl</rs> steht das ganz im Wiederspruch, wie können<lb/>die edelsten Männer so sonderbare Gedanken haben?<lb/>Mich trostet die Überzeugung daß Gott das Weib, so<lb/>wie den Mann nach seinem Bilde geschaffen, u wer<lb/>von ihnen diese Gottähnlichkeit fester in sich auffaßt<lb/>u veredelt, dieser mag wohl das bessere Geschopf seyn</p><pb n="13"/><p>sey es Mann od Weib.</p></div><div xml:id="d23412444" corresp="d908030" ><head resp="#editor">Tagebucheintrag<date> 24.08.1828 </date></head><pb n="13"/><p>28 8 24<lb/>Ich lese wieder, zufällig, <rs ref="#i874514" type="person">Novalis</rs> Schriften, ich finde<lb/>vieles sonderbar, auch unverständlich, doch<lb/>ein gewißer anzüglicher Geist darin daß man<lb/>doch fort lesen mögte. So las ich „<rs ref="#i874536" type="book_etc">das Christenthum<lb/>od Europa</rs>“ es sind so viele sonderbare Ideen, denen<lb/>ich nicht beistimmen konnte u die doch auch ihr Wahres<lb/>haben können: war das <rs ref="#i873922" type="object">Catholische Christenthum<lb/></rs>so wie er sichs denkt? Zum Theil mags seyn: aber<lb/>gewiß seit beinahe tausend Jahren nicht; seit<lb/>dem die Päpste weltliche Fürsten wurden.<lb/>Mit der Reformation u mit <rs ref="#i913686" type="person">Luther</rs> ist er gar <lb/>nicht zufrieden: hätte aber der Catholizismus mit<lb/>seinen Misbräuchen fort bestehen sollen, wäre die<lb/>Menschheit dadurch beglückt gewesen? Ich glaube<lb/>es war in dem Willen Gottes daß es so kommen mußte,<lb/>mag wohl manches in unsrer refor. Religion <del>seyn</del> das<lb/>dem wahren fromen Sinn nicht ganz zutraglich ist, so<lb/>können es darin doch recht fromme Menschen geben<lb/>u geben es auch gewiß. Am Ende dieses Aufsatzes<lb/>sagt er „Das Christenthum ist dreifacher Gestalt. Eine</p><pb n="14"/><p>ist das Zeugungselement der Religion, als Freude<lb/>an aller Religion. Eine das Mittlerthum über-<lb/>haupt, als Glaube der Allfähigkeit alles Irdischen,<lb/>Wein u Brod des ewigen Lebens zu seyn. Eine der<lb/>Glaube an Christus seine Mutter u allen Heiligen<lb/>zu seyn.“[3]  Es scheint mir ein tiefer Sinn in diesen<lb/>Worten zu liegen so sonderbar sie klingen; besonders<lb/>der 2te Satz fiel mir auf, da ich mich schon oft damit<lb/>beschäftigt u über die Verachtung alles Irdischen nach-<lb/>gedacht, u nicht glauben kann daß es so verruffen<lb/>seyn sollte: nur auf den Misbrauch sollte man schimpfen,<lb/>als Gaben Gottes sollte uns auch das Irdische heilig<lb/>seyn u dan würden wirs brauchen daß es uns Brod<lb/>u Wein des ewigen Lebens würde.<lb/>Das 3te mag auch viel wahres enthalten: allein<lb/>der Misbrauch davon war so grell daß dieser<lb/>Glaube heruntergerissen werden mußte. Bei einer<lb/>bessern Zeit mag er anders gestaltet wieder ins<lb/>Leben treten u dan den Menschen Trost u Labsal werden,<lb/>welches zum Theil jetzt schon der Fall ist. Am Ende sagte<lb/>er „Sie muß das alte Füllhorn des Seegens wieder<lb/>über die Völker ausgießen (die Christenheit). Aus<lb/>dem heiligen Schoos eines ehrwürdigen Concilleums</p><pb n="15"/><p>wird die Christenheit aufstehen u das Geschäft der<lb/>Religionserweckung nach einem allumfaßenden<lb/>göttlichem Plane betrieben werden, keiner wird<lb/>dan mehr protestieren gegen christlichen und<lb/>weldlichen Zwang, den das Wesen der Kirche<lb/>wird ächte Freiheit seyn, u alle nöthigen Reformen<lb/>werden unter der Leitung derselben als friedliche<lb/>u förmliche Staatsprozesse betrieben werden“[5]<lb/>„Wann u wann eher? Darnach ist nicht zu fragen.<lb/>Nur Geduld sie wird u muß kommen die heilige Zeit<lb/>des ewigen Friedens, wo das neue Jerusalem die Haupt-<lb/>statt der Weld seyn wird; u bis dahin seyd heiter u<lb/>muthig in den Gefahren der Zeit, Genoßen des Glaubens<lb/>verkündigt mit Wort u That das neue Evangelium,<lb/>u bleibt dem wahrhaften unendlichen Glauben getreu bis<lb/>in den Tod.“</p></div><div xml:id="d23412445" corresp="d908038" ><head resp="#editor">Tagebucheintrag<date> 09.09.1828 </date></head><pb n="15"/><p>28 9 9<lb/>Gott sey gedankt für die <rs ref="#i910699" type="object">Heiterkeit</rs> die ich heute<lb/>wieder fühle! Vorgestern gieng ich zum heiligen<lb/><rs ref="#i873922" type="object">Abendmahl</rs>, ich hoffe mit wahren christlichen Gesinnungen</p><pb n="16"/><p>ich war heiter, u froh diese Handlung verrichten<lb/>zu können, dankbar gegen Gott: doch äussere<lb/>Umstände die meinem <rs ref="#i873825" type="object">schwachen Körper</rs> nicht ange-<lb/>messen waren, griffen mich so sehr an daß all meine<lb/>körper Kräfte unterdrückt u mein Geist in dumpfer<lb/>Muthlosigkeit darniederlag; ich glaubte den Anfang<lb/>meiner letzen <rs ref="#i873845" type="object">Krankheit</rs> in mir zu fühlen, Gott lob<lb/>es war mir nicht bange, ich sah mit Freude einem<lb/>Künftigen bessern Daseyn entgegen. Ein ruhiger<lb/>Schlaf erquikte mich die vergangne Nacht, ich er-<lb/>wachte heiter, dachte mit Heiterkeit an die vollbrachte<lb/>Handlung, an all meine Lieben jenseits, aber auch<lb/>an die so noch mit mir diesseits wandlen, an den <lb/>lieben <rs ref="#i874148" type="object">Besuch</rs> den mir meine Tochter (od vielmehr beide<lb/><rs ref="#i835836" type="person"><rs ref="#i868068" type="person">Töchtern</rs></rs>) machten; u kehrte ruhig wieder an meine<lb/>kleinen <rs ref="#i873908" type="object">Geschäfte</rs> nach dem ich meine Seele in beten u<lb/>lesen der h Schrift gestärkt hatte. Welche schwächlichen<lb/>Geschöpfe sind wir hienieden, doch Gott hilft u will<lb/>ferner helfen, auf ihn soll meine Seele traun.<lb/>[xxx]</p><pb n="21"/><p>Gleichniß, der in verschiednen Tageszeiten ange-<lb/>stellten Arbeiten, an welchem ich mich ehedessen<lb/>etwas gestoßen, so heerlich so tröstlich aufgefallen!<lb/>Wie wenig können wir armen Sterblichen unsere Mit-<lb/>menschen beurtheilen! Mögen doch viele noch spät<lb/>beruffen werden u ihren vollen Lohn davon tragen!<lb/>Wir Andern die wähnen früher an die Arbeit gegangen<lb/>zu seyn wollen uns nicht aufblähen sondern Gott danken.</p></div><div xml:id="d23412446" corresp="d908046" ><head resp="#editor">Tagebucheintrag<date> 11.10.1828 </date></head><pb n="21"/><p>28 10 11<lb/>Der <rs ref="#i873901" type="object">Abschied</rs> meines Großsohns <rs ref="#i868154" type="person">Will Vischer</rs> hat mich<lb/>tief gerührt. Möge ein guter Geist ihn leiten u<lb/>ihn auf der Bahn seines <rs ref="#i867825" type="person">Urvaters</rs> führen! Mit<lb/>Mühe u Sorgen haben wir ihn bald nach seiner        <lb/>Geburt beim Leben erhalten, (da seine <rs ref="#i868068" type="person">Mutter<lb/></rs>sehr <rs ref="#i898746" type="object">krank</rs> lag) wie oft wiegte ich ihn angstvoll<lb/>in meinen Armen, um der Mutter Ruhe zu schaffen<lb/>wie leidend war <rs ref="#i874029" type="object">damals</rs> mein armes Herz, das<lb/>in <rs ref="#i910686" type="object">Sorgen</rs> schwebte auch diese liebe Tochter zu verlieren.<lb/>Damals erhörte Gott mein Gebet, möge er es<lb/>jetzt auch erhören u den Jüngling auf gute Wege<lb/>wandeln lassen zu seiner <rs ref="#i836841" type="person"><rs ref="#i868068" type="person">Eltern</rs></rs> Freude zum Wohl der<lb/>Menschheit!</p></div><div xml:id="d23412447" corresp="d908054" ><head resp="#editor">Tagebucheintrag<date> 12.10.1828 </date></head><pb n="22"/><p>28 10 12<lb/>Gott sey dank ich fühle mich wieder sehr <rs ref="#i910770" type="object">ruhig</rs>, habe<lb/>mehr Kraft u Thätigkeit; mir scheint es eine<lb/>Möglichkeit mein <rs ref="#i874895" type="object">Vorhaben</rs> noch in Ausführung<lb/>zu bringen. Die Muße des <rs ref="#i884071" type="object">Winter</rs> will ich dazu<lb/>anwenden so Gott mir Gesundheit verleiht.<lb/>Die Auffoderung die nun gemacht wird für die<lb/>Heimathlosen zu sorgen, scheint mir eine günstige<lb/>Veranlassung meinen Vorschlag vorzubringen.<lb/>Möchte ich nur stetz im Hinterhalt u so viel möglich<lb/>im Verborgnen bleiben, einigen jungen Personen<lb/>Lust u Eifer dazu einflößen u sie die Sache in Gang<lb/>bringen u die Genehmigung einiger Bedeutender<lb/>Männer zu erhalten! Dan würde ich all meine Kraft<lb/>anwenden die Sache zu leiten. Ich kann wohl für den<lb/>Anfang mein Lokal anbieten, allein für wie lang<lb/>kann ich’s verbürgen, in meinem <rs ref="#i873943" type="object">Alter</rs>! Man würde <lb/>meiner lachen: wir müssen allso fürs erste trachten<lb/>einen Fond durch wohlthätige Schenkungen zu erhalten<lb/>der dazu diente nach meinem Tod ein geeignetes<lb/>Grundstück zu erkauffen u ein geeignetes Gebäude<lb/>zu errichten. Indessen würde ein Comité von einigen</p><pb n="23"/><p>Männern erbetten welche die Fonds gut anlegten<lb/>u im Fall es nöthig wäre mit den Zinsen der<lb/>Anstalt zu Hilfe kämmen; zwar hoffe ich daß von<lb/>theilnehmenden Frauenzimmern genug Beiträge<lb/>gemacht würden um die Sache in Stand zu stellen.<lb/>Die Veränderungen in meinem Local wären<lb/>nicht sehr kostspielig, u ohne mehr Aufopferungen<lb/>als meine Lage erlaubt, könnte ich der Anstalt<lb/>doch sehr nützlich seyn <supplied>zu konnen</supplied> so wohl durch<lb/>löhnung meines Lokals u Grundstücke um einen<lb/>mässigen Preis als durch meine Aufsicht und<lb/>Besorgung.</p></div><div xml:id="d23412448" corresp="d908062" ><head resp="#editor">Leer<date> 13.10.1828 </date></head><pb n="23"/><p>[xxx]</p></div><div xml:id="d23412449" corresp="d908070" ><head resp="#editor">Tagebucheintrag<date> 16.10.1828 </date></head><pb n="23"/><p>28 10 16<lb/>Meine l Sw <rs ref="#i837033" type="person">Esther</rs> war seit dem 22 Sep. <rs ref="#i874148" type="object">bei mir</rs>, schmerzlich<lb/>ist mir ihr Weggehn. Die Gute ist mir Schwester</p><pb n="24"/><p>u Tochter zugleich! Wäre nur ihre <rs ref="#i898746" type="object">Gesundheit</rs> besser!<lb/>Niemand versteht mich wie sie u beurtheilt mich<lb/>so richtig, Gott danke ich daß mir ihre Liebe noch <lb/>bleibt, wie sehr bedarf ich ihr in dieser so schmerzlichen<lb/>Zeit, wo sie mir gebricht da wo ich sie am meisten<lb/><supplied>bedarf</supplied> erwarten sollte; jetzt da mein Herz so <rs ref="#i910686" type="object">wund</rs> <lb/>ist.</p></div><div xml:id="d23412450" corresp="d908078" ><head resp="#editor">Tagebucheintrag<date> 19.10.1828 </date></head><pb n="24"/><p>28 10 19<lb/>Ich wäre diesen Morgen so gerne in die <rs ref="#i873922" type="object">Kirche<lb/></rs>gegangen, allein die <rs ref="#i884071" type="object">Kälte</rs>, die Feuchtigkeit,<lb/>die Furcht mich zu sehr zu <rs ref="#i873825" type="object">ermüden</rs>, u dan von<lb/>der Predig wenig zu verstehen, hielthen mich<lb/>ab. [xxx]<lb/>sitz geben.<lb/>Auch hat mich das Lesen in der Bibel u ein Abschnit<lb/>über die Sontagfeier von <rs ref="#i911636" type="book_etc">Horst</rs>, so sehr erquickt</p><pb n="25"/><p>daß ich heiter in meiner Seele bin. Ich werde<lb/>täglich mehr mit meinem Aufenthalt zufrieden;<lb/>die <rs ref="#i910653" type="object">Hoffnung</rs> daß ich ihn noch zu einem <rs ref="#i910740" type="object">wohlthätigen<lb/></rs>Zweck werde benützen können, beruhigt mein<lb/>Gemüth über die manichfahen Mühen die ich mir<lb/>zur nützlichen Einrichtung geben muß u die mir<lb/>oft sehr lästig sind wenn ich sie nur als zu meinem<lb/>Genuß zweckend, betrachte.</p></div><div xml:id="d23412451" corresp="d908086" ><head resp="#editor">Tagebucheintrag<date> 24.10.1828 </date></head><pb n="25"/><p>28 10 24<lb/>Mir ist seit 2 Tagen <rs ref="#i922841" type="object">nicht wohl</rs>, mein Übel scheint<lb/>unbedeutend; doch ich sehe so manche neben mir her<lb/><rs ref="#i874141" type="object">dahinschwinden</rs>, wie leicht könnte es auch mich treffen,<lb/>doch wie Gott gebeut [?]: im festen Vertrauen auf dessen<lb/>Liebe u Güte scheide ich freudig von hinnen. All den<lb/>Lieben Meinigen gebe ich meinen Seegen u meinen<lb/>Dank, auch bitte ich sie um mich nicht zu trauren,<lb/>auch mir thut die Trennung wehe doch die <rs ref="#i910653" type="object">Hoffnung</rs> so<lb/>manche mir auch Theure, schon lang entrissene wie-<lb/>der zu finden erfüllt mich mit Wonne! Auch Euch Ihr<lb/>Lieben werde ich dereinst wieder finden haltet fest an<lb/>Gott, seid Christen in rechtem Sinn so wird unser Wieder-</p><pb n="26"/><p>sehn beseligend seyn! Erlaubt es Gottes Güte so<lb/>wird mein Geist unsichtbar Euch umschweben u für<lb/>Euch zu Gott bitten.Gott sey mit Euch!</p></div><div xml:id="d23412452" corresp="d908094" ><head resp="#editor">Tagebucheintrag<date> 31.10.1828 </date></head><pb n="26"/><p>28 10 31<lb/>Ein wahrer Nachfolger <rs ref="#i873922" type="object">Christus</rs> zu seyn! Wie viel<lb/>das sagen will, wie misverstanden das oft wird,<lb/>wie glücklich der Mensch wäre wenn er es ganz<lb/>verstände u mit ganzem Gemüthe darnach strebte!<lb/>Gott gebe mir Krafft u fester Wille dazu.</p></div><div xml:id="d23412453" corresp="d908102" ><head resp="#editor">Tagebucheintrag<date> XX.11.1828 </date></head><pb n="26"/><p>28 11<lb/>Den 22 war die <rs ref="#i873950" type="object">Hundertjährig Geburtsfeier</rs> des<lb/>vor etwa 25 Jahren verstorbnen <rs ref="#i869731" type="person">Markgraven<lb/>von Baaden</rs>, des Wohlthäter seines Landes: es<lb/>rührte mich die Freudenfeuer an den Gränzen seines<lb/>Landes aufsteigen zu sehen, um desto mehr da<lb/>sein Geburtsjar, dasselbe meines sel <rs ref="#i867825" type="person">Vaters</rs> war,<lb/>auch dieser Fürst viel auf ihn hielt, ja ich darf glauben<lb/>daß seine Schriften demselben in Manchem geleitet<lb/>und angefeuer haben! Wie schön ist das Andenken <lb/>solcher edeln Menschen, wie erfreulich wenn ihnen<lb/>die Nachweld noch spät ihren Dank zollt.</p></div><div xml:id="d23412454" corresp="d908110" ><head resp="#editor">Tagebucheintrag<date> 25.11.1828 </date></head><pb n="27"/><p>28 11 25<lb/>Es ist zuweilen in meinem Geist so <rs ref="#i910645" type="object">düster</rs>, ich fühle<lb/>mich zu einsam, zu <rs ref="#i910740" type="object">unnütz</rs> in der Weld: ich kämpfe<lb/><supplied>ich kämp</supplied> gegen diesen Unmuth, <rs ref="#i873964" type="object">tadle mich</rs> da ich so viel-<lb/>fältige Ursache habe Gott zu danken für die Kräffte die<lb/>er mir noch verleiht. Sollte ich denken im <rs ref="#i873943" type="object">70 Jahr </rs>die<lb/>Kräffte wie im 50zigsten zu haben! U doch ist mir<lb/>Unthätigkeit eine Last; u zweckloose Thätigkeit eben<lb/>so. Meine Natur erfodert zum Wohl andrer etwas<lb/>beitragen zu können, seit dem die Kinder ganz entfernt<lb/>sind ist eine Lücke in meinem Herzen, mir ist als ob<lb/>mein Sinnen u Denken zwecklos wäre. Wäre es mög-<lb/>lich daß mein <rs ref="#i874895" type="object">Plan</rs> könnte ausgeführt werden, so hätte<lb/>ich wieder ein Augenmerk auf dem mein Sinn ruhte.<lb/>Kann es aber nicht seyn, so soll ich mich in Geduld<lb/>ergeben u aus dem so ich durch meine Anordnung aus<lb/>meinem <rs ref="#i873159" type="object">kleinen <rs ref="#i910725" type="object">Guth</rs></rs> mehr hervorbringen kan, zu einem<lb/>guten Zweck anwenden. Gott sieht auf den Willen so<lb/>wie auf die That: doch möge nur keine kleinliche<lb/>Menschenfurcht meinen Willen beschränken! Ich will<lb/>ruhig seyn u auf Gottes Beistand hoffen.</p><p>Es thut mir so wohl wenn ich von <rs ref="#i873887" type="object">Hingeschiednen</rs> ein schönes<lb/>lob lese wie kürzlich das der <rs ref="#i870260" type="person">Königin von Würtenberg</rs>,<lb/>u heute das der <rs ref="#i869782" type="person">Königin von Sachsen</rs>, wie glücklich</p><pb n="28"/><p>lebte u starb Letztere; ein seltner Fall bei einer<lb/>Königin. Mich wird kein öffentlich Blatt loben,<lb/>moge mir mein Gewissen mir bis an mein Ende das<lb/>Zeugnis geben daß ich das Gute gesucht; u die<lb/>Versicherung mich nie verlassen das Gott mir<lb/>meine Fehler, die mich zuweilen beunruhigen, verge-<lb/>ben habe! Wie schön u tröstlich ist der Spruch<lb/>„So uns unser Herz verdammt, so ist Gott großer<lb/>als unser Herz u weis alle Dinge“ Ja er weis<lb/>daß ich aus Vorsatz nie sündigte, u wird mir ver-<lb/>geben. Wie herrlich ist <del>der Gedanke in</del> die Gemeinschaft der Heiligen<lb/>u Seligen zu kommen! Möge ich mit dieser Hoffnung <lb/>meine Augen schließen!</p></div><div xml:id="d23412455" corresp="d908118" ><head resp="#editor">Tagebucheintrag<date> 12.12.1828 </date></head><pb n="28"/><p>28 12 12<lb/>Ich habe das 4te Quart. des <rs ref="#i911686" type="object">Missions Magazin</rs>, durch<lb/>gelesen, ob gleich die Lectur oft langweilig ist so enthält<lb/>sie doch sehr viel befriedigendes u erfreuliches für<lb/>ein Gemüth welches aus Erfahrung überzeugt ist das<lb/>die christliche <rs ref="#i873922" type="object">Religion</rs> die größte Beruhigung für den<lb/>Menschen ist: ich stimme nicht in alle Ansichten der Missionen [?]</p><pb n="29"/><p>ein aber ich kann irren u bin über manches noch<lb/>nicht ganz mit mir selbst im Reinen u suche noch<lb/>Klarheit, ob sie mir hienieden zu Theil werden wird?<lb/>In jedem Fall ist eine solche Aufopferung am<lb/>Wohl der Menschheit zu arbeiten höchst löblich<lb/>u muß Gott gefällig seyn. Ob ich gleich nicht<lb/>ganz den Werth dieser Bekehrungen so hoch<lb/>als die Miss. schätze, und nicht glauben kann daß<lb/>ein armer Wilder der von Gott nie vernünftige Begriffe<lb/>erhalten, auf ewig von ihm verworfen seyn könnte;<lb/>das stimmt ganz gegen <del>die</del> Gütte u Liebe Gottes: aber<lb/>das glaube ich daß ein bekehrter Wilder glücklicher<lb/>für sich, u ein weit nützlicheres Glied der mensch-<lb/>lichen Gesellschaft seyn wird, als in seiner Rohheit.<lb/>Gottes Rathschluß scheint mir zu seyn daß die Menschen<lb/>hier u dort stuffenweise zur Veredlung gelangen sollen,<lb/>er will Menschen durch Menschen bilden: wer allso in<lb/>Glauben u Liebe an Menschenbildung arbeitet, der muß<lb/>Gott gefällig u den Menschen theuer seyn.</p></div><div xml:id="d23412456" corresp="d908126" ><head resp="#editor">Tagebucheintrag<date> 14.12.1828 </date></head><pb n="29"/><p>28 12 14<lb/>Ich fühle mich Gott sey Dank <rs ref="#i922909" type="object">ruhig</rs> u gelassen: meine kindi-<lb/>schen [?] Beängstigungen u Menschenfurcht, sind beinahe<lb/>getilgt. Ich schreibe es meinem Festerhalten an Gott u</p><pb n="30"/><p>meiner innern Überzeugung; Gott schenke mir<lb/>ferner Unterwerfung u Muth!</p></div><div xml:id="d23412457" corresp="d908134" ><head resp="#editor">Tagebucheintrag<date> 16.12.1828 </date></head><pb n="30"/><p>d 16 Dec<lb/>Ich suche für <rs ref="#i836759" type="person">Marie P</rs> ein Buch zum Rg. [?] und<lb/>wähle „<rs ref="#i914202" type="book_etc">Schule der Weisheit u Tugend mit einer<lb/>Vorrede von Ewald</rs>“ von einem ungenannten Autor<lb/>vom Gleichen fand ich noch „<rs ref="#i914222" type="book_etc">Adela</rs>“ beide enthalten<lb/>Auswahlen von Erzählung, Gedichten, Denksprüche,<lb/>Rätzel u.d.g. aus vorzüglichen Schriftstellern,<lb/>das Meiste scheint mir sehr gut gewählt, einfach<lb/>religios u belehrend. Besonders scheint mir die<lb/>Adela, sehr <rs ref="#i874045" type="object">geeignet für Kinder </rs>aus allen <rs ref="#i874226" type="object">Ständen</rs>,<lb/>auch den niedrigsten. Es könnte uns sehr brauch-<lb/>bar werden.</p></div><div xml:id="d23412458" corresp="d908142" ><head resp="#editor">Tagebucheintrag<date> 18.12.1828 </date></head><pb n="30"/><p>28 12 18<lb/>Nun ist wieder einer meiner ehmaligen Bekannte,<lb/>(nicht Freund) aus dieser Weld <rs ref="#i873887" type="object">geschieden</rs>: plötzlich u<lb/>ohne Leiden, zwar soll er seinen Tod schon geraume Zeit<lb/>vorgesehen haben u darauf bereitet gewesen seyn.<lb/>Es ist eine Wohlthat ohne körperliche Leiden <rs ref="#i874141" type="object">von der Weld<lb/></rs>zu scheiden: doch ob ich gleich einen schnellen Tod für ein Glück</p><pb n="31"/><p>halte u ganz nicht fürchte so wünschte ich doch eher einen<lb/>etwas vorher empfundnen um von den lieben Meinigen<lb/>noch abschied nehmen, u ihnen noch Worte des Trostes<lb/>u der Aufmunterung sagen zu können das bitte ich<lb/>von Gott! Doch sein Wille geschehe.<lb/>[xxx] werde ich<lb/>trachten die Sache zu födern so viel an mir liegt: ich halte sie<lb/>für vielseitige Pflicht, u glaube nicht gegen meine Verpflichtungen<lb/>an meiner Familie was hinthan zu setzen. Ich hoffe treue<lb/>Hilfe u vor allem den Beistand Gottes zu finden.</p></div><div xml:id="d23412459" corresp="d908150" ><head resp="#editor">Tagebucheintrag<date> 21.12.1828 </date></head><pb n="31"/><p>28 12 21<lb/>Heute endet sich eigentlich unser <rs ref="#i873950" type="object">Jahreslauf</rs> u<lb/>Morgen fängt das neue an; das führt mich wohl zu<lb/>ernsten Betrachtungen: vor allem aber zum Dank<lb/>gegen Gott der mir nun wieder ein Jahr geschenkt,<lb/>mir Gesundheit u Geistesgegenwart erhalten! Zwar <lb/>fühle ich wohl die <rs ref="#i873825" type="object">Abnahm meiner Kräfte</rs>, zuweilen</p><pb n="32"/><p>schlägt michs darnieder, doch tröstet mich wieder<lb/>die Betrachtung daß das Dahinschwinden meiner<lb/>irdischen Hütte die Zubereitung zum Übergang in<lb/>in ein <rs ref="#i874141" type="object">besseres Daseyn</rs> sey; u dan freut sich meine<lb/>Seele u sieht dem Tod mit Freuden entgegen. Möchte<lb/>ich die mir noch geschenkte Zeit hienieden so gut möglich<lb/>benützen u Gott [xxx]<lb/>mit deinem Sohne Jesu Christ!</p></div><div xml:id="d23412460" corresp="d908158" ><head resp="#editor">Tagebucheintrag<date> 24.12.1828 </date></head><pb n="32"/><p>28 12 24<lb/>Morgen ist <rs ref="#i873950" type="object">Weihnächten</rs>, gerne hätte ich dem<lb/>öffentlichen Gottesdienst beigewohnt, allein mein<lb/><rs ref="#i873943" type="object">Alter</rs>, mein <rs ref="#i873825" type="object">schwaches Gehör</rs> werden mir’s wohl versagen,<lb/>doch meine Gedanken sollen nicht minder zu Gott, zu<lb/>unserm Vorbild Jesu Christ gerichtet seyn, u mein<lb/>Gelübte ihm nachzufolgen soll im Stillen so kräftig erneuert<lb/>seyn als ob es offentlich am Altar geschehn.</p></div><div xml:id="d23412461" corresp="d908166" ><head resp="#editor">Tagebucheintrag<date> 26.12.1828 </date></head><pb n="33"/><p>28 12 26<lb/>Gestern war ein schöner <rs ref="#i910699" type="object">heitrer</rs> <rs ref="#i873950" type="object">Weihnachtstag</rs>: wie<lb/>vergnügt hätte ich nicht seyn sollen! Doch fühlte ich mich <lb/><rs ref="#i910645" type="object">düster</rs> u einsam, ob ich gleich einiges sehr erbauliches <del>las</del>,<lb/>vor Mittag <rs ref="#i874148" type="object">kam</rs> noch meine Tochter <rs ref="#i835836" type="person">P.</rs> welches mich sehr<lb/>freute! Ich entschloß mich Nachmittag in die <rs ref="#i873922" type="object">Kirche</rs> zu gehen,<lb/>um in Gemeinschaft and. Menschen den Gottesdienst zu halten.<lb/>Das war mir wohlthuend doch <rs ref="#i873825" type="object">ermüdend</rs> da ich trotz aller<lb/>Anstrengung von der Predig nichts verstund; <rs ref="#i910637" type="object">erschöpft<lb/></rs>kam ich zu Tochter <rs ref="#i868068" type="person">Vischer</rs>. Dort fand ich die beiden<lb/><rs ref="#i836718" type="person"><rs ref="#i868031" type="person">Töchter</rs></rs> gerüstet zur <rs ref="#i873950" type="object">Weihnachtfeier</rs> in die Kleinkinder-<lb/>schule, wohin sie durch meine <rs ref="#i837033" type="person"><rs ref="#i837084" type="person"><rs ref="#i868105" type="person">Schwester</rs></rs></rs> eingeladen waren,<lb/>zu gehen; bis zu ihrer Rückkehr war ich vergnügt bei<lb/>meiner Tochter. Die Mädchen kammen sehr vergnügt zurück<lb/>das freute mich an ihnen, auch besonders für meine l. Schwester<lb/>deren <rs ref="#i874090" type="object">edles Herz</rs> eine große Befriedigung dadurch muß<lb/>gehabt haben. Gott seegne ihr Beginnen ferner!<lb/>Später <rs ref="#i874148" type="object">war</rs> ich bei einer sehr herzlichen <rs ref="#i873838" type="object">Familien Sienne</rs> [?] gegen-<lb/>wärtig: Eltern u Kinder theilten sich mit inniger Herzlichkeit<lb/>Weihnachtsgeschenke aus: es war sehr rührend. Nur zu bald<lb/>mußte ich mich <rs ref="#i873901" type="object">trennen</rs>. Erst da ich in der Ruhe war konnte<lb/>ich mich recht freuen u Gott danken, daß meine liebe Tochter in</p><pb n="34"/><p>in so schönen Verhältnissen steht, Gott segne sie ferners mit<lb/>den lieben Ihrigen! – Auch meine l. Tochter <rs ref="#i835836" type="person">Par</rs>. ist glücklich<lb/>welche große Beruhigung ist das für mich: o wären<lb/>nur die <rs ref="#i874486" type="object">Familienverhältnisse</rs> meines <rs ref="#i835869" type="person">Sohns</rs> auch andrs!<lb/>Mögen nur die unglücklichen Verhältniße der <rs ref="#i835869" type="person"><rs ref="#i835885" type="person">Eltern<lb/></rs></rs>nicht zu nachtheilig auf die 2 lieben <rs ref="#i836759" type="person"><rs ref="#i868141" type="person">Kinder</rs></rs> wirken!<lb/>O wie manche <rs ref="#i910645" type="object">trübe</rs> Stunde <rs ref="#i898746" type="object">macht mir das</rs>!</p></div><div xml:id="d23412462" corresp="d908174" ><head resp="#editor">Tagebucheintrag<date> XX.XX.1829 </date></head><pb n="34"/><p>1829</p><p>Über das <rs ref="#i873950" type="object">Neujahrsfest</rs>  war ich etwas <rs ref="#i922784" type="object">unruhig<lb/></rs>u kam nicht zum <rs ref="#i873831" type="object">schreiben</rs>; doch war ich <rs ref="#i910699" type="object">vergnügt</rs> u<lb/>innigst Gott dankbar, im Kreis meiner Familie<lb/>von Liebe u Dank überhauf, das Fest gefeiert zu haben,<lb/>mög Gottes Seegen auf allen ruhn! Nicht um Zuwachs<lb/>zeitlicher Güter, sondern um Dankbarkeit gegen Gott<lb/>um guten Gebrauch dessen so sie besitzen, um Weisheit<lb/>u Tugend bitte ich Gott für sie!<lb/>Möchte ich so lange mich Gott noch hienieden läßt, meine<lb/>Fehler ganz einsehn lassen u eifrig arbeiten sie zu<lb/>bessern! Je weiter man an Jahren u Nachdenken vor-<lb/>rückt je mehr sieht man ein daß seine vermeinlichen<lb/>Tugenden nur eitle Luftbilder waren! O<rs ref="#i873990" type="object"> könnte ich<lb/></rs>doch immer nur in Gott meine Ruhe finden, wie herrlich sind die<lb/>Stunden wo ich’s kann!</p><p> </p></div><div xml:id="d23412463" corresp="d908182" ><head resp="#editor">Zitat<date> 08.01.1829 </date></head><pb n="35"/><p>29 1 8<lb/>Daß ich noch (zwar nur wenig) meinen Geist durch<lb/>lesen aufheitern kann, ist eine unschatzbare Wohlthat.<lb/>An „<rs ref="#i914282" type="book_etc">Adrastea</rs> von <rs ref="#i869556" type="person">Herder</rs>“ finde ich viele Befriedigung.<lb/>So gefiel mir besonders im Aufsatz über Zweifelsucht folgen[des]<lb/>„ Komme jedem <del>¼</del> Jahrhundert ein kleiner Bayle zu Hilfe,<lb/>der das Fuhrwerk des menschlichen Wissens entstäubte<lb/>od wo sich Unrath angesetzt hat, entklumpte! –<lb/>den großen wollen wir, wie Ulysses einst die Weld,.<lb/>durchwandern. Dieser lernte vieler Menschen u.<lb/>Gebräuche kennen, wußte eine Calypso u. Circe, Alcinous<lb/>Hof u den göttlichen Schweinhirt, zu schätzen u zu gebrauchen,<lb/>immer aber war sein Bllick auf Ithaka gerichtet. Dies<lb/>war eine kleine felsigte Insel, aber sein Vaterland, wo<lb/>Vater, Sohn u Gemal auf ihn harrten. Unser Ithaka<lb/>sey ein kleines Landchen fester, errungner Wahrheit.<rs ref="#i914282" type="book_etc">“<lb/></rs>Auszug aus dem Lied von Wittehofen<lb/>„Die größte Pein fließt aus uns selber her,<lb/>Zufrieden seyn ist lange nicht so schwer<lb/>Kein träger Wunsche macht blöde Krämer reich<lb/>des Menschen Krafft ist seinem Willen gleich         <lb/>Im Fall er sucht was Menschen suchen sollen <rs ref="#i914282" type="book_etc">–<lb/></rs>Gieb jeden Tag der Weld den Abschied hin<lb/>So wird der Rest dir immer zum Gewinn</p><pb n="36"/><p>Und keine Zeit sich ungebraucht verlieren.<lb/>Aufs Leben sey, nicht auf den Tod bedacht;<lb/>der Rath gewußt als er dich hergebracht,<lb/>Hat Rath genug dich weiterhin zu <rs ref="#i914282" type="book_etc">fuhren</rs>.[4]</p><p>Freue dich dankbar u froh des werdenden Guten<lb/>u Schönen<lb/>Ists dir vom Schicksal versagt selber es fördern<lb/>zu können,<lb/>dankbar bleibe du doch daß es dir Theilnahm u Lust<lb/>gab dich des Guten zu freun<lb/>Einst wenn die Hütte zerfällt, schwingt der Geist sich dörthin<lb/>wo er so innig sich sehnt.</p><p>„Licht! Anmuth! höchster Pan! <del>Natur</del> Selbstständig Wesen!<lb/>Geist! Oder was du dir für Namen auserlesen<lb/>Beweger, Tugend, Kraft! Du die in allem Lebt!<lb/>Wie stark bist du? Wie groß! Wie vielfach ausgegoßen!<lb/>Auch ich bin deiner Art, u von dir hergefloßen<lb/>Und kehr in dich zurück, wenn sich mein Geist erhebt.<lb/>Ach ich bescheide mich u decke meine Blöse,<lb/>Um dich allein gefall ich mir,<lb/>der kleinste Theil der allgemeinen Größe,</p><pb n="37"/><p>Ein Theil, jedoch ein Theil von dir!<lb/>Ganz herrlich ewig jung nie fähig zum veralten,<lb/>In täglich wechslenden, stets werdenden Gestalten<lb/>Bleibst du das, was du bist, stetz voll u. immer neu.<lb/>Hier treten Wesen auf, dort gehen Wesen unter<lb/>du tilgst u zeugest stetz. Stetz wirkend froh u munter<lb/>Schaffst du daß jeder Tod, ein Quell des Lebens sey<lb/>Dort schwand die flüchtige Pracht die <supplied>abgelebten</supplied> <del>hingewelkten</del> Floren.<lb/>Doch Floren folgt Pomona nach,<lb/>Und Jene wird von dieser neugebohren.<lb/>Das Grabmal wird ein Brautgemach.“<lb/>Adrastea von Herder aus Withofs Sokrates<lb/>Seite 3. 32.</p></div><div xml:id="d23412464" corresp="d908190" ><head resp="#editor">Tagebucheintrag<date> 31.01.1829 </date></head><pb n="37"/><p>29 1 31<lb/>Ich lese „<rs ref="#i869876" type="person">Fr Niedrer</rs> <rs ref="#i914300" type="book_etc">Buch über weibliche Erziechung</rs>“<lb/>Die Frau besitzt einen ausserordentlichen tiefen Geist<lb/>ich glaubte anfangs das Werk könne kein <rs ref="#i874436" type="object">weibliches<lb/></rs>Produckt seyn, der steife absprechende Ton lies mich<lb/>im Zweifel: doch glaube ich mich betrogen zu haben,<lb/>auch spricht das Urtheil ihrer Schülerinnen zu ihren<lb/>Gunsten. Mit vortrefflichen Gaben von der Natur<lb/>ausgerüstet, hat sie Pestalozzis Geist ganz aufge-</p><pb n="38"/><p>faßt u ist ein treffender Beweis des hochen Werths<lb/>seiner Einsichten. Ihre Schreibart ist weder weiblich<lb/>noch lieblich, aber was sie sagt ist gründlich u<lb/>naturgemäs: ihre Grundsatze hochst sittlich u<lb/>rein religiös. Ich hoffe ihr Buch werde viel Gutes<lb/>stiften! Besonders bei ihren ehmaligen Schulerinnen.<lb/>Vieleicht hat der Drang sich richtige Einsichten zu ver-<lb/>schaffen u diese mitzutheilen, dem Gang ihrer Anstalt<lb/>augenblicklich nicht genützt! Ich wünsche daß ihre<lb/>Schrift diesen Mangel vielfältig ersetzen, <supplied>möge</supplied><lb/>u daß ihre Ansichten Eingang finden mögen!</p></div><div xml:id="d23412465" corresp="d908198" ><head resp="#editor">Tagebucheintrag<date> 23.03.1829 </date></head><pb n="38"/><p>29 2 23<lb/>Der <rs ref="#i873845" type="object">Husten</rs> hat mich seit langem sehr geplagt, so<lb/>daß ich nur mit <rs ref="#i873825" type="object">Mühe</rs> das Nöthigste <rs ref="#i873831" type="object">schreiben</rs> konnte<lb/>ich glaubte kaum daß er mich wieder verlassen<lb/>würde u war ruhig gefaßt auf was kommen sollte.   <lb/>Auch unser zukünftig Projekt machte mir keine<lb/>Sorgen: ich dankte Gott daß er mir noch Krafft<lb/>gegeben meinen <rs ref="#i899009" type="object">Wunsch</rs> u mein <rs ref="#i874895" type="object">Vorhaben</rs> andern einzu-<lb/>flösen. Auch jetz bin ich noch in gleichem Sinn und<lb/>erwarte ruhig ob mir Gott noch Krafft zu fernern<lb/>Thätigkeit od die ewige Ruhe anweisen werde.</p><pb n="39"/><p>Es scheint mir immer mehr daß das Projekt gelingen<lb/>könnte, ich habe nun einige Hinderniße beseitigt u fühle<lb/>Muth auch die Übrigen zu heben. Auch scheint es mir der<lb/>Himmel begünstige das Unternehmen; doch wie wenig ist<lb/>noch gethan!<lb/>Gestern Abend theilte mir mein <rs ref="#i835869" type="person">Sohn</rs> Nachrichten über<lb/>seine <rs ref="#i836759" type="person">Marie</rs> mit die mich tief <rs ref="#i910686" type="object">bekümmern</rs> u was kann ich<lb/>thun als <del>zu</del> Gott für das arme Kind bethen! Mir ist oft wenn<lb/>ich sie bei mir hätte, ich könnte dem Bösen entgegen wirken<lb/>allein wie viele Hinderniße wären auch hier!<lb/>Es ist schon ein großes Übel daß das Mädchen nicht<lb/>gerne in<rs ref="#i904317" type="object"> St.</rs> u wie es scheint die <rs ref="#i869876" type="person">Vorsteherinnen</rs> nicht<lb/>liebgewonnen, wohl kann ich diesen keine Vorwürfe darüber<lb/>machen, allein das macht daß <supplied>daß</supplied> das Kind dan mehr<lb/>auf schmeichelhafte Einflüsterungen hört u guten Mahnungen<lb/>keinen Eingang läßt. Mögen meines Sohns Vorkehrungen<lb/>Gutes bewirken! Aber wie schwirig ist die Sache!<lb/>in<rs ref="#i873159" type="object"> If .</rs>[?] war es doch besser, dort hatte sie Achtung u Liebe<lb/>für <rs ref="#i869860" type="person"><rs ref="#i869876" type="person">H u Fr Nid.</rs></rs> dessen habe ich sichre Beweise,  u dies ist<lb/>doch die Grundlage ohne welches nichts Gutes in der <rs ref="#i874045" type="object">Erziechung<lb/></rs>bewirkt werden kann.</p></div><div xml:id="d23412466" corresp="d908206" ><head resp="#editor">Tagebucheintrag<date> 16.03.1829 </date></head><pb n="40"/><p>29 3 16<lb/>Es ist eine schwierige Sache, ein <rs ref="#i873908" type="object">Geschäft</rs> mit Personen<lb/>zu unternehmen, die von der Sache keine richtigen od wenig-<lb/>stens ganz andre Begriffe als wir haben. So ist es<lb/>mit unsrer vorhabenden Anstalt, die wie ich besorge<lb/>eben dadurch nicht zu Stande kommen wird.<lb/>Ich trage die Idee dazu schon lange in mir, um, u nur<lb/>da ich glaube das Nöthigste, Unentbehrlichste, auf eine<lb/>sehr vortheilhafte Art dazu geben zu können, nemlich<lb/>ein Local mit dem gehörigen Land dazu, so findet<lb/>man eben das was ich unerläßlich nöthig finde, als<lb/>das gröste unübersteigliche Hinderniß. Ich werde<lb/>mein Möglichstes thun um meinen <rs ref="#i874895" type="object">Ideen</rs> eingang<lb/>zu geben doch ist das nicht möglich so zieche ich mich<lb/>mit dem Bewußtseyn das Gute gewollt zu haben<lb/>zurück u lebe in Ruhe mir selbst u den Meinen.<lb/>Meine Idee ist Menschen vom niedren Stande nach<lb/>ihren Kräften u Fähigkeiten zu ihrem Stande auszu-<lb/>bilden, u fromme genügsame arbeitsame u tatig<del>e</del><supplied>lich</supplied><lb/>nützliche u glückliche Menschen aus ihnen zu machen.<lb/>Meine Gegner wollen es soll alles allein dahin zwecken<lb/>geschickte Dienstbothen aus ihnen zu gießen, u denken<lb/>nur was bequem für sie wäre.</p></div><div xml:id="d23412467" corresp="d908214" ><head resp="#editor">Tagebucheintrag<date> Beilage Heft 26 </date></head><p><rs ref="#i891654" type="object">Hochzeit</rs> <rs ref="#i899009" type="object">Wunsch</rs> meiner<lb/>Groß Tochter <rs ref="#i868056" type="person">Sophie Paravizini<lb/></rs>vermählt mit H. <rs ref="#i836966" type="person">Emil Thurneisen<lb/></rs>d[en] 8 <supplied>October</supplied> 1828<lb/>July <supplied>8.</supplied> <del>7.</del></p><p>Euch hat des Ewigen Huld das schönste Glück beschieden,<lb/>Genießt es dankbar froh, mit weiser Mässigkeit!<lb/>Doch auch der schönste Tag kann sich mit Wolken trüben<lb/>Und diese kommen auch von <del>Gottes</del> <supplied>gütiger VaterHand.</supplied> Gütigkeit<lb/>Bleibt in der Hoffnung stark, fest in der Liebe Band<lb/>zur reinen Seelen Ruh’ strebt muthig Hand in Hand<lb/><supplied>durch Tugend bleib Euch stetzt der reine Seelenfrieden!</supplied><lb/>Euch <supplied>wird</supplied> <del>mög</del> der Nächsten Glück theur wie das Eure seyn<lb/>Spät erst fährt sanft u froh ins sel’ge Leben ein!</p></div>
       </body></text>
   </TEI>
    