<?xml version="1.0"?>
    <?xml-model href="http://www.tei-c.org/release/xml/tei/custom/schema/relaxng/tei_all.rng" type="application/xml" schematypens="http://relaxng.org/ns/structure/1.0"?>    
    <TEI xmlns="http://www.tei-c.org/ns/1.0" xml:id="d908597">
       <teiHeader>
          <fileDesc>
             <titleStmt>
                <title>Heft 28 (1830-1831)
                </title>
                <author>Anna Maria Preiswerk-Iselin</author>
             </titleStmt>
             <publicationStmt>
                <publisher xml:id="editor">Tagebücher Anna Maria Preiswerk-Iselin Projekt</publisher>
                <pubPlace>Basel</pubPlace>
                <date when="2022-03">March 2021</date>
                <availability>
                   <licence notBefore="2022-03-01" target="http://creativecommons.org/licenses/by-sa/4.0/">
                      <p>[...]</p>
                      <p>This work is licensed under a Creative Commons Attribution-ShareAlike 4.0 International License.</p>
                      <p> You are free to: <list>
                            <item> Share — copy and redistribute the material in any medium or format</item>
                            <item> Adapt — remix, transform, and build upon the material</item>
                         </list>
                      </p>
                      <p> Under the following terms: <list>
                            <item> Attribution — You must give appropriate credit, provide a link to the license, and indicate if changes were made. You
                               may do so in any reasonable manner, but not in any way that suggests the licensor endorses you or your use.</item>
                            <item> ShareAlike — If you remix, transform, or build upon the material, you must distribute your contributions under the same
                               license as the original.</item>
                            <item> No additional restrictions — You may not apply legal terms or technological measures that legally restrict others from
                               doing anything the license permits.</item>
                         </list>
                      </p>
                      <p>The licence was added on March first, 2022.</p>
                   </licence>
                </availability>
             </publicationStmt>
             <sourceDesc>
                <msDesc>
                   <msIdentifier>
                      <settlement>Basel</settlement>
                      <repository>Staatsarchiv</repository>
                      <idno>StABS PA 511 304-03-04</idno>
                      <msName>Heft 12 (1815-1816) - Anna Maria Preiswerk-Iselin </msName>
                   </msIdentifier>
                </msDesc>
    <listPerson><person xml:id="i915028"><persName>Gabriel Girard</persName></person><person xml:id="i836759"><persName>Anna Maria Burckhardt-La Roche-Preiswerk</persName></person><person xml:id="i868068"><persName>Sophia Vischer-Preiswerk</persName></person><person xml:id="i915055"><persName>Robert Southey</persName></person><person xml:id="i915083"><persName>Friedrich Adolf Krummacher</persName></person><person xml:id="i837033"><persName>Esther Iselin</persName></person><person xml:id="i869389"><persName>Amalie von Gallitzin</persName></person><person xml:id="i868105"><persName>Valerie Wettstein-Iselin</persName></person><person xml:id="i836927"><persName>Dietrich Preiswerk-Bischoff</persName></person><person xml:id="i835771"><persName>Dietrich Preiswerk-Bischoff</persName></person><person xml:id="i835806"><persName>Susanna Preiswerk-Bischoff </persName></person><person xml:id="i868141"><persName>Wilhelm Preiswerk</persName></person><person xml:id="i868031"><persName>Sophia Burckhardt-Vischer</persName></person><person xml:id="i868759"><persName>Karl Burckhardt-Vischer</persName></person><person xml:id="i870247"><persName>Ignaz Heinrich Karl Freiherr von Wessenberg</persName></person><person xml:id="i835869"><persName>Lux</persName></person><person xml:id="i870143"><persName>Ludwig Friedrich Franz-Theremin</persName></person><person xml:id="i869675"><persName>Johann Paul Friedrich Richter</persName></person><person xml:id="i835836"><persName>Susanna Paravicini-Preiswerk</persName></person><person xml:id="i837130"><persName>Isaac Iselin</persName></person><person xml:id="i870208"><persName>Heinrich Gottlieb Tzschirner</persName></person><person xml:id="i870221"><persName>Paul Usteri</persName></person><person xml:id="i836841"><persName>Benedict Vischer-Preiswerk</persName></person><person xml:id="i835852"><persName>Rudolf Paravicini-Preiswerk</persName></person><person xml:id="i867962"><persName>Rudolf Paravicini-Vischer</persName></person><person xml:id="i867825"><persName>Isaak Iselin-Forcart</persName></person><person xml:id="i869202"><persName>Karl Burckhardt-Paravicini</persName></person><person xml:id="i836526"><persName>Albert Emanuel Hoffmann-Burckhardt</persName></person><person xml:id="i867913"><persName>Maria Helena Hoffmann-Preiswerk</persName></person><person xml:id="i868665"><persName>Emanuel Hoffmann-Preiswerk</persName></person><person xml:id="i836718"><persName>Adele Sarasin-Vischer</persName></person><person xml:id="i869151"><persName>Johann Albrecht Bengel</persName></person><person xml:id="i869527"><persName>Ulrich Hegner</persName></person><person xml:id="i837045"><persName>Friedrich Preiswerk</persName></person><person xml:id="i868154"><persName>Wilhelm Vischer-Bilfinger</persName></person><person xml:id="i915500"><persName>Joseph Christian Emil Nürnberger</persName></person><person xml:id="i915515"><persName>Wolfgang Menzel</persName></person><person xml:id="i870070"><persName>Gotthilf Heinrich von Schubert</persName></person><person xml:id="i870083"><persName>Heinrich Seuse</persName></person><person xml:id="i915568"><persName>Melchior von Diepenbrock</persName></person></listPerson><listObject><object xml:id="i873159" type="tag"><objectIdentifier><objectName>Ortserwähnung</objectName></objectIdentifier></object><object xml:id="i874235" type="tag"><objectIdentifier><objectName>Ausbildung</objectName></objectIdentifier></object><object xml:id="i873852" type="tag"><objectIdentifier><objectName>Brief</objectName></objectIdentifier></object><object xml:id="i873950" type="tag"><objectIdentifier><objectName>Ereignis</objectName></objectIdentifier></object><object xml:id="i874226" type="tag"><objectIdentifier><objectName>Gedanken zur Gesellschaft</objectName></objectIdentifier></object><object xml:id="i915072" type="book_etc"><objectIdentifier><objectName>Southey: John Wesley’s Leben, die Entstehung und Verbreitung des Methodismus.</objectName></objectIdentifier></object><object xml:id="i873838" type="tag"><objectIdentifier><objectName>Unbekannte Person</objectName></objectIdentifier></object><object xml:id="i874148" type="tag"><objectIdentifier><objectName>Besuch</objectName></objectIdentifier></object><object xml:id="i874895" type="tag"><objectIdentifier><objectName>Mädchenschule?</objectName></objectIdentifier></object><object xml:id="i910653" type="tag"><objectIdentifier><objectName>Hoffnung</objectName></objectIdentifier></object><object xml:id="i873990" type="tag"><objectIdentifier><objectName>Selbstreflexion</objectName></objectIdentifier></object><object xml:id="i873922" type="tag"><objectIdentifier><objectName>Religion</objectName></objectIdentifier></object><object xml:id="i884071" type="tag"><objectIdentifier><objectName>Wetter</objectName></objectIdentifier></object><object xml:id="i914348" type="tag"><objectIdentifier><objectName>Unfall/Verletzung</objectName></objectIdentifier></object><object xml:id="i915115" type="book_etc"><objectIdentifier><objectName>Katerkamp: Denkwürdigkeiten aus dem Leben der Fürstinn Amalia von Gallitzin. </objectName></objectIdentifier></object><object xml:id="i903712" type="tag"><objectIdentifier><objectName>Behandlung/Kur</objectName></objectIdentifier></object><object xml:id="i873825" type="tag"><objectIdentifier><objectName>Altersgebrechen</objectName></objectIdentifier></object><object xml:id="i874090" type="tag"><objectIdentifier><objectName>Personenbeschreibung</objectName></objectIdentifier></object><object xml:id="i874045" type="tag"><objectIdentifier><objectName>Gedanken zur Erziehung</objectName></objectIdentifier></object><object xml:id="i915145" type="tag"><objectIdentifier><objectName>Kantonstrennung</objectName></objectIdentifier></object><object xml:id="i873859" type="tag"><objectIdentifier><objectName>Ratschlag an die Kinder</objectName></objectIdentifier></object><object xml:id="i915162" type="book_etc"><objectIdentifier><objectName>Wessenberg: Neue Gedichte. </objectName></objectIdentifier></object><object xml:id="i874486" type="tag"><objectIdentifier><objectName>Gedanken zur Ehe</objectName></objectIdentifier></object><object xml:id="i873943" type="tag"><objectIdentifier><objectName>Alter(n)</objectName></objectIdentifier></object><object xml:id="i874141" type="tag"><objectIdentifier><objectName>Gedanken über den Tod</objectName></objectIdentifier></object><object xml:id="i915183" type="book_etc"><objectIdentifier><objectName>Theremin: Predigten.</objectName></objectIdentifier></object><object xml:id="i915197" type="book_etc"><objectIdentifier><objectName>Richter: Jean Paul’s sämmtliche Werke.</objectName></objectIdentifier></object><object xml:id="i873845" type="tag"><objectIdentifier><objectName>Krankheit</objectName></objectIdentifier></object><object xml:id="i910686" type="tag"><objectIdentifier><objectName>Sorgen</objectName></objectIdentifier></object><object xml:id="i899265" type="tag"><objectIdentifier><objectName>Umzug</objectName></objectIdentifier></object><object xml:id="i875143" type="tag"><objectIdentifier><objectName>Stadt-Land</objectName></objectIdentifier></object><object xml:id="i874029" type="tag"><objectIdentifier><objectName>Rückblick</objectName></objectIdentifier></object><object xml:id="i873964" type="tag"><objectIdentifier><objectName>Selbstkritik</objectName></objectIdentifier></object><object xml:id="i873901" type="tag"><objectIdentifier><objectName>Trennung</objectName></objectIdentifier></object><object xml:id="i915236" type="book_etc"><objectIdentifier><objectName>Tzschirner:Predigten.</objectName></objectIdentifier></object><object xml:id="i873831" type="tag"><objectIdentifier><objectName>Selbstzeugnis schreiben</objectName></objectIdentifier></object><object xml:id="i899128" type="tag"><objectIdentifier><objectName>Krankheit anderer Personen</objectName></objectIdentifier></object><object xml:id="i910637" type="tag"><objectIdentifier><objectName>Erschöpfung</objectName></objectIdentifier></object><object xml:id="i915297" type="book_etc"><objectIdentifier><objectName>Burckhardt: Basel unter seinen Miteidgenossen.</objectName></objectIdentifier></object><object xml:id="i874436" type="tag"><objectIdentifier><objectName>Über das weibliche Geschlecht</objectName></objectIdentifier></object><object xml:id="i873908" type="tag"><objectIdentifier><objectName>Geschäfte</objectName></objectIdentifier></object><object xml:id="i910645" type="tag"><objectIdentifier><objectName>Trübe Stimmung</objectName></objectIdentifier></object><object xml:id="i873915" type="tag"><objectIdentifier><objectName>Haushalt</objectName></objectIdentifier></object><object xml:id="i898746" type="tag"><objectIdentifier><objectName>Schmerz/Krankheit Familie</objectName></objectIdentifier></object><object xml:id="i874775" type="book_etc"><objectIdentifier><objectName>Platons Werke, 6 Bde</objectName></objectIdentifier></object><object xml:id="i873936" type="tag"><objectIdentifier><objectName>Philosophie</objectName></objectIdentifier></object><object xml:id="i915378" type="book_etc"><objectIdentifier><objectName>Burk: Dr. Johann Albrecht Bengel’s Leben und Wirken. </objectName></objectIdentifier></object><object xml:id="i910699" type="tag"><objectIdentifier><objectName>Heiterkeit</objectName></objectIdentifier></object><object xml:id="i915427" type="book_etc"><objectIdentifier><objectName>Jean Paul: Selina.</objectName></objectIdentifier></object><object xml:id="i922784" type="tag"><objectIdentifier><objectName>Unruhe</objectName></objectIdentifier></object><object xml:id="i915489" type="book_etc"><objectIdentifier><objectName>Nürnberger: Astronomische Abendunterhaltungen auf einem Waldschlosse.</objectName></objectIdentifier></object><object xml:id="i915531" type="book_etc"><objectIdentifier><objectName>Iselin: Schreiben eines Vaters an seinen Sohn.</objectName></objectIdentifier></object><object xml:id="i915545" type="book_etc"><objectIdentifier><objectName>Schubert: Die Geschichte der Seele. </objectName></objectIdentifier></object><object xml:id="i915557" type="book_etc"><objectIdentifier><objectName>Seuse: Heinrich Suso’s, genannt Amandus, Leben und Schriften. </objectName></objectIdentifier></object></listObject>
    </sourceDesc>
      </fileDesc>
      <profileDesc>
         <textClass>
            <!-- vérifier !!! -->
            <catRef scheme="#genre" target="#journal"/>
         </textClass>
         <langUsage>
            <language ident="de">Deutsch</language>
         </langUsage>
      </profileDesc>
   </teiHeader>
       <text><body><div xml:id="d23412822" corresp="d908983" ><head resp="#editor">Tagebucheintrag<date> 02.07.1830 </date></head><pb n="1"/><p>30 7 2<lb/>Wenn die Mädchenschule in <rs ref="#i873159" type="object">Rheinach</rs> gedeihen soll,<lb/>so müssen die Kinder einen großen Theil des Tages<lb/>unter <rs ref="#i874235" type="object">Aufsicht</rs> stehen u eine geräumige Stube<lb/>besonders dazu haben. Die Person die im Vorschlag<lb/>ist kann wohl nehen u Stricken, sie ist eine Jungfrau,<lb/>sie sollte zugleich eine tüchtige Bauerntochter seyn.<lb/>Die Kinder sollen weder zu lange lernen noch<lb/>zu lange sitzende Arbeiten verrichten!<lb/>Daß sich ein wohl unterrichteter (nach <rs ref="#i915028" type="person">Abbee Girard<lb/></rs>Methode) junger Mann dort befindet der ihnen<lb/>täglich 1 Stunde Unterricht gebe, das ist sehr gut. <lb/><del>Dieser würde des Morgens eine Andacht mit ihnen <lb/>halten, sehr gut wärs wenns Abends auch geschen könnte</del> [Nachtrag am Seitenende, mit * vermerkt]<lb/>Auch viele Zeit zum herumschwärmen ist schädlich.<lb/>Die so verständige Eltern haben, die Land besitzen,<lb/>könnten sie mit bebauung desselben beschäftigen.<lb/>Wäre es nich vieleicht möglich daß die Mutter</p><pb n="2"/><p>der Lehrerin, die eine rechtschafne u thätige Bäurin<lb/>seyn soll, die Kinder mit Feld u Gartenarbeit<lb/>beschäftigte! Man müßte ihnen ein Stück Land<lb/>miethen wovon die Helfte in Hanf u Flachs ange-<lb/>säet u zur Verarbeitung u Beschäftigung der<lb/>Kinder im Winter diente! Die andre Helfte<lb/>in Gemüssen welche der Frau so die Kinder zur<lb/>Arbeit anführte, zu Nutzen kämme. Für Besserung<lb/>u. d. g. würden die wohlhabenden Bauren auch<lb/>beitragen! Dann müßten die Kinder täglich 1 Stunde<lb/>auf der Straße Bau zusamen lesen.</p></div><div xml:id="d23412823" corresp="d908991" ><head resp="#editor">Tagebucheintrag<date> 04.07.1830 </date></head><pb n="2"/><p>30) 7) 4) 5<lb/>An <rs ref="#i836759" type="person">Marie P</rs> <rs ref="#i873852" type="object">geschrieben<lb/></rs>Heute ist der <rs ref="#i873950" type="object">Geburtstag</rs> der lieben Tochter <rs ref="#i868068" type="person">Sophie<lb/></rs>mögen meine Wünsche zu ihr hinfliegen u sie<lb/>von ihren Beschwerden befreien Gott seegne<lb/>sie u die Ihrigen!</p></div><div xml:id="d23412824" corresp="d908999" ><head resp="#editor">Tagebucheintrag<date> 06.07.1830 </date></head><pb n="3"/><p>30 7 6<lb/>Ich lese nun „<rs ref="#i915072" type="book_etc">Wesley’s Leben </rs>von Robert<lb/><rs ref="#i915055" type="person">Southey</rs>. Aus dem Englischen, von <rs ref="#i915083" type="person">Krummacher<lb/></rs>(C.[?] Fried Adolph“)<lb/>Dies Buch gefält mir sehr wohl es scheint<lb/>mir so geeignet die so zur <rs ref="#i874226" type="object">Schwärmerei</rs> geneigt<lb/>sind, davon zu heilen, als die so unbedacht über<lb/>alles spotten, zu einer vernünftigen Ansicht<lb/>zu bringen. Es sind so helle Blicke ein so gesundes<lb/>Urtheil, eine so gelauterte Frömmigkeit darin<lb/>die sehr wohlthuend ist.</p></div><div xml:id="d23412825" corresp="d909007" ><head resp="#editor">Tagebucheintrag<date> 09.07.1830 </date></head><pb n="3"/><p>30 7 6<lb/>Ich <rs ref="#i874148" type="object">war</rs> gestern Abend mit Sw. <rs ref="#i837033" type="person">Esther</rs> in <rs ref="#i873159" type="object">Rheinach<lb/></rs>habe aber<rs ref="#i873838" type="object"> Fr. St.</rs>[?] nicht angetroffen, das thut<lb/>mir leid. Doch scheint es daß die Einrichtung der<lb/>Madchen Schule nicht vernachlässigt werde; könnte<lb/>ich nur was Gutes dazu beitragen! Swst. sagte<lb/>mir von Ihrer Veränderung u Zusamenziechung<lb/>der Kleinkinderschule: möge sie gut gelingen!<lb/>Ich gab mit Freuden meinen Beitrag. Doch immer<lb/>thut es mir wehe daß mein <rs ref="#i874895" type="object">Vorschlag</rs> ganz bei</p><pb n="4"/><p>seitigt wird, doch will ich meine <rs ref="#i910653" type="object">Hoffnung</rs> nicht<lb/><supplied>freuen</supplied> ganz aufgeben u indeßen mich des<lb/>Guten freun das durch Andre befördert wird;<lb/>ich darf mir doch <rs ref="#i873990" type="object">schmeicheln</rs> unbekant den Anstoß<lb/>zu Allem gegeben zu haben! Das soll mich nicht<lb/>aufblähn, im Stillen danke ich Gott dafür:<lb/>„Genug wenn Welle, Welle treibt“<lb/>„Und Wirkung ohne Namen bleibt“</p><p>Ich habe nun den 2ten Bd von <rs ref="#i915072" type="book_etc">Weslys Leben</rs> zu<lb/>Ende, bald hätte ich’s weggelegt so traurig kammen<lb/>mir die unseligen Zänkereien vor: wie ist<lb/>es möglich daß die sanfte, nichts als Demuth<lb/>u Liebe lehrende <rs ref="#i873922" type="object">Religion</rs> Jesu zu solchen Aus-<lb/>wuchsen leitet! Wie traurig die Lehre der<lb/>Vorbestimmung. Doch solche Stürme läßt Gott zu<lb/>um die Wahrheitssonne wieder heller leuchten<lb/>zu lassen.</p></div><div xml:id="d23412826" corresp="d909015" ><head resp="#editor">Tagebucheintrag<date> 12.07.1830 </date></head><pb n="4"/><p>30 7 30<lb/>Ich lese im <rs ref="#i915072" type="book_etc">Wesley</rs> fort: sonderbar ja traurig<lb/>kamen mir fast alle die Geschichten der</p><pb n="5"/><p>Bekehrten od Erveckten vor; doch scheint es<lb/>mir die vorhergegangne Lebensweise derselben<lb/>bestimme meistens ihre Denkungs Weise u Ansicht<lb/>der Religion: wie finster u schmerzlich sind<lb/>die eines Haimes, der vorher ein Wüstling <lb/>gewesen! Wie sanft u milde hingegen die eines<lb/>Georg <supplied>H</supplied> <rs ref="#i873838" type="object">Norg</rs> [?], wie sehr meinen Ansichten über<lb/>Religion angemessen?<rs ref="#i915072" type="book_etc"> 156 Seite 2ter Band</rs> „Er lernte<lb/>auf dem Weg christlicher Demuth sich von aller<lb/>hochmuthigen Klägelei abwenden, seine Seele auf<lb/>Gott richten u ihm unbedingt mit kindlichem Glauben<lb/>u kindlicher Liebe vertrauen. Dies war<lb/>anfangs schwer für den Hochmuth seiner Vernunft<lb/>u für die eitlen Traume seiner Phantasie; allein<lb/>es führt „zu einem immerwährenden Frieden,<lb/>der in seinem Herzen die Erkenntnis u Liebe<lb/>Gottes lebendig erhielt.“ Was er empfand war</p><pb n="6"/><p>nicht die überströmende Freude, die ihn<lb/>eigne Hoffnung u fremde Schwärmerei hatte<lb/>erwarten lassen; es war jener Friede, der<lb/>der höcher ist als alle Vernunft; jenes ruhige<lb/>milde Gefühl welches Gott allen denen verheißt,<lb/>die ihn mit Aufrichtigkeit u Demuth suchen.<lb/>Vieleicht giebt es in der ganzen Geschichte des<lb/>Methodismus keinen merkwürdigern Fall.<lb/>Unter den überspantesten Method. lebend,<lb/>zu ihrem Verein gehörend, u mehr als 50 Jahre<lb/>hindurch mit ihnen wirkend u lehrend, war<lb/>Georg <rs ref="#i873838" type="object">Norg</rs> [?] nie ein Schwärmer. Seine innre<lb/>Anlage<supplied>n</supplied> scheint für diese Ansteckung unempfäng-<lb/>lich gewesen zu seyn. Die Method. scheinen<lb/>mir duldsamer gewesen zu seyn als unsre<lb/>heutigen Schwärmer</p></div><div xml:id="d23412827" corresp="d909023" ><head resp="#editor">Tagebucheintrag<date> 24.07.1830 </date></head><pb n="7"/><p>1830 7 24<lb/>Das Unglück das ein Theil unsers Cantons<lb/>durch das <rs ref="#i884071" type="object">Gewitter</rs> das am 16ten Abends<lb/>um 5 Uhr losbrach, hat mich sehr gerührt:<lb/>ich hätte so gerne den <rs ref="#i914348" type="object">Verunglückten</rs> gleich<lb/>einige Erleichterung zukommen lassen, allein<lb/>mein Schärflin wurde zurück geschickt weil die<lb/>Person nicht hinging. Seit dem räth man mir<lb/>zu warten bis eine Anordnung zu gleichmässiger<lb/>Vertheilung, eingesetz sey. Das kann wohl <lb/>gut seyn! Allein mir ist unwohl bis ich auch das<lb/>Meinige beigetragen habe, wenn ich alles um mich<lb/>her sehe, fühle ich mich beschämt, was hatte ich vor<lb/>den Unglücklichen voraus?</p><p>Ich lese nun die <rs ref="#i915115" type="book_etc">Geschichte der Fürstin <rs ref="#i869389" type="person">Galizin</rs></rs>; eine<lb/>edle schöne Seele: welche Festigkeit des Charakters<lb/>u dabei so viele Demuth! Ein wahres religioses</p><pb n="8"/><p>Gemüth. Es ist vieles von ihr zu lernen: aber<lb/>sie nachzuahmen würde<supplied>n</supplied> Wenigen zustehen, ohne<lb/>sie selbst zu seyn, ohne sich in ähnlicher Lage zu befinden.<lb/>Welch schönes Beispiel wie ein ächt religioses<lb/>Gemüth so schön auf die Umgebungen wirkt!<lb/>Ganz beschämt stehe ich vor ihr da! Gott gebe<lb/>mir Kraft u</p></div><div xml:id="d23412828" corresp="d909031" ><head resp="#editor">Tagebucheintrag<date> 25.08.1830 </date></head><pb n="8"/><p>30 8 25<lb/>Seit dem 21 bin ich vom <rs ref="#i903712" type="object">Eptinger Baade</rs> zurück<lb/>wo ich mit Swster <rs ref="#i868105" type="person">Wetts</rs> [?] u <rs ref="#i837033" type="person">Esther</rs>, zubrachte.<lb/>Ich fühlte dorten recht sehr meine<rs ref="#i873825" type="object"> Alters-<lb/>schwäche</rs>: doch machte mir der Anblick<lb/>der erhaben schönen Natur manch herr-<lb/>licher Genuß, ich hatte ruhe in meinem Innern<lb/>u dankte Gott dafür, mein Kopf war meist<lb/>frei u konnte ruhig nachdenken, mich des<lb/>Guten freun das in der Weld geschieht.<lb/>Das <rs ref="#i874148" type="object">Wiedersehen</rs> meines GßSohns <rs ref="#i836927" type="person">D. P.<lb/></rs>ergriff mich zwar sehr schmerzlich er schien</p><pb n="9"/><p>mir so <rs ref="#i874090" type="object">jämmerlich elend</rs>, ganz wie der Schatten<lb/>seiner so frühe hingegangnen <rs ref="#i835771" type="person"><rs ref="#i835806" type="person">Eltern</rs></rs>: möge<lb/>Gott den Armen stärken! Sein Wille geschehe!<lb/>Mein kleinerer Enkel <rs ref="#i868141" type="person">W. P.</rs> der 14 Tage<lb/><rs ref="#i874148" type="object">mit mir</rs> war verursachte mir wohl manchen<lb/>schweren Gedanken, doch seine <rs ref="#i874090" type="object">ofne</rs> Gutmüthig-<lb/>keit u Herzlichkeit that mir wohl; o könnte<lb/>ich ihn nur mehr bei mir haben! Er bedarf<lb/>eines ihn liebenden Herzens u das mangelt <lb/>ihm:<rs ref="#i874045" type="object"> wie könnte ich helfen</rs>? Wie traurig<lb/>sind die <rs ref="#i915145" type="object">Verhältniße</rs>!!<lb/>Es schmerzt mich immer sehr daß aus meinem guten<lb/><rs ref="#i874895" type="object">Vorhaben</rs> gar nichts zu werden scheint, daß<lb/>die so ich als Stützen ansah die Sache hinter-<lb/>treiben! Ich verzeihe es ihnen, ihre Absicht<lb/>ist gut, od sie sehen sie für gut an. Doch<lb/>mein Herz blutet.</p><pb n="10"/><p>[Zeilen quergestellt]<lb/>Hochzeits Wunsch meiner Gßtochter <rs ref="#i868031" type="person">Sophie Vischer </rs>u <rs ref="#i868759" type="person">H Burkard<lb/></rs>Euch selbst u Gott getreu bleibt fest auf ebner Bahn<lb/>So wird das Leben Euch die schönsten Früchte bringen<lb/>Ja auch des Schicksals Ungemach in Liebe u Vertraun getragen<lb/>Wird Segen für Euch seyn. Auch für des Nächsten Wohl<lb/>Seys liebend stätz bedacht. So lebet froh noch in der Enkel Mitte<lb/>Dan führ Euch Gottes Gnad, zu der verklärten Hütte<lb/>30.8.30.</p></div><div xml:id="d23412829" corresp="d909039" ><head resp="#editor">Leer<date> 30.08.1830 </date></head></div><div xml:id="d23412830" corresp="d909047" ><head resp="#editor">Sinnspruch<date> 10.09.1830 </date></head><pb n="11"/><p>30 9 10<lb/>Nun ist dieser Morgen der liebe <rs ref="#i868141" type="person">Wilhelm P.<lb/></rs>wieder <rs ref="#i874148" type="object">abgereißt</rs>: es ist öde um mich, <supplied>u</supplied> <lb/>der gute Junge war sehr gerührt, mögen<lb/>nur die <rs ref="#i874045" type="object">guten Anlagen</rs> in ihm nicht unter-<lb/>drückt werden!<lb/><rs ref="#i873859" type="object">Auch</rs> in des Lebens stürmischem Treiben<lb/>Erlösche nie dein offner Sinn<lb/>Gedenke du<del>rch</del> jedes Alter <supplied>noc</supplied>hin,<lb/>An Recht u Tugend fest zu bleiben!<lb/>Stätz bleiben dir die Augenblicke heilig<lb/>In welchen du so kindlich Gott dich nahtest<lb/>Und mir das Herz in Wonne fließen machtest<lb/>So wirst du hier in dieser Weld schon selig<lb/>Und einst an Hoffnung reich ins beßre Leben gehn,<lb/> Wo wir verklärt uns liebend wieder sehn.</p><pb n="12"/><p>Verschiedne Ursachen gleiche Wirkung<lb/>Wenn mir ein edles Herz mit Lieb u Vertrauen<lb/>begegnet,<lb/>So erhebt sich mein Herz dankbar zum Vater<lb/>der Liebe<lb/>Wenn ich misbilligt, verkannt, von denen die ich<lb/>doch liebe;<lb/>Traurend ins Innre mich zieh, dan heißt der Engel <supplied>der</supplied> <lb/>der Liebe mich zum Ewigen schaun.</p><p>Lebensweisheit. Von <rs ref="#i870247" type="person">Wessenberg<lb/></rs>Die Tugend sucht die heitre Flur<lb/>Wohnt gern in stiller Hütte<lb/>Die Wahrheit Freundin der Natur<lb/>Liebt ihrer Einfalt Sitte<lb/>Doch in der himmlischen Geleit<lb/>Auf allen Pfaden gehen<lb/>Die Freiheit u die Fröhlichkeit,<lb/>Sonst nirgendwo zu sehen.</p><pb n="13"/><p>Am Ende, Sonn u Mond erscheint<lb/>Des Schöpfers volle Klarheit<lb/>Nur dem vertrauten Herzensfreund<lb/>Der Tugend u der Wahrheit.<lb/>Ihm macht zum Paradies die Weld<lb/>Der Umgang edler Seelen,<lb/>Bis er von ihr im Sternenzelt<lb/>Den Engeln kann <rs ref="#i915162" type="book_etc">erzählen</rs>.</p></div><div xml:id="d23412831" corresp="d909055" ><head resp="#editor">Tagebucheintrag<date> 14.09.1830 </date></head><pb n="13"/><p>30 9 14<lb/>Die Unterhaltung so ich gestern Abend mit<lb/>meinem <rs ref="#i835869" type="person">Sohn</rs> über seine <rs ref="#i874486" type="object">häuslichen Verhältnisse<lb/></rs>gehabt, haben mich, in dieser so traurigen Sache,<lb/>äusserst beruhigt, ich danke Gott von ganzer<lb/>Seele! Es ist eine große Erleichterung für mich;<lb/>ein <rs ref="#i910653" type="object">Liechtstrahl</rs> in dunkler Finsterniß.</p></div><div xml:id="d23412832" corresp="d909063" ><head resp="#editor">Tagebucheintrag<date> 30.10.1830 </date></head><pb n="13"/><p>30 10 30<lb/>Ich habe die letztvergangne Zeit viele Wohlthaten<lb/>genoßen, für welche ich Gott nicht dankbar genug<lb/>seyn kann! Ich fühle<rs ref="#i873943" type="object"> mehr körper u Geisteskräfte<lb/></rs>als seit manchen Jahren, kann Freud u Ungemach<lb/>ruhiger ertragen, mit freudigem Dank zu Gott</p><pb n="14"/><p>hinaufschaun u mich auf meine künftige <rs ref="#i874141" type="object">Auflösung<lb/></rs>freuen; ich flehe von Herzen „Leite Du nur meine<lb/>Tage, wie Du willst zum bessern Leben. Oder<lb/>auch zur Ewigkeit!“ Nur eine Bitte wage<lb/>ich: mich von dieser Erde zu nehmen ehe die<lb/>Kräfte meines Geistes, von der schwächlichen Hülle<lb/>zu Boden gedrückt, nie den lieben Meinigen<lb/>für deren Wohl ich sehnlich zu Gott flehe, eine <lb/>Last zu werden!</p></div><div xml:id="d23412833" corresp="d909071" ><head resp="#editor">Tagebucheintrag<date> 17.11.1830 </date></head><pb n="14"/><p>30 11 7<lb/>Die herrliche <rs ref="#i884071" type="object">Witterung</rs> die wir seit gereaumer <lb/>Zeit geniesen stärkt den Körper u läßt mein<lb/>Gemüth in einer stillen Wehmuth das Dahin-<lb/>schwinden der Pracht des Sommers macht mich an   <lb/>mein eignes <rs ref="#i873990" type="object">denken</rs>, u versetzt mich in die<lb/>Gemeinschaft der Theuren die auch schon ihre<lb/><rs ref="#i874141" type="object">irdische Zierde</rs> abgestreift u in höchern Spheren<lb/>durch Gottes Gnade in Seligkeit fortdauren,<lb/>Wenn wird die ewige Liebe mich auch zu ihnen<lb/>versetzen? Dein Wille o Gott geschehe!</p><pb n="15"/><p>Diesen Morgen las ich eine <rs ref="#i915183" type="book_etc">Predig</rs>, von <rs ref="#i870143" type="person">Theremin<lb/></rs>über die Erbauung: vortrefflich zeigt er<lb/>erstens die Vorzüge welche die christliche <rs ref="#i873922" type="object">Religion<lb/></rs>dem Menschen auch in dieser Hinsicht darbietet,<lb/>u die Verpflichtung durch eigne Erbauung auf<lb/>Andre zu wirken. Mir <del>scheint der</del> schöne Gedanke von<lb/><rs ref="#i869675" type="person">J. P. </rs>„Wüßtest du daß ein schwarzer Gedanke<lb/>od eine schwarze<supplied>r Gedanke</supplied> That von Dir,<lb/>Jahrhundert durch böse Folgen haben könnte,<lb/>würdest du dir sie erlauben? – U bist du<lb/>des Gegentheils versichert?<rs ref="#i915197" type="book_etc">“</rs> mit so vielem<lb/>Zartsinn auseinandergesetzt: sie that mir<lb/>sehr wohl.</p></div><div xml:id="d23412834" corresp="d909079" ><head resp="#editor">Tagebucheintrag<date> 25.11.1830 (?) </date></head><pb n="15"/><p>30 11 25[?]<lb/>Seit 14 Tagen ist mir nicht ganz <rs ref="#i873825" type="object">wohl</rs>: das <rs ref="#i874148" type="object">Weggehn<lb/></rs>der lieben Sw <rs ref="#i837033" type="person">Esther</rs>, einige Verdrüßlichkeiten griffen<lb/>mich an, dazu kam eine <rs ref="#i873845" type="object">Erkältung</rs> u meine Maschine<lb/>war aus dem Gang gehoben: nun ist wieder etwas <lb/>besser. Es geschehe wie Gott will!<lb/>Den 12ten Morgens 6 Uhr spürte man einen <rs ref="#i873950" type="object">Erdstoß</rs>,<lb/>der an einigen alten Gebäuden soll geschadet haben, doch unbe-<lb/>            <lb/>[16]</p><p>[deut]end. Möge er nur nirgends mehr geschadet haben!<lb/>Es scheint die phisische u moralische Natur zugleich im Sturm<lb/>zu seyn! Man hört von aller Orten, besonders der<lb/><rs ref="#i873159" type="object">Schweiz</rs>, so viel Beunruhigendes daß man in <rs ref="#i910686" type="object">Sorgen<lb/></rs>seyn muß: doch der Glaube daß eine höchre Hand <lb/>Alles leite, soll uns beruhigen: bethen wollen wir<lb/>daß der Sturm sich lege u „Dein Reich komme!“ Doch<lb/>wie Viele wollen davon nichts wißen!</p></div><div xml:id="d23412835" corresp="d909087" ><head resp="#editor">Tagebucheintrag<date> 10.12.1830 </date></head><pb n="17"/><p>1830 d 10 Dec<lb/>St. Johann  <rs ref="#i874148" type="object">bei </rs>meiner Tochter <rs ref="#i835836" type="person">Paravizini</rs> d[en] 10<lb/>Dec                                        <lb/>Seit dem 7 bin ich hier <rs ref="#i899265" type="object">wohnhaft</rs>: nicht aus Furcht bin<lb/>ich in die <rs ref="#i875143" type="object">Statt</rs> gezogen, nur um dem dringenden Ansechen [?]</p></div><div xml:id="d23412836" corresp="d909095" ><head resp="#editor">Tagebucheintrag<date> 15.12.1830 </date></head><pb n="17"/><p>30 12 15<lb/>Seit dem 12ten bin ich wieder <rs ref="#i899265" type="object">zurück</rs>: so viele Liebe mir<lb/>die P[aravicini] alle erwiesen war doch immer eine Unruhe in <lb/>mir, <rs ref="#i837130" type="person">Bruder</rs> u die Dienstbothen sollten wegen mir in<lb/>Gefahr, u ich in Sicherheit seyn! Zwar glaubte ich<lb/>an keine Gefahr, u habe nur den Bitten meiner Kinder<lb/>entsprochen. Doch Gott sey Dank daß nun auch sie<lb/>beruhigt, u ich wieder hier seyn kann. Ich bin so innerlich<lb/>zufrieden daß die Verhandlungen unsrer Regierung,<lb/>Bürger u Landbürger so friedlich abgelauffen; mir thut<lb/>es so wohl unter den Letztern Männer zu sehen die<lb/>Einsicht u guten Willen haben, Gerechtigkeit u Ordnung<lb/>zu handhaben. Nicht alle um mich her sehen die Sache<lb/>so an wie ich: das thut mir wehe: doch es wird sich<lb/>auch geben! Ich finde daß es ein tröstliches Zeichen<lb/>unsrer Zeit daß ungeachter der großen Aufregung<lb/>des <rs ref="#i915145" type="object">Volks</rs> doch <supplied>g</supplied> keine Grausamkeiten begangen werden.</p></div><div xml:id="d23412837" corresp="d909103" ><head resp="#editor">Tagebucheintrag<date> 23.12.1830 </date></head><pb n="18"/><p>30 12 21<lb/>Nun hat die <rs ref="#i873950" type="object">Sonne</rs> ihren niedrigsten Stand für uns vollbracht<lb/>u bald wird sie wieder uns kräftiger zu läuchten anfangen.<lb/>Ein Jahr ist vergangen: ein wichtiges, durch seine<lb/>Ereigniße denkwürdiges <rs ref="#i874029" type="object">Jahr</rs>! Aber für mich wie wenig<lb/>an Fortschritten reich! Alles blieb nur bei guten Wünschen,<lb/>an Ausführung geschah nichts; ist es meine <rs ref="#i873964" type="object">Schuld</rs>, od<lb/>die Andrer, u der Umstände? Ich will nichts entscheiden<lb/>Gott weis wie manches mich schmerzte, u wie bereitwillig<lb/>ich jetzt noch bin all meine Kräfte aufzubiethen! Doch<lb/>diese <rs ref="#i873943" type="object">schwinden</rs>, u die Jahre fliehn, bald wird das Letzte<lb/>für mich begonnen haben! Meine Muth u Krafte will<lb/>ich nicht sinken lassen, das Übrige Gott befehlen.</p></div><div xml:id="d23412838" corresp="d909111" ><head resp="#editor">Tagebucheintrag<date> 25.12.1830 </date></head><pb n="18"/><p>25 12 30<lb/>Ich verbringe den heutigen, <rs ref="#i873950" type="object">Weihnachtstag</rs>, recht zufrieden<lb/>u froh, ob ich gleich ganz <rs ref="#i873901" type="object">einsam</rs> bin: Gott seys ge-<lb/>dankt dafür! Besonders auch für die Kraft mich<lb/>beschäftigen zu können. Diesen Morgen las ich eine <rs ref="#i915183" type="book_etc">Predig<lb/></rs>von Theremin 2 Bd. Seite 85. Von der Näche der Unsichtbaren<lb/>Weld “ Sie befriedigte mich weit mehr alls einige die<lb/>ich früher gelesen, erstere erhebt und erheitert <lb/>das Gemüth. Nachmittag las ich eine von <rs ref="#i870208" type="person">Tschirner<lb/><rs ref="#i915236" type="book_etc"></rs>Weihnachtspredig</rs> 2 Bd. 84 Seite“ Auch diese gefiel sehr wohl,</p><pb n="19"/><p>oft finde ich diese Pred. mehr moralische Reden, als zur<lb/>gemüthlichen Erbauung geeignet: nicht so die ich heute<lb/>las. Sehr gut finde ich daß dieser Mann alles ins<lb/>thätige Leben bringt, u so wie ich glaube die Menschen zur<lb/>wahren Besserung führt.<lb/>Gestern Abend las ich aus der All Zeitung ein Schreiben<lb/>von Staadsrath <rs ref="#i870221" type="person">Usteri</rs> von Zürich, über die <rs ref="#i915145" type="object">Unruhen</rs> der<lb/>jetzigen Zeit besonders auf die Schweiz beziechend:<lb/>Wie erfreulich ist es von einem <rs ref="#i874090" type="object">Mann</rs> edeln Sinnes, seine<lb/>eignen dunkeln Gedanken, die beinahe nur Gefühle sind;<lb/>so klar, schön u bestimmt ausgedrückt zu finden! Was ich<lb/>im Gewirr so verschiedenartiger Ansichten kaum auszusprechen<lb/>wagte, finde ich hier in einem so religiosen reinen Sinne<lb/>vorgetragen: wie wohl thut mir das. Den Glaube daß<lb/>die Menschheit durch die Stürme der Zeit zu einem bessern<lb/>Ziele gelangen werden kann ich nicht lassen. Finde ich auch<lb/>Andre mit mehr Einsichten begabte, meines Sinnes, <supplied>wie <lb/>wohl thut mir das .</supplied></p></div><div xml:id="d23412839" corresp="d909119" ><head resp="#editor">Tagebucheintrag<date> 26.12.1830 </date></head><pb n="19"/><p>30 12 26<lb/>Diesen Morgen las ich „<rs ref="#i915236" type="book_etc">Predigt von Tschirner</rs> 2 Bd 257 Seite<lb/>die Verbindung zwischen dem Judenthum u Christenthum“<lb/>fand sie sehr gut: seine Ansichten über die Fortschritte</p><pb n="20"/><p>der Menschheit, dienen auch meine Überzeugung zu<lb/>bekräftigen: besonders schön sagt er Seit 265.<lb/>„je lebendiger der Glaube an den Allweisen in unserm<lb/>Herzen ist, desto beruhigter, freudigter u hoffnungs-<lb/>reicher betrachten wir die Weld u den Gang der<lb/>menschlichen Dinge.</p></div><div xml:id="d23412841" corresp="d909127" ><head resp="#editor">Tagebucheintrag<date> 10.02.1831 </date></head><pb n="20"/><p>31 2 10<lb/>Die Zeit seit dem ich Obiges <rs ref="#i873831" type="object">geschrieben</rs> war für<lb/>unsere <rs ref="#i875143" type="object">Statt</rs> besorgnis leer. Ich konnte meine Sachen<lb/>fürs Neujahr noch ruhig besorgen, aber kaum waren<lb/>2 Tage desselben vorbei so waltete der <rs ref="#i915145" type="object">böse Geist<lb/></rs>mehr als vorher so daß ich den 2 Januar wieder in<lb/>die Statt <rs ref="#i899265" type="object">zu</rs> Tochter <rs ref="#i835836" type="person">Par</rs>. gieng; ein Theil meiner<lb/>Sachen einpackte, aber noch nichts wegführen<lb/>lies: denn ich fühlte eine Abneigung meine Sachen<lb/>zu flüchten, da noch so viele meiner Nachbaren, die weniger<lb/>begütert sind, vor dem Thor bleiben mußten; [unles.]<lb/>hatten die Stattleute die Land Häuser hatten, zu meiner<lb/>Ärgerniß, schon lange ausgeräumt. Zwei Tage <lb/>hernach that ich, auf Anrathen, das nöthigste u</p></div><div xml:id="d23412840" corresp="d909135" ><head resp="#editor">Tagebucheintrag<date> 10.01.1831 </date></head><pb n="21"/><p>1831 Jenner d[en] 10. [?]   <lb/>Seit Dienstag den 4ten bin ich wieder hier bei meiner<lb/>Tochter <rs ref="#i835836" type="person">Pravizini</rs>: es schmerzte mich meine l Ruhe-<lb/>stätte zu <rs ref="#i875143" type="object">verlassen</rs>. Den Tag darauf fuhr ich zu<lb/>Tochter <rs ref="#i868068" type="person">V</rs>. um wegen dem <rs ref="#i873950" type="object">Flüchten</rs> meiner Mägdte u<lb/>meiner Effekten u besonders meines <rs ref="#i837130" type="person">Bruders</rs> der<lb/>bis dorthin <rs ref="#i915145" type="object">nicht hatte ausziehn wollen</rs>, mich zu unterreden.<lb/><rs ref="#i836841" type="person">H. V.</rs> war nicht bei Haus den ganzen Morgen war er<lb/>beim fürchterlichsten <rs ref="#i884071" type="object">Wetter</rs> auf alle militair Posten<lb/>zur Inspection herum gegangen u kam ½ ein Uhr durch-<lb/>genätz nach hause. Er wollte mir keinen entscheid-<lb/>enden Rath geben, doch schien mir er fände es besser<lb/>aufzupacken: ich entschloß mich dazu, u noch waren<lb/>wir bei Tische, als Tochter<rs ref="#i835836" type="person"> P. </rs>auf anrathen meines <rs ref="#i835869" type="person">Sohns</rs>,<lb/>der mir seinen Wagen für 2 Uhr, zum wegziehn bestelte,<lb/>um mir behilflich zu seyn. Ich verbat mir das, wegen<lb/>ihrer <rs ref="#i899128" type="object">schwächlichen</rs> Gesundheit, u nahm <rs ref="#i837130" type="person">Bruders</rs> seine<lb/>an. Gegen 3 Uh[r] fingen wir an u nach 4 war der<lb/>Wagen gepackt ich <rs ref="#i899265" type="object">fuhr</rs> zugleich wieder hieher wo meine<lb/>Tochter mir Platz gab alles zu verwahren. <rs ref="#i837130" type="person">Bruder<lb/></rs></p><pb n="22"/><p>wollte erst den andern Morgen mit meinen Leuten<lb/>u Gepäck in die Statt kommen: dies geschah. Die<lb/>Köchin schickte ich zu ihren Leuten nach Stätten, die<lb/>Stubenmagd behielt ich bei mir; den Knecht mit<lb/>den Pferden lies ich draussen, da auch der<lb/>Senn samt Frau u einem Knecht dort waren.<lb/>Es ist ein großes Glück treue Dienstbothen zu haben<lb/>diesem Menschen konnte ich ohne Sorgen das Haus<lb/>überlassen, darin ich noch manches zurückgelassen<lb/>alles Hausgeräth u im Keller eine gute portion<lb/>Wein. Für all das war ich ganz ohne Sorgen,<lb/>den ich glaubte nicht daß die Ruhestörer sich<lb/>zum Rauben u brennen entschließen würden.</p></div><div xml:id="d23412842" corresp="d909147" ><head resp="#editor">Tagebucheintrag<date> 21.01.1831 </date></head><pb n="22"/><p>31 1 21<lb/>Die Zeit seit der ich seit dem zugebracht war stürmisch<lb/>und <rs ref="#i910686" type="object">sorgenvoll</rs>, für mich hatte ich keine Furcht, aber<lb/>Manche der Meinigen waren der großen <rs ref="#i915145" type="object">Gefahr<lb/></rs>ausgesetzt auch waren sie der rohen <rs ref="#i884071" type="object">Witterung</rs> <lb/>ausgesetzt. Gottlob war sie für diese Jahres Zeit</p><pb n="23"/><p>noch zimmlich milde. Dies beunruhigte mich, <supplied>aber</supplied> wohl<lb/>wahr daß Gott in der Noth Kräfte giebt! Noch<lb/>ebenso peinlich schmerzten mich Urtheile die mir<lb/>falsch schienen. Mein <rs ref="#i873943" type="object">Körper</rs> ist von dem allem ange-<lb/>griffen. Doch ich sehe wohl ein daß wir alle Ursache<lb/>haben Gott zu danken wie alles bis dahin so glücklich<lb/>gegangen! Schön war die Einigkeit, nicht nur der<lb/>Bürgerschaft sondern aller Bewohner der Statt,<lb/>nur einiger weniger bösen Geistern ausgenommen.<lb/>Ich bin überzeugt daß das Recht auf unsrer Seite<lb/>wa<supplied>h</supplied>r (wohl war auch manches vieleicht zu verhüten <lb/>gewesen, doch alles Menschliche hat seine Gebrechen!)<lb/>möge nur jetzt Versohnu</p><p>leicht wegführendste meiner Sachen wegführen<lb/>alles Hausgeräth u der Wein im Keller blieben<lb/>hier: letzrer machte mir etwas Sorge, den wenn<lb/>er weggekommen wäre, hätte es von den Meinigen<lb/>geärgert; doch es war nicht mehr Zeit ihn weg zu<lb/>führen, da die Insurgenten der Statt nache waren.<lb/>Der Knecht mit den Pferden blieb beim Senn im<lb/>Lehnhaus; <rs ref="#i837130" type="person">Bruder</rs> wohnte bei meinem <rs ref="#i835869" type="person">Sohn</rs>, die<lb/>Köchin gieng zu den Ihrigen, die Stubenmagd kam<lb/>mit zu meiner <rs ref="#i835836" type="person">Tochter</rs>. So wohl es mir bei meiner<lb/>Tochter war, so viel Liebe sie ihr <rs ref="#i835852" type="person">Mann</rs> u <rs ref="#i867962" type="person">Sohn</rs>, mir<lb/>bewiesen, so kam mir doch alles so traurig vor, nicht<lb/>Angst war es sondern Wehmuth, und zuweilen Erbiterung<lb/>und Aerger über die Ruhestörer und rauffsüchtigen<lb/>gehässigen Verläumder die alles aufbothen u jetzt<lb/>noch aufbiethen mit den schändlichsten Lügen, uns die<lb/>ganze Schweiz über den Hals zu bringen: ich flehte<lb/>stätz zu Gott daß er den Unsrigen nur den Muth nicht<lb/>möge sinken lassen! Ich hätte selbst ihnen zuruffen</p><pb n="30"/><p>traut auf Eure gute Sache u auf die Hilfe Gottes,<lb/>verachtet das elende Drohen des schändlichen Ge-<lb/>sindels! Mich freute das fast einstimmige gute und<lb/>muthvolle Benehmen unsrer Bürger und Statteinwohner<lb/>auch durfte ich mich freuen daß manche der Meinigen<lb/>auch tüchtig mitwirkten, dies freute mich: doch jeder<lb/>Schein nur des Gegentheils grif mich ärgerlich an.<lb/>Den 27 Jenner kehrte ich wieder <rs ref="#i899265" type="object">hieher zurück</rs>, doch<lb/>von allem sehr <rs ref="#i910637" type="object">erschöpft</rs> daß ich mich sehr ruhig halten<lb/>mußte u nur im Stillen für den guten Ausgang der <lb/>Sache zu Gott flehen konnte. Ein <rs ref="#i914348" type="object">Nagelgeschwür</rs> am<lb/>Daum der rechten Hand verursachte mir Schmerz u<lb/>verwehrte mir das <rs ref="#i873831" type="object">Schreiben</rs>, welches mir auch jetzt<lb/>noch schwer fällt. Über die Hergangenheit der Sache<lb/>ist so viel geschrieben worden daß sie bekannt genug<lb/>geworden ist.</p></div><div xml:id="d23412843" corresp="d909155" ><head resp="#editor">Tagebucheintrag<date> 13.02.1831 </date></head><pb n="30"/><p>31 2 13<lb/>Daß die <rs ref="#i915145" type="object">Sache</rs> der Statt in einem Theil der Schweiz u.<lb/>besonders bei der Tagsatzung so irrig angesehen wurde<lb/>das thut wehe, und empörend war es daß ein pr. heuch-<lb/>lerische Schurken mehr Glauben fanden als eine</p><pb n="31"/><p>alte Bundesstatt. Welch jämerlicher Geist muß in<lb/>der Schweitz (wenigstens beim <rs ref="#i874226" type="object">Volk</rs>, bei der Menge)<lb/>herrschen! Daß Zeitungsblätter wie „der Apenzeller“<lb/>u. a. d. g. deren pöpelhaftes, leidenschaftliches Wesen<lb/>jeden nur etwas gebildeten u sittlichen Menschen empören<lb/>muß, gute Aufnahmen finden! Wie muß das erbitern!<lb/>Daß bei dem leidenschaftlichen Treiben auch Männer<lb/>die sich den Wissenschaften u Gelehrsamkeit befleißen<lb/>sich befinden u im Geheimen den bösen Saamen ausstreuen<lb/>das kann ich ganz nicht faßen! Wie jämmerlich wird in <lb/>dieser aufgeregten Zeit Wissenschaft, Tugend, Freiheit,<lb/>Religion entweiht u dient zum Deckmantel der Eitel-<lb/>keit, <supplied>der</supplied> Herrschsucht, Habsucht u des elendesten Neides,<lb/>Von frühester Jugend auf, durch die weisen Lehren<lb/>meines verehrten <rs ref="#i867825" type="person">Vaters</rs>, aller Unterdrückung des <lb/>Volks entgegen, jedem nur angebohrnen Vorzug<lb/>der Geburt entgegen: durch die Lehren der Religion<lb/>darin bestärkt; erfreute mich jeder Schrit der die<lb/>alten Feßeln der Aristocratie zerbrach. Aber eine</p><pb n="32"/><p>Ordnung der Dinge, wo die Menge des unsittlichen u.<lb/>iregilosen Pöpels, zur Befriedigung ihrer wilden<lb/>Leidenschaften, die Regierung führen sollten, das<lb/>wiedersteht meinen Gefühlen: davor bewahre<lb/>uns Gott! Ich besorge immer man habe im Anfang<lb/>aus Furcht, etwas zu viel nachgegeben! Auch bin ich<lb/>nicht zufrieden daß man die Prediger u Lehrer<lb/>vom Stimm u Wahlrecht ausgeschloßen, dies scheint<lb/>mir eben so unrecht als unklug zu seyn. Sollte<lb/>man nicht trachten die Stimmen der Gebildeten zu mehren<lb/>so viel als möglich?</p></div><div xml:id="d23412844" corresp="d909163" ><head resp="#editor">Tagebucheintrag<date> 19.02.1831 </date></head><pb n="32"/><p>31 2 19<lb/>Mir ist seit einigen Tagen <rs ref="#i873825" type="object">nicht wohl</rs> ich fühle daß<lb/>jede Abwechslung der <rs ref="#i884071" type="object">Witterung</rs> mehr als je auf<lb/>mich wirkt: das ist wohl ein Zeichen zunehmender <rs ref="#i873943" type="object">Schwäche<lb/></rs>Ich las diesen Morgen das Heft von H <rs ref="#i869202" type="person">Carl Bur-<lb/>kart </rs>(Président) <supplied>über</supplied> „<rs ref="#i915297" type="book_etc">Basel unter seinen Miteid-<lb/>genoßen</rs>“ es scheint mir sehr bündig u einsichtsvoll<lb/>u mit großer Massigung geschrieben. Auch er<lb/>glaubt an eine geheime Triebfeder die in unserm<lb/>armen <rs ref="#i915145" type="object">Vaterland</rs> alles verwirren u unter dem </p><pb n="33"/><p>Schein der Freiheit alles unterdrücken möchte<lb/>um den <supplied>über</supplied> selbst zu herrschen; möge man seine<lb/>Stimme zu herzen faßen, u sich diesem trügerischen<lb/>jesuitischen Geist mit Muth u Kraft entgegensetzen<lb/>Gott lob daß es Basel bis dahin gekonnt u daß<lb/>ihm hin und wieder ihre Stimmen des Beifals zukommen,<lb/>wie schön u umsichtig ist die aus den Gebirgen<lb/>Rhäziens! O ich möchte dem Verfaßer mit allen<lb/>wohldenkenden meinen Dank bringen können.<lb/>Mich wundert daß H. B. nicht deutlicher bewies,<lb/>daß die Stimme der Aufrührer, lange nicht die Mehr-<lb/>heit, von Statt u Land war: dies wäre ihm glaube<lb/>ich leicht möglich gewesen.</p></div><div xml:id="d23412845" corresp="d909171" ><head resp="#editor">Tagebucheintrag<date> 22.02.1831 </date></head><pb n="33"/><p>31 2 22<lb/>Ich erhielt von meiner <rs ref="#i835836" type="person">Tochter</rs> den <rs ref="#i873852" type="object">Brief</rs> den ihr H Pfarr.<lb/><rs ref="#i873838" type="object">Frei</rs> in Antwort auf den ihrigen in dem sie sich beklagte<lb/>daß derselbe so gegen Basel feindlich gesinnt sey:<lb/>der Bf. enthält viele schöne Worte aber wie mir scheint<lb/>viele Wiedersprüche u ganz den Wiederspruch von seiner<lb/>eignen beigefügten Predig: Ich würde ihm folgendes<lb/>antworten. Als eine <rs ref="#i874436" type="object">Frau</rs> gehe ich in keine</p><pb n="34"/><p>politischen noch <rs ref="#i915145" type="object">diplomatischen Erörterungen</rs> ein.       <lb/>Allein von Jugend auf gewöhnt das was um mich<lb/>vorgeht nach freimüthigen Grundsätzen zu beur-<lb/>theilen, fände ich die R.[?] B. ähnlich dem Vater einer<lb/>zahlreichen Familie, u vieler Mitarbeiter u stelle<lb/>mich an dessen Platz, u denke daß ein paar der<lb/>Letztern die erst seit kurzem in unsre Familie<lb/>eingetreten, sich anmaßten, die Ruhe und Ord-<lb/>dnung zu stören u gegen den Hausherrn auf zu<lb/>wieglen; wenn er klar einsehe daß diese Ruhe-<lb/>störer keinen andern Zweck hätten als ihn von<lb/>seinem ihm von der Vorsehung angewiesnen Platz<lb/>zu vertreiben u sich an seine Stelle zu setzen, ihn<lb/>zu berauben und seine Familien dan tyranisieren<lb/>würde. Wäre es nicht Pflicht, heilige Pflicht, sich<lb/>gegen diese Unholden zu schützen, u den giftigen<lb/>Hauch den sie in seiner Familien zu verbreiten suchen<lb/>zu entfernen, sie aufs Mindeste aus deren Näche </p><pb n="35"/><p>wegzuschaffen? Wohl würde er bei diesem <lb/>Anlaß die Ordnung seines Hauswesens <supplied>wohl</supplied> unter<lb/>suchen, u so viel möglich die eingeschlichnen Fehler zu<lb/>verbessern um alle Glieder des Hausbestandes zu<lb/>befriedigen u nächer in Verbindung zu bringen<lb/>suchen. Allein um dieses zu vollbringen müßte<lb/>er die schändlichen Empörer die schon so viel Unglück<lb/>angerichtet, u manches Glied des Haushalts mit<lb/>ihrem Gift angestekt, ferne halten.<lb/>Kämme dan ein unbefugter von den Empörern<lb/>irregeführter Nachbar, u wollte den Hausherrn zu was<lb/>anderm zwingen! Würde er ihn nicht mit Ernst zurück<lb/>weisen, u auf Tod u Leben seine Rechte verfechten<lb/>eher als mit Schändlichen, einen <del>feigen</del> Vertrag eingehn<lb/>welcher seine Familien u Nachkommen in eine schimpfliche<lb/>Tyranei stürzen würde? So denkt Basel<lb/>so wird Basel handeln: doch ohne Furcht, denn es<lb/><supplied>denkt</supplied> es ist beseelt von der gerechtig[keit] seiner Sache</p><pb n="36"/><p>hoft fest auf den Schutz Gottes.<lb/>Auch zeigt sich im Stillen u öffentliche manche<lb/>Stimme welche der Wahrheit Ohr u Auge öffnet, und<lb/>die herbe Trauer, welche Verleumdung u Miskennung<lb/>verursacht, vom beschwerten Herzen, wegziehn.<lb/>So tönet aus Rhätiens Gebirgen eine unbe-<lb/>fangne Stimme der Wahrheit u des ächten Schweizer<lb/>Sinnes, welche das bedrückte Gemüth erheitert u<lb/>erhebt.</p></div><div xml:id="d23412846" corresp="d909179" ><head resp="#editor">Tagebucheintrag<date> 01.03.1831 </date></head><pb n="36"/><p>31 3 1<lb/>Gestern ist die neue <rs ref="#i915145" type="object">Constitution</rs> von der Statt<lb/>einhelig, angenommen worden, auch von den in der <lb/>Statt wohnenden Landbürgern, fehlte nur 1 Stimme<lb/>(die von <rs ref="#i873838" type="object">Gaß Gartne</rs>r) aus <rs ref="#i873159" type="object">Liestall</rs> gebürdig; im<lb/>ganzen fürs Land, zur Annahme 751. Aus der Statt<lb/>Mir war eine Last enthoben als ich gestern das<lb/>vernahm: wie schön ist diese einigkeit! Besonders<lb/>da die Handwerksleute sich betheiligt glaubten.<lb/>Gott wird diese Liebe des Friedens u der Einigkeit <lb/>nicht unbelohnt lassen. Ich sehne mich sehr den</p><pb n="37"/><p>Erfolg vom Lande zu vernehmen.<lb/><supplied>Sie waren erbärmlich.</supplied><lb/>Ungefähr 2/3 nahmen die Neue Verfaßung an.<lb/> </p><p>Den 20 Marz war <rs ref="#i873950" type="object">mein Geburtstag</rs>: der <rs ref="#i873943" type="object">73ste</rs>. O Gott<lb/>wie hätte ich denken können ein solches Alter zu erreichen!<lb/>Wohl nehmen die Kräften, besonders die <rs ref="#i873825" type="object">körperlichen</rs>,<lb/>ab; allein mein Geist ist heiter: die Ereigniße der<lb/>Zeit so wie die in meiner Familie kann ich mit bestem<lb/>Vertrauen auf Gottes Leitung, ruhig aufnehmen.<lb/>Zwar macht es mir Mühe daß mir keine Hoffnung mehr <lb/>bleibt einen menschenfreundlichen Wirkungskreis mehr<lb/>zu beginnen, allein ohne Hilfe konnte ich nicht, u diese<lb/>wurde mir nicht zu theil; ich muß mich darein fügen;<lb/>was mir nicht gewährt wurde werden fähigere für mich<lb/>thun das flehe ich zu Gott der mein Inneres sieht!<lb/>Möge mir nur Gott die Geisteskräfte bis zu meinem <lb/>Ende hienieden erhalten u mich mit heiterm Sinn von den<lb/>Meinigen scheiden lassen! Künftigen Sontag am<lb/>Palmtag werde ich so Gott will zum H. <rs ref="#i873922" type="object">Abendmahl</rs> gehen,<lb/>möchte mein Herz so rein als möglich vor Gott erscheinen,<lb/>aber ach wie Vieles fehlt noch bis es wahrhaft christlich<lb/>gestimmt ist, wie viele <rs ref="#i873964" type="object">Fehler</rs> u Schwachheiten fühle ich<lb/>noch in mir?</p></div><div xml:id="d23412847" corresp="d909187" ><head resp="#editor">Tagebucheintrag<date> 09.04.1831 </date></head><pb n="38"/><p>31 d 9 Apr. <lb/>Ich fühle mich seit geraumer Zeit sehr <rs ref="#i873825" type="object">mat</rs> u zum<lb/><rs ref="#i873831" type="object">Schreiben</rs> gar nicht aufgelegt: sichtbar zerfällt meine<lb/>irdische Hülle. In allen <rs ref="#i873908" type="object">Geschäften</rs> werde ich täglich ungeschickter<lb/>u langsamer, die geringste <rs ref="#i873943" type="object">Anstrengung</rs> greift mich<lb/>an u verursacht dan <rs ref="#i910645" type="object">trübe</rs> Laune, ich muß mir’s zur<lb/>Pflicht machen nicht mehr zu thun als meinen Kräften<lb/>angemessen ist, u meine Zeit mit stillem Nachdenken<lb/>zuzubringen: besonders muß ich mir mehr Mühe geben<lb/>meine Dienstbothen so zu leiten u halten daß sie die<lb/><rs ref="#i873915" type="object">Hausarbeiten</rs> gut verrichten u aus Liebe zu mir, nicht<lb/>nur aus Pflicht, u wie Maschine; ich mu[ss] sie fühlen lassen<lb/>daß ihr eigen Wohl dadurch befodert wird.<lb/>Bin ich ruchig u keineswegs angestrengt so ist mein<lb/>Kopf heiter u zum Nachdenken geeignet, ich sehe ruhig<lb/>in die <rs ref="#i874141" type="object">Zukunft</rs> freue mich des Wiedersehns den<lb/>schon längst Getrenten, auch deren die meine Seele<lb/>liebte, ohne sie hie gekannt zu haben u welchen ich<lb/>mich verwand fühle, freue mich zu höchen Erkennt-<lb/>niß zu kommen, nach welcher ich mich hier vergeb-<lb/>lich sehnte.</p></div><div xml:id="d23412848" corresp="d909195" ><head resp="#editor">Tagebucheintrag<date> 17.04.1831 </date></head><pb n="39"/><p>31 4 17<lb/>Ich hatte gestern Abend eine Unterhaltung mit meinem<lb/><rs ref="#i835869" type="person">Sohn</rs> über die <rs ref="#i873950" type="object">Trennung seiner Handlungsgeschäfte</rs>:<lb/>seine Ansichten <rs ref="#i898746" type="object">schmerzten</rs> mich sehr; nehme er die<lb/>Sache wie er sollte, so würde ihn der Vortheil den<lb/>er seines <rs ref="#i835771" type="person"><rs ref="#i835806" type="person">Bruders Familie,</rs></rs> durch seine Thätigkeit<lb/>zugewandt, höchst erfreuen; u nun klagt er <lb/>nur über deren Undank! Ich habe ihm mit mög-<lb/>lichster Schonung meine Meinung darüber gesagt:<lb/>er wiedersprach allein ich glaube es war nicht<lb/>ganz ohne Wirkung, denn ich merkte daß das<lb/>was ich ihm bei der vorletzten <rs ref="#i873859" type="object">Unterredung</rs> gesagt<lb/>nicht vergebens gewesen, in dem er über eine Sache<lb/>die ich ihm damals als unthun<del>lich</del> vorstellte, nun<lb/>ganz abgegangen, u sie selbst dahingestellt.<lb/>Möge mir Gott Kraft verleihn Worte des Friedens<lb/>zu sprechen! Wie sehr bin ich besorgt diese fatale<lb/>Sache in deren so manche der Meinen verflochten sind<lb/>möge nur friedlich beiseitigt werden können!<lb/>Wären die Menschen genügsam dankbar gegen<lb/>Gott, erfreut über das Glück ihres Nebenmenschen</p><pb n="40"/><p>wie viel ruhiger würden sie leben! O Gott<lb/>verleihe den wahren christlichen Sinn denen die         <lb/>mir nahe sind!</p></div><div xml:id="d23412849" corresp="d909203" ><head resp="#editor">Tagebucheintrag<date> 19.04.1831 </date></head><pb n="40"/><p>31 4 19<lb/>Ich lese nun wieder den <rs ref="#i874775" type="book_etc">Phadon von Plato</rs>.<lb/>Es thut mir immer sehr wohl, schöne u erhabne Gedanken<lb/>von nicht christlichen Schriftstellern zu vernehmen,<lb/>ich erkenne die Güte Gottes die sich allen Völkern<lb/>so od anders geoffenbart: ganz wie Paulus sagt.<lb/>Doch wie wenig sind diese philosophischen Betrach-<lb/>tungen geignet zur Volksreligion! Wie ander die<lb/>ungetrübte Lehre Christi! Würden uns des Plato<lb/>weitschweifige Abhandlungen von der Unsterblichkeit<lb/>der Seele überzeugen wenn der himmlische Vater <supplied>sie</supplied><lb/>nicht der Glaube daran in unsre Herzen gepflanzt<lb/>hatte, wie hätte sie Sokrates wie Andre Weldweise<lb/>geglaubt u gefunden! Wie viel tröstlicher u einfacher<lb/>ist die christliche! Aber ach Gott wie viele der<lb/>Lehrer sind mehr gemacht die Köpfe zu verwirren<lb/>als die reine Lehre beizubringen!<lb/>Die christlichen Lehrer u die heutzutägigen <rs ref="#i873936" type="object">Philosophen<lb/></rs></p><pb n="41"/><p>wie wenige von ihnen verdienen ihre Benennung!</p></div><div xml:id="d23412850" corresp="d909211" ><head resp="#editor">Tagebucheintrag<date> 25.04.1831 </date></head><pb n="41"/><p>31 4 25<lb/>Ich lese in obigem <rs ref="#i874775" type="book_etc">Buche</rs> weiter u finde viele<lb/>feine vernunftschlüß, die mir aber keine trost-<lb/>volle Überzeugung geben. Was mir dieselbe<lb/>geben könnte, wenn ich sie nicht schon tief in meiner<lb/>Seele hätte, wäre, daß Sokrates sie auch fest in<lb/>der seinen hatte und den <rs ref="#i874141" type="object">Tod</rs> ruhig erwartet.<lb/>Was Gott tief in aller unverdorbnen Menschen<lb/>Seelen eingegraben nehme ich als heilige Wahrheit<lb/>an: was unsern Sinnen nicht fühlbar ist können wir<lb/>durch keine mathematischen Beweise erfassen: „Wir<lb/>wandeln hier noch im Glauben, nicht im Schauen.“</p></div><div xml:id="d23412851" corresp="d909219" ><head resp="#editor">Tagebucheintrag<date> 02.06.1831 </date></head><pb n="41"/><p>31 6 2<lb/>So wie es kein entzückenderes Gefühl giebt, als<lb/>das, an den Unserigen, edle u großmüthige Gesin-<lb/>ungen zu bemerken, so peinlich u einengend ist das<lb/>Gegentheil. Ich mache an beiden die Erfahrung.<lb/>Wie schwach u fast immer mit Eigennutz [<rs ref="#i873838" type="object">unles</rs>.] ist er <lb/>in seinem Innern die <rs ref="#i874090" type="object">Quelle</rs> seines Willens zu er-<lb/>forschen! Und beurtheilte die Andern mit Schonung <lb/>und Milde!</p></div><div xml:id="d23412852" corresp="d909227" ><head resp="#editor">Tagebucheintrag<date> 22.06.1831 </date></head><pb n="42"/><p>31 6 22<lb/>Schon ist die Helfte dieses <rs ref="#i874029" type="object">Jahres</rs> verfloßen,<lb/>wohl unter mancherlei Stürmen, aber wie sicht-<lb/>bar waltete die Güte Gottes über uns! <supplied>wallte</supplied>  <lb/>Ja sie wird ewig walten über die so ihn suchen<lb/>u auf ihn vertraun.</p></div><div xml:id="d23412854" corresp="d909235" ><head resp="#editor">Tagebucheintrag<date> 02.07.1831 </date></head><pb n="42"/><p>31 7 2<lb/>Ich habe den 6 Wochen meinen Urenkel<rs ref="#i836526" type="person"> Albert Hoffmann<lb/></rs>ein Kind von 4 ½ Jahren <rs ref="#i874148" type="object">bei mir</rs> die ersten 5 Wochen war<lb/>auch seine <rs ref="#i867913" type="person">Mutter</rs> da, sie klagte sehr bitter über die<lb/><rs ref="#i874090" type="object">böse Gemüthsart des Kindes</rs>: ich konnte ihr nicht<lb/>beistimmen; auch war er ganz artig, nur einige <lb/>Mal <supplied>da</supplied> ungebärtig, welches ich der unklugen<lb/>Behandlung seiner Mutter, mehr als dem Kind<lb/>zuschrieb. Gestern aber kam er in eine heftige<lb/>Stimmung da ihm die Magd etwas abschlug, er<lb/>sties gegen sie, dan auch gegen meinen <rs ref="#i837130" type="person">Bruder<lb/></rs>alle <rs ref="#i874045" type="object">Schimpfnamen</rs> aus: ich lies ihm das Essen ins<lb/>neben Zimmer geben u da er nach Tisch sich noch<lb/>nicht fügen wollt u noch gegen die Magd schimpfte<lb/>lies ich ihn durch den Knecht ins sein Schlaf Zimmer</p><pb n="43"/><p>tragen u dasselbe beschließen. Um 4 Uhr schikte<lb/>ich ihm durch die Köchin das Abendbrod u lies<lb/>ihm sagen, „da er so böse gewesen wolle Niemand<lb/>was mit ihm zu thun haben“ sie kam zurück u sagte<lb/>er wolle nun artig seyn u um vergebung bitten<lb/>ich erlaubte ihm’s, er kam mich u die <rs ref="#i873838" type="object">Marie</rs>  um<lb/>Vergebung zu bitten, schien gedemüthigt: ich bezeugte <lb/>mich betrübt u kalt gegen ihn, erlaubte ihm zu<lb/>seinen Spielsachen zu gehn. Als er beim Schlafen<lb/>gehn zu mir kam um zu bethen u. den Vers sagte<lb/>„ich hatte nichts zu leiden“ schaute er mich bedeutungs-<lb/>voll an: ich sagte, hattest du heute nichts zu leiden<lb/>er sagte „o ja, ich „u was ist Schuld daran? Gede-<lb/>müthigt sagte er, meine Unartigkeit.<lb/>Diesen Morgen war er heiter u gieng froh<lb/>in die Schule. Ich hoffe durch zweckmassige<lb/>Behandlung werde der Junge gebessert werden<lb/>können! Aber wie traurig ist im älterlichen Hause [?]<lb/>beschaffen! Wegen der <rs ref="#i898746" type="object">Krankheit</rs> der Mutter und</p><pb n="44"/><p>schlechten Dienstbothen.</p></div><div xml:id="d23412853" corresp="d909243" ><head resp="#editor">Tagebucheintrag<date> 14.07.1831 </date></head><pb n="1"/><p>31 7 14<lb/>Meine <rs ref="#i910653" type="object">Hoffnung</rs> wurde leider getauscht, der<lb/><rs ref="#i836526" type="person">Kleine</rs> wurde täglich aerge so wie er sah daß<lb/>alle seine Umgebungen seine Unart einsahen u<lb/>misbilligten scheute er sich vor niemand mehr, auch<lb/>nicht vor der Schuljungfer, die er sonst sehr liebte.<lb/>Er erlaubte sich gegen alle im Hause, die abscheu-<lb/>lichsten Ungebürlichkeiten, lachte über alle <rs ref="#i874045" type="object">Straffen<lb/></rs>u konnte hohnlachlend sagen, er befände sich doch<lb/>ganz wohl (mit Schlagen wollte ich keinen Versuch <lb/>machen, vieleicht waren diese am Platz.)<lb/>Es that mir so im Herzen wehe dieses Kind, das<lb/>mich so interessierte, so verwildert zu sehen, u nichts<lb/>auf dasselbe wirken zu können! Vorgestern<lb/>holte ihn seine <rs ref="#i867913" type="person">Mutter</rs>, die sich wieder besser<lb/>befindet, bei mir ab, um mit der ganzen Familie<lb/>den <rs ref="#i884071" type="object">Sommer</rs> in <rs ref="#i873159" type="object">Brattlen</rs> zuzubringen: mich machte<lb/>sein Weggehn äusserst wehmüthig. Möge ein<lb/>guter Engel seinen <rs ref="#i867913" type="person"><rs ref="#i868665" type="person">Eltern</rs></rs> eingeben wie sie ihn leiten sollen.</p></div><div xml:id="d23412806" corresp="d909251" ><head resp="#editor">Tagebucheintrag<date> 26.07.1831 </date></head><pb n="45"/><p>31 7 26<lb/>Seit dem 13ten <rs ref="#i874148" type="object">wohnt</rs> meine Tochter <rs ref="#i868068" type="person">Vischer</rs> mit<lb/>ihrer <rs ref="#i836718" type="person">Adele</rs> bei mir, das ist eine Wohlthat<lb/>für die ich Gott dankbar bin: doch ist auch das Beste<lb/>auf Erden mit Schmerz vermischt; die <rs ref="#i898746" type="object">Leiden</rs> der l Tochter<lb/>qualen mich, oft mache ich mir <rs ref="#i873964" type="object">Vorwürfe</rs> ob ich durch<lb/>durch Vernachlässig in ihrer Jugend, Veranlassung zu<lb/>ihrem Übel war? Das plagte mich die vergangne<lb/>schlaflose Nacht, ich flehte herzlich zu Gott, u mir<lb/>kamm die tröstliche Überz[xxx</p><pb n="46"/><p>tigung hat wenig Reitz mehr für mich, da mein Zweck<lb/>zertrümert ist. Doch sezte ich sie noch mit einigem<lb/>Intressen fort um zu beweisen was ich hätte leisten<lb/>können, wenn freundschafliche Hilfe mir zur Seite ge-<lb/>standen. Ich werde mich so ruhig als möglich den<lb/>Umständen unterwerfen u meine Seele zu Gott wenden<lb/>wo allein Trost zu finden ist.<lb/>[xxx]</p><pb n="47"/><p>seiner nachen Rückkunft hieher in glückliche Ver-<lb/>hältniße kommen! Wie gerne hätte ich ihn zu H <rs ref="#i836841" type="person">Vischer</rs> [?]<lb/>gebracht; allein der kann ihn nicht nehmen: wie<lb/>wichtig ist das künftige Jahr für ihn, da er dan<lb/>auch den Unterricht zum heil Nachtmahl nehmen<lb/>soll. Könnte ich nur was dazu beitragen!</p></div><div xml:id="d23412807" corresp="d909259" ><head resp="#editor">Tagebucheintrag<date> 09.08.1831 </date></head><pb n="47"/><p>31 8 9<lb/>Ich lese nun „J. <rs ref="#i869151" type="person">Al. Bengels</rs> <rs ref="#i915378" type="book_etc">Leben u Wirken</rs>“ dies<lb/>Buch ist mehr für Theologen als für uns geschrieben<lb/>doch finde ich so viel anziehendes, Wahres u Schönes<lb/>darin, daß ichs gerne fortlese; sogar die<lb/>Erklärungen über die Offenbarung, so wenig ichs<lb/>beurtheilen kann, lese ich doch mit Vergnügen.<lb/>Je mehr ich in der <rs ref="#i873922" type="object">Bibel</rs> lese je mehr fühle ich daß sie<lb/>das Buch aller Bücher ist u daß der Mensch in ihr<lb/>alles findet was er zu seinem Heil bedarf: deswegen<lb/>liebe ich alles was zu deren Bestättigung beiträgt.<lb/>Bengels Ansichten müssen Vielen misfallen, auch ich<lb/>kann nicht in Allem beistimmen, doch finde ich bei ihm so<lb/>viel Wahres so feste Überzeugung, liebevolle Duldung          <lb/>u richtige Beurtheilung, daß ich voll Hochachtung</p><pb n="48"/><p>gegen ihn erfüllt bin. Mir macht es oft <rs ref="#i910686" type="object">Sorgen</rs>,<lb/>daß ich nicht alles ganz so ansehen kann, allein<lb/>mich beruhigt die Aufrichtigkeit meines Strebens<lb/>u das veste Vertrauen in die <del>Güte</del> Gottes.<lb/> </p></div><div xml:id="d23412808" corresp="d909267" ><head resp="#editor">Tagebucheintrag<date> 18.08.1831 </date></head><pb n="48"/><p>31 8 18<lb/>Gestern Abend macht H Dr. [?] <rs ref="#i869527" type="person">Hegner</rs> von <rs ref="#i873159" type="object">Winterthur<lb/></rs>meiner <rs ref="#i835836" type="person">Tochter</rs> u mir einen Besuch: dieser Mann<lb/>war vor 16 Jahren bei uns einquatiert und seines<lb/>edlens <rs ref="#i874090" type="object">Wesens</rs> wegen, sehr werth; er scheint noch<lb/>derselbe und ich war erfreut ihn wieder zu sehen, doch<lb/>that es mir wehe daß er unsre <rs ref="#i915145" type="object">Staatsangelegenheiten<lb/></rs>so ängstlich u bedenklich ansah, auch über die Lage der<lb/>Schweiz  u ganz Europa so kummervoll sich äusserte.<lb/>Ist nicht das Vertrauen zu Gott und seiner Leitung<lb/>das was den wahren Muth eines Schweizers,<lb/>was die Stärke u Heiterkeit eines wahren Christen<lb/>ausmacht? Wahre <rs ref="#i873922" type="object">Religiosität</rs> macht allein Stark.<lb/>Ich lese fort in <rs ref="#i915378" type="book_etc">Bengel</rs> sein häusliches Leben u Verhält-<lb/>nisse, seine Briefe u seine Zufriedenheit sind mir sehr<lb/>lieblich zu lesen: wie wahrhaft from fügt er sich in alle<lb/>Ereignisse des Lebens, wie kurz u gut faßt er alles auf</p></div><div xml:id="d23412809" corresp="d909275" ><head resp="#editor">Tagebucheintrag<date> 06.09.1831 (?) </date></head><pb n="49"/><p>31 9 6[?].<lb/>Den 21 August war der militärische Zug nach <rs ref="#i873159" type="object">Liestall<lb/></rs>um die frechen Empörer einzuholen: in wiefern er<lb/>gut entworfen will ich nicht beurtheilen; übel schlug<lb/>er aus. Man wollte Milde u Schonung gebrauchen gegen<lb/>Menschen die in der Verzweiflung, keine auch die ver-<lb/>ruchtesten Mittel zu ihrer vertheidigung nicht scheuen.<lb/>Unsre Leute waren in die größte Lebensgefahr gesetzt<lb/>ohne den geringsten Vortheil zu erzwecken. Gott<lb/>sey’s gedankt daß nur so wenig <rs ref="#i915145" type="object">Unglück</rs> erfolgt.<lb/>Die Gesandten der Tagsatzung kamen d[en] 22 hier, mit<lb/>dem Bericht unsere Regierung sey anerkant<lb/>die Wiedersacher derselben als Empörer erklärt.<lb/>Befehle wurden an die letztern gesandt, auch die<lb/>H Gesandten fuhren zu ihnen um sie zum gehorsam<lb/>aufzufodern! Welcher Erfolg? Trotz. Lüge<lb/>Grausamkeit an den rechtmässigen Beamten u<lb/>besonders an den ruhigen Landleuten die sich ihrem<lb/>Gottlosen Treiben nicht fügen wollen; viele von denselben<lb/>flüchten in die Statt, die Vorsteher flehen um Hilfe für<lb/>ihre Dörfer – aber unsre Regierung ist durch’s Ver-<lb/>sprechen an die Tagsatzung gebunden u kann nichts thun.</p><pb n="50"/><p>Sie klagen den Gesandten d. T. diese versprechen<lb/>Hilfe aber können od wollen nichts thun.<lb/>Zwei von d. G. waren in Lucern um Bericht zu<lb/>erstatten; aber wie waren diese beschaffen??<lb/>Fast als ob sie die Empörer abgefaßt hätten.<lb/>Die Regierung des Vororts samt mehrern and. ist<lb/>feindselig gegen uns gesinnt: doch auch einige sprechen<lb/>laut zu unsern Gunsten besonders Uri, Bündten, <lb/>Wallis, Tessin. Ich glaube auch daß in allen Cantonen<lb/>der großte Theil der redlichen Menschen, für uns<lb/>gestimmt ist! Allein die Anarchisten die nur bei<lb/>Unordnung Gewinn haben überschreien alles; die ruhigen<lb/>Bürger gehen stille ihren Gang. Mir blutet das Herz<lb/>über den Unglücklichen im Canton. Unsre Regierung<lb/>kann nicht helfen wegen ihrem Versprechen an die Tagsatzung.<lb/>Warum that sie dieses? In der Hoffnung daß geholfen<lb/>werden sollte: statt dessen wird das Übel immer größer,<lb/>hätte nicht in diesem Fall die Regierung das Recht ihr<lb/>Versprechen zurückzunehmen? Hätte sie nicht frühere<lb/>u heiligere Verpflichtungen? Soll sie ihren Leidenden</p><pb n="51"/><p>Landes Bürgern nicht Schutz gewahren?</p></div><div xml:id="d23412810" corresp="d909283" ><head resp="#editor">Tagebucheintrag<date> 12.09.1831 </date></head><pb n="51"/><p>31 9 12<lb/>Mir war einige <del>Tage</del> <rs ref="#i873825" type="object">nicht wohl</rs>, nun ist mir wieder etwas besser<lb/>seit dem haben sich unsere <rs ref="#i915145" type="object">polit. Sachen </rs>nicht gebessert:<lb/>als ich vorgest. die Zeitung las, wurde mir über<lb/>die Verfügungen der T[ag] saz[ung] ganz erbärmlich zu Muthe:<lb/>nach derselben schien es mir wären wir die Sklaven<lb/>einer abscheulichen Faktion! Im Vertrauen zu<lb/>Gott, u im Gebet fand ich wieder Besänftigung.<lb/>Wie soll diese traurige Sache ein Ende nehmen!</p></div><div xml:id="d23412811" corresp="d909291" ><head resp="#editor">Tagebucheintrag<date> 14.09.1831 </date></head><pb n="51"/><p>31 9 14<lb/>Es sieht noch immer sehr <rs ref="#i910645" type="object">trübe</rs> bei uns aus, u ich bin<lb/>unschlüßig ob ich auf meinem Gütchen bleiben soll od<lb/>in die Statt ziehen? Seit dem 2ten Sept bin ich wieder<lb/><rs ref="#i899265" type="object">hier</rs> nach dem ich vom 21 August, bei meiner <rs ref="#i873838" type="object">Schwester<lb/></rs>im <rs ref="#i873159" type="object">Schildhof</rs> gewohnt, ob gleich auf’s liebreichste so wohl<lb/>von ihr, als <rs ref="#i873838" type="object">Cousine Ad. J.</rs>[?] aufgenommen u in der angenehmsten<lb/>Gesellschaft, war mir doch imer bange, in dem ich ihre<lb/>Sorgen vermehrte, da Ad krank u Schwester auch <lb/>nicht wohl war. Bis dahin war ich ruhig u ohne Furcht<lb/>hier: aber nun ist der entscheidendste Augenblick,<lb/>heute od Morgen werden wohl die Bundes Trupen in<lb/><rs ref="#i915145" type="object">Canton</rs> rücken; entsprechen sie unsern Wünschen u</p><pb n="52"/><p>gerechten Foderung so wird augenblicklich alles gut<lb/>seyn u ich bleibe hier. Würden sie aber auch vom<lb/>bösen Geist ergriffen o dan wäre es er erschröklich<lb/>wie würden unsre armen Landbürger leiden!<lb/>Dan müßte ich wohl in die Statt: über dem großen<lb/>Elend würde ich mich selbst vergeßen u ruhig das<lb/>kleine Logis beziehn das ich haben könnte! Denn wo ich<lb/>wieder das vielfache Anerbieten der Meinigen<lb/>annehmte so wäre ich unruhig im Gefühl ihnen<lb/>beschwerlich zu fallen: in meinem Alter muß man<lb/>allein u ruhig seyn. Um zu Jemand der Meinigen <lb/>zu ziehn müßten sie anders eingerichtet, ja manches <lb/>anders seyn! Gott gebe daß unsre lieben Mittbür-<lb/>ger den Muth u das Zutrauen zu Gott nicht verlieren!</p></div><div xml:id="d23412812" corresp="d909299" ><head resp="#editor">Tagebucheintrag<date> 23.09.1831 </date></head><pb n="52"/><p>31 9 23<lb/>Den 15ten war die <rs ref="#i915145" type="object">Unruhe</rs> großer als je im Canton, ich<lb/>entschloß mich in Eile ein Logis in der Statt zu bessehen<lb/>u entschloß mich den folgenden Tag in die <rs ref="#i875143" type="object">Statt</rs> zu <rs ref="#i899265" type="object">ziehen</rs>.<lb/>Durch die Nachrichten von der lauen unverzeichlichen<lb/>Art wie die Eid. repreßentanten die Sachen behandelten, u<lb/>den Aufrührern schonten <supplied>war ich so</supplied> durch das Unglück das<lb/>für die gutgesinnten Dörfer daraus entstund war<lb/>ich so empört das mein ganzes Wesen wie zerrüttet</p><pb n="53"/><p>war; noch kam dazu die Beschwerden des Ausziehens,<lb/>der Schmerz mein l<rs ref="#i873901" type="object">ieblichen Aufenthalt zu verlassen,<lb/></rs>alles nahm mich mit. Das Vergnügen in der Näche<lb/>der Meinigen zu seyn war mir etwas Ersatz: allein<lb/>in meinem elenden Zustand kann ich ihnen nur Mitleid <lb/>einflösen u das thut mir leid, ich möchte ihnen lieber<lb/>Muth u Freude einflösen! Ich will suchen Muth zu faßen<lb/>u durch meine ruhige ergebung in die Schickungen<lb/>Gottes mich wieder zu erheben!</p></div><div xml:id="d23412813" corresp="d909307" ><head resp="#editor">Tagebucheintrag<date> 24.09.1831 </date></head><pb n="53"/><p>d 24)<lb/>Morgen so Gott mir Kraft giebt werde ich zum H<lb/><rs ref="#i873922" type="object">Abendmahl</rs> gehen, möchte ich diese heilige Handlung<lb/>mit Würde begehn u sie zu meinem ewigen Wohl gereichen!<lb/>Gott sey Dank, die <rs ref="#i915145" type="object">schweren Wolken</rs> die über unserm<lb/>armen Lande hangen, scheinen sich etwas zu zertheilen,<lb/>das Licht der Warheit scheint durchblicken zu wollen<lb/>u die schwarze Nacht der Lüge zu zerstreuen! Gott gebe<lb/>es! Welch Glück für uns, auch für die ganze Schweitz!</p></div><div xml:id="d23412814" corresp="d909315" ><head resp="#editor">Tagebucheintrag<date> 27.09.1831 </date></head><pb n="53"/><p>31 9 27<lb/>Seit gestern Abend bin ich <rs ref="#i899265" type="object">wieder</rs> vor dem Thor in<lb/>meinem lieben <rs ref="#i875143" type="object">landlichen Aufenthalt</rs>. Obgleich äusserst<lb/><rs ref="#i873943" type="object">erschopft u ermattet</rs> u von mancherlei allgemeinen<lb/>u eignen <rs ref="#i910686" type="object">Sorgen</rs> gedrückt, ist daneben mein Gemüth </p><pb n="54"/><p>in einer besondern sanft wehmüthigen <rs ref="#i910699" type="object">Heiterkeit</rs>,<lb/>ich legte mich diesen Mittag ganz erschöpft auf der<lb/>Laube nieder: mir war so wohl, alles schien mir so schön,<lb/>jeder angenehme Augenblick den ich vorher dort ge-<lb/>noßen schien meine Heiterkeit zu steigern, mir kamm<lb/>ein Vorgefühl als ob ich von Allem <rs ref="#i874141" type="object">abschied</rs> nehme, ohne<lb/>mich darüber zu gramen. Ich nahm dan ein Buch zur<lb/>Hand (<rs ref="#i915427" type="book_etc">Selina</rs> von <rs ref="#i869675" type="person">Jean Paul</rs>) Seite 29. Nach dem er die<lb/>traurige Ansicht des Vernichtungs Glaubens sehr treffend<lb/>geschildert, u die Hindernisse des festen Glaubens dargelegt,<lb/>sagt er „es ist als <supplied>ob</supplied> <del>hätten</del> die Menschen gar nicht den Muth,<lb/>sich recht lebhaft als unsterblich zu denken: sonst genößen<lb/>sie einen andren Himmel auf Erden als sie haben, nemlich<lb/>den ächten – die Umarmung von lauter Geliebten, die<lb/>ewig an ihrem Herzen bleiben u wachsen – die leichtere<lb/>Entsagung der Erdenwunder; das frohe Anschauen des<lb/>Alters u des Todtes, als Abendscheins u des Morgenroths <lb/>– die Gottheit bleibt durch die Ewigkeit hindurch vor dir stehen,<lb/>den dein Auge verweset nicht – <lb/>– und alle Mühseligkeiten des Lebens sind unter<lb/>dem Ersteigen eines Aetna, um dessen Krater Meere und</p><pb n="55"/><p>Italien liegen. – Der alte, von den wiederkauten Neuig-<lb/>keiten <supplied>des Lebens</supplied> der Erde übersättigte Mensch geht und<lb/>stirbt neuen Wundern entgegen. – Alles Gute und<lb/>Kostbare was ich in fremde Seelen pflanze, findet seinen<lb/>später reifenden Himmelsstrich u auch meine findet den ihrigen.“</p></div><div xml:id="d23412815" corresp="d909323" ><head resp="#editor">Tagebucheintrag<date> 04.10.1831 </date></head><pb n="55"/><p>31 10 4<lb/>Eben d. s. Seit 123. Darum eben erobert wechselseitiges<lb/>Disputiren so wenig weil nur Sätzchen wieder um Sätzchen<lb/>entgegen gesetz werden; – ; aber der Glaube<lb/>ruht nicht auf vereinzelten Beweisen wie auf Pfählen<lb/>oder Füßen, die man nur umzubrechen braucht um ihn<lb/>umzustürzen, sondern er wurzelt mit tausend unsicht-<lb/>baren Fasern auf dem breiten Boden des Gefühls.<lb/>Daher kann man jemand bis zum Verstumen wiederlegen<lb/>ohne ihn doch zu überzeugen; das Gefühl überlebt die<lb/>Einsicht wie der Schmerz die Trostgründe.“ <lb/>Ich habe eine unruhige Nacht verbracht: Mein <rs ref="#i837130" type="person">Bruder</rs> gab<lb/>mir Gestern Abend die Nachricht von dem Begeh[ren] der <rs ref="#i915145" type="object">Eidgenöß</rs>.<lb/>Gesandten an d g Rath. Mein ganzes Gefühl empört sich!</p><pb n="56"/><p>Ich dachte, o möchte man nur kräftig wiederstehen, u<lb/>lieber alles wagen als einer gewißenlosen Schändlich-<lb/>keit nachgeben; dan kamm mir in der Dunkelheit der<lb/>Nacht, der Gedanke in mein beengtes Logis in der Statt<lb/>zurückzukehren, etwas beängstigt vor, allein ich<lb/>samelte Muth im Gebeth u schämte mich meiners Unmuths,<lb/>gerne u mit stolzem Herzen will ich mich einengen, nur<lb/>mögen meine Mitbürger keine schändliche Nachgiebigkeit.<lb/>Seite 181 Eb Eben „Wie ganz anders sieht ein Geist die<lb/>blühende Natur an, der mit ihr u hinter ihr fort zu blühen<lb/>glaubt, als einer der als ein ewiges Scelet auf ihr<lb/>zu bleiben fürchtet, u dem sie jetzo selber eines dadurch<lb/>wird, so wie der Gottungläubige eine viel unbelebtere<lb/>Weld erblickt als der Gottgläubige.“</p></div><div xml:id="d23412816" corresp="d909331" ><head resp="#editor">Tagebucheintrag<date> 13.10.1831 </date></head><pb n="56"/><p>31 10 13<lb/>Wieder eine <rs ref="#i922784" type="object">unruhige Zeit</rs> habe ich verbracht, <rs ref="#i873915" type="object">Hausgeschäfte<lb/></rs>nahmen mir die Zeit ein u <rs ref="#i898746" type="object">Familiensorgen</rs> bedrückten<lb/>mein Gemüth: Tochtermann <rs ref="#i836841" type="person">Vischer</rs> kam den 3 Oct von seinen<lb/>militairischen Geschäften in Thun, <rs ref="#i899128" type="object">krank</rs>, sehr krank hier<lb/>an, besorgt ihn zu verlieren, bange um die Leiden<lb/>meiner <rs ref="#i868068" type="person">Tochter</rs> darüber, war ich sehr angegriffen;<lb/>nun hoffen wir ihn wieder ausser Gefahr! Gott sey Dank</p><pb n="57"/><p>auch meine Tochter <rs ref="#i835836" type="person">Par</rs>. war die Zeit über <rs ref="#i873845" type="object">krank</rs> u kümm<lb/>erte mich: doch ihr Übel war wie schon manche ihrer<lb/>vorigen Anfällen, doch sehr heftig: Gott gebe ihr Kräfte<lb/>u lasse sie den Ihrigen noch lange, aber gesund!<lb/>Mein GroßSohn <rs ref="#i837045" type="person">Friz P.</rs> ist seit 8 Tagen von <rs ref="#i873159" type="object">Hofwyll</rs> zurück,<lb/>u <rs ref="#i874148" type="object">wohnt</rs> bei mir. Ich sehe es täglich wie mehr ein wie wenig<lb/><rs ref="#i874045" type="object">Erziechungs Anstalten</rs> die Kinder bilden: die Verdorben-<lb/>heit der vergangnen Zeit hat edle <rs ref="#i874226" type="object">Menschen</rs> bewogen<lb/>sie zu errichten; aber wie wenig entsprechen sie ihren<lb/>Absichten! Der gütige Schöpfer hat bestimmt daß ein<lb/>Elternpaar, eine gewiße Anzahl Kinder durch Ernst u<lb/>besonders durch Liebe zu Menschen bilden soll: nur an<lb/>der Liebe Hand wächs u blüth das kindliche Gemüth, das<lb/>sich erfreut unter dem besondern Schutz liebender Eltern<lb/>zu stehen; <supplied>aber es erst</supplied> an der Eltern Liebe, lernen<lb/>sie Gott lieben, wachsen an Glauben Liebe u Hoffnung.<lb/>Wie kark hingegen geht es zu wo bei hunderten<lb/>an einem fremden Vaterherzen zehren müssen!<lb/>U die gedungnen, so oft wechslenden Lehrer, was sind<lb/>sie den Zöglingen? Mir liegt es schwer auf daß die<lb/>Kinder meines Sohnes, so sehr darüber gelitten, wie</p><pb n="58"/><p>schwer ist das Vergangne wieder gut zu machen!<lb/>Ich werde ihn bei mir behalten so lange man mir ihn läßt,<lb/>u thun was von mir abhängt, auch <rs ref="#i837130" type="person">Bruder</rs> nimmt sich<lb/>seiner liebreich an, u wird gut auf ihn wirken.<lb/>Aber wäre es nicht besser er knüpfte sich gleich u um<lb/>desto fester an andre seiner Verwandten die besser u<lb/>länger auf ihn wirken könnten? Ich fühle es täglich<lb/>mehr daß meine Kräften <rs ref="#i873825" type="object">dahinschwinden</rs>, die Gelassen-<lb/>heit mit welcher ich die <rs ref="#i915145" type="object">Ereignisse</rs> dieser Erde ansehe<lb/>die stille Sehnsucht nach einem künftig Lande, läßt mich<lb/>mein baldiges Ende vermuthen. Gottes Wille geschehe!<lb/>So lange ich hier <supplied>W</supplied> weile will ich thätig seyn so viel ich kann.</p></div><div xml:id="d23412817" corresp="d909339" ><head resp="#editor">Tagebucheintrag<date> 18.10.1831 </date></head><pb n="58"/><p>31 10 18<lb/>Ich lese noch immer an „<rs ref="#i915427" type="book_etc">Selina</rs> von<rs ref="#i869675" type="person"> J P</rs>“ manches ist mir<lb/>zwar unverständlich doch erhebt das was ich verstehe<lb/>meinen Geist so wohlthund, es bevestigt meinen <rs ref="#i873922" type="object">Glauben<lb/></rs>meine <rs ref="#i910653" type="object">Hoffnungen</rs>, läß mich so kindlich u froh in die<lb/>Zukunft sehen: das ist eine große Wohlthat besonders<lb/>in den gegenwärtigen <rs ref="#i915145" type="object">Wirren der Zeit</rs>, wo so vieles<lb/>nache u fern mein Herz bedrückt. Unsere Vaterlands<lb/>Angelegenheiten, die traurige Verwilderung eines<lb/>Theils unsers Landvolks, das dadurch verursachte Leiden</p><pb n="59"/><p>des andern Theils; die Besorgniß daß zur Rettung<lb/>unsrer Statt kein anders Mittel sey, als Trennung <lb/>vom Land, u der Gedanke was den aus den gutgesinnten<lb/>werden würde. Das thut mir wehe, sehr wehe. Doch<lb/>beharre unsre Statt nur keine feige Übereinkunft<lb/>u vertraue auf Gottes Schutz so wirds am Ende doch<lb/>gehen! Eine höchre Macht leitet das Ganze.<lb/>Aber uns schwachen Menschen muß Ungerechtigkeit,<lb/>Falschheit, Heuchelei u all die Schlechtigkeit wehe thun.<lb/>Auch in meinem engern Zirkel habe ich so Manches das<lb/>mich kränkt! Doch Gott sey Dank so Manches auch das<lb/>mich tröstet u erfreut, die liebreichen Gesinnungen<lb/>meiner Töchtern, meiner Geschwister u Nichten, wie<lb/>wohl thun mir diese! Es ist recht schön gedacht<lb/>von <rs ref="#i835852" type="person">Para</rs>. u seiner <rs ref="#i835836" type="person">Frau</rs> daß sie <rs ref="#i837045" type="person">Friz</rs> zu sich nehmen<lb/>wollen: möge er ihnen nur nicht all zu <rs ref="#i874045" type="object">lästig</rs> seyn<lb/>und meiner Tochter Gesundheit besser werden u sie günstig<lb/>auf den Jüngling wirken möchte! Vieleicht thut es <lb/>auch <rs ref="#i835852" type="person">Rudolph</rs> Gut! Gott gebe es!</p></div><div xml:id="d23412818" corresp="d909347" ><head resp="#editor">Tagebucheintrag<date> 21.10.1831 </date></head><pb n="59"/><p>31 10 21<lb/>Es ist traurig daß die <rs ref="#i915145" type="object">Tagsatzung</rs>, vielfach von<lb/>Gliedern der erbärmlichen Facktion zusamengesetzt</p><pb n="60"/><p>ist daß weder Schutz noch Gerechtigkeit, sondern ganz<lb/>das Gegentheil von ihr zu erwarten ist! Treulosigkeit<lb/>schandbare Lüge, alle Schlechtigkeit findet Gehör; nur<lb/>Biedersinn u Wahrheit wird zurückgestoßen.<lb/>Im Canton Neuenburg ist das gleiche Getrieb, die gleiche<lb/>Handlungsweise von Tgsatz u repreßentanten wie hier:<lb/>was der Preuß[en] nun angelangte Comissair nun beginnen<lb/>wird? Wird er die Tg schrecken? Ich zweifle: er ist<lb/>militair möge er die treugesinnten gleich um sich ver-<lb/>sammlen, bewaffnen u durch geworbne Mannschaft verstärkt<lb/>sich der verführten u schlechten Rotte entgegenstellen,<lb/>was wäre das auch für uns für eine Wohlthat!<lb/>Gott wird Hilfe senden an die wir armen Menschen nicht<lb/>gedenken, ihm wollen wir vertraun!<lb/>„<rs ref="#i915427" type="book_etc">Selina</rs>“ Ich lese noch immer mit Vergnügen darin,<lb/>u finde so manches Schöne, doch nebst dem Unverständ-<lb/>lichem auch Manches dem ich nicht ganz beistimmen kann.<lb/>Z. B. Seite 100. Bd 2 [?] „Im <rs ref="#i873943" type="object">Alter</rs> weniger Sehnsucht. Warum.“<lb/>Ich bin auch alt, u fühle nicht minder Sehnsucht als in der<lb/>Jugend: – Wohl aber nach andern Dingen. Ich sage</p><p>[61]     </p><p>immer (was er zwar auch sagt) Glauben u Hoffnung im<lb/>Herzen ist mehr werth als alle noch so feinen Unter-<lb/>suchungen. Diese bewahre mir Gott! Reiner unge-<lb/>getrübter Christen Sinn ist für viele Tausende passendere<lb/>Erquikung als solche tiefsinnigen Untersuchungen –<lb/>doch der Bedürfnisse sind mancherlei! Einem<lb/>Jeden das so seiner Natur angemessen ist.</p></div><div xml:id="d23412819" corresp="d909355" ><head resp="#editor">Tagebucheintrag<date> 24.10.1831 </date></head><pb n="61"/><p>31 10 24<lb/>Diesen Mittag als ich eben etwas <rs ref="#i910645" type="object">trübe</rs> war, trat<lb/>ein junger Mensch in mein <rs ref="#i874148" type="object">Zimmer</rs> den ich im ersten<lb/>Augenblick nicht kannte, <supplied>doch</supplied> es war der mir so<lb/>theure Enkel <rs ref="#i868154" type="person">Will Vischer</rs>: Gott sey gedank daß<lb/>er wieder Gesund seinen <rs ref="#i836841" type="person"><rs ref="#i868068" type="person">Eltern</rs></rs> zurück gegeben<lb/>worden! Ich hoffe er werde meinen Hoffnungen<lb/>entsprechen, er scheint was Bescheidenes, Sanftes,<lb/>gar nichts <rs ref="#i874090" type="object">Burschenmässiges</rs> in seinem Wesen zu liegen.<lb/>So Gott will wird er ein würdiger Enkel seines<lb/><rs ref="#i867825" type="person">U.Großvaters Iselin </rs>zu werden!</p></div><div xml:id="d23412820" corresp="d909363" ><head resp="#editor">Tagebucheintrag<date> 27.10.1831 </date></head><pb n="61"/><p>31 10 27<lb/>Mein Enkel <rs ref="#i837045" type="person">Fz P.</rs> wird mich nun <rs ref="#i873901" type="object">verlassen</rs> u zu seinem <rs ref="#i835852" type="person">Oncle<lb/></rs>u <rs ref="#i835836" type="person">Tante</rs> Par. kommen; es thut mir leid nichts mehr für<lb/>ihn thun zu können, allein ich schicke mich gerne darein<lb/>da ich sehe daß wir gar nicht zusamen passen: ich höre<lb/>u verstehe nicht was er spricht, das macht ihn ungehalten<lb/>dan auch mich: mögen <rs ref="#i874045" type="object">Andre</rs> glücklicher auf ihn wirken!</p><pb n="62"/><p><rs ref="#i915489" type="book_etc">Astrono[nomische] Abendunterhaltungen</rs>, von Dtr <rs ref="#i915500" type="person">Nürenberger<lb/></rs>Erzahlungen von <rs ref="#i873838" type="object">Büeler</rs> [?]<lb/>von Dtr <rs ref="#i915515" type="person">Menzel</rs> angerühmt</p><pb n="63"/><p><rs ref="#i884071" type="object">Witterung<lb/></rs>1830</p><p>Dec d[en] 24 bis dahin war die Witt. zimlich milde nur einige<lb/>Morgen 2 - 3 Grad unter Eis etwas Schnee<lb/>–  25 fiel die Nacht ½ Schu Schnee 5 Grad Kälte<lb/>– 26 – sehr hel 11 d[en].</p><pb n="64"/><p><rs ref="#i873838" type="object">Hamon</rs>’s [?] Schriften. Herausgegeben von Roth,<lb/>1825.<lb/>Schreiben eines Vaters an seinen Sohn, der sich<lb/>der <supplied>Kauf</supplied> Handelschaft <rs ref="#i915531" type="book_etc">wiedmet</rs> von<rs ref="#i867825" type="person"> J.J.<lb/></rs>gebe ich <rs ref="#i835852" type="person">Rud Paraviz.</rs> Es sind keine Exemplare<lb/>mehr davon zu haben. Doch findet sich dieser<lb/>Brief in den Ephemeriden des Jahrs 1781</p><p>Im 4ten Stück der Anfang.<lb/> </p><p><rs ref="#i915545" type="book_etc">Die Geschichte der Seele.</rs> Von Dr. G.J. <rs ref="#i870070" type="person">Schubert</rs>[?]<lb/>im Morgenblatt 1831. N 34. April d[en] 1 recensiert.<lb/>Scheint mir hochst interessant.<lb/> </p><p><rs ref="#i870083" type="person">Suso</rs>, genannt Amandus, <rs ref="#i915557" type="book_etc">Leben u Schriften</rs>.<lb/>heraus gegebvon Melchior <rs ref="#i915568" type="person">Dieprock</rs>. </p></div><div xml:id="d23412821" corresp="d909371" ><head resp="#editor"><date> Beilage Heft 28 </date></head><p>[Beilage Heft 28 S. 1]<lb/>            <lb/>Für<rs ref="#i836759" type="person"> Marie Preis.<lb/></rs>gebe ihrem <rs ref="#i835869" type="person">Vater</rs>.<lb/>6 Bänd von [Lampens Reisen?]<lb/>4 d [amis de L adolessence?]<lb/>Herrmann u Dorothea.</p><p>1830 auf 1831<lb/>Hätte von H Neukirch<lb/>Herren Erzählungen. Schlechte Kupfer. Zurück<lb/>Hildebrand Winter. Langweilig d d[G1] <lb/>Petis ins [?] Geschwister.  d<lb/>Schoppe Heinrich u Marie wähle für Willi Pr.<lb/>samt 48 kleinen Leckerlin</p><p>[mehr Bücher aufgeführt, am besten während Bücher nachschlagen ergänzen!]</p></div>
       </body></text>
   </TEI>
    