<?xml version="1.0"?>
    <?xml-model href="http://www.tei-c.org/release/xml/tei/custom/schema/relaxng/tei_all.rng" type="application/xml" schematypens="http://relaxng.org/ns/structure/1.0"?>    
    <TEI xmlns="http://www.tei-c.org/ns/1.0" xml:id="d872738">
       <teiHeader>
          <fileDesc>
             <titleStmt>
                <title>Heft 8 (1798)
                </title>
                <author>Anna Maria Preiswerk-Iselin</author>
             </titleStmt>
             <publicationStmt>
                <publisher xml:id="editor">Tagebücher Anna Maria Preiswerk-Iselin Projekt</publisher>
                <pubPlace>Basel</pubPlace>
                <date when="2022-03">March 2021</date>
                <availability>
                   <licence notBefore="2022-03-01" target="http://creativecommons.org/licenses/by-sa/4.0/">
                      <p>[...]</p>
                      <p>This work is licensed under a Creative Commons Attribution-ShareAlike 4.0 International License.</p>
                      <p> You are free to: <list>
                            <item> Share — copy and redistribute the material in any medium or format</item>
                            <item> Adapt — remix, transform, and build upon the material</item>
                         </list>
                      </p>
                      <p> Under the following terms: <list>
                            <item> Attribution — You must give appropriate credit, provide a link to the license, and indicate if changes were made. You
                               may do so in any reasonable manner, but not in any way that suggests the licensor endorses you or your use.</item>
                            <item> ShareAlike — If you remix, transform, or build upon the material, you must distribute your contributions under the same
                               license as the original.</item>
                            <item> No additional restrictions — You may not apply legal terms or technological measures that legally restrict others from
                               doing anything the license permits.</item>
                         </list>
                      </p>
                      <p>The licence was added on March first, 2022.</p>
                   </licence>
                </availability>
             </publicationStmt>
             <sourceDesc>
                <msDesc>
                   <msIdentifier>
                      <settlement>Basel</settlement>
                      <repository>Staatsarchiv</repository>
                      <idno>StABS PA 511 304-03-04</idno>
                      <msName>Heft 12 (1815-1816) - Anna Maria Preiswerk-Iselin </msName>
                   </msIdentifier>
                </msDesc>
    <listPerson><person xml:id="i27277"><persName>Georg Joachim Zollikofer</persName></person><person xml:id="i869458"><persName>Johann Wolfgang von Goethe</persName></person></listPerson><listObject><object xml:id="i874141" type="tag"><objectIdentifier><objectName>Gedanken über den Tod</objectName></objectIdentifier></object><object xml:id="i883976" type="book_etc"><objectIdentifier><objectName>Goethe, Johann Wolfgang: Wilhelm Meisters Lehrjahre</objectName></objectIdentifier></object><object xml:id="i873990" type="tag"><objectIdentifier><objectName>Selbstreflexion</objectName></objectIdentifier></object><object xml:id="i874019" type="tag"><objectIdentifier><objectName>Zweifel</objectName></objectIdentifier></object><object xml:id="i922784" type="tag"><objectIdentifier><objectName>Unruhe</objectName></objectIdentifier></object><object xml:id="i922841" type="tag"><objectIdentifier><objectName>Übelbefinden</objectName></objectIdentifier></object><object xml:id="i873936" type="tag"><objectIdentifier><objectName>Philosophie</objectName></objectIdentifier></object></listObject>
    </sourceDesc>
      </fileDesc>
      <profileDesc>
         <textClass>
            <!-- vérifier !!! -->
            <catRef scheme="#genre" target="#journal"/>
         </textClass>
         <langUsage>
            <language ident="de">Deutsch</language>
         </langUsage>
      </profileDesc>
   </teiHeader>
       <text><body><div xml:id="d23389357" corresp="d872748" ><head resp="#editor">Tagebucheintrag<date> 01.11.1798 </date></head><pb n="21"/><p>1798 11 1<lb/>In der <supplied>Mor</supplied> moralischen so wie in der phisischen<lb/>Weld herrschen gewiß eben so unumstößliche<lb/>Gesetze, eine eben so unveränderliche Kraft<lb/>der Verbindung und Trennung besteht in den<lb/>geistigen Wesen wie in den <supplied>phisischen</supplied> Körpern.<lb/>ein unverdorbnes Herz ist dem Mangnet [sic]<lb/>gleich: <supplied>mit</supplied> der mit gleicher Kraft an sich zieht<lb/>und von sich stößt. Möchte mein Herz, möchte<lb/>das Herz der meinen, diese edle Fähigkeit immer<lb/>beybehalten! Ewig unauflösbar muß das Band<lb/>der Herzen seyn die fest u laut der Stimme der<lb/>Natur folgen, das Schiksal kan sie verfolgen<lb/>und mit Titanen Wuth gegen sie streiten;<lb/>aber auflösen kan es dieses Band nicht, noch weniger<lb/>ein anders an ihre Stelle setzen.<lb/>O herrlicher Trost der du allein noch mich<lb/>haltest; es kan das Schicksal mein Herz<lb/>nie mit einem niedrigen Herzen verbinden</p><pb n="22"/><p> </p><p>es kan sich alles gegen mich verbinden, bleibt<lb/>mir mein Herz was es war, u ist, so bleibt<lb/>das Gefühl seiner Würde, u Glaube Liebe u<lb/>Hoffnung kan nicht von mir weichen.<lb/>Streben nach der Vereinigung mit dem Guten<lb/>u Schönen, das ist allein der Zweck des Guten.<lb/><rs ref="#i874141" type="object">Vergänglichkeit</rs> ist das Loos der Menschheit.<lb/>früh od spät möge sie mein Loos seyn! Nur<lb/>soll bis dahin mein Streben unverwand bleiben.<lb/>So wird mein Geist die Verwandlung nicht zu<lb/>fürchten haben.</p></div><div xml:id="d23389359" corresp="d872757" ><head resp="#editor">Tagebucheintrag<date> 09.11.1798 </date></head><pb n="22"/><p>Aber wenn er sich gar nicht erinnern nicht<lb/>warnen, nicht strafen läßt, wenn er blos<lb/>geschmeichelt seyn will, so laß die Bande<lb/>die dich mit ihm verbinden sich immerhin<lb/>auflösen. <rs ref="#i27277" type="person">Zollikofers</rs> Predigten<lb/>2 Thl 146 [xxx]</p></div><div xml:id="d23389363" corresp="d872772" ><head resp="#editor">Epitom<date> XX.11.1798 </date></head><pb n="44"/><p> </p><p>Als Erbe – – – so wie<lb/>der Großmuth u der Redlichkeit u Güte<lb/>die bessre Schätze sind als Gold u Edelstein<lb/>denn alles andre Gut verleiht &amp; nimmt das Glück<lb/>Nur Tugend ist vor seiner Macht geborgen<lb/>[xxx]</p><pb n="45"/><p> </p><p><supplied>Aus dem</supplied> Bekenntniß einer schönen Seele<lb/>aus <rs ref="#i883976" type="book_etc">Meisters Lehrjahr</rs>  von <rs ref="#i869458" type="person">Göthe</rs>.<lb/>Ich habe über die Maaßen viel treffendes in dieser<lb/>Geschichte gefunden, vieles das was ich schon oft<lb/>in dem Grund meines Herzens empfunden, o wie<lb/>sehr werde ich täglich bestärkt; <supplied>aber welche<lb/>günstigen Umstände</supplied> daß Muth welcher dem<lb/>Menschen durch Glauben an das große Unsicht-<lb/>bare Wesen eingeflößt wird, ihn allein<lb/>zum edlen Geschöpfe bilden könne. Aber wie<lb/>viele günstige Umstände mußte der Dichter <lb/>nicht zusamen treffen lassen, um seine Seele <lb/>zu einer schönen Seele gelangen zu lassen!<lb/>Und selbst diesen ungeachtet, wie vieles kostete<lb/>es ihr nicht um sich von den Verbindungen in<lb/>welchen sie stund loszureissen.<lb/>Seite 258) [„]Ich legte mich oft mit Thranen zu Bette<lb/>und stand nach einer schlaflosen Nacht wieder so<lb/>auf; ich bedurfte einer <supplied>K</supplied> kräftigen Unterstützung</p><pb n="46"/><p> </p><p>und die verlieh mir Gott nicht, wenn ich mit<lb/>der Schellenkappe herumlief. –[“]<lb/>260) [„]Denn so oft ich mich in das Gewand der<lb/>Thorheit einkleidete blieb es nicht blos<lb/>bei der Maske sondern die Thorheit durch<lb/>drang mich so gleich durch und durch.<lb/>Was konnte das seyn was mich und meine<lb/>Sinnesart so änderte, daß ich im 22 Jahr<lb/>kein Vergnügen an Dingen mehr fand die<lb/>Leute von diesem Alter unschicklig belustigen?<lb/>Warum waren sie mir nicht unschuldig?:<lb/>Eben weil sie mir nicht unschuldig waren,<lb/>aber weil ich nicht wie andere meines gleichen <lb/>mit meiner Seele <del>unbekannt</del> war: Nein ich wußte aus<lb/>Erfahrung, die ich ungesucht erlangt hatte, daß<lb/>es höchere Empfindungen gebe, die uns ein <lb/>Vergnügen gewährten, das man vergebens<lb/>bei Lustbarkeiten sucht, und daß in diesen <lb/>höchern Freuden zugleich ein geheimer Schatz zu</p><pb n="47"/><p> </p><p>Stärkung im Leiden aufbewahrt sey.“<lb/>Wie groß, wie edel daß sie den Geliebten<lb/>aufs Spiel setzte, um die geheime Stimme ihres<lb/>Gewißens nicht zu unterdrücken, um ihre Würde<lb/>nicht dahin zu geben. Wie schön ist ihr Zustand<lb/>nach der<supplied>ser</supplied> <del>Ausführung dieses</del> Heldenentschlußes!<lb/>Seite 272) [„]Nun schien mir nach einem stürmischen Merz und<lb/>Aprill das schönste Maiwetter beschert zu seyn.<lb/>Ich genoß bei einer guten Gesundheit eine<lb/>unbeschreibliche Munterkeit, ich mochte mich<lb/>umsehen wo ich wollte, so hatte ich bei meinem<lb/>Verlust noch gewonnen. Jung und voller<lb/>Empfindung wie ich war, däuchte mir die Schopf-<lb/>ung tausendmal schöner als vorher da ich<lb/>Gesellschaf<supplied>af</supplied>ten und Spiele haben mußte, damit<lb/>mir die Weile in dem schönen Garten nicht<lb/>lang wurde. Da ich mich einmal meiner Frömmig-<lb/>keit nicht schämte, so hatte ich Muth meine Liebe<lb/>zu Künsten und Wissenschaf<supplied>f</supplied>ten nicht zu ver-</p><pb n="48"/><p> </p><p>bergen. Ich zeichnete malte las, und fand <lb/>genug die mich unterstützten; statt der großen<lb/>Weld die ich verlassen hatte, oder vielmehr die<lb/>mich verlies bildete sich eine kleine um mich her<lb/>die weit reicher und unterhaltender war.“<lb/>Wie viel bedeutend ist diese Stelle, sie soll mir<lb/>zur Richtschnur zum Wahlspruch dienen: vieleicht,<lb/>o darf ich ihn noch denken dieser tröstliche<lb/>Gedanke! Vieleicht hilft er mir zu der Stärcke<lb/>nach deren ich schon so lange vergebens ringe<lb/>gegen welche alle meine Verhängniße immer stritten,<lb/>aber o Gott was darf ich noch hoffen da ich noch<lb/>bis dahin so wenig konnte? – Eines nur konnte <lb/>ich: den Wunsch darnach immer lebhafter machen,<lb/>oft scheint es mir tollkühn da ich von allen Seiten<lb/>her so viel schmerzliches so viel Herzzerreissendes<lb/>zu tragen habe, da <rs ref="#i922784" type="object">keine Befriedigung</rs> meinen<lb/>Muth auflebt, da keine Hilfe mich unterstützte;<lb/>aber in dieser schwankenden Lage fort zu leben ist<lb/>mir nicht möglich, ich muß allen meinen Muth</p><pb n="49"/><p> </p><p>aufbieten, um <rs ref="#i873990" type="object">das zu werden was ich seyn möchte,<lb/></rs>ich muß durchsetzen oder zu Grunde gehn; es ist<lb/>wahr mein Schiksal<supplied>l</supplied> ist hart, aber wäre es vie-<lb/>leicht nicht erträglicher wenn ich mich mehr dagegen<lb/>gestemmt hätte? O du der du das streben meiner<lb/>Seele zum bessern zum edlern kennest! Der du<lb/>mirs gegeben hast! Verzeihe wenn<supplied>s</supplied> ich’s nicht genug<lb/>genützt o verleihe mir Kraf! Daß ich deiner und <lb/>deßen was du Gutes mir gegeben mich vor den<lb/>Menschen nicht schäme, ich weiß daß ich verhältniß-<lb/>mässig gegen Andere,<rs ref="#i874019" type="object"> nur wenig bin und wenig <lb/>kan</rs>; aber sollte ich das Wenige nicht desto mehr<lb/>nützen? Ist es nicht die größte Wohltat des<lb/>Himmels daß ich noch empfinde was mir fehlt?<lb/>Sollte ich in Verzweiflung dahin sinken da ich vie-<lb/>leicht doch noch wirken kan? Ist mein Zustand<lb/>nicht Beweis daß ich meine Kräfte<supplied>n</supplied> nicht ganz<lb/>misbraucht habe? Ja ich fühle es unsichtbare<lb/>Quelle meines daseyns und meines Schiksals<lb/>daß <rs ref="#i874141" type="object">mein Fortgang</rs> so langsam so <rs ref="#i922841" type="object">leidend</rs>, so mühsam</p><pb n="50"/><p> </p><p>er ist, nicht von dir verworfen wird! O ich fühle<lb/>sie deine unsichtbare Hand die durch viele Leiden<lb/>mich zur Besserung zur veredlung führt!<lb/>Wenn ich zurückdenke an deine väterliche Erziech-<lb/>ung, wie auffallend ist es mir, alle die Ver-<lb/>hältniße mit denen ich mit der moralischen<lb/>Weld außer mir stehe zu beobachten; wie <lb/>sehr haben oft diese Verhältniße auf mich<lb/>gedrückt mir wehe gethan! Aber du liessest<lb/>mich nicht ohne Trost: du hast mir Menschen<lb/>zugeschickt die auf mich wirkten, die mir Engel<lb/>waren von deiner Hand zugeschickt, und hast die<lb/>Fähigkeit in mir dieses edlern bessern Umgangs<lb/>zu geniessen nicht zu Grunde gehen lassen! O ich <lb/>fühle es zwar wie sehr es mich drückt daß ich<lb/>nicht weiter gekommen bin, aber dank inniger<lb/>dank o Vater für die Leiden, die mich zu dir<lb/>zu den deinen führen! O laß mich stets ein dir<lb/>folgsames Kind sein laß mich leiden aber nie<lb/>laß mich gegen die Empfindung meines moral-</p><pb n="51"/><p> </p><p>ischen Gefühles denken und handeln:</p><p>[Datumseintrag?] </p><p>Eine leidende schmerzliche Stimmung wült in dem innern<lb/>meines Gemüths: ich suche die Ursache davon auf, ich finde<lb/>sie zum Theil in mir selbst, im streben nach einem<lb/>Grade von Bildung der vieleicht ausser meinen Kräften<lb/>liegt, den zu suchen ich aber nie aufgeben konnte;<lb/>zum Theil in einer Reihe von wiedrigen Umständen <lb/>die <del>mit</del> Leiden und Schmerz mein Inneres zerrissen.<lb/>Was bleibt mir unter diesen Umständen zu thun?<lb/>Mit Mitleid muß ich auf mich selbst herabsehen,<lb/>aber dank sey’s dem Himmel, mit Verachtung nicht:<lb/>deiner Leitung o Himmlische Hand! Die du mich führtest,<lb/>war ich nicht ungehorsam; Eine Zuversicht bleibt mir<lb/>und die wird mich vor Verzweiflung schützen: <supplied>U</supplied> über <lb/>unserm Schiksale herscht eine höchere Hand, eine<lb/>Vaterhand, die das ihn liebende Kind nie wird<lb/>zu Grunde gehn lassen, das Vergehn ist nur Schein<lb/>es fallen Tausende dahin, aber sie sind <del>nicht</del> sie können<lb/>nicht hin seyn. <supplied>Die</supplied> Aus den sinnlichen Augen der Sterb-<lb/>lichen gehn sie weg, aber aus dem Auge des Allsehenden<lb/>kan nichts weg gehn; Es muß nur Übergang seyn in</p><pb n="52"/><p> </p><p>ein anders dasein, sie mögen fallen von hier wie<lb/><supplied>sie</supplied> es auch sey; die einen tödet das Schwerd, den<lb/>andern eine Krankheit, noch Andere der Schmerz.<lb/>Jeder hat seinen Kampf ausgestritten, aber welcher <lb/>am besten gekämpft, bleibt nur dem zu entschei-<lb/>den der die Herzen prüft; nur von dem erwarten<lb/>sie die Krone. Ich will kämpfen so lange ich<lb/>kan. Will alle Mittel anwenden mir das Leben<lb/>hienieden zu erleichtern, <rs ref="#i873990" type="object">will thun was ich kan um<lb/></rs>den Meinen zu nützen:</p></div><div xml:id="d23389368" corresp="d872818" ><head resp="#editor">Epitom<date> 16.05.1798 </date></head><pb n="52"/><p>98 5 16<lb/>In dunkler Nacht wandeln wir oft eine Zeit unseres <lb/>Lebens schmerzlich hindurch, aber der Genius der<lb/>Menschheit laßt die Seinen selten ganz von der<lb/>Hand mitten im Dunkel erhelt ein unerwarteter<lb/>Stern seinen Pfad; – oft freilich nur vorüber<lb/>gehend; – doch nicht imer: auf oft eine<lb/>Morgenröthe, die einen Tag von froher Thätig-<lb/>keit, und Leben ankündet; o wie entzückend<lb/>ist dem <supplied>matten</supplied> durch Stürme herumgeschläuderten<lb/>Schiffer der Anblick des Havens; bald überschwemmt<lb/>die Freude sein Herz, doch kaum kan er sich versich-<lb/>ern daß das gewünschte Land nicht nur ein Traum</p><pb n="53"/><p> </p><p>seiner Einbildung sey, aber schwindet dem Menschen<lb/>nicht alles als Traum. <supplied>aber</supplied> <del>doch</del> die Traume auch geben<lb/>Muth und Leben.<lb/><supplied>330)</supplied> <rs ref="#i883976" type="book_etc">Wilhelm Meiste</rs>r. Seite 330) Sagt der Oheim.<lb/>„Des Menschen großter Verdienst bleibt wohl,<lb/>wenn er die Umstände so viel als möglich bestimmt<lb/>und sich so wenig als möglich von ihnen bestimmen<lb/>läßt. Das ganze Weldwesen liegt vor uns,<lb/>wie ein großer Steinbruch vor dem Baumeister,<lb/>der nur dan den Namen verdient, wenn er aus <lb/>diesen zufälligen Naturmassen, ein in seinem<lb/>Geiste entsprungnes Urbild mit der größten<lb/>Oeconomie Zweckmäßigkeit und Festigkeit<lb/>zusamen stellt. Alles ausser uns ist nur Element,<lb/>ja ich darf wohl sagen, auch alles an uns; aber<lb/>tief in uns liegt diese schöpferische Kraft, die<lb/>das zu erschaffen vermag, was seyn soll, und uns <lb/>nicht ruhen noch rasten läßt, bis wir es außer<lb/>uns oder an uns auf eine oder die Andere Weise<lb/>dargestellt haben. Sie liebe Nichte, haben</p><pb n="54"/><p> </p><p>haben vieleicht das beste Theil erwählt; Sie<lb/>haben ihr sittliches Wesen, ihre tiefe liebe-<lb/>volle Natur mit sich selbst und mit dem höchsten <lb/>Wesen übereinstimmend zu machen gesucht, in-<lb/>deß wir andere wohl auch nicht zu tadeln<lb/>sind, wenn wir den sinnlichen Menschen zu ken-<lb/>nen, und thätig in Einheit zu bringen suchen.[“]<lb/>Seite 332) [„]Ich verehre den Menschen der deutlich<lb/>weißt was er will, unablässig fortschreittet,<lb/>die Mittel zu seinem Zwecke kennt, und sie zu<lb/>ergreiffen und zu brauchen weiß; In wie fern<lb/>sein Zweck groß oder klein sey Lob oder Tadel<lb/>verdiene, das kömmt bei mir erst nachher in<lb/>Betrachtung. Glauben Sie mir meine Liebe, der<lb/>größte Theil und dessen was man Bös<supplied>es</supplied> in<lb/>der Welt nennt, entsteht bloß weil die Menschen <lb/>zu nachlässig sind, ihre Zwecke recht kennen zu <lb/>lernen, und wenn sie solche kennen ernsthaft dar-<lb/>auf los zu arbeiten. Sie kommen mir vor wie</p><pb n="55"/><p> </p><p>Leute, die den Begriff haben es müße ein Thurm<lb/>gebaut werden, und die doch <del>an den Grund</del> nicht mehr Steine und<lb/>Arbeit anwenden, als man allenfalls einer Hütte un-<lb/>terschlüge. Hätten Sie meine Freundin, deren<lb/>höchstes Bedürftniß war, mit ihrer Sittlichen<lb/>Natur ins reine zu kommen, anstatt der großen<lb/>und kühnen Aufopferung, sich zwischen ihrer <lb/>Familie, einem Brautigam vieleicht einem Gemahl<lb/>nur so hin beholfen; <rs ref="#i869458" type="person">Sie würden in einem ewigen<lb/>Wiederspruch mit sich selbst, niemals einen<lb/>zufriednen Augenblick genossen haben</rs>.“<lb/>Wie vieles liegt in den Grundsätzen dieses Manns<lb/>das mich wie ein Blitz rührt: wenn ein Mensch<lb/>sich aufopfert sich in eine Lage versetzt, wo es<lb/>ihm nicht möglich ist seine höchere Fähigkeiten<lb/>auszubilden wo die edelsten seiner Triebe unbe-<lb/>friedigt bleiben müssen, wo er im ewigen Kampf<lb/><rs ref="#i873936" type="object">gegen diese Feßeln die ihn drücken</rs>, schmachtet, unter<lb/>dem Streben nach einem bessern Zustande seufzet?<lb/>Werden wir ihn nicht tadeln? Ich glaube ja oder</p><pb n="56"/><p> </p><p>nein nach dem der Zweck war welchen er zu<lb/>beabsichtigen suchte: war er gut moralisch<lb/>seiner Überzeugung von recht angemessen<lb/>so glaube ich wir müßen ihn <supplied>B</supplied> bedauern statt<lb/>ihn zu tadeln; sehe er in der Folge sein Un-<lb/>recht ein, aber ohne möglichkeit seine<lb/>Umstände zu ändern, was bliebe ihm über, als<lb/>sein Schiksal zu tragen so gut er kan, als zu <lb/>leiden, welcher Trost als der daß die Vor-<lb/>sehung, ihn nicht auf immer werde leidend <lb/>lassen</p></div>
       </body></text>
   </TEI>
    