<?xml version="1.0"?>
    <?xml-model href="http://www.tei-c.org/release/xml/tei/custom/schema/relaxng/tei_all.rng" type="application/xml" schematypens="http://relaxng.org/ns/structure/1.0"?>    
    <TEI xmlns="http://www.tei-c.org/ns/1.0" xml:id="d872613">
       <teiHeader>
          <fileDesc>
             <titleStmt>
                <title>Heft 6 (1797)
                </title>
                <author>Anna Maria Preiswerk-Iselin</author>
             </titleStmt>
             <publicationStmt>
                <publisher xml:id="editor">Tagebücher Anna Maria Preiswerk-Iselin Projekt</publisher>
                <pubPlace>Basel</pubPlace>
                <date when="2022-03">March 2021</date>
                <availability>
                   <licence notBefore="2022-03-01" target="http://creativecommons.org/licenses/by-sa/4.0/">
                      <p>[...]</p>
                      <p>This work is licensed under a Creative Commons Attribution-ShareAlike 4.0 International License.</p>
                      <p> You are free to: <list>
                            <item> Share — copy and redistribute the material in any medium or format</item>
                            <item> Adapt — remix, transform, and build upon the material</item>
                         </list>
                      </p>
                      <p> Under the following terms: <list>
                            <item> Attribution — You must give appropriate credit, provide a link to the license, and indicate if changes were made. You
                               may do so in any reasonable manner, but not in any way that suggests the licensor endorses you or your use.</item>
                            <item> ShareAlike — If you remix, transform, or build upon the material, you must distribute your contributions under the same
                               license as the original.</item>
                            <item> No additional restrictions — You may not apply legal terms or technological measures that legally restrict others from
                               doing anything the license permits.</item>
                         </list>
                      </p>
                      <p>The licence was added on March first, 2022.</p>
                   </licence>
                </availability>
             </publicationStmt>
             <sourceDesc>
                <msDesc>
                   <msIdentifier>
                      <settlement>Basel</settlement>
                      <repository>Staatsarchiv</repository>
                      <idno>StABS PA 511 304-03-04</idno>
                      <msName>Heft 12 (1815-1816) - Anna Maria Preiswerk-Iselin </msName>
                   </msIdentifier>
                </msDesc>
    <listPerson><person xml:id="i835771"><persName>Dietrich Preiswerk-Bischoff</persName></person><person xml:id="i835869"><persName>Lux</persName></person></listPerson><listObject><object xml:id="i873859" type="tag"><objectIdentifier><objectName>Ratschlag an die Kinder</objectName></objectIdentifier></object><object xml:id="i874226" type="tag"><objectIdentifier><objectName>Gedanken zur Gesellschaft</objectName></objectIdentifier></object><object xml:id="i873957" type="tag"><objectIdentifier><objectName>Freundschaft</objectName></objectIdentifier></object></listObject>
    </sourceDesc>
      </fileDesc>
      <profileDesc>
         <textClass>
            <!-- vérifier !!! -->
            <catRef scheme="#genre" target="#journal"/>
         </textClass>
         <langUsage>
            <language ident="de">Deutsch</language>
         </langUsage>
      </profileDesc>
   </teiHeader>
       <text><body><div xml:id="d23389324" corresp="d872623" ><head resp="#editor">Tagebucheintrag<date> 07.10.1797 </date></head><pb n="1"/><p>1797 October d 7<lb/>einige Verhaltungs Regeln meinem <lb/><rs ref="#i873859" type="object"><rs ref="#i835771" type="person"><rs ref="#i835869" type="person">Sohn</rs></rs> vorzulegen<lb/></rs></p><p>Über den <rs ref="#i874226" type="object">Umgang mit Menschen<lb/></rs>und besonders die <rs ref="#i873957" type="object">Wahl der Freunde<lb/></rs></p><p>Klugheitslehren die uns Anweisung geben<lb/>wie wir uns im allgemeinen gegen die Menschen<lb/>zu verhalten haben geben es gar zu viele um <lb/>daß ich, die ich mehr für mich und die Meinen <lb/>lebe, dir solche geben sollte: alle diese Regeln <lb/>wird jeder Vernünftige Mensch sich in so fern <lb/>anzugewöhnen trachten, als sie mit seiner <lb/>Moralität und seiner Würde übereinstimmen. <lb/>Denn so wohl die Menschenliebe und unser <lb/>Fortkommen in der Weld erfordern daß wir <lb/>uns den Menschen so angenehm machen als <lb/>möglich. Trachte also mein Lieber so viel als  <lb/>deine Lage und deine Moralität es erlauben <lb/>allen Menschen so gefällig als möglich zu seyn, <lb/>aber such nie weder durch große noch kleine <lb/>Gefälligkeiten dir ein Verdienst zuzueignen <lb/> </p><p>[2] </p><p> </p><p>oder dir selbst damit zu schmeicheln, noch <lb/>von den Andern Gegendienste fodern zu <lb/>können, sonst würdest du den bessern <lb/>Theil der Menschen von dir entfernen; <lb/><supplied>der</supplied> <del>nur</del> kriechende und eigennützige würden <lb/>sich dir nahen; und für deine Moralität <lb/>würde dis die nachtheiligsten Folgen haben, <lb/>Selbstgenügsamkeit Feigheit würden sich <lb/>unvermerkt bei dir einschleichen, und <lb/>jeden edlen Fortstreben zu erhöchung <lb/>deiner Geisteskräfte den Weg speren. <lb/>Doch ich zweifle nicht daß die edlen Gefühle <lb/>deines Herzens dich vor dieser Gefahr <lb/>schützen werden!<lb/>Bald wird dir eine geheime Stimme zuruffen <lb/>daß das gesellschaftliche Leben uns selten <lb/>das leistet was es uns leisten sollte, <lb/>du wirst überall Menschen finden die <lb/>gut sind uns für eine kurze Zeit zu zer-<lb/>streuen, die uns einige Unterhaltung </p><p>[3] </p><p> </p><p>geben, oft mehr dadurch daß sie uns Anlas <lb/>geben über ihre Leerheit ihre Unwissenheit <lb/>ihre Vorurtheile uns aufzuhalten, uns auch <lb/>mitunter über unsere verhaltnismässigen <lb/>Vorzüge zu erfreuen. Ob aber sollch ein <lb/>Gesellschaftlicher Umgang uns genügen soll, <lb/>ob dieser eines edlen Menschen ganz er <lb/>Strebenswürdig ist wirst du bald ent-<lb/>scheiden; Ich rathe dir nicht diese Gesell-<lb/>schafften ganz zu meiden, aber nicht zu <lb/>viele Zeit daran zu verwenden, daneben <lb/>aber nach einen würdigern und edlern <lb/>zu trachten. Nichts ist ein größere Beweis <lb/>dessen was der Mensch selbst werth ist als <lb/>der Umgang der Personen die er aus Neig-<lb/>ung u freiwillig sucht, die Freunde die er  <lb/>zu Vertrauten wählt. <lb/>Je edler und feiner ein Mensch denkt <lb/>je lebhafter wird das Bedürfniß der </p><p>[4] </p><p> </p><p>Freundschaft für ihn seyn, je schwerer wird <lb/>er darin Befriedigung erhalten; <lb/>Oft wird er Muthlos und betrogen zurück-<lb/>tretten, und zweifeln jemals seinen Wunsch <lb/>erfüllt zu sehen. bedaurungs würdig <lb/>ist dieser Mensch, aber edler liebens-<lb/>würdiger als der dessen Geschmack leich-<lb/>ter Befriedigung findet, der nach was <lb/>Gemeinerm strebt.<lb/>Ob es rathsam sey seine Wünsche so hoch <lb/>zu spannen ob es gut sey in der Wahl <lb/>eines Freundes sehr hoche Foderungen <lb/>zu machen da doch das Seltene so schwer <lb/>und oft so mühevol zu finden ist? <lb/>„Habe wenig Wünsche aber wünsche nur <lb/>das edelste“: dis war immer mein <lb/>Wahlspruch, mein Lieber. Ich habe mich <lb/>nicht übel dabey befunden, ob schon vieles <lb/>Ungemach aller Art mich betroffen <lb/> </p><p>[5] </p><p> </p><p>ob schon von Seiten der Freundschaft ich <lb/>selten befriedigt worden und ich gar wohl <lb/>fühle daß wenn ich mein Ideal nicht so hoch <lb/>gestellt, ich leichter Befriedigung erhalten, <lb/>weniger Schmerz und Leiden erduldet hätte. <lb/>aber ein einziger Wunsch war immer mein <lb/>Erster mein Einziger, den ich unbedingt <lb/>als Bitte zum Schöpfer gehen lies, welchem <lb/>ich alle Andern unterordnete, der [ein Wort getilgt] daß<lb/>ich niemals nichts thun oder denken möchte <lb/>was mich von meinem Weege nach ver-<lb/>vollkommnung abziechen möchte.<lb/>Wenn Wiederwärtigkeiten mich darnieder <lb/>schlugen, wenn ich beleidigt miskannt wurde <lb/>zog ich mich in die Stille, untersucht die Beweg-<lb/>ungsgründe meiner Handlungen, fand oft <lb/><supplied>daß</supplied>daß ich gefehlt doch nie aus schlechter Absicht <lb/>oder niederem Eigennutz gefehlt hatte, des-<lb/>wegen durfte ich froh mein Herz zu Gott <lb/> </p><p>[6] </p><p> </p><p>erheben, das Vertrauen in seine Vorsehung<lb/>seine Liebe seine Güte beruhigten mein Herz <lb/>über meine Fehler, und stärkten meine guten <lb/>Vorsätze. Das vorfinden meiner Fehler <lb/>machten mich vertragsam gegen die Feh-<lb/>ler Andrer ich mochte sie groß oder <lb/>klein finden. Nicht ohne bittern Schmerz <lb/>ertrug ich Vieles, aber so bald ich empfand <lb/>daß mein Leiden eine Folge meiner denk-<lb/>ungart war, und daß ich diese ohne <lb/>entwürdigung meiner selbst nicht ändern <lb/>konnte, so erhub sich in mir ein geheim-<lb/>er Stolz der Kraft und Leben in mein <lb/>Inners strömmte, und <del>mir</del> meine Leiden tragen <lb/>half<supplied>en</supplied>. Aber verstehe mich wohl was <lb/>ich unter Stolz verstehe; dieser von <lb/>welchem ich <supplied>rede ist das blose</supplied> entspringt blos <lb/>aus dem Gefühle <supplied>unserer eigenen Würde</supplied> der <lb/>Würde der Menschheit <supplied>entspringt, sich</supplied> <del>ist</del> nicht <lb/> </p><pb n="7"/><p> </p><p>aufblähend über Andere <supplied>erhebt</supplied> sondern <del>ehrt</del> in <lb/>jedem andern so wohl als in sich selbst, die <lb/>Menscheit <supplied>ehrt</supplied>, <del>ist</del> gegen sich selbst so streng <lb/>als möglich, gegen Andere so weich als <lb/>Rechtschaffenheit ihm nur erlaubt, <supplied>ist</supplied><lb/>Mit dieser Art zu denken kam ich in der <lb/>Weld noch immer gut fort, ich habe mir wenig <lb/>oder gar keine Menschen zu Feinden gemacht, <lb/>obwohl Kleingeisterei und niedrer Schwach-<lb/>sinn mich oft zu kränken suchte, so wußte <lb/>ich theils durch Stillschweigen theils wenn ich <lb/>es für nöthig hielt durch Behauptung meiner <lb/>Rechte, mir bald wieder Ruhe zu schaffen. <lb/>Ich hatte immer <supplied>von</supplied> die Zufriedenheit von <lb/>bessern Menschen geachtet zu werden <lb/><supplied>und sogar erhielt ich</supplied> zuweilen erhielt ich <lb/>Proben von Achtung und Freundschaft die <lb/>mir reichliche Entschädigung waren, und die <lb/>in Zeiten der Leiden und des Schmerz noch <supplied>wohl</supplied> <lb/>durch ihr Andenken wohlthätigen Balsam in <lb/>mein Herz goßen.</p></div>
       </body></text>
   </TEI>
    