<?xml version="1.0"?>
    <?xml-model href="http://www.tei-c.org/release/xml/tei/custom/schema/relaxng/tei_all.rng" type="application/xml" schematypens="http://relaxng.org/ns/structure/1.0"?>    
    <TEI xmlns="http://www.tei-c.org/ns/1.0" xml:id="d872634">
       <teiHeader>
          <fileDesc>
             <titleStmt>
                <title>Heft 7 (1798)
                </title>
                <author>Anna Maria Preiswerk-Iselin</author>
             </titleStmt>
             <publicationStmt>
                <publisher xml:id="editor">Tagebücher Anna Maria Preiswerk-Iselin Projekt</publisher>
                <pubPlace>Basel</pubPlace>
                <date when="2022-03">March 2021</date>
                <availability>
                   <licence notBefore="2022-03-01" target="http://creativecommons.org/licenses/by-sa/4.0/">
                      <p>[...]</p>
                      <p>This work is licensed under a Creative Commons Attribution-ShareAlike 4.0 International License.</p>
                      <p> You are free to: <list>
                            <item> Share — copy and redistribute the material in any medium or format</item>
                            <item> Adapt — remix, transform, and build upon the material</item>
                         </list>
                      </p>
                      <p> Under the following terms: <list>
                            <item> Attribution — You must give appropriate credit, provide a link to the license, and indicate if changes were made. You
                               may do so in any reasonable manner, but not in any way that suggests the licensor endorses you or your use.</item>
                            <item> ShareAlike — If you remix, transform, or build upon the material, you must distribute your contributions under the same
                               license as the original.</item>
                            <item> No additional restrictions — You may not apply legal terms or technological measures that legally restrict others from
                               doing anything the license permits.</item>
                         </list>
                      </p>
                      <p>The licence was added on March first, 2022.</p>
                   </licence>
                </availability>
             </publicationStmt>
             <sourceDesc>
                <msDesc>
                   <msIdentifier>
                      <settlement>Basel</settlement>
                      <repository>Staatsarchiv</repository>
                      <idno>StABS PA 511 304-03-04</idno>
                      <msName>Heft 12 (1815-1816) - Anna Maria Preiswerk-Iselin </msName>
                   </msIdentifier>
                </msDesc>
    <listPerson><person xml:id="i835771"><persName>Dietrich Preiswerk-Bischoff</persName></person><person xml:id="i835836"><persName>Susanna Paravicini-Preiswerk</persName></person><person xml:id="i835869"><persName>Lux</persName></person><person xml:id="i868068"><persName>Sophia Vischer-Preiswerk</persName></person><person xml:id="i872666"><persName>Christian Friedrich Sintenis</persName></person><person xml:id="i833926"><persName>Helena Preiswerk</persName></person><person xml:id="i836791"><persName>Anna Maria Preiswerk</persName></person><person xml:id="i870018"><persName>Johann Christoph Friedrich von Schiller</persName></person><person xml:id="i871836"><persName>Johann Christian Friedrich Hölderlin</persName></person></listPerson><listObject><object xml:id="i873990" type="tag"><objectIdentifier><objectName>Selbstreflexion</objectName></objectIdentifier></object><object xml:id="i910645" type="tag"><objectIdentifier><objectName>Trübe Stimmung</objectName></objectIdentifier></object><object xml:id="i873929" type="tag"><objectIdentifier><objectName>Trauer</objectName></objectIdentifier></object><object xml:id="i898746" type="tag"><objectIdentifier><objectName>Schmerz/Krankheit Familie</objectName></objectIdentifier></object><object xml:id="i873825" type="tag"><objectIdentifier><objectName>Altersgebrechen</objectName></objectIdentifier></object><object xml:id="i873964" type="tag"><objectIdentifier><objectName>Selbstkritik</objectName></objectIdentifier></object><object xml:id="i874226" type="tag"><objectIdentifier><objectName>Gedanken zur Gesellschaft</objectName></objectIdentifier></object><object xml:id="i874077" type="tag"><objectIdentifier><objectName>Tätigkeiten</objectName></objectIdentifier></object><object xml:id="i922909" type="tag"><objectIdentifier><objectName>Ruhe</objectName></objectIdentifier></object></listObject>
    </sourceDesc>
      </fileDesc>
      <profileDesc>
         <textClass>
            <!-- vérifier !!! -->
            <catRef scheme="#genre" target="#journal"/>
         </textClass>
         <langUsage>
            <language ident="de">Deutsch</language>
         </langUsage>
      </profileDesc>
   </teiHeader>
       <text><body><div xml:id="d23389329" corresp="d872643" ><head resp="#editor">Tagebucheintrag<date> 03.02.1798 </date></head><pb n="1"/><p>98 2 3 <lb/>Nun aufs neue ist meine Lage den Umständen <lb/>nach abzumessen, schmerzlicher kränkender als <lb/>man sich nur denken kan: Alle alle meine schönsten <lb/>Träume alle Wünsche meiner Seele müssen <rs ref="#i910645" type="object">zer-<lb/>trümern</rs>: und doch dem Himmel seys gedankt, es <lb/>ist im Herzen des Menschen eine unversieg-<lb/>bare Quelle des Trostes. Zerschlagen, das Herz <lb/>zerrissen lag ich darnieder: aber zu dir ewige <lb/>Quelle des Trostes des Lebens und der Kraft <lb/>erhob ich mich; ich habe diese vergangnen Tage <lb/>mehr Wiedriges ausgestanden als in langem: <lb/>aber der Himmel hat mir Muth gegeben ich habe <lb/>mit Kraft entgegen gearbeitet habe meine Rechte <lb/>zu behaupten gewußt, bin den heiligen Pflichten <lb/>meiner innern Gefühlen, meiner Achtung u Freund-<lb/>schaft getreu geblieben: ach Gott, wie danke ich dir <lb/>für diesen Muth! Hätte ich immer so gehandelt, wie <lb/>viel Leiden hätte ich mir erspart, wie viel mehr <lb/>Gutes hätte ich wirken können! Die Umstände haben <lb/>mich endlich gelernt vieles einsehen; <rs ref="#i873990" type="object">traurig schmer-<lb/>zend waren die Erfahrungen</rs> die ich gemacht habe; <lb/>aber je schmerzender sie waren, je mehr soll ich </p><pb n="2"/><p> </p><p>trachten, sie zum Nutzen der Meinen anzuwenden. <lb/>O Gott ist es mir noch gewehrt an dem Wohl <lb/>meiner <rs ref="#i835771" type="person"><rs ref="#i835836" type="person"><rs ref="#i835869" type="person"><rs ref="#i868068" type="person">Kinder</rs></rs></rs></rs> was zu arbeiten wie gerne wie <lb/>froh will ich alles bittere so mich trift tragen!</p></div><div xml:id="d23389333" corresp="d872657" ><head resp="#editor">Tagebucheintrag<date> XX.02.1798 </date></head><pb n="2"/><p>98 2 </p><p>Wie kan ich es anstellen daß mein Gemüth <lb/>sich weder zu viel noch zu wenig interessiere <lb/>an den Sachen dieser Erde <supplied>nehme</supplied>. <lb/>Da ich <rs ref="#i873990" type="object">keinen erwünschten Erfolg in dem finde <lb/></rs>was meinem Herzen am wichtigsten ist, wie <lb/>können mich andere Sachen die mir immer nur <lb/>von geringem Werth waren, wichtig seyn? <lb/>O könnte ich nur noch einiges Gute wirken <lb/>für die Meinigen wie würde jede Thätigkeit <lb/>wieder in mir aufleben! Wie froh würde mein <lb/>Leben wieder dahin gehen. Gott schenke mir Glauben <lb/>an Tugend an Kraft in mir an edlere Menschlich-<lb/>keit!</p><pb n="3"/><p> </p><p>		<rs ref="#i872666" type="person">Elpizon oder meine Fortdauer <lb/></rs>		<rs ref="#i872666" type="person">nach dem Tode<lb/></rs>10te Betrachtung. In wie fern unser Verlangen <lb/>nach Fortdauer, als Zusicherung der Fortdauer <lb/>uns dienen könne? Der ganz rohe Mensch sagt er <lb/>fühle diesen Trieb noch nicht weil alles noch sinnlich <lb/>an ihm wäre, so bald seine Sinnlichkeit auf eine <lb/>weise befriedigt, erwache bei ihm den Trieb <lb/>zum Gebrauch seiner Vernunft dieser Trieb sey <lb/>ihm so natürlich als die Triebe zu Befriedig-<lb/>ung seiner sinnlichen Bedürfnißen, und erst <lb/>beim Erwachen seiner Vernunft entstünde in <lb/>ihm der Trieb nach Fortdauer nach diesem Leben; <lb/>Seite 143) „Wie kan ein Wesen mit seinen wirk-<lb/>lichen Trieben im Widerspruch stehen? So wäre es <lb/>ja gleichsam gestimmt das Wesen nicht zu seyn <lb/>das es seyn soll<supplied>te</supplied> der Mensch wäre das Einzige <lb/>Alle Andern uns bekanten Wesen stehen mit ihren <lb/>Trieben in vollkommner Harmonie, das heistt es <lb/>ist ihnen möglich ihre Triebe zu befriedigen <lb/>u sie befriedigen sie auch wirklich.</p><pb n="4"/><p> </p><p>Ein wirklicher Trieb muß also als ein Versprechen <lb/>angesehen werden das ihm gegeben ward.“<lb/>Bei alten Leiden, sagt er vorher, wäre noch <lb/>immer Trost für den Menschen, nur für den <lb/>Schrecken des Todes wären keine zu finden, wenn <lb/>der Mensch nicht an Fortdauer glaube. <lb/>Ich glaube daß der Mensch auch aller Trost <lb/>für andere Leiden nicht haben würde wenn <lb/>er an keine Fortdauer nach diesem Leben <lb/>glaubte: denn was sind Leiden? Sind es nicht <lb/>Mangel an Befriedigung seiner Triebe, wie <lb/>kan sich der Mensch der nur kurze Zeit zu <lb/>existieren glaubt, trösten; wenn er einen Theil <lb/>seines Daseins in Schmerz zubringen muß, ohne <lb/>einen höchern Zweck eine Vergeltung zu glauben.</p></div><div xml:id="d23389338" corresp="d872685" ><head resp="#editor">Tagebucheintrag<date> 19.02.1798 </date></head><pb n="5"/><p>98 2 19 <lb/>Wie hart ist mein <rs ref="#i873929" type="object">Herz gedrückt! </rs>[xxx]<lb/>Und o Gott! Die beiden <rs ref="#i833926" type="person"><rs ref="#i836791" type="person">Ältern</rs></rs> deren Herz so ganz <lb/>für mich gestimmt waren <rs ref="#i898746" type="object">die entreißt mir der <lb/>Tod</rs>: ihr Verlurst und andere Schmerz rauben <lb/>mir <rs ref="#i873825" type="object">Gesundheit</rs> und Kräfte [xxx]<lb/>ich forsche <lb/>nach den Fehlern die ich möchte begangen haben, <lb/>mache mir <rs ref="#i873964" type="object">Vorwürfe</rs> und quäle mich aufs bitterste, <lb/>möchte die gütige Vorsehung mir Kraft geben <lb/>einzusehen, in wie weit diese Vorwürfe gerecht <lb/>sind, wo ich gefehlt und wie ich’s in Zukunft bessern <lb/>könnte, Kraft daß ich unter der Last meines <lb/>Schmerzens nicht ganz dahin sänke. Sollt kein <lb/>Trost für mich mehr vorhanden seyn? Sollte ich nicht <lb/>von der ewigen Güte Trost und Hoffnung erwarten <lb/>können? Die reinheit meiner Absichten mir nicht <lb/>einige Beruhigung verschaffen? Ich habe es immer von</p><pb n="6"/><p> </p><p>dir gebeten Urquell meines Daseyns, auch heute <lb/>bete ich’s von dir: laß alle auch die bittersten <lb/>Leiden über mich kommen, wenn sie nur zu meiner <lb/>und der Meinen Besserung dienen: du hast mir <lb/>so Vieles gewährt das die Menschen Gütter nennen <lb/>deren Werth ich zu schätzen wüßte wenn ich das <lb/>nicht misste was mein Herz über alles schätzt, aber <lb/>was können mir irdische Vorzüge gewähren wenn <lb/>mir die Liebe der Meinen entzogen ist, wenn ich <lb/>nicht dahin wirken kan <supplied>daß</supplied> daß sie das Gute das <lb/>Wahre über alles schätzen lernen!<lb/>Weder um Glanz noch um Reichthum habe ich <lb/>zu dir gebeten; aber um Friede und Eintracht um <lb/>Güte und Liebe, aber ach! Sie fliehen vor mir diese <lb/>so gewünschten Gütter! Was habe ich Übels gethan <lb/>daß dieser Schmerz über mich kömmt? Aus Mangel <lb/>an Einsicht an Stärke an Muth aus Mangel einer <lb/>freundschaftlichen Hand, die vereint mit mir zu einem <lb/>Zwecke schritt, habe ich wohl oft gefehlt: das thörrich-<lb/>te <rs ref="#i874226" type="object">Beginen der Menschen um mich her</rs>, flößte mir <lb/>oft zu viel Abneigung gegen sie, zu viel Zutrauen</p><pb n="7"/><p> </p><p>in meine eignen Kräfte ein: unter tausend Ungemach <lb/>nur mir selbst überlassen schwanden meine Kräfte und <lb/>reichten nicht hin das zu verrichten was mein Zweck <lb/>war: soll ich unter der Last meines Leidens dahin <lb/>schmachten oder kan ich noch Trost noch Hilfe finden ein <lb/>Theil ach Gott nur ein Theil des Versäumten wieder <lb/>nachzuholen? Ja ich halte es für meine Pflicht Zutrauen <lb/>und Hoffnung in mir zu beleben so viel ich kan; <lb/>und endlich sind die Quellen die du in des Menschen <lb/>Herz gelegt hast: auch der Elendeste findet noch <lb/>Trost der ihm die Rückkehr zum Gutten nicht ganz <lb/>verspert; Wenn ich mein Schicksal mit einiger <lb/>Ruhe betrachte, wie sichtbar finde ich <supplied>nicht</supplied> die Hand <lb/>eines gütigen Vaters, der durch harte Leiden sein <lb/>Kind zu immer größern Besserung führt, der mitten <lb/>im heftigsten Leiden eben der heilsame Balsam verbirgt <lb/>der diese Leiden heilen soll: du schickst mir eine hilfreiche <lb/>Hand die an der Besserung meiner <rs ref="#i835771" type="person"><rs ref="#i835836" type="person"><rs ref="#i835869" type="person"><rs ref="#i868068" type="person">Kinder</rs></rs></rs></rs> arbeiten <lb/>soll, Dank inniger Dank dafür: die Fehler, die Gewohnheit <lb/>vieleicht blinde Liebe mich übersehen machten, Andere <lb/>die allzugroße Empfindlichkeit mir zu groß zu un-<lb/>vertilgbar vorstellten, stellt dein ungeblendetes Auge</p><pb n="8"/><p> </p><p>in ihr wahres Licht; und hilft mir sie zu heben <lb/>und zu tilgen.<lb/>Wahr ist daß mein Stolz meine Eigenliebe vieles <lb/>dabei leiden, mein Unvermögen kömmt dabei so <lb/>helle an den Tag meine Kinder die so sehr ein <lb/>Theil meines Wesens ausmachen, muß ich <lb/>oft so klein so wenig das sehen was ich wünsche; <lb/>wie klein wie elend muß ich mir dan selbst vor-<lb/>kommen! Aber eben für diese Erniedrigung <lb/>für diese schmerzliche Demüthigung muß ich dem <lb/>Himmel danken, denn sie dient zum Wohl der <lb/>Meinen, für die ich so gerne mich hingeben möchte. <lb/>Auch lebt die süsse Versicherung in meiner Seele <lb/>daß Wenn ich mein ganzes Herz aufdecken könnte <lb/><supplied>W</supplied> wenn meine ganze Lage alle Hinderniße die ich <lb/>von jeher zu bestreitten hatte am Tage liegten <lb/>daß der größte Theil meines Unrechts wegfallen <lb/>oder doch entschuldigt werden würde: und dieses <lb/>tröstet mein Inners.</p></div><div xml:id="d23389342" corresp="d872704" ><head resp="#editor">Tagebucheintrag<date> 20.02.1798 </date></head><pb n="8"/><p>98 2 20 <lb/>Stille frohe <rs ref="#i874077" type="object">Thätigkeit</rs> so viel meine Kräfte es <lb/>zulassen, will ich mir zur Pflicht machen; es ist schwer <lb/><rs ref="#i873825" type="object">sein Leben durch mangel an Kräften</rs> so wenig brauch-<lb/>bar zu wissen, aber ich fühle es wohl daß eben</p><pb n="9"/><p> </p><p>dieser Schmerz mir noch mehr meine Kräfte raubt, <lb/>Ich <rs ref="#i873990" type="object">muß mich in meinen Wünschen einschränken</rs> meine <lb/>Kräfte nicht überspannen, vieleicht verleiht der Himmel <lb/>mir nach und nach mehrere: ich fühle Gott sey dank eine <lb/>gewiße <rs ref="#i922909" type="object">Ruhe</rs>, ein Vertrauen zum Urquell meines Seyns <lb/>das mich hält zu tragen was mein Schicksal mir auflegt. <lb/>O Stiller genügsamer freundschaftlicher Umgang voll <lb/>Liebe und Zutrauen, wie sehr könntest du meine Seele <lb/>halten, und sie wieder neu beleben!</p></div><div xml:id="d23389343" corresp="d872713" ><head resp="#editor">Tagebucheintrag<date> 24.02.1798 </date></head><pb n="9"/><p>98 2 24<lb/>Dank bester Gott! für die Mittel die du mir an <lb/>die Hand führst, um Gutes auf die Meinen zu wirken, <lb/><rs ref="#i873964" type="object">niedrig wären es von mir nur immer jämmerlich</rs> über <lb/>Hinderniße die mir in Wege kommen zu klagen; <lb/>Von dir o Vater sind meine Schiksale bestimmt du <lb/>wirst mir nicht auflegen was ich nicht tragen kan. <lb/>Wie oft könnte ich mehr Kraft zum Guten anwenden <lb/>wie oft wirkt noch feige Menschenfurcht auf meine <lb/>Handlungen: Es ist nicht genug das Gute einzusehen <lb/>und zu jammern wenn es von Andern nicht anerkant <lb/>wird; handeln, reden, thun, ohne Furcht zu misfallen, <lb/>nicht müde werden, damit wir Fortschritte bemerken <lb/>können, und damit diese Fortschritte uns Muth und <lb/>Kraft geben zu mehrerm Guten.</p></div><div xml:id="d23389345" corresp="d872721" ><head resp="#editor">Epitom<date> 04.03.1798 </date></head><pb n="10"/><p>98 2 4 <lb/>[„]Die Vernunft kan in einer anarchischen Weld <lb/>nicht aushalten. Stets nach Ubereinstimmung <lb/>strebend, läuft sie lieber Gefahr die Ordnung <lb/>unglücklich zu vertheidigen, als mit Gleichgültigkeit <lb/>zu entbehren.“ 	<rs ref="#i870018" type="person">Schillers</rs> Übersicht zur Universalhistorie</p><pb n="11"/><p> </p><p>O Gott, wie oft verschließt mir die Natur ihre erqui-<lb/>kenden Arme, ich stehe einsam und fremd, weil die <lb/>Gefühle meines <del>Herzens</del> ermattet verstimmt und stumpf sind. <lb/>Ich weiß es daß die Natur <supplied>und</supplied> daß die Weld <lb/>um mich her gleich wie vorher sind: aber wer wollte <lb/>dem Blindgewordenen Vorwürfe machen, daß die <lb/>Schönheit der Farben ihn nicht mehr ergötzen? <lb/>Wer wollte dem elenden Herzen das durch übermas <lb/>der Leiden den Geschmack an den Freuden dieser Weld <lb/>verlohren hat, das sich des vergangenen Genußes <lb/>noch erinnert, und durch diese Erinnerung die <lb/>harte Last seiner gegenwärtigen Fühllosigkeit <lb/>empfindet. O der Freund<supplied>schaftles der Freund</supplied> <lb/>der Vorwurflos theilnehmend die Thränen in sein <lb/>Leiden weinen, statt ihm unbefolgbare Vorschriften <lb/>zu geben, o welche Wonne würde dis für das arme <lb/>Herz seyn!<lb/>Wer miß die Kräften die in jedem Menschen liegen, <lb/>wer die Schwäche oder Stärke seiner Empfindungen, <lb/>wer die Anstrengungen die er anwendet, um sich <lb/>durchzuschlagen im Gewirre dieser Weld? Ist nicht der<lb/>allein der die Saiten seines Herzens gespannt, der <lb/>das Maaß von Kraft, von Leiden und Freuden ihm</p><pb n="12"/><p> </p><p>zugemessen vor dem er allein <supplied>sein</supplied> Gerechtigkeit <lb/>hoffen darf, Gott sey dank daß ich das darf daß <lb/>durch kindliche Unterwürfigkeit und Zutrauen <lb/>zu Ihm meine Seele Ruhe findet:<lb/>Aber ach so lang der Mensch hienieden ist sehnt <lb/>er sich noch immer nach einer menschlichen Gottheit <lb/>deren Herz die Lasten  des seinen tragen erleich-<lb/>tern möchte <supplied>aber</supplied> doch wie selten findet das <lb/>der arme Unglückliche der sich nach dem <lb/>Guten dem Edlen sehnt, aber sich zu arm <lb/>fühlt das zu seyn was er seyn möchte: <lb/>„Wie ein Geist der keine Ruhe <supplied>hat</supplied> am <lb/>Acheron findet, kehre ich zurück in die <lb/>verlassenen Gegenden meines Lebens. Alles <lb/>altert und verjüngt sich wieder. Warum sind <lb/>wir ausgenommen vom schönen Kreislauf <lb/>der Natur? Oder gilt er auch für uns? <lb/>Ich wollte es glauben wenn Eins nicht wäre <lb/>in uns das ungeheure Streben, Alles zu seyn <lb/>das, wie der Titan des Aetna, heraufzieht aus <lb/>den Tiefen unsers Wesens</p><pb n="13"/><p> </p><p>Und doch wer wollte es nicht lieber in sich fühlen <lb/>wie ein siedendes Oehl, als sich gesteht, er sey für <lb/>die Geisel und das Joch geschaffen? Ein tobend <lb/>Schlachtroß oder eine Mähre die das Ohr hängt, <lb/>was ist edler?“ <rs ref="#i871836" type="person">Hiperion<lb/></rs>[„]O es ist jämmerlich, so sich vernichtet zu sehen? <lb/>Und wem dieses unverständlich ist der frage <lb/>nicht darnach, und freue sich daß ihn die Natur <lb/>zur Freude wie der Schmetterling geschaffen hat, <lb/>und gehe und spreche in seinem Leben nimmer-<lb/>mehr von Schmerz und Unglück,[“]<lb/><rs ref="#i871836" type="person">Ebenderselbe<lb/></rs>Seit 39 [„]Es lebte nichts wenn es nicht hoffte. Mein Herz verschloß <lb/>jetzt seine Schätze, aber nur <supplied>nur</supplied> <del>um</del> für eine bessre <lb/>Zeit zu sparen, für das Einzige, Heilige, Treue, <lb/>das gewiß, in irgend einer Perioden des Daseyns, <lb/>meiner dürstenden Seele begegnen sollte.“<lb/><rs ref="#i871836" type="person">Eben</rs>–<lb/>[„]die Blumen des Herzens wollen freundliche Pflege. <lb/>Ihre Wurzel ist überall, aber sie selbst gedeiht in <lb/>heitrer Wittrung nur.[“]<lb/><rs ref="#i871836" type="person">Ebend<lb/></rs>[„]das erste Kind der göttlichen Schönheit ist die Kunst</p><pb n="14"/><p> </p><p>der Schönheit 2te Tochter ist Religion. Religion <lb/>ist Liebe der Schönheit, der Weise liebt sie <lb/>selbst die Unendliche die Allumfassende; das <lb/>Volk liebt ihre Kinder die Götter, die in manig-<lb/>faltigen Gestalten ihm erscheinen.“<lb/><rs ref="#i871836" type="person">Eb</rs></p><p>[„]Aus blosem Verstand ist nie Verständiges, <lb/>aus bloser Vernunft nie Vernünftiges gekommen. <lb/>Verstand ist ohne Geistes Schönheit, wie ein <lb/>dienstbarer Geselle der den Zaum aus <lb/>grobem Holz zimmert, wie ihm vorgezeichnet ist, <lb/>und die <supplied>groben</supplied> gezimmerten Pfähle aneinan-<lb/>der nagelt für den Garten, den der Meister <lb/>bauen will. Des Verstandes ganzes Geschäft <lb/>ist Nothwerk. Vor dem Unsinn vor dem Unrecht <lb/>schützt er uns, in dem er ordnet; aber sicher zu <lb/>sein vor dem Unsinn vor dem Unrecht ist doch <lb/>nicht die höchste Stuffe menschlicher Vortreff-<lb/>lichkeit.[“]<lb/>[„]Vernunft ist ohne geistes ohne Herzensschön-</p><pb n="15"/><p> </p><p>heit, wie ein Treiber den der Herr des Hauses <lb/>über die Knechte gesezt hat; der weißt so wenig <lb/>als die Knechte was aus all der Arbeit werden <lb/>soll, und ruft nur, tummelt euch, und sieht es <lb/>fast ungern wenn es vorsichgeht, denn am Ende <lb/>hätte er ja nichts mehr zu treiben, den seine <lb/>Rolle wäre gespielt.<lb/>Aus blosem Verstand kommt keine Philosophie, <lb/>denn Philosophie ist mehr denn nur blose <lb/>Erkenntniß des Vorhandenen.<lb/>Aus bloser Vernunft kömmt keine Philosophie <lb/>ist mehr den blinde Forderung eines nie zu endigen-<lb/>den Fortschritts in Vereinigung und Unterscheid-<lb/>ung eines möglichen Stoffs.[“]</p></div>
       </body></text>
   </TEI>
    