<?xml version="1.0"?>
    <?xml-model href="http://www.tei-c.org/release/xml/tei/custom/schema/relaxng/tei_all.rng" type="application/xml" schematypens="http://relaxng.org/ns/structure/1.0"?>    
    <TEI xmlns="http://www.tei-c.org/ns/1.0" xml:id="d871145">
       <teiHeader>
          <fileDesc>
             <titleStmt>
                <title>Heft 5 (1797)
                </title>
                <author>Anna Maria Preiswerk-Iselin</author>
             </titleStmt>
             <publicationStmt>
                <publisher xml:id="editor">Tagebücher Anna Maria Preiswerk-Iselin Projekt</publisher>
                <pubPlace>Basel</pubPlace>
                <date when="2022-03">March 2021</date>
                <availability>
                   <licence notBefore="2022-03-01" target="http://creativecommons.org/licenses/by-sa/4.0/">
                      <p>[...]</p>
                      <p>This work is licensed under a Creative Commons Attribution-ShareAlike 4.0 International License.</p>
                      <p> You are free to: <list>
                            <item> Share — copy and redistribute the material in any medium or format</item>
                            <item> Adapt — remix, transform, and build upon the material</item>
                         </list>
                      </p>
                      <p> Under the following terms: <list>
                            <item> Attribution — You must give appropriate credit, provide a link to the license, and indicate if changes were made. You
                               may do so in any reasonable manner, but not in any way that suggests the licensor endorses you or your use.</item>
                            <item> ShareAlike — If you remix, transform, or build upon the material, you must distribute your contributions under the same
                               license as the original.</item>
                            <item> No additional restrictions — You may not apply legal terms or technological measures that legally restrict others from
                               doing anything the license permits.</item>
                         </list>
                      </p>
                      <p>The licence was added on March first, 2022.</p>
                   </licence>
                </availability>
             </publicationStmt>
             <sourceDesc>
                <msDesc>
                   <msIdentifier>
                      <settlement>Basel</settlement>
                      <repository>Staatsarchiv</repository>
                      <idno>StABS PA 511 304-03-04</idno>
                      <msName>Heft 12 (1815-1816) - Anna Maria Preiswerk-Iselin </msName>
                   </msIdentifier>
                </msDesc>
    <listPerson><person xml:id="i833926"><persName>Helena Preiswerk</persName></person><person xml:id="i836791"><persName>Anna Maria Preiswerk</persName></person><person xml:id="i867825"><persName>Isaak Iselin-Forcart</persName></person><person xml:id="i835771"><persName>Dietrich Preiswerk-Bischoff</persName></person><person xml:id="i835836"><persName>Susanna Paravicini-Preiswerk</persName></person><person xml:id="i835869"><persName>Lux</persName></person><person xml:id="i868068"><persName>Sophia Vischer-Preiswerk</persName></person><person xml:id="i870018"><persName>Johann Christoph Friedrich von Schiller</persName></person><person xml:id="i871836"><persName>Johann Christian Friedrich Hölderlin</persName></person></listPerson><listObject><object xml:id="i898746" type="tag"><objectIdentifier><objectName>Schmerz/Krankheit Familie</objectName></objectIdentifier></object><object xml:id="i873859" type="tag"><objectIdentifier><objectName>Ratschlag an die Kinder</objectName></objectIdentifier></object><object xml:id="i874045" type="tag"><objectIdentifier><objectName>Gedanken zur Erziehung</objectName></objectIdentifier></object><object xml:id="i874077" type="tag"><objectIdentifier><objectName>Tätigkeiten</objectName></objectIdentifier></object><object xml:id="i910699" type="tag"><objectIdentifier><objectName>Heiterkeit</objectName></objectIdentifier></object><object xml:id="i874148" type="tag"><objectIdentifier><objectName>Besuch</objectName></objectIdentifier></object><object xml:id="i873894" type="tag"><objectIdentifier><objectName>Allgemeine Stimmung</objectName></objectIdentifier></object><object xml:id="i874003" type="tag"><objectIdentifier><objectName>Verhalten</objectName></objectIdentifier></object><object xml:id="i874226" type="tag"><objectIdentifier><objectName>Gedanken zur Gesellschaft</objectName></objectIdentifier></object><object xml:id="i873929" type="tag"><objectIdentifier><objectName>Trauer</objectName></objectIdentifier></object><object xml:id="i873936" type="tag"><objectIdentifier><objectName>Philosophie</objectName></objectIdentifier></object><object xml:id="i873990" type="tag"><objectIdentifier><objectName>Selbstreflexion</objectName></objectIdentifier></object><object xml:id="i922841" type="tag"><objectIdentifier><objectName>Übelbefinden</objectName></objectIdentifier></object><object xml:id="i873964" type="tag"><objectIdentifier><objectName>Selbstkritik</objectName></objectIdentifier></object><object xml:id="i899009" type="tag"><objectIdentifier><objectName>Wunsch</objectName></objectIdentifier></object><object xml:id="i873922" type="tag"><objectIdentifier><objectName>Religion</objectName></objectIdentifier></object><object xml:id="i910740" type="tag"><objectIdentifier><objectName>Unnütz/Untätig</objectName></objectIdentifier></object><object xml:id="i910645" type="tag"><objectIdentifier><objectName>Trübe Stimmung</objectName></objectIdentifier></object><object xml:id="i874235" type="tag"><objectIdentifier><objectName>Ausbildung</objectName></objectIdentifier></object><object xml:id="i884071" type="tag"><objectIdentifier><objectName>Wetter</objectName></objectIdentifier></object><object xml:id="i922909" type="tag"><objectIdentifier><objectName>Ruhe</objectName></objectIdentifier></object><object xml:id="i873908" type="tag"><objectIdentifier><objectName>Geschäfte</objectName></objectIdentifier></object><object xml:id="i873825" type="tag"><objectIdentifier><objectName>Altersgebrechen</objectName></objectIdentifier></object><object xml:id="i874470" type="tag"><objectIdentifier><objectName>Gut St. Apollinaris bei Michelbach</objectName></objectIdentifier></object><object xml:id="i873866" type="tag"><objectIdentifier><objectName>Reisen</objectName></objectIdentifier></object><object xml:id="i873838" type="tag"><objectIdentifier><objectName>Unbekannte Person</objectName></objectIdentifier></object><object xml:id="i873957" type="tag"><objectIdentifier><objectName>Freundschaft</objectName></objectIdentifier></object><object xml:id="i910637" type="tag"><objectIdentifier><objectName>Erschöpfung</objectName></objectIdentifier></object><object xml:id="i874029" type="tag"><objectIdentifier><objectName>Rückblick</objectName></objectIdentifier></object><object xml:id="i873852" type="tag"><objectIdentifier><objectName>Brief</objectName></objectIdentifier></object></listObject>
    </sourceDesc>
      </fileDesc>
      <profileDesc>
         <textClass>
            <!-- vérifier !!! -->
            <catRef scheme="#genre" target="#journal"/>
         </textClass>
         <langUsage>
            <language ident="de">Deutsch</language>
         </langUsage>
      </profileDesc>
   </teiHeader>
       <text><body><div xml:id="d23388024" corresp="d871154" ><head resp="#editor">Tagebucheintrag<date> 16.07.1797 </date></head><pb n="1"/><p>97 7 16<lb/>getauscht und in seinen freudigsten Hoffnungen <lb/>betrogen worden!<lb/>Die aussicht der besänftigung meines kranken <lb/>Herzens lies mich das Schiksal nur kosten <lb/>aber entriß mir zu bald ihr genuß.<lb/>O welche Wonne war es für mich ihr beiden <lb/>so inig geliebten, so früh von mir getrennten <lb/><rs ref="#i833926" type="person"><rs ref="#i836791" type="person">Kinder</rs></rs>! Mein Herz vor euch aufzuschließen <lb/>aber euch beide mußte ich in 3 Monden nach <lb/>einem unter tausend <rs ref="#i898746" type="object">Schmerzen und Kummer <lb/></rs>zurückgelegten Jahre verlassen, ob es mir <lb/>erlaubt ist zu klagen wird der Richter über <lb/>uns entscheiden.<lb/>Gelingt es mir das Herz meiner übrigen <lb/><rs ref="#i835771" type="person"><rs ref="#i835836" type="person"><rs ref="#i835869" type="person"><rs ref="#i868068" type="person">Kinder</rs></rs></rs></rs> an mich zu ziehen so kan mir vieleicht <lb/>das Herz wieder heilen, wonicht und sollten <lb/>sie das Ubel um sie her nicht fühlen, so sinke <lb/>in Staub du meine leimerne Hülle, so wird mein <lb/>Geist hinsteigen zu denen die die Meinen waren</p><pb n="2"/><p> </p><p>denen ich zugehöre zu meinem <rs ref="#i867825" type="person">Vater</rs> zu meinen <lb/>Kindern.<lb/>Aber ihr mir so lieben, die ihr mich noch an diese <lb/>Erden bindet<rs ref="#i873859" type="object"> höret die brennenden Wünsche </rs>eurer <lb/>Mutter! Höret den götlichen Funken in euch selbst <lb/>suchet nur Rechtschafenheit u Tugend! Verachtet <lb/>jede geschminkte Thorheit, suchet nicht den <lb/>Schein sondern das Wesen!<lb/>Kans in der Weld eine großre Wonne <lb/>geben, als Einfluß auf den Charackter <lb/>deren zu haben die unserm Herzen <lb/>theuer sind? O bald hätte die Furcht <lb/>vergeblich zu Arbeiten, mir Muth u <lb/>Kräfte genommen, und nebst dem Schmerz <lb/>den der Tod meiner Lieben mir verursacht <lb/>mich bald <supplied>zu</supplied> ihnen vereint. Doch ich habe <lb/>noch Hoffnung bei meinen übrigen Kindern <lb/><rs ref="#i874045" type="object">gutes zu stiften</rs> dis erhält meine Kräfte <lb/>die Unterredung die ich Heute mit <rs ref="#i835771" type="person">Dietrich<lb/></rs>gehabt zeigt mir Zutrauen und Liebe, so daß <lb/>ich hoffen darf auf ihn zu wirken. Gott gebe</p><pb n="3"/><p> </p><p>mir Geduld Sanftmuth und Stärke, meine <lb/>Liebe kräftig zu leiten!</p></div><div xml:id="d23388648" corresp="d871788" ><head resp="#editor">Tagebucheintrag<date> 06.08.1797 </date></head><pb n="3"/><p>97 8 6<lb/>Der gestrige Tag war für mich ruhiger als <lb/>sonst mein Kopf war <rs ref="#i910699" type="object">heiter</rs>, ich glaube es <lb/>komme daher weil ich des Morgens mich <lb/>mit den <rs ref="#i874077" type="object">Kindern beschäftigen</rs> könnte, auch <lb/>für mich was lesen konnte das mein Gemüth <lb/>aufheiterte<lb/> </p><p> </p></div><div xml:id="d23388650" corresp="d871797" ><head resp="#editor">Tagebucheintrag<date> 07.08.1797 </date></head><pb n="3"/><p>97 8 7<lb/>Gestern war ich zimlich vergnügt in <rs ref="#i874148" type="object">Gesell-<lb/>schaft unsrer Familien</rs> doch ist mein Herz <lb/>noch immer bedrükt und sanfte <rs ref="#i873894" type="object">Schwermuth</rs> <lb/>zieht mich in <rs ref="#i874003" type="object">mich selbst zurück. <lb/></rs>Wären die <rs ref="#i874226" type="object">Menschen</rs> im allgemeinen mehr <lb/>ausgebildet, und an weniger thörichte Bedürft-<lb/>niße gewöhnt, wie viel leichter wäre es <lb/>zu leben! Doch der einzelne Mensch sollte <lb/>sich Stärke sammeln um nicht so viel von Andrer <lb/>Gewohnheit und Thorheit zu leiden.</p></div><div xml:id="d23388652" corresp="d871806" ><head resp="#editor">Tagebucheintrag<date> 08.08.1797 </date></head><pb n="3"/><p>8 Augst<lb/>Ich sehe daß ich Gott sey dank dahin ge-<lb/>lange, meinen Geist nüchterner zu erhalten <lb/>ich kan mehr aus dem Sin schlagen was nur</p><pb n="4"/><p> </p><p>qualt und nagt und Bitterkeit ins Herz bringt. <lb/>Die Wehmuth über den <rs ref="#i873929" type="object">Verlurst</rs> meiner <lb/>Lieben füllt mein Herz an und macht mich <lb/>die <rs ref="#i874226" type="object">Thorheit der Menschen</rs> vergeßen. <lb/>O weiche nie von mir süsse Schwermuth <lb/>die mich vergeßen macht was hienieden <lb/>ist und streben laß nach dem was Jensiege <lb/>ist.</p></div><div xml:id="d23388654" corresp="d871815" ><head resp="#editor">Tagebucheintrag<date> 09.08.1797 </date></head><pb n="4"/><p>9 Augst<lb/>Gestern war ich ziemlich <rs ref="#i910699" type="object">heiter</rs> so lange <lb/>ich thätig war u so lange meine Kräfte <lb/>mir <rs ref="#i874077" type="object">Thätigkeit</rs> erlaubten auf den Abend <lb/>da ich erschöpft war, bemächtigte eine <lb/>bange Schwermuth sich meiner. Es war <lb/>Schwäche, ich fühle es gar zu wohl, daß <lb/>mein Schmerz über den <rs ref="#i873929" type="object">Verlurst</rs> meiner <lb/><rs ref="#i833926" type="person"><rs ref="#i836791" type="person">Kinder</rs></rs> nicht ganz in reiner Vernünftiger <lb/>Liebe gegründet ist, sonst würde meine <lb/>Seele, da sie doch fest an ein daseyn, ja <lb/>an ein <supplied>S</supplied> selges daseyn jenseits dem Grabe <lb/>glaubt, nicht in trübe Schwermuth ver-<lb/>fallen.<lb/>Ich habe einen sehr schönen Aufsatz von</p><pb n="5"/><p> </p><p><rs ref="#i870018" type="person">Schiller</rs> (Thalie 93 Jahr 3 Band) gelesen; wie <lb/>verschieden waren die Eindrücke die diese <lb/>Lecktur auf mich machte, niederschlagend <lb/>war es für mich daß so vieles mir nicht <lb/>deutlich genug war um mir ganz helle <lb/>Begriffe beizubringen, die Sprache der <lb/>neuen <rs ref="#i873936" type="object">Philosophie</rs> und Aestetik ist mir <lb/>nicht bekant genug. Und doch konte ich die <lb/>Sache nicht weglegen, sie war mir zu inter-<lb/>essant, handelte über Gegenstände, über die <lb/>ich so oft nachgedacht; die meisten Ideen <lb/>schienen so sehr mit meiner Denkungsart <lb/>über diese Gegenstände übereinzustimmen <lb/>daß Argerniß über den geringen Grad <lb/>meiner Kenntniße, und Freude über die <lb/>Übereinstimmung meiner Ideen mit denen<lb/>eines so hellen Kopfes, abwechselten. <lb/>Frapant und schmeichelhaft war für mich <lb/>das Urtheil über einige Punkte der Kantischen <lb/>philos. die sehr mit meinem Urtheil übereinstimm-<lb/>te.</p></div><div xml:id="d23388658" corresp="d871827" ><head resp="#editor">Tagebucheintrag<date> 13.08.1797 </date></head><pb n="6"/><p>13 Augst<lb/>Warum sehnst du so sehr nach Ruhe <lb/>und Stille arme Seele, glaubst zu daß <lb/>hienieden Ruhe unsere Bestimmung sey? <lb/>Im Kampf mit den Hindernißen von Aussen <lb/>erringt erst die Seele ihre Stärke, durch <lb/>Übung nur erlangen wir Fertigkeit. <lb/>Was anders ist unsere Bestimmung <lb/>Hienieden? Als Übung unsrer edlern <lb/>Thätigkeit:<rs ref="#i873990" type="object"> oft klage ich</rs> daß so viele <lb/>Hindernisse mir im Weege stehen, u <lb/>mich hindern meinen Zwek zu erreichen, <lb/>aber wo ist Endzwek hienieden kan es <lb/>was anders seyn als Übung deiner Kräf-<lb/>te? Hat der Himmel dir viel zu kämpfen <lb/>gegeben so hat er dir auch Kräfte ge-<lb/>geben, du selbst weist nie was geschehen <lb/>soll, aber was du nach deinem Gewißen <lb/>und für dich eingesehnen Wahrheit, thun <lb/>und nach dem du thrachten sollst, dieses</p><pb n="7"/><p> </p><p>kanst du wißen! Trachtest du nach diesem, <lb/>so wirst du einig mit dir selbst, ruhig <lb/>unter den Stürmen dieses Lebens, auch <lb/>unter den beleidigsten Kränkungen deines <lb/>Herzens, doch eine selge Zukunft erwarten <lb/>können eine Zukunft wo die <supplied>A</supplied> selgen Ahndungen <lb/>deiner <rs ref="#i873936" type="object">Seele</rs> in Erfüllungen kommen werden; <lb/>ja diese Ahndungen die uns oft das Gegen-<lb/>wärtige so wenig passend für unsere Seele <lb/>scheinen machen, sind heilge Pfänder eines <lb/>bessern Seyns, sind Belohnungen einer <lb/>nach Wahrheit ringenden Seele.<lb/>Nie weichet von mir ihr gütigen Genien <lb/>ihr Trösterinen eines beleidigten ermatteten <lb/>Herzens!<lb/>Auszug aus <rs ref="#i871836" type="person">Hiperion<lb/></rs>[„]Wir sangen heilige Gesänge, von den was <lb/>besteht, was fortlebt unter tausend ver-<lb/>anderten Gestalten, was war u ist und seyn <lb/>wird, von der Unzertrennlichkeit der Geister</p><pb n="8"/><p> </p><p>und wie sie eins sind von Anbegin und <lb/><supplied>Jn</supplied> immerdar, so sehr auch Nacht und Wolke <lb/>sie scheide, und aller Augen giengen über <lb/>vom Gefühl dieser Werwandtschaft und <lb/>Unsterblichkeit.[“]<lb/>[„]Lasset vergehn was vergeht rief ich <lb/>aus in Begeisterung, es vergeht um <lb/>wiederzukehren. Es altert um sich wieder <lb/>zu verjüngen, es trennt sich um sich innig <lb/>zu verbinden, es stirbt um lebendiger zu <lb/>leben.[“]<lb/>[„]So fuhr nach einer Weile Tiniote aus, <lb/><del>sind</del> die Ahndungen der Kindheit dahin, um <lb/>als Wahrheit wieder aufzuleben im <lb/>Geiste des Mannes, so verblühen die <lb/>schönen jugendlichen Myrthen der Vor-<lb/>welt, die Dichtungen Homers und seiner <lb/>Zeiten die Prophezeiungen und Offenbar-<lb/>ungen, aber der Keim der in ihnen <lb/>lag geht als reife Frucht hervor im</p><pb n="9"/><p> </p><p>Herbste. Die Einfalt und Unschuld der <lb/>ersten Zeit erstirbt, daß sie wiederkehre <lb/>in vollendeter Bildung, und der heilige <lb/>Friede des Paradieses geht unter, daß <lb/>was nur Güte der Natur war, wiederauf-<lb/>blühn als errungenes Eigenthum der Mensch-<lb/>heit. <lb/>Herrlich! Herlich! Rief Notara <lb/>doch wird das Vollkommne erst im fernen <lb/>Lande kommen sagte Milete, im Lande des <lb/>Wiedersehns und der ewigen Jugend. Hier <lb/>bleibt es doch nur Dämmerung. Aber anders <lb/>wo wird er gewiß uns aufgehn der heilige <lb/>Morgen ich denke mit Lust daran; da werden <lb/>auch wir uns alle wiederfinden, bei der <lb/>großen Vereinigung alles Getrennten.[“]</p></div><div xml:id="d23388664" corresp="d871855" ><head resp="#editor">Tagebucheintrag<date> 17.08.1797 </date></head><pb n="9"/><p>17</p><p>O wie viel haben doch noch äusere Umstände <lb/>auf die Ruhe meiner Seele! Wahr ist es <lb/>nicht <rs ref="#i910740" type="object">Nichtswürdigkeiten</rs> sind es die mich</p><pb n="10"/><p> </p><p><rs ref="#i922841" type="object">misstimmen</rs>, oft sind es die Kinder die wie <lb/>mir dan scheint, meinen Wünschen nicht <lb/>entsprechen, aber ist es nicht auch Un- <lb/>gerechtigkeit gegen das Schiksal, daß <lb/>ich <rs ref="#i873964" type="object">unzufrieden</rs> bin, daß die Kinder <lb/>nicht ganz das sind <rs ref="#i874045" type="object">was ich fodre</rs>? <lb/>Sind nicht mehr neben ihnen die noch <lb/>viel weniger sind? Warum nehme ich <lb/>nur die zum Masstab die vom Himmel am <lb/>meisten begünstigt sind? Doch es ist <lb/>meine inige Liebe zu ihnen die mich <lb/>so stimmt, aber was mich misstimmt <lb/>ist mein eigenes Unvermögen das <lb/>für sie zu thun was ich wünschte. <lb/>Aber meine Kräften habe ich mir ja <lb/>auch nicht selbst gegeben, misbraucht <lb/>und verschwendet habe ich sie Gott sey <lb/>dank aus Leichtsin nie verschwendet. <lb/>Mein einziger <rs ref="#i899009" type="object">Wunsch</rs> war u ist noch <lb/>jede meiner Fähigkeiten zwekmäsig</p><pb n="11"/><p> </p><p>anzuwenden.<lb/>O möchte ich’s mir dahin bringen meinen <lb/>Kindern wahres edles Gefühl für <rs ref="#i873922" type="object">Religion</rs> <lb/>und Tugend einzuflösen.<lb/>So lang ich dieses noch kan o Gott! so laß <lb/>mich wandlen die dunkle Bahn dieses <lb/>Lebens, es möge mir süß oder sauer <lb/>seyn! Ich bin von deiner <supplied>U</supplied> unendlichen <lb/>Güte überzeugt daß du mich unter <lb/>keine Umstände setzen wirst, in welchen <lb/>ich nicht immer an der Vervollkommnung <lb/>meines Geistes und Herzens werde ar-<lb/>beiten können</p></div><div xml:id="d23388666" corresp="d871864" ><head resp="#editor">Tagebucheintrag<date> 19.08.1797 </date></head><pb n="11"/><p>19</p><p>Wenn mein Geist schon <rs ref="#i910645" type="object">nicht heiter</rs> ist, <lb/>so ist er doch ruhig und mit sich selb eins <lb/>dank sey Gott für diese Gnade, Leiden und <lb/><rs ref="#i873929" type="object">Schmerz</rs> drücken mich zwar hart</p></div><div xml:id="d23388668" corresp="d871873" ><head resp="#editor">Tagebucheintrag<date> 21.08.1797 </date></head><pb n="11"/><p>21</p><p>Gestern war mein Tag von aussen <rs ref="#i884071" type="object">stürmisch</rs>, <lb/>aber Gott lob <rs ref="#i922909" type="object">ruhig </rs>und <rs ref="#i910699" type="object">heiter</rs>, ich habe gelernt <lb/>die <rs ref="#i874226" type="object">Thorheiten der Menschen</rs> zu verachten, aber</p><pb n="12"/><p> </p><p>aber mich nicht darüber darniederschlagen <lb/>zu lassen; mit <rs ref="#i873936" type="object">Menschen</rs> von edlem Gefühl <lb/>und reinem Herzen Umgang zu haben, ist <lb/>Wonne, stärkend erheben zu guten Gesinn-<lb/>ungen und Thaten, aber auch der Umgang <lb/>der Menschen welche unter der Herrschaft <lb/>der Leidenschaft u Sinnlichkeit stehen, kan <lb/>uns nutzen wenn wir achtsam auf Sie <lb/>achtsam wieder in die innersten Falten <lb/>unsers Herzens spüren, gewapnet mit <lb/>dem Abscheu gegen jede Niederträchtigkeit <lb/>und Sinlichkeit, können wir Kraft erhalten <lb/>uns zu bessern. So hart <supplied>diese</supplied> und bitter <lb/>diese Arznei der Herzen ist, so will ich <lb/>sie ausschlürpfen und benutz, wenn ich’s <lb/>nur nicht verfehle, auch des Umgangs der <lb/>edlern und bessern würdig zu werden. <lb/>Laß o ewige Güte! meine Menschenlieb so</p><pb n="13"/><p> </p><p>warm u rein, meine Liebe zu Wahrheit und <lb/>Tugend so fest werden, daß die so du mir <lb/><rs ref="#i874235" type="object">zur Bildung anvertraut </rs>durch mein Beispiel <lb/>zum Guten geleitet werden.</p></div><div xml:id="d23388670" corresp="d871882" ><head resp="#editor">Tagebucheintrag<date> 22.08.1797 </date></head><pb n="13"/><p>22 Augst<lb/>Es ist eine Möglichkeit trotz aller <rs ref="#i873908" type="object">Geschäfte</rs> <lb/>die von aussenher auf uns drängen, doch eine <lb/>gewisse Freiheit des Geistes zu erhalten, die <lb/>wenn sie unseren Geist nicht in seiner Bildung <lb/><del><supplied>nicht</supplied></del> viel weiter bringt, ihn doch rein unverdor-<lb/>ben gesund, und zu künftiger <rs ref="#i874235" type="object">Bildung</rs> fähig <lb/>erhält. Diese Gesundheit des Herzens <lb/>und Geistes zu erhalten bleib immer mein <lb/>Bestreben.</p></div><div xml:id="d23388672" corresp="d871891" ><head resp="#editor">Tagebucheintrag<date> 23.08.1797 </date></head><pb n="13"/><p>23 Augst<lb/>Wie oft kan <rs ref="#i873825" type="object">Ermattung des Körpers</rs> den <lb/>Geist so erschlaffen daß alles trüb und freuden <lb/>leer um uns scheint: o wie zu wenig sorgt <lb/>man für die körperliche Stärke! Und diese <lb/>hat doch gar zu viel Einfluß auf die Gesundheit <lb/>unsrer Seele; wie thöricht ist die Eitelkeit</p><pb n="14"/><p> </p><p>derer die ein Ruhm darein setzen ihren <lb/>Körper zu geringe zu schätzen u glauben, sie <lb/>würden ihren Geist dadurch veredeln.</p></div><div xml:id="d23388674" corresp="d871900" ><head resp="#editor">Tagebucheintrag<date> 02.09.1797 </date></head><pb n="14"/><p>2 Sep<lb/>Den 26 August bin ich mit meiner <rs ref="#i873838" type="object">Schwester</rs> <lb/>u den Kindern nach <rs ref="#i874470" type="object">Apolinaire</rs> <rs ref="#i873866" type="object">gekommen</rs> <lb/>viele Empfindung die nicht zur frohen <lb/>Thatigkeit aufmuntern durchkreuzen <lb/>sich hier immer in meinem Kopf und <lb/>erregen oft wiedrige oft schmerzliche <lb/>Gefühle. Immer scheint es mir ich sollte <lb/>viel mehr Körper und Geistes Kräfte <lb/>haben, um das zu seyn was ich seyn sollte <lb/>die <rs ref="#i874235" type="object">Bildung</rs> meiner <rs ref="#i835771" type="person"><rs ref="#i835836" type="person"><rs ref="#i835869" type="person"><rs ref="#i868068" type="person">Kinder</rs></rs></rs></rs> ist das <lb/>einzige <rs ref="#i874077" type="object">Geschäft</rs> bei welchem ich wahres <lb/>Interessen fühle, und doch fodert meine <lb/>Lage so viele andere <rs ref="#i873908" type="object">Geschäfte</rs> von mir <lb/>deren Ausübung mir nicht die gering-<lb/>ste Befriedigung geben, als eine die <lb/>ich mit Mühe herschaffen muß, wenn</p><pb n="15"/><p> </p><p>ich mir sage, ich habe gethan was ich sollte.<lb/>Der hiesige <rs ref="#i874148" type="object">Aufenthalt</rs> gefällt mir in <lb/>vielen Betrachtungen nicht, aber meine <lb/>Lage meine Verhältnisse wenn ich diese <lb/>erwäge räth mir meine Vernunft die-<lb/>sen Aufenthalt zu wählen. Ein glückliches <lb/>Hilfsmittel dazu war mein Entschluß <lb/>die Gebeine meiner lieben <rs ref="#i836791" type="person">AM </rs>hier nieder <lb/>zu legen, und dieser Entschluß hatte ich <lb/>ganz für mich ungestört von dem Gedanken <lb/>was die Meinung Andrer dabei sein könnten <lb/>in einer Lage wo alle kleinlichten Verhalt-<lb/>nisse die oft so wiedrigen Einfluß auf <lb/>unser Thun u denken haben, gefaßt. <lb/>Dieses soll mir ein lehrreiches warnendes <lb/>Beispiel für die Folge seyn, es soll mir <lb/>festen Muth einflössen und meinen Geist <lb/>der durch äussere Umstände auf die härteste <lb/>art immer darniedergedrükt wird, erheben <lb/>und und mit Zutrauen in sich selbst beleben</p><pb n="16"/><p> </p><p>ohne Vorliebe darf ich sagen daß der <lb/>Zweck meiner Denk und Handlungsart <lb/>fast immer <rs ref="#i873990" type="object">uneigennützig</rs> und gut ist, <lb/>warum sollte ich mich dan durch Andere <lb/>deren Absichten wiewohl gut gemeint <lb/>aber doch oft kleinlicht sind, leiten lassen. <lb/>Es ist schwäche an mir, und <supplied>mein</supplied> ich <lb/>schmeichle mir noch oft es sey Liebe <lb/>zu den Meinen zu denen mit welchen <lb/>ich zu thun habe, nein, tief soll ich es <lb/>empfinden daß wahre Menschen Liebe <lb/>und feiges Nachgeben unendlich weit <lb/>von einander entfernt sind.<lb/>O könnte ich dir meinen Dank lebhaft <lb/>beweisen du Edler der du mir diesen <lb/>Fehler so hart vorwarft, du hast <lb/>den Grund zu neuem Leben in meine <lb/>Seele Gelegt. Hienieden werde ich dir wohl <lb/>meinen Dank nicht mehr bringen können <lb/>aber Wonne wird es für dich seyn, wenn</p><pb n="17"/><p> </p><p>du dereinst diese Seele durch dich gebessert <lb/>in einer Weld erblicken wirst, wo die <lb/>Andungen reiner Freundschaft die hier <lb/>der gefühlvollen Seele oft Leiden der <lb/>Menge bringen, in wonnevolle Erfüllung <lb/>kommen werden.</p></div><div xml:id="d23388678" corresp="d871914" ><head resp="#editor">Tagebucheintrag<date> 03.09.1797 </date></head><p>[03. September 1797</p><pb n="17"/><p>3ten Sep<lb/>Ein Blick den ich eben auf das leblose <lb/>Bild meiner weggeschiednen <rs ref="#i836791" type="person">AM </rs>that er-<lb/>regte der <supplied>l</supplied> sehnsuchtsvolle Gedanke, <lb/>nach einen lebenden liebevollen Blick <lb/>von einer unserm Herzen werthen <lb/>Seele. O was kan dieser Wonne ver-<lb/>glichen werden! O ihr alle nach Glück-<lb/>seeligkeit schmachtenden Geschöpfe, könntet <lb/>ihrs fühlen daß reine Liebe allein des <lb/>Menschen Herz füllen kan, wer den Verl-<lb/>urst dieser Wonne empfunden fühlt <lb/><rs ref="#i873929" type="object">Leere</rs> in der Brust die keine andern <lb/>Schätze nie erstatten können, o diese</p><pb n="18"/><p> </p><p>Leere liegt oft schwer schwer auf einem <lb/>matten Herzen, wenn die Hoffnung nicht <lb/>lebhaft genug ist daß nicht reine Liebe <lb/>dahinsterben könne daß sie einst wieder <lb/>aufleben müsse ja daß sie vieleicht auch <lb/>jezt nicht unterbrochen, daß vieleicht <lb/>die Lieben die der Himmel von mir genommen <lb/>in irgend einem Platz der Statt Gottes <lb/>mit Gefühlen erhöhter Liebe auf mich <lb/>heruntersehen.</p></div><div xml:id="d23388681" corresp="d871924" ><head resp="#editor">Tagebucheintrag<date> 05.09.1797 </date></head><pb n="18"/><p>5 Sep<lb/>Wenn unser Herz matt und <rs ref="#i910637" type="object">erschöpft</rs> <lb/>dahinschmachtet ohne Intressen tod herum <lb/>irrt, <rs ref="#i873990" type="object">was kan es wieder aufrichten</rs>? Was <lb/>aus seinem Nichts heraus rufen? Wenn <lb/>du es nicht bist alles belebende <rs ref="#i873957" type="object">Freundschaft</rs>! <lb/>Wenn wir gebückt von Schmerz an den <lb/>Freuden an den Geschäften am Streben <lb/>der Menschen kein Theil nehmen, scheint es, <lb/>uns daß wir den Menschen auch nichts mehr <lb/>seyn können wir bleiben tod für alles um</p><pb n="19"/><p> </p><p>uns her, der Trost einer freudigern Zukunft <lb/>erhält und stärkt unsern Muth zu leiden, <lb/>aber unser Wunsch das Ziel unsrer Laufbahn <lb/>vollendet <del>zu haben</del> wird imer sehnlicher in uns. <lb/>Der <supplied>freundschaftliche</supplied> theilnehmende Freund-<lb/>schafts Ruf kan allein den Leben hienieden <lb/>noch einigen Werth beilegen, dem Himmel <lb/>danke ich für diesen Labsal.</p></div><div xml:id="d23388683" corresp="d871933" ><head resp="#editor">Tagebucheintrag<date> 07.09.1797 </date></head><pb n="19"/><p>Sep 7<lb/>Nun sind<rs ref="#i874029" type="object"> 3 Monden verfloßen</rs> daß meine liebe <lb/><rs ref="#i836791" type="person">AM</rs>, und daß die lieb <rs ref="#i833926" type="person">Lene </rs>von mir <rs ref="#i898746" type="object">getrennt</rs> <lb/>worden, ein leidender Zeitpunkt ist vorüber! <lb/>Der Höchste der mir Kraft verliehen dieses <lb/>herzzerreissende Leiden zu tragen, wird <lb/>mir ferner durch dis dornenvolle Leben <lb/>helfen. Die Leiden haben mich gebessert, dem <lb/>Himmel danke ich dafür, aber kränkend schreck-<lb/>lich ist der Gedanke daß wir unsere Besser-<lb/>ung dem Verlurst der unsrigen zu danken <lb/>haben, – doch ist Gott nicht Gerecht nicht gleich <lb/>Vater aller seiner Kinder nicht allmächtig</p><pb n="20"/><p> </p><p>könnte er in die Vervollkomnung eines <lb/>seiner Kinder auf Rechnung des Andern <lb/>setzen? Nein auch ihr meine Lieben waret <lb/>Kinder eines allgütigen Vaters, auch für <lb/>euch hat seine Liebe gesorgt, ob wohl auf <lb/>eine art die für mein armes Herz <lb/>so schmerzlich war.</p></div><div xml:id="d23388687" corresp="d871944" ><head resp="#editor">Tagebucheintrag<date> 09.09.1797 </date></head><pb n="20"/><p>9 Sep<lb/>Die zu<rs ref="#i874226" type="object"> hochen Erwartung</rs>en die wir uns <lb/>von den Menschen, und der Glückseeligkeit <lb/>dieses Lebens machen, ist eine Quelle <lb/>unendlichen Leiden: Seit dem ich von den <lb/>Menschen <rs ref="#i873990" type="object">weniger erwarte</rs> u fodre, habe <lb/>ich weniger Anlas mich von ihnen beleidigt <lb/>zu finden, mein Kopf bleibt freier und <lb/>zu vernünftigerm Nachdenken fähiger, <lb/>ich liebe die Menschen nicht minder, bin tole-<lb/>ranter, habe mehr Muth mich ihnen <lb/>zu wiedersetzen ohne mich zu erbitern <lb/>wenn ichs für Pflicht halte.<lb/>Das Schiksal hat mich in eine Lage gesezt <lb/>in welcher ich gelernt habe deutlich einzusehen</p><pb n="21"/><p> </p><p>daß wir hienieden keine wahre Glückseligkeit <lb/>finden können, daß dieselbe also nie der Zweck <lb/>unsers Handelns und Denkens seyn kan; <lb/>mein Bestreben gut zu seyn <supplied>k</supplied> soll allein mein <lb/>Endzweck seyn, er war es Gott sey dank immer <lb/>und ich darf sagen ohne rücksicht auf Eigen-<lb/>nutz, doch hat mich die trügliche Lehre, daß <lb/>Ruhe und Glückseeligkeit die Folge guter <lb/>Handlungen wären, zuweilen dahingerissen, <lb/>mich ängstlich über den Erfolg meiner Hand-<lb/>lungen <del><supplied>gemacht</supplied></del> u <supplied>m</supplied> zur Unzeit misvergnügt mit <lb/>mir selbst gemacht. Durch eignes Nachdenk-<lb/>en, habe ich meinen Irthum wargenomen, <lb/>und mit Vergnügen glaube ich daß das <lb/>resultat meines Forschens mit der neusten <lb/>Philosophie zimlich übereinstimmt. Doch was <lb/>wirkt eignes Nachdenken auf wirkliche <lb/>u nicht eingebildete Sinnes Änderungen, <lb/>gegen dem toden Buchstaben, der meist <lb/>nur unserm Kopf nicht unserm Herzen pre-<lb/>digt.</p></div><div xml:id="d23388689" corresp="d871953" ><head resp="#editor">Tagebucheintrag<date> 10.09.1797 </date></head><pb n="22"/><p> </p><p>Sep 10<lb/>Die klagen über die Weld und das Verder-<lb/>ben der <rs ref="#i874226" type="object">Menschen</rs> ist gar zu oft nicht eine <lb/>Folge <supplied>g</supplied> des wiederwillens gegen das Ubel <lb/>das wirklich von Andern verübt wird; <lb/>sondern eine Folge unsrer eignen Fehler <lb/>und Schwachheiten, wir sehen die Übel ein, <lb/>haben aber selten Muth genug uns so <lb/>viel von uns abhängt dagegen zu setzen, <lb/>dieses macht uns misvergnügt mit <lb/>uns selbst, weil wir aber <rs ref="#i873964" type="object">uns selbst <lb/></rs>keine Schuld beimessen wollen, und an <lb/>Andern immer auch was zu ahnden fin-<lb/>den, schieben wir lieber alle Schuld <lb/>auf sie, u vergeßen darüber uns selbst <lb/>wo allein wir den meisten Grund unsrer <lb/>Unzufriedenheit suchen sollten. <lb/>Ich hatte heute 2 mir außerst angelegne <lb/><rs ref="#i873908" type="object">Geschäfte</rs> deren Entscheidung nicht von mir <lb/>abhieng, es war mir bange! Allein ich <lb/>faßte Zutrauen in die güte meiner Sache <lb/>Zutrauen in die Menschen u in mich selbst,</p><pb n="23"/><p> </p><p>entfernte jede Furcht vor Unannehmlichkeiten <lb/>die mir aus meiner Beharlichkeit entstehen <lb/>könnten; ich fand Hinderniße, aber auch <lb/>Muth sie zu bekämpfen, ich erreichte <lb/>meinen Zweck, und war mit mir und Andern <lb/>zufrieden. O ernähre und stärke <lb/>dich in mir, einziges unverletzbares Gut <lb/>des Menschen Vertrauen in Gott! <lb/>Weichet von mir ihr thorichten <supplied>Schatten-<lb/>bilder</supplied> Wünsche nach den Schattenbildern <lb/>dieses Lebens, nur der Thor kan euch <lb/>suchen u dem genüget ihr nur auf kurze <lb/>Zeit: die Seele des Wahrheit liebenden <lb/>könnet ihr nie befriedigen.</p></div><div xml:id="d23388691" corresp="d871962" ><head resp="#editor">Tagebucheintrag<date> 11.09.1797 </date></head><pb n="23"/><p>11 Sep<lb/>Gestern <rs ref="#i873852" type="object">schrieb</rs> ich an <rs ref="#i873838" type="object">Fr.B</rs>. und bat ihn <lb/>Hl <rs ref="#i873838" type="object">S</rs> h 30 - 35 Louidors jahrlich nebst Kost Logis <lb/>u Wasche, nebst dem nöthigen Reisekosten <lb/>anzubieten, und als <rs ref="#i874235" type="object">Lehrer der Kinder</rs> zu <lb/>uns zu kommen.<lb/>Ists mir noch erlaubt einen Wunsch für dieses</p><pb n="24"/><p> </p><p>Erdenleben zu thun so kan wohl kein würdiger <lb/>seyn als der daß dieser Mann uns das <lb/>leiste was zur edlern Bildung der Kinder <lb/>nöthig ist. Mit gelassenheit könnte ichs <lb/>ertragen, wenn der Himmel sie und mich <lb/>aller zeitlichen Gütern beraubte, aber <lb/>daß eines von ihnen <rs ref="#i874045" type="object">unedle</rs> oder nie-<lb/>drige Gesinungen bekäme würde mein <lb/>Lebensfaden zerschneiden, da mir dadurch <lb/>das einzige geraubt würde was mich <lb/>noch hienieden halt.</p></div><div xml:id="d23388693" corresp="d871971" ><head resp="#editor">Tagebucheintrag<date> 12.09.1797 </date></head><pb n="24"/><p>12 Sep<lb/>Traurig kommt es mir oft vor daß es so <lb/>wenig <rs ref="#i874226" type="object">Menschen</rs> gieb die Gefühle fürs Wahre <lb/>und Gute haben, so wenige die wie mir scheint <lb/>die wahre Bestimmung ihres Lebens vor <lb/>Augen haben; fast alle scheinen nur für <lb/>ihren Unterhalt u sinliche flüchtige Ver-<lb/>gnügen besorgt zu seyn, ja die größte <lb/>Tugend scheint in unsern Tagen die zu seyn, <lb/>für sich u die Seinigen Geld zu sameln, das <lb/>man oft wohl zu verthun, aber selten gut <lb/>zu benutzen weißt. O wie drückt es mein </p></div>
       </body></text>
   </TEI>
    