<?xml version="1.0"?>
    <?xml-model href="http://www.tei-c.org/release/xml/tei/custom/schema/relaxng/tei_all.rng" type="application/xml" schematypens="http://relaxng.org/ns/structure/1.0"?>    
    <TEI xmlns="http://www.tei-c.org/ns/1.0" xml:id="d908630">
       <teiHeader>
          <fileDesc>
             <titleStmt>
                <title>Heft 31 (1833-1834)
                </title>
                <author>Anna Maria Preiswerk-Iselin</author>
             </titleStmt>
             <publicationStmt>
                <publisher xml:id="editor">Tagebücher Anna Maria Preiswerk-Iselin Projekt</publisher>
                <pubPlace>Basel</pubPlace>
                <date when="2022-03">March 2021</date>
                <availability>
                   <licence notBefore="2022-03-01" target="http://creativecommons.org/licenses/by-sa/4.0/">
                      <p>[...]</p>
                      <p>This work is licensed under a Creative Commons Attribution-ShareAlike 4.0 International License.</p>
                      <p> You are free to: <list>
                            <item> Share — copy and redistribute the material in any medium or format</item>
                            <item> Adapt — remix, transform, and build upon the material</item>
                         </list>
                      </p>
                      <p> Under the following terms: <list>
                            <item> Attribution — You must give appropriate credit, provide a link to the license, and indicate if changes were made. You
                               may do so in any reasonable manner, but not in any way that suggests the licensor endorses you or your use.</item>
                            <item> ShareAlike — If you remix, transform, or build upon the material, you must distribute your contributions under the same
                               license as the original.</item>
                            <item> No additional restrictions — You may not apply legal terms or technological measures that legally restrict others from
                               doing anything the license permits.</item>
                         </list>
                      </p>
                      <p>The licence was added on March first, 2022.</p>
                   </licence>
                </availability>
             </publicationStmt>
             <sourceDesc>
                <msDesc>
                   <msIdentifier>
                      <settlement>Basel</settlement>
                      <repository>Staatsarchiv</repository>
                      <idno>StABS PA 511 304-03-04</idno>
                      <msName>Heft 12 (1815-1816) - Anna Maria Preiswerk-Iselin </msName>
                   </msIdentifier>
                </msDesc>
    <listPerson><person xml:id="i835869"><persName>Lux</persName></person><person xml:id="i837033"><persName>Esther Iselin</persName></person><person xml:id="i868068"><persName>Sophia Vischer-Preiswerk</persName></person><person xml:id="i836841"><persName>Benedict Vischer-Preiswerk</persName></person><person xml:id="i921663"><persName>Dietrich Wettstein</persName></person><person xml:id="i868105"><persName>Valerie Wettstein-Iselin</persName></person><person xml:id="i868815"><persName>Rudolf Emanuel Wettstein-Iselin</persName></person><person xml:id="i921683"><persName>Helena Iselin-Wettstein</persName></person><person xml:id="i868154"><persName>Wilhelm Vischer-Bilfinger</persName></person><person xml:id="i870208"><persName>Heinrich Gottlieb Tzschirner</persName></person><person xml:id="i921734"><persName>Jakob von Blarer</persName></person><person xml:id="i837130"><persName>Isaac Iselin</persName></person><person xml:id="i921787"><persName>Susanna Ronus (Selma R.)</persName></person><person xml:id="i921816"><persName>Alexandre Rodolphe Vinet.</persName></person><person xml:id="i836927"><persName>Dietrich Preiswerk-Bischoff</persName></person><person xml:id="i868543"><persName>Margaretha Preiswerk-Bischoff</persName></person><person xml:id="i921840"><persName>Andreas Bischoff-Keller</persName></person><person xml:id="i27277"><persName>Georg Joachim Zollikofer</persName></person><person xml:id="i867913"><persName>Maria Helena Hoffmann-Preiswerk</persName></person><person xml:id="i868141"><persName>Wilhelm Preiswerk</persName></person><person xml:id="i921046"><persName>Georg Heinrich Ziegler </persName></person><person xml:id="i921895"><persName>Johann Friedrich Christoph Kortüm.</persName></person><person xml:id="i867825"><persName>Isaak Iselin-Forcart</persName></person><person xml:id="i921981"><persName>Esaias Tegnér</persName></person><person xml:id="i921996"><persName>Anna Amalie von Helvig</persName></person><person xml:id="i835771"><persName>Dietrich Preiswerk-Bischoff</persName></person><person xml:id="i922068"><persName>Adelbert von Chamisso</persName></person><person xml:id="i922082"><persName>Gustav Schwab</persName></person><person xml:id="i922096"><persName>Ludwig I. (Ludwig Karl August).   </persName></person></listPerson><listObject><object xml:id="i915145" type="tag"><objectIdentifier><objectName>Kantonstrennung</objectName></objectIdentifier></object><object xml:id="i875143" type="tag"><objectIdentifier><objectName>Stadt-Land</objectName></objectIdentifier></object><object xml:id="i874148" type="tag"><objectIdentifier><objectName>Besuch</objectName></objectIdentifier></object><object xml:id="i910686" type="tag"><objectIdentifier><objectName>Sorgen</objectName></objectIdentifier></object><object xml:id="i873887" type="tag"><objectIdentifier><objectName>Tod</objectName></objectIdentifier></object><object xml:id="i898746" type="tag"><objectIdentifier><objectName>Schmerz/Krankheit Familie</objectName></objectIdentifier></object><object xml:id="i873929" type="tag"><objectIdentifier><objectName>Trauer</objectName></objectIdentifier></object><object xml:id="i914348" type="tag"><objectIdentifier><objectName>Unfall/Verletzung</objectName></objectIdentifier></object><object xml:id="i873943" type="tag"><objectIdentifier><objectName>Alter(n)</objectName></objectIdentifier></object><object xml:id="i915236" type="book_etc"><objectIdentifier><objectName>Tzschirner:Predigten.</objectName></objectIdentifier></object><object xml:id="i873922" type="tag"><objectIdentifier><objectName>Religion</objectName></objectIdentifier></object><object xml:id="i873964" type="tag"><objectIdentifier><objectName>Selbstkritik</objectName></objectIdentifier></object><object xml:id="i910645" type="tag"><objectIdentifier><objectName>Trübe Stimmung</objectName></objectIdentifier></object><object xml:id="i873908" type="tag"><objectIdentifier><objectName>Geschäfte</objectName></objectIdentifier></object><object xml:id="i873831" type="tag"><objectIdentifier><objectName>Selbstzeugnis schreiben</objectName></objectIdentifier></object><object xml:id="i910699" type="tag"><objectIdentifier><objectName>Heiterkeit</objectName></objectIdentifier></object><object xml:id="i910653" type="tag"><objectIdentifier><objectName>Hoffnung</objectName></objectIdentifier></object><object xml:id="i899265" type="tag"><objectIdentifier><objectName>Umzug</objectName></objectIdentifier></object><object xml:id="i873159" type="tag"><objectIdentifier><objectName>Ortserwähnung</objectName></objectIdentifier></object><object xml:id="i884031" type="tag"><objectIdentifier><objectName>Gedanke zur Politik</objectName></objectIdentifier></object><object xml:id="i922841" type="tag"><objectIdentifier><objectName>Übelbefinden</objectName></objectIdentifier></object><object xml:id="i873852" type="tag"><objectIdentifier><objectName>Brief</objectName></objectIdentifier></object><object xml:id="i873838" type="tag"><objectIdentifier><objectName>Unbekannte Person</objectName></objectIdentifier></object><object xml:id="i874436" type="tag"><objectIdentifier><objectName>Über das weibliche Geschlecht</objectName></objectIdentifier></object><object xml:id="i874226" type="tag"><objectIdentifier><objectName>Gedanken zur Gesellschaft</objectName></objectIdentifier></object><object xml:id="i899058" type="tag"><objectIdentifier><objectName>Alter(n) anderer Personen</objectName></objectIdentifier></object><object xml:id="i873825" type="tag"><objectIdentifier><objectName>Altersgebrechen</objectName></objectIdentifier></object><object xml:id="i921801" type="book_etc"><objectIdentifier><objectName>Ronus: Der Tante Mährchenbuch.</objectName></objectIdentifier></object><object xml:id="i874077" type="tag"><objectIdentifier><objectName>Tätigkeiten</objectName></objectIdentifier></object><object xml:id="i874895" type="tag"><objectIdentifier><objectName>Mädchenschule?</objectName></objectIdentifier></object><object xml:id="i874029" type="tag"><objectIdentifier><objectName>Rückblick</objectName></objectIdentifier></object><object xml:id="i873950" type="tag"><objectIdentifier><objectName>Ereignis</objectName></objectIdentifier></object><object xml:id="i873936" type="tag"><objectIdentifier><objectName>Philosophie</objectName></objectIdentifier></object><object xml:id="i873859" type="tag"><objectIdentifier><objectName>Ratschlag an die Kinder</objectName></objectIdentifier></object><object xml:id="i874090" type="tag"><objectIdentifier><objectName>Personenbeschreibung</objectName></objectIdentifier></object><object xml:id="i874045" type="tag"><objectIdentifier><objectName>Gedanken zur Erziehung</objectName></objectIdentifier></object><object xml:id="i910637" type="tag"><objectIdentifier><objectName>Erschöpfung</objectName></objectIdentifier></object><object xml:id="i910740" type="tag"><objectIdentifier><objectName>Unnütz/Untätig</objectName></objectIdentifier></object><object xml:id="i874141" type="tag"><objectIdentifier><objectName>Gedanken über den Tod</objectName></objectIdentifier></object><object xml:id="i921970" type="book_etc"><objectIdentifier><objectName>Tegnér: Frithiofs Saga.</objectName></objectIdentifier></object><object xml:id="i884071" type="tag"><objectIdentifier><objectName>Wetter</objectName></objectIdentifier></object><object xml:id="i922021" type="tag"><objectIdentifier><objectName>Savoyerzug</objectName></objectIdentifier></object><object xml:id="i922049" type="tag"><objectIdentifier><objectName>Literatur-Blatt </objectName></objectIdentifier></object><object xml:id="i922057" type="book_etc"><objectIdentifier><objectName>Chamisso: Schwab, Gustav.</objectName></objectIdentifier></object></listObject><listPlace><place xml:id="i205500"><placeName>Basel CH</placeName></place></listPlace>
    </sourceDesc>
      </fileDesc>
      <profileDesc>
         <textClass>
            <!-- vérifier !!! -->
            <catRef scheme="#genre" target="#journal"/>
         </textClass>
         <langUsage>
            <language ident="de">Deutsch</language>
         </langUsage>
      </profileDesc>
   </teiHeader>
       <text><body><div xml:id="d23413201" corresp="d910276" ><head resp="#editor">Tagebucheintrag<date> 02.09.1833 (?) </date></head><pb n="1"/><p>1833 9 2 <lb/>Den 3 Augst am Tage des unglücklichen Zuges zur<lb/>Hilfe unsrer bedrängten Mitbrüder im obern <rs ref="#i915145" type="object">Canton<lb/></rs>bin ich in der <rs ref="#i875143" type="object">Statt</rs>, fürchterlich <supplied>war</supplied> der Schlag für<lb/>mich als ich von meiner Altan den schrecklichen Rückzug<lb/>erblickte, so viele der lieben Meinigen wußte ich<lb/>dabei, u jeder Schuß lies mich ein Unglück besorgen.<lb/>In Eile lies ich das Beste zusammen packen; mein <lb/><rs ref="#i835869" type="person">Sohn</rs> schickte mir seine Chaise, <supplied>ich war [unles.]</supplied> <del>u bot mir das Logis</del> an<lb/>allein ich war entschloßen in die Wohnung meiner<lb/>Schw. <rs ref="#i837033" type="person">Esther</rs>, welche abwesend war zu flüchten, obgleich<lb/>meine Tochter<rs ref="#i868068" type="person"> V.</rs> die ich morgens <rs ref="#i874148" type="object">besuchte</rs> da ihr <rs ref="#i836841" type="person">Mann<lb/></rs>als Anführer der Artillerie mit gezogen war, mich<lb/>beschwor, im Fall ich flüchten mußte zu ihr zu kommen;<lb/>ich versprach ihr nicht’s u kehrte mit <rs ref="#i910686" type="object">bangen<lb/></rs>Ahnungen nach Hause: zu schnell waren sie erfüllt!<lb/>Wie dan eine Trauer Nachricht nach der andern<lb/>kam u mir das Herz durchbohrte, wie es blutete<lb/>beim Gedanke an die unglücklichen Mitbürger in</p><pb n="2"/><p>oben im Gebiet, die nun ganz der Wuth ihrer<lb/>grausamen Feinde preisgegeben waren!<lb/>Den <rs ref="#i873887" type="object">Fall</rs> <rs ref="#i921663" type="person">Vettsteins</rs> erfuhr ich erst den folgenden<lb/>Tag, der einzige Sohn meiner l. <rs ref="#i868105" type="person">Schwester</rs>! Den<lb/>stillen <rs ref="#i898746" type="object">Schmerz</rs> der Mutter die <rs ref="#i873929" type="object">Thränenströme<lb/></rs>des gebeugten <rs ref="#i868815" type="person">Vaters</rs>, u die tiefe Wehmuth der<lb/>geliebten <rs ref="#i921683" type="person">Schwester</rs>! Die traurige Geistesstimmung<lb/>H <rs ref="#i836841" type="person">Vischers</rs>, die <rs ref="#i914348" type="object">Verwundung</rs> seines ältesten <rs ref="#i868154" type="person">Sohnes</rs>,<lb/>welche anfangs als unbedeutend angesehen war,<lb/>aber nach 4 Wochen heftiger Leiden, jetzt kaum<lb/>als gefahrlos angesehn werden kann; die<lb/>Leiden die dadurch auf meine l. Tochter <rs ref="#i868068" type="person">V.</rs> fielen<lb/>o wie die auf mir lasten! Matt u zerschlagen <lb/>ist mein <rs ref="#i873943" type="object">alter Körper</rs>, doch hofft  meine Seele<lb/>zu Gott u kann mit Vertrauen auf <del>seine</del> weise Führung<lb/>bauen! </p></div><div xml:id="d23413202" corresp="d910284" ><head resp="#editor">Tagebucheintrag<date> 03.09.1833 </date></head><pb n="3"/><p>33.9.3.<lb/>Zu all dem vorher angemerkten ist mir nichts so<lb/>kränkend als die Verschiedenheit der Meinungen<lb/><supplied>der Meinigen</supplied> besonders der meines <rs ref="#i835869" type="person">Sohnes</rs>!<lb/>Und wie wenig ist auf ihn zu wirken! Wie wehe that<lb/>mir seine Ausserung im vorlezten <rs ref="#i915145" type="object">GßRath</rs>! Er kam<lb/>mehrere Tage nicht zu mir, erst <rs ref="#i874148" type="object">vorgestern</rs>: ich redte<lb/>kein Wort über die Sache nur beim Weggehn gab ich die<lb/>vortreffliche Stelle aus <rs ref="#i870208" type="person">Tschirner</rs> <rs ref="#i915236" type="book_etc">Pred</rs>. 3. Bd. Seite 139. zu lesen<lb/>er schien etwas betroffen. Gott gebe daß es Eingang fand!<lb/>O Gott warum mußte ich <rs ref="#i873943" type="object">so lange leben</rs> um das so<lb/>vielfache <rs ref="#i910686" type="object">Leiden</rs> noch zu erfahren! Doch <rs ref="#i873922" type="object">deine Güte<lb/></rs>hat mich nie verlassen, immer ist sie mir nahe, sie<lb/>läßt mich tief fühlen wie <rs ref="#i873964" type="object">schwach u fehlerhaft ich selbst<lb/></rs>noch bin. O laß mich meine Fehler immer tiefer einsehen<lb/>u ablegen, die der Andern so viel an mir liegt mit Muth<lb/>u christlicher Milde rügen u vergeben! Dan werde ich<lb/>Ruhe in Dir haben u was über mich fält mit Geduld<lb/>u Ergebung ertragen.</p></div><div xml:id="d23413203" corresp="d910292" ><head resp="#editor">Tagebucheintrag<date> 10.09.1833 </date></head><pb n="4"/><p>33.9.10<lb/>Mein ganzes Wesen ist so <rs ref="#i910645" type="object">mat</rs> daß ich kaum zur<lb/>Besorgung des aller <rs ref="#i873908" type="object">Nöthigsten</rs> komme, an das<lb/>mir so <rs ref="#i873831" type="object">wohlthuende Schreiben</rs> fast gar nicht; glaube<lb/>ich mich wieder etwas erholt zu haben so kömmt<lb/>wieder ein schmerzlicher Schlag. So haben mich vor-<lb/>gestern die Ausserungen von ––– tief erschüttert.<lb/>Doch Gott sey Dank ist mein <rs ref="#i910699" type="object">Kopf heiter</rs>, ich kann<lb/>über alles frei denken, möchte ich nur meine<lb/>Gedanke leicht u kräftig äussern können!<lb/>Es lebt immer noch einige <rs ref="#i910653" type="object">Hoffnung</rs> in meiner Seele<lb/>daß es mit unsrer l <rs ref="#i915145" type="object">Vaterstatt</rs> nicht ganz so<lb/>übel gehen werde! Daß es so weit gekommen,<lb/>mag vieleich für viele heilsam seyn, möchten<lb/>nur alle es benutzen!</p></div><div xml:id="d23413204" corresp="d910300" ><head resp="#editor">Tagebucheintrag<date> 20.09.1833 </date></head><pb n="4"/><p>33.9.20.<lb/>Seit dem 17ten bin ich <rs ref="#i899265" type="object">wieder</rs> in <rs ref="#i875143" type="object">meiner stillen ländlichen<lb/>Wohnung</rs>: wohin ich blicke ruft mir alles zu „Danke<lb/>Gott daß er dir alles so gnädig erhalten hat“;<lb/>doch wie Manches liegt schwer auf den Meinigen das<lb/>auch mein Herz tief verwundet! Doch vieles davon<lb/>hat vor dem lezten Unglück schon Statt war aber     </p><pb n="5"/><p>verschleier, doch nicht ganz vor meinen Augen: möchte<lb/>die jetzige <rs ref="#i915145" type="object">Wendung der Dinge</rs> manchem Aug u Herz<lb/>oefnen u zu wahrer Einsicht führen!<lb/>Was auch schmerzt ist der Gedanke daß in der <rs ref="#i873159" type="object">Schweiz<lb/></rs></p></div><div xml:id="d23413205" corresp="d910308" ><head resp="#editor">Tagebucheintrag<date> XX.09.1833 </date></head><pb n="5"/><p>33 9</p><p>Ob ich mir wohl vorgenommen hatte mich ruhig<lb/>in alle <rs ref="#i915145" type="object">Ereigniße der Zeit</rs> zu ergeben u <rs ref="#i873922" type="object">Gott<lb/></rs>vest zu vertraun, u in Ruhe die Wohlthaten zu<lb/>geniesen die seine Güte mir beschert; so bin<lb/>ich doch in den vergangnen Tagen meinem Vorsatz<lb/>nicht ganz getreu geblieben. Die abscheuliche<lb/>Art mit welcher uns die <rs ref="#i884031" type="object">Tagsatzung</rs> behandelt<lb/>argerte mich so daß ich mir ein <rs ref="#i922841" type="object">Übelbefinden</rs> dadurch<lb/>zuzog: doch nicht das allein: auch das Benehmen <lb/>der Unsrigen schmerz mich oft sehr, wo ist wahrer<lb/>Muth, wahre Kraft! Wo festes Vertrauen<lb/>auf Gott u dadurch auch auf sich selbst?<lb/>Doch freute mich die offnen Stimmen  die sich in<lb/>der letzten Rathsversammlung laut hören lies</p><pb n="6"/><p>hätte man vor 2 Jahren solche Sprache geführt<lb/>so wären wir nicht zum Spielball aller Unge-<lb/>rechtigkeiten geworden. Aber die leidige<lb/>Politik, die aus Armseligkeit alles schonen<lb/>wollte, hat uns in ein Unglück gestürzt das<lb/>wir uns selbst zugezogen, u wohl verdient haben.<lb/>Gott gebe uns nun Muth zu tragen u durchs<lb/>Unglück weise zu werden!</p></div><div xml:id="d23413206" corresp="d910316" ><head resp="#editor">Tagebucheintrag<date> 08.10.1833 </date></head><pb n="6"/><p>33 10 8<lb/>Ich bin Gott lob weit ruhiger das <rs ref="#i915145" type="object">Übel</rs> so die Statt<lb/>betrift nehme ich gelassener z.B. wegen dem<lb/>Abliefern des Geschützes sage ich mir: was<lb/>hat uns der Besitzt genützt? Ist ein weiser<lb/>Gebrauch davon gemacht worden!!<lb/>Ob ich gleich fühle daß es eine Art von Anmaßung<lb/>ist so kann ich doch der Stimme die laut in mir<lb/>spricht nicht entsagen: ich bin weit entfernt, u war<lb/>es immer zu tadlen daß man unsern armen<lb/>Mitbürgern im Ob Land Hilfe leisten wollte;</p><pb n="7"/><p>in Gegentheil, schmerzte es mich immer tief, Stimmen<lb/>zu hören die foderten man sollte sie ihrem Schicksal<lb/>überlassen. Aber mit Überlegung mit Umsicht<lb/>hätte es geschehn sollen: u ich hielt u halte noch<lb/>dafür daß man sich aller Vorwürfe hätte entheben<lb/>können. Man mußte klar sehen daß uns der<lb/>Feind reizen u in die Falle ziehn wollte: Als die<lb/>Angriffe auf unsre Dörfer gemacht wurden<lb/>gescha ein wirklicher Friedensbruch, das kann<lb/>nur die Bosheit ablläugnen; allein er gescha<lb/>nicht mit öffentlichem Befehl von den <rs ref="#i873159" type="object">Liestallern<lb/></rs>(gewiß aber auf ihr Anstifften) die List rettete<lb/>sie nicht in den Augen der Redlichen aber vor<lb/>feindlichen Schurken: die Tagsatzung dazu gezählt.<lb/>Hätte als dan unsre Regierung die Mannschaft auf<lb/>die Gränzens unsres Bahns gestellt, u ein starker<lb/>blinder Lärm mit den Canonen machen lassen, zu</p><pb n="8"/><p>gleicher Zeit an die <rs ref="#i873159" type="object">Liestaller</rs> Bericht gemacht<lb/>daß wenn nicht Augenblicklich droben alle Feind-<lb/>seligkeiten eingestelt u die Thater bestraft <lb/>würden, so litten ihre, uns nahe gelegnen Dörfer<lb/>gefahr, man würde an denen Rache nehmen,<lb/>die in Liestal handelten; gewiß hatte <rs ref="#i921734" type="person">Blarer</rs> u. d. <lb/>ihre Liegenschaften nicht Preis geben wollen!<lb/>Ein Gleiches hätte man an die Tagsatzung berichtet.<lb/>Zu gleicher Zeit hätte man Civil Commissair in<lb/>die benachbarten Dörfer gesandt, aus welchen<lb/>alle Radicalen in <rs ref="#i873159" type="object">Liestall</rs> waren, wie Vieles hätte<lb/>man erhalten wie vieles Unglück verhütten können!<lb/>Ich erwartete fest daß dies so geschen würde, u<lb/>war am 3 August frühe noch so ruhig in meiner<lb/>ländlichen Wohnung, wie schrecklich wurde ich enttäuscht<lb/>als ich einige Stunden später zu meiner <rs ref="#i868068" type="person">Tochter</rs>[2]<lb/><rs ref="#i874148" type="object">fuhr</rs>, deren <rs ref="#i836841" type="person">Mann</rs> den Zug befehligte, u hörte was<lb/>eigentlich vorgieng: eiligst <rs ref="#i910686" type="object">zitternd</rs> kehrte ich </p><pb n="9"/><p>nach Hause, wo ich nur zu bald die Bestättigung<lb/>meiner Andung hatte, denn von meiner Altan<lb/>sah u hörte man den traurigen Rückzug.</p></div><div xml:id="d23413207" corresp="d910324" ><head resp="#editor">Tagebucheintrag<date> 10.09.1833 (?) </date></head><pb n="9"/><p>33.910.<lb/>Wie sonderbar fiel es mir auf als gestern nach<lb/>dem ich Obiges geschrieben hatte, <rs ref="#i837130" type="person">Brud</rs>. mir erzählte<lb/>er hätte einen <rs ref="#i873852" type="object">B[rie]f</rs>. von einem <rs ref="#i873838" type="object">Mann</rs> im <rs ref="#i915145" type="object">obern Canton<lb/></rs>erhalten, der dringend bat, seine Schuldtittel bei<lb/>der Statt zu behalten; „über den peinlichen Unfug der<lb/>bei ihnen walte, jammert: u sehr bedaurte daß<lb/>die Hilfe die man ihnen von der Statt aus hätte<lb/>leisten wollen, so unglücklich ausgefallen! Aber auch<lb/>so übel ausgedacht gewesen wäre, denn hätte man<lb/>mit Klugheit verfahren, so wäre damals alles zu<lb/>hoffen gewesen!“ Wie freute mich daß der schlichte<lb/>Verstand eines Landmanns, mit meinem einfachen<lb/><rs ref="#i874436" type="object">weiblichen Sinn übereinstimmte</rs>! Aber wie blutet mein<lb/>Herz wenn ich denke welches Leiden, der Eigendünkel<lb/>der Unverstand u der Übermuth unsrer Führer, über<lb/>so viele unschuldige Menschen gebracht!!</p></div><div xml:id="d23413208" corresp="d910332" ><head resp="#editor">Tagebucheintrag<date> 11.09.1833 </date></head><pb n="10"/><p>33.9.11.<lb/>Über <rs ref="#i205500" type="place">Basel</rs> ist seit 3 Jahren so vieles gesprochen<lb/>u die gräulichsten Verläumdungen, in die Weld<lb/>verbreitet worden. Diese Lügen werden <rs ref="#i205500" type="place">B[asel]</rs> nur<lb/>übergänglich schaden, nur bei schlechten <rs ref="#i874226" type="object">Menschen<lb/></rs>deren Eigennutz sie treibt <rs ref="#i205500" type="place">B[asel]</rs> zu Grunde zu richten.<lb/>Anders seits macht es aufmerksam u regt unpar-<lb/>theiische Beobachter: od wenigstens Solche die es seyn wollen;<lb/>auch über diese wäre manches zu erwiedern u<lb/>zu bemerken, z.B. setzt einer unter die Mängel<lb/>der offentlichen Vergnügungen: „daß es an Spielhäusern<lb/>fehle“ dessen sollen wir uns freuen. Auch das<lb/>Sectierwesen wird zu hoch angeschlagen: ich habe mich<lb/>niemals zu keiner Secte gehalten, weil ich keine fand<lb/>die mit meinen Gesinnungen ganz übereinstimmte.<lb/>Allein ich finde daß jede ihre gute Seite hat, daß<lb/>aber Übertreibung, u Abweichung von der   <lb/>Absicht der Stifter sie oft irre führen, so zum B.<lb/>die Herrenhuter: ich habe Glieder davon gekannt<lb/>die liebenswürdige, wohlwollende Menschen,</p></div><div xml:id="d23413209" corresp="d910340" ><head resp="#editor">Tagebucheintrag<date> 12.09.1833 </date></head><pb n="11"/><p>33.9.12.<lb/>angenehme <rs ref="#i874226" type="object">Gesellschafter</rs>, keine Kopfhänger<lb/>waren. Und diese waren gewiß so gute<lb/><rs ref="#i884031" type="object">Bürger des Staads,</rs> als unsere so genannten<lb/>aufgeklärten Herrn, die meinen durch sie<lb/>sey die Weisheit in die Weld gekommen, u welche<lb/>ein sonderbares Gegenstück, zu den sogenannten<lb/>Kopfhängern ausmachen. Dieser habe ich auch <lb/>gekannt, welche mir gar nicht entsprachen.<lb/>Auch solche die durch ihre beschränkten Begriffe<lb/>ein so fatals Äusseres hatten, das gar nicht,<lb/>das <supplied>gar nicht</supplied> edle Gepräge der Gott ähnlichen<lb/>Menschheit hatte: deren Anblick beengten u schmerzten<lb/>mich. Aber unter welcher <rs ref="#i873922" type="object">Religionsparthie</rs>, unter<lb/>welcher menschlichen Gesellschaft, giebt es nicht<lb/>solche Auswüchse? Wie selten sind die allseitig<lb/>gebildet u dabei unverdorbnen edlen Menschen<lb/>die Ebenbilder der Gottheit, deren Anblick<lb/>uns erhebt u wohlthut? Es ist nicht zu läugnen</p><pb n="12"/><p>daß es in <rs ref="#i205500" type="place">Basel</rs> verschiedne Religionsparthien<lb/>giebt: allein ich sehe nicht welchen Schaden sie<lb/>je dem Staadt gebracht? Wo war je Wiedersetz-<lb/>lichkeit gegen die Obrigkeit, wo Unruh erregende<lb/>Aufritte, wie z.B. in neuerer Zeit, an einige<lb/>Orten des <rs ref="#i873159" type="object">Cantons Watt</rs>? Sind nicht in dem<lb/>aufgeklärten <rs ref="#i873159" type="object">England</rs>, der Secten so viel<lb/>od mehr als in<rs ref="#i205500" type="place"> B[asel]</rs>. Warum soll nur dieses<lb/>so sehr darüber angeschuldet werden?<lb/>Ob ich gleich die religiose Schwärmerei nicht liebe<lb/>so scheint sie mir doch ein Zeichen von Gemüthern<lb/>zu seyn die nach etwas Höcherm streben welchen<lb/>der gemeine Schlendria nicht genügt:<lb/>bei mehrer Aufklärung würde ihr Gemüth<lb/>eine andre Richtung nehmen, doch sind [sie]<lb/>Schuld daß sie ihnen fehlt? Wie viele<lb/>derer die über sie spotten sind weniger<lb/>werth u weniger aufgeklärt!</p></div><div xml:id="d23413210" corresp="d910348" ><head resp="#editor">Tagebucheintrag<date> 18.09.1833 </date></head><pb n="13"/><p>33.9.18.<lb/>Seit 3 Tagen sind wir von der Last der<lb/><rs ref="#i915145" type="object">Einquatierung befreit</rs>: alles ist stille u<lb/>man freut sich in der Statt wieder seine eignen<lb/>Wachen zu haben! – Aber nicht minder<lb/>fährt man fort, zu Gunsten der Niederträchtig-<lb/>sten Foderungen an die Statt zu machen.<lb/>Ich <rs ref="#i910686" type="object">besorge</rs> immer man hat noch uns unbekannte<lb/>Absichten, u. will der Statt neue Fallen legen,<lb/>da sie schon in so viele eingegangen ist,<lb/>u der Geist der Hölle unsre Feinde leitet<lb/>auch unkluge Nachgiebigkeit uns bis dahin<lb/>von einem Elend ins Andre führte, was kann<lb/>noch geschehen?  War es Schonung daß man<lb/>uns die Trupen wegnahm? Ich zweifle:<lb/>man sah die Mannschaft unzufrieden ohne<lb/>Noth so lange im Dienste zu bleiben; u die welche<lb/>vorher zurückgekehrt waren, zeigten sich meist<lb/>für die Statt geneigt, theils entrüstet über</p><pb n="14"/><p>das Unrecht so man an der Statt ausübt,<lb/>das machte vieleicht der Tgsaz. bange!<lb/>Od steckt noch was Anders darhinter?</p></div><div xml:id="d23413211" corresp="d910356" ><head resp="#editor">Tagebucheintrag<date> 19.09.1833 </date></head><pb n="14"/><p>33.9.19.<lb/>In Geduld müßen wir tragen was <rs ref="#i873922" type="object">Gott</rs> über<lb/>uns verhängt: gewiß ists die Folge unsrer<lb/>Schwachheit, unsrer Thorheit. Wie Viele hat<lb/>Reichthum zum Übermuth gegen Niedre verleitet<lb/>wie anmassend war der unwissende <rs ref="#i874226" type="object">Bürger<lb/></rs>gegen den Landmann? Wie Vieles hätte man<lb/>im Anfang der <rs ref="#i915145" type="object">Wirren</rs> noch beim Landmann<lb/>durch liebevolles Zutrauen bewirken können?<lb/>Aber man trotzte zu verächtlich auf eigne<lb/>Kräfte, ohne doch wahren Muth, der auf<lb/>Gottes Beistand gestützt ist, zu zeigen.<lb/>Wohl waren Viele daran unschuldig, doch<lb/>diese können Trost in ihrem innern Bewußt-<lb/>seyn finden. Mir blutete immer das Herz beim<lb/>Gedanken an Trennung zwischen Statt u Land;<lb/>es ist Unnatur u wird in die Länge nicht</p><pb n="15"/><p>bestehen! Wie können Vernünftige es<lb/>für ein Glück ansehen! Möge ihnen Gott<lb/>andre Gesinnungen geben!</p></div><div xml:id="d23413212" corresp="d910364" ><head resp="#editor">Tagebucheintrag<date> 21.09.1833 </date></head><pb n="15"/><p>33.9.21.<lb/>Mir ist Gott sey Dank so <rs ref="#i910699" type="object">heiter</rs>: ich kann<lb/>meine kl <rs ref="#i873908" type="object">Geschäfte</rs> ohne Beschwerden machen.<lb/>Kann auch mit Lust u ohne an den Augen viel<lb/>zu leiden, noch lesen: besonders für das Leztere<lb/>danke ich Gott. Sollte ich’s aber auch nicht mehr<lb/>können, so hoffe ich dieses traurig Loos, das so <lb/>viele<rs ref="#i899058" type="object"> alte Personen</rs> trift, in Geduld tragen<lb/>zu können! Noch für eine Wohlthat habe ich Gott <lb/>zu danken das ist, daß ich mit <rs ref="#i873943" type="object">weniger Beschwerden<lb/></rs>etwas <rs ref="#i873831" type="object">schreiben</rs> kann. Wohl trübt mich noch<lb/>Manches das die l. Meinigen betrift u worüber<lb/>ich mir zuweilen Schuld beimesse; doch Gott kennt<lb/>mein guter Wille, auch meine<rs ref="#i873825" type="object"> schwachen Kräfte</rs>,<lb/>seine Gnade wird mir vergeben u mein<del>en</del> Muth<lb/>u meine guten Vorhaben stärken!</p></div><div xml:id="d23413213" corresp="d910372" ><head resp="#editor">Tagebucheintrag<date> 22.09.1833 </date></head><pb n="16"/><p>33.9.22.<lb/>Ich lese nun „<rs ref="#i921801" type="book_etc">das Märchenbuch</rs> von <rs ref="#i921787" type="person">Selma</rs>,<lb/>(Jf Ronus) ich finde es sehr gut, ihre sittlichen<lb/>Begriffe sind sehr richtig u klar, recht christlich<lb/>u doch genügt mir das Ganze nicht. Ich<lb/>möchte wissen ob sie mit ihrem Umgang<lb/>u ihren Erzählungen, auf die <rs ref="#i874436" type="object">Mädchen</rs> den<lb/>gewünschten Eindrücke machte? Immer<lb/>ist es lobenswerth daß diese Person sich auf <lb/>diese Weise das Leben verschönert. Mir<lb/>that es auch sehr wohl wenn ich eine <rs ref="#i874077" type="object">Thätigkeit<lb/></rs>dieser Art, mir aneignen könnte! An den<lb/>kleinen Gebeten für Kinder noch etwas fort<lb/>arbeitete<supplied>t</supplied> vieleicht konnten sie noch einigen<lb/>nützen! Thun sie es nicht, so ist ja nichts<lb/>dabei verloren ich bilde mich selbst u<lb/>schütze mich vor übler Laune. O welch Glück<lb/>ware es für mich gewesen, wenn ich auch<lb/>auf irgend eine Weise konnt <rs ref="#i874895" type="object">hätte thätig seyn</rs>.</p></div><div xml:id="d23413214" corresp="d910380" ><head resp="#editor">Tagebucheintrag<date> 23.09.1833 </date></head><pb n="17"/><p>33.9.23.<lb/>Ich las gestern eine <rs ref="#i873922" type="object">Predig</rs> von H <rs ref="#i921816" type="person">Vinet</rs>,<lb/>ich versprach mir viel davon, aber <lb/>leider täuschte ich mich: sie machte mich ganz<lb/>mismuthig. Ich fand darin alles eher als<lb/>der christliche Geist der Liebe: wie wehe<lb/>thut es mir die christliche Religion so vor-<lb/>tragen zu hören, so wenig liebenswürdig!<lb/>ja warlich es ist mehr der Erguß eines<lb/>Gallsüchtigen Gemüthes als die reine liebevolle<lb/>Lehre Jesu!</p></div><div xml:id="d23413215" corresp="d910388" ><head resp="#editor">Tagebucheintrag<date> 24.09.1833 </date></head><pb n="17"/><p>33.9.24.<lb/>So sehr es mir angelegen ist daß wahre<lb/><rs ref="#i873922" type="object">Religiosität</rs> allgemein möchte verbreitet<lb/>werden, so schmerzlich ist es mir sie finster u<lb/>abschreckend vorgetragen zu wissen: blieben<lb/>wir beim Evangelium, wie anders wäre es!<lb/>Ich bin eben im Begriffe bin in 3 Tagen zum<lb/>H Abend Mahl zu gehen so liegt es mir (wie zwar allezeit<lb/>nache liegt  meine Begriffe darüber zu berichtigen</p><pb n="18"/><p>Mich stört imer die Lehre: daß wir armen Menschen<lb/>Christus, daß wir Gott einen Dienst erweisen<lb/>wenn wir fromm sind. Nach den Begriffen die<lb/>ich mir von der Frömmigkeit, von Gott, seit<lb/>meiner Jugend an gemacht u mich immer mehr<lb/>darin gestärkt habe, ist der frömmste Mensch<lb/>alles äusser u zeitliche Gut abgesehen, doch<lb/>der Glückseligste, er muß Gott am nächsten<lb/>seyn ihn am kindlichsten lieben: auch seinen<lb/>Nächsten als Bruder betrachten. Gewiß wird<lb/>er so viel Gutes thun als ihm Gott Kräfte dazu<lb/>verliehen hat u dadurch wird er unserm Heiland<lb/>immer ähnlicher werden: Gott, so wir diesen als<lb/>einen Vater ansehen u lieben u seiner Gnade<lb/>u Liebe für Zeit u Ewigkeit versichert seyn.<lb/>Für ihn kein Gott seyn der Rache übt u vor dessen<lb/>Straffgericht er zu zittern hätte </p></div><div xml:id="d23413216" corresp="d910396" ><head resp="#editor">Tagebucheintrag<date> 25.09.1833 </date></head><pb n="19"/><p>33.9.25.<lb/>Durch die Verbreitung der<rs ref="#i873922" type="object"> christlichen Religion<lb/></rs>wird die Menschheit beglückt u Gottes Absichten<lb/>befödert. Ich billige es allso nicht wenn man über<lb/>die Missionen spottet: wohl kömmt mir auch Manches<lb/>in ihrer Lehrart sonderbar vor; allein ich erfreche<lb/>mich nicht darüber zu urtheilen Gottes Wille lenkt,<lb/>wenn nur der Mensch mit aufrichtigem Herzen<lb/>denkt. Wie verschieden sind die Anlagen zur<lb/>Religiosität beim Menschen wie verschieden auf<lb/>dem abgeänderten Grade seiner Bildung!<lb/>Ich kann also nicht umhin Gott von Herzen zu bitten<lb/>daß er das Missions Werck möge gedeihen lassen!<lb/>So bald ich wieder etwas Geld verfügbar haben <lb/>werde, an das Niemand nächere Ansprüche hat,<lb/>soll es dazu bestimmt seyn. Ach wie oft könnten wir<lb/>ohne Missionairs zu seyn die Sache der Religion<lb/>freimüthig u fest vertheidigen, wo wir schüchtern <lb/>schweigen! Das will ich mir nun fest geloben<lb/>künftig mit unerschrockenheit zu thun.</p></div><div xml:id="d23413217" corresp="d910404" ><head resp="#editor">Tagebucheintrag<date> 26.09.1833 </date></head><pb n="20"/><p>33.9.26.<lb/>Wenn ich über mein <rs ref="#i874029" type="object">Schicksal nachdenke</rs>, so finde<lb/>ich so unendlich vieles für das ich Gott nicht genug<lb/>danken kann. Zwar haben mich in meinem Leben<lb/>schwere harte Unglücksfälle betroffen: Manches<lb/>wurde mir entrißen an dem mein Herz mit <lb/>Recht fest hing; allein was könnte mir genommen<lb/>werden, als das was ich vorher von seiner<lb/>Güte empfangen hatte? Ist es mir ganz, ist’s <lb/>mir auf ewig versagt? Leben nicht in mir schöne<lb/>Erinnerungen, nicht schöne Hoffnungen? Haben <lb/>nicht alle, auch die traurigsten Ereigniße, mich<lb/>zum Nachdenken, zur Belehrung geführt? Wie<lb/>kann ich dankbar genug sey[n]! Was du mir<lb/>auf immer versagtest, was deine Gnade mir gab,<lb/>was sie mir entriß, Alles diente dazu mir zu<lb/>zeigen was für den Menschen allein das Höchste<lb/>und Wünschenswertheste sey. Alles ist Gnade<lb/>Gottes: die höchste aber die, daß ich den Werth<lb/>der Dinge kennen lernte u vor Allem ihn suchte.<lb/>[xxx]</p><pb n="21"/><p>Den 26 Oct [sic] machte mir mein Enkel <rs ref="#i836927" type="person">Dietrich Preiswerkh<lb/></rs>die Eröfnung daß er sich mit der <rs ref="#i868543" type="person">Tochter</rs> von<lb/>H <rs ref="#i921840" type="person">Bischoff Keller</rs> <rs ref="#i873950" type="object">verlobt</rs> hätte: er ist über alle<lb/>Maßen vergnügt. Das freut mich, auch sagt<lb/>man es sey ein sehr <rs ref="#i874436" type="object">artiges Frauenzimmer</rs>,<lb/>ich kenne sie noch ganz nicht. Gott gebe ihnen<lb/>seinen Seegen! Dt. ist hoffe ich ein liebreicher Gatte</p></div><div xml:id="d23413218" corresp="d910412" ><head resp="#editor">Tagebucheintrag<date> 28.09.1833 </date></head><pb n="21"/><p>33.9.28.<lb/>Gestern gieng ich zum heil. <rs ref="#i873922" type="object">Abendmahl</rs>, ich<lb/>hoffe dasselbe nicht unwürdig genoßen zu<lb/>haben! Doch war ich vielartig gestört, so daß<lb/>ich zum Nachdenken <rs ref="#i873825" type="object">nicht genug Kräfte</rs> hatte.<lb/>Doch des Abends als ich noch ein Gebet in <rs ref="#i27277" type="person">Zollikofer<lb/></rs>las, kam mir ein Lichtgedanke, den ich zu<lb/>verfolgen zu ermattet war, so auch heute.<lb/>Wenn ich meine Kräfte wieder gesamelt<lb/>habe muß ich ihn gehörig auseinander <lb/>legen u mir klar machen!</p></div><div xml:id="d23413219" corresp="d910420" ><head resp="#editor">Tagebucheintrag<date> 29.09.1833 </date></head><pb n="22"/><p>33.9.29.<lb/>Wir können einen Grundsatz mit unserm <rs ref="#i873936" type="object">Verstand<lb/></rs>erkennen u für wahr halten, ja sogar unsre<lb/>Handlungsweise darnach richten. Späterhin können<lb/>wir den gleichen Grundsatz wieder ins Auge faßen<lb/>u denselben nicht nur als wahr erkennen, sondern<lb/>tief in unserm Herzen als eingegraben fühlen.<lb/>So gieng es mir vorgestern als ich das Gebet<lb/>von <rs ref="#i27277" type="person">Zolikofer</rs> las. Der Grundsatz daß durch<lb/>den festen Glauben an <rs ref="#i873922" type="object">Gott</rs>, wir in allen Lagen<lb/>auch den schmerzlichsten, doch ruhig u vergnügt <lb/>seyn können, ergriff mich so lebhaft, daß mir schien<lb/>als faßte ich was neues auf, ich fühlte es ganz<lb/>lebendig wie ich die Ereigniße dieses Lebens mit<lb/>standhafter Gelassenheit, im Vertrauen auf Gott<lb/>ruhig ansehen könnte. Ich danke Gott mit ganzer<lb/>Seele für dieses Gefühl.</p></div><div xml:id="d23413220" corresp="d910428" ><head resp="#editor">Tagebucheintrag<date> 30.09.1833 </date></head><pb n="23"/><p>33.9.30.<lb/>Es thut mir in der Seele wehe meine Enkelin<lb/>Fr. <rs ref="#i867913" type="person">H.</rs> so <rs ref="#i898746" type="object">kränklend</rs> so mismuthig u unzufrieden<lb/>zu sehen, auch ihre Umgebungen können nicht<lb/>vergnügt mit ihr seyn! Ich will Morgen, so ich<lb/>wohl genug bin, <rs ref="#i874148" type="object">zu ihr gehen </rs>u ihr so viel ich ver-<lb/>mag Vorstellungen machen: ob ich gleich zweifle<lb/>daß Kräfte genug anwenden wird meinem<lb/><rs ref="#i873859" type="object">Rath zu folgen</rs>, so wird ihr Verstand doch einsehen<lb/>daß ich recht habe u vieleicht nützt’s doch etwas,<lb/>Ich will meine Pflicht so kräftig thun als mir<lb/>möglich ist u Gott um Kraft dazu anflehen.<lb/>Welch neuer Beweis daß äussere Glücksgüter<lb/>ohne ein ruhiges Gemüth, kein Glück gewähren.<lb/>Ich habe die <rs ref="#i868543" type="person">Verlobt</rs> von <rs ref="#i836927" type="person">Dt. P.</rs> gesehen, sie scheint<lb/>ein <rs ref="#i874090" type="object">heiters offnes u fröhliches</rs> Geschopchen zu seyn<lb/>u eine kräftige Gesundheit zu haben, herrliche<lb/>Vorzüge! Möge nur Dt. auch gesund bleiben!<lb/>Meine Sw. <rs ref="#i837033" type="person">E.</rs> ist wieder <rs ref="#i874148" type="object">hier</rs> ich sehne mich sie zu sehen</p></div><div xml:id="d23413221" corresp="d910436" ><head resp="#editor">Tagebucheintrag<date> 04.10.1833 </date></head><pb n="24"/><p>33.10.4.<lb/>Mein Enkel <rs ref="#i868141" type="person">Will. P.</rs> ist seit ein pr Tagen <rs ref="#i874148" type="object">hier<lb/></rs>er scheint mir immer der gleiche<rs ref="#i874090" type="object"> offne liebevolle<lb/></rs>Junge zu seyn. Ob er den nöthigen Eifer u Fleiß<lb/>hat etwas tüchtiges zu lernen? Mir scheint er<lb/>oft etwas zu träge dazu. H. P. <rs ref="#i921046" type="person">Ziegler</rs> war<lb/>auch auf einen kleinen <rs ref="#i874148" type="object">Besuch</rs> bei mir, u bezeugte<lb/>seine Zufriedenheit mit dem Knaben, auch findet<lb/>er ihn <rs ref="#i874045" type="object">lernbegierig</rs> u leicht faßend, nur nicht in<lb/>d Mathematic. Möge er nur einen festen auf<lb/>Gott vertrauenden Muth erlangen! Dieser<lb/>fehlt uns armen <rs ref="#i874226" type="object">B[aslern]</rs> so sehr.</p></div><div xml:id="d23413222" corresp="d910444" ><head resp="#editor">Tagebucheintrag<date> 04.11.1833 </date></head><pb n="24"/><p>33.11.4.<lb/>Ich fühle mich seit einigen Tagenso <rs ref="#i873825" type="object">mat</rs> u zu allem<lb/>unaufgelegt: ich glaube es ist Folge von etwas zu viel<lb/><rs ref="#i910637" type="object">Anstrengung</rs>. Es ist schwer diese Stimmung zu tragen<lb/>u so viel möglich zu bekampfen! Doch im Vertrauen<lb/>auf Gott, im Gedanken daß dieser Zustand von Schwäche<lb/>eine <rs ref="#i873943" type="object">Folge des Alters</rs> ist, der vermuthlich vor meinem<lb/>Übergang in eine bessere Weld vorangehn muß</p><pb n="25"/><p>will ich mich stille halten u auf die Zukunft hoffen,<lb/>mich darauf vorbereiten; für die Meinigen u and.<lb/>Menschen kann ich wenig mehr seyn: nur zu Gott kann<lb/>ich für sie flehen u will es nach meinen schwachen Kräften<lb/>thun. Die angelegenste Bitte die ich für mich zu Gott<lb/>thue, ist daß er mich von hinnen nehme ehe ich<lb/>den Meinen zur Last falle!<lb/>Die <rs ref="#i915145" type="object">Ereignisse</rs> der Zeit sind so vielfältig niederschlagend<lb/>das Thun u Denken der Menschen, od doch eines Theils<lb/>derselben so verkehrt, daß man darüber finster <lb/>wird. Doch auch diesen Sturm wird die Vorsehung<lb/>leiten. Fest will ich’s halten daß „denen so Gott <lb/>lieben alle Dinge zum Besten dienen werden.“<lb/>Auch diese jetzt traurig waltende Zeit wird zur Beför-<lb/>derung des Reiches Gottes dienen! Unter Stürmen büsset</p></div><div xml:id="d23413223" corresp="d910452" ><head resp="#editor">Tagebucheintrag<date> 09.11.1833 </date></head><pb n="25"/><p>33.11.9.<lb/>Schön ist wohl die Weld um uns her auch<lb/>Sie uns die Güte u Almacht <rs ref="#i873922" type="object">Gottes</rs> dar u fodert uns<lb/>zu Lob u Dank auf. Allein nur das stille Gott erge[be]-<lb/>ne Gemüth kann es fühlen u sich erheben; der<lb/>unruhige durch Leidenschaften bewegte Mensch</p><pb n="26"/><p>hat nirgends Ruhe; ja er stört noch die Ruhe der<lb/>Andern! Doch er kann sie nicht ganz, nicht für<lb/>lange irre machen, sie kehren sich selbst, nach<lb/>Oben, nach einer bessern Weld hin. Sie lernen<lb/>daß nichts, auch die unschuldigsten Wünsche, oft nicht<lb/>gewährt, oft auch keine Befriedigung geben können.<lb/>Wie wird die Weld getrübt durch das boshafte<lb/>Treiben der Gottsvergeßnen Menge! Wie viele<lb/>Leidende u Traurende um die ihnen Entrißnen<lb/>sehn wir nicht in unsrer Näche, deren Anblick uns<lb/>mit Trauer erfült! Wie viele Andre deren Ansicht<lb/>der Dinge unserm Gefühl wieder strebt, u uns<lb/>nicht minder schmerzliche Gefühle erregt.<lb/>Nicht nur die Menschen, so gar auch die sonst so<lb/>schoene Natur um uns her ist getrübt, alles scheint<lb/>Trauer angezogen zu haben. Wenn ich jetzt in meiner<lb/>stillen Gegend umher wandle, die mir sonst so lieblichen<lb/>Berge ansehe, wie stört mich da der Gedanke, daß <lb/>ihre Bewohner theils verwildert u herabgesunken,<lb/>der bessre Theil von ihnen, leidend u geplagt von</p><pb n="27"/><p>den eignen Brüdern ohne Trost u Hilfe schmachten.<lb/>Ach Du o Gott, sey ihnen Trost u Hilfe, u lasse sie<lb/>durchs Unglück bewährt u dir desto getreuer werden.<lb/>Wenn ich von meiner Altan in die schone Gegend sehe<lb/>die vormals mein Herz erquikte u erhob, so er-<lb/>greift mich der Gedanke wie <rs ref="#i915145" type="object">dort</rs> so manche uns-<lb/>rer Mitbürger nachre u fernere von ihren nie<lb/>beleidigten Brüdern, auf die abscheulichste Weise,<lb/>wie vor Rache schnaubenden wilden Thieren, gemordet<lb/>u zerrißen wurden! Wie blutet da mein Herz.<lb/>Immer unterhielt ich mich so gerne mit Landleuten,<lb/>jetzt gehen sie kalt u trüb an mir vorüber, auch<lb/>solche denen ich vorher mit Liebe entgegen kamm;<lb/>O Gott sende Licht u zerstreue die Finsterniß!</p></div><div xml:id="d23413224" corresp="d910460" ><head resp="#editor">Tagebucheintrag<date> 12.11.1833 </date></head><pb n="27"/><p>33.11.12.<lb/>Ich las die Rede von „<rs ref="#i921895" type="person">Cortum</rs> über Tukidides“ es<lb/>ist eine doppelt ergreifende Lecktur, erst ist<lb/>sie schwer zu faßen, dan wenn man über den<lb/>Inhalt nachdenkt, erfüllt sie das Herz mit<lb/>banger Ahnung. Wie viele Ähnlichkeit hat<lb/>die jetzige <rs ref="#i915145" type="object">Verwilderung</rs> eines Theils der</p><pb n="28"/><p><rs ref="#i884031" type="object">Schweizer</rs>, mit deren der Griechen im pelopo-<lb/>nesischen Krieg! Was folgte auf dieselbe?<lb/>Eine 2000 jährige Herabsinckung u Barbarei:<lb/>O Gott sollte der gleiche Erfolg auch bei uns <lb/>Statt haben? Mein sel. <rs ref="#i867825" type="person">Vater</rs> sagt irgendwo, „daß<lb/>wenn auch eine Horde Barbaren über Europa<lb/>herfallen würde, so könnte es nicht mehr in<lb/>die alte Barbarei herabsinken, da die<lb/>Barbaren die Sitten der Unterjochten an-<lb/>nehmen würden.“ Aber ach hier sinds keine<lb/>Barbaren die uns überschwemen, es ist der <lb/>böse Feind der im eignen Eingewaide wüthet!<lb/>Was kann uns trösten? Nur die Hoffnung daß<lb/>die traurigen Folgen dieses Übels die Menschen<lb/>zur Erkenntniß, zur Reue bringen werden,<lb/>daß das einzige wahre HeilsMittel die Ergreifung<lb/>der reinen christlichen <rs ref="#i873922" type="object">Religion</rs> die Menschen<lb/>zur Besserung führen werden! U ich bethe mit</p></div><div xml:id="d23413225" corresp="d910468" ><head resp="#editor">Tagebucheintrag<date> 16.11.1833 </date></head><pb n="31"/><p>33.11.16.<lb/>Eintracht macht stark: was das Gegentheil?<lb/>Vor 10 Tagen las ich im Volksblatt ein jamernd[en]<lb/>u etwas bittern Aufsatzt, aus Anlas der Besorg-<lb/>niß es möchte das <rs ref="#i873950" type="object">Theater in Basel eröfnet<lb/></rs>werden: obgleich ich’s sehr unpaßend fände<lb/>wenn es in diesem Jahr geschehe, so war<lb/>ich doch mit dem Aufsatz nicht ganz zufrieden.<lb/>Vorgestern las ich in der B[asler] Zeitung eine gegen<lb/>Erklärung die mir noch weit unpaßender <lb/>schien u wegen den beissenden Anzüglichkeiten<lb/>gegen die <rs ref="#i873922" type="object">Pietisten</rs> ganz empörte. Wo soll das<lb/>hinführen? Thut man nicht unsern Wiedersachern<lb/>die Waffen, wieder auf eine andre Weise, in<lb/>die Hand geben? Wo ist reine christliche Bruderliebe,<lb/>wo wahrer Liberalismuß? Was mich freute<lb/>war daß ich gestern mehrere von meinen<lb/>Nächsten sah u daß diese sämtlich ganz<lb/>meine Gefühle theilten.</p></div><div xml:id="d23413226" corresp="d910476" ><head resp="#editor">Tagebucheintrag<date> 11.12.1833 </date></head><pb n="32"/><p>33 12 11<lb/>Seit langem habe ich <rs ref="#i873831" type="object">nicht’s geschrieben</rs>, weil mich<lb/>das Durchlesen der Bücher zu Geschenken für<lb/>meine Gß. Kinder, beschäftigte. ich war wenig<lb/>befriedigt: möge ich nicht übel gewählt haben!<lb/>Leider ist seit der Zeit nichts Erfreuliches in<lb/>unserm armen <rs ref="#i915145" type="object">Vaterlande</rs> vorgegangen:<lb/>die <rs ref="#i874226" type="object">Ungerechtigkeit</rs>, Schaamlosigkeit, Ruchlosig-<lb/>keit nimt täglich zu! Wo soll das hinführen?<lb/>Ehemals war der <rs ref="#i873159" type="object">Canton Bern</rs> die Zierde der<lb/>Schweiz: jetzt ist dessen <rs ref="#i884031" type="object">Regierung</rs> aller<lb/>Niederträchtigkeit fähig u der noch treuherzig<lb/>denkende Mann muß sich in der Stille halten:<lb/>was wird aus unserm armen Vaterland?<lb/>Auch die wiedersprechenden Ansichten der Meinigen<lb/>trüben meinen Sinn. Auch ist mir seit einigen Tagen<lb/>nicht wohl, es ist kein Wunder: doch faße Muth<lb/>armes Herz u denke daß Gott alles lenkt, zu<lb/>ihm wollen wir flehen auf ihn vertrauen. Am Ende<lb/>gehts Gut, wo nicht hier doch dort!!</p></div><div xml:id="d23413227" corresp="d910484" ><head resp="#editor">Tagebucheintrag<date> 12.12.1833 </date></head><pb n="33"/><p>33 12 12<lb/>Mir war gestern Abend u diese Nacht <lb/>so <rs ref="#i910645" type="object">trüb</rs> u <rs ref="#i910686" type="object">bange</rs>: mir kam die Lage unsrer<lb/><rs ref="#i915145" type="object">Statt</rs>, die Verhältniße meiner Familie, der<lb/>Geist so unsre <rs ref="#i884031" type="object">Regierung</rs> so trüb<supplied>b</supplied>t, Alles so<lb/>erbärmlich vor, daß ich mich aus dieser ver-<lb/>wirrten Weld heraus wünschte! Gott, dachte<lb/>ich hilft nur denen die sich wollen helfen laßen<lb/>u die die Hilfe zu benutzen wissen: ich sah schon<lb/>die abscheulichen Regenten von <rs ref="#i873159" type="object">Liestall</rs>, Meister <lb/>in <rs ref="#i205500" type="place">Basel</rs>. Ungerechtigkeit Haß u Rache unsre<lb/>arme Statt zerrütten. Ob <rs ref="#i873964" type="object">ich ganz falsch sah</rs>?<lb/>Gott gebe es! Ich that alles um mich mit<lb/>Muth u Ergebung in das zu schicken was noch<lb/>kommen soll! Möge Gott unsren Regenten<lb/>Weisheit geben, und Frömigkeit ins Herz<lb/>unsrer Bürger!</p></div><div xml:id="d23413228" corresp="d910492" ><head resp="#editor">Tagebucheintrag<date> 18.12.1833 </date></head><pb n="34"/><p>33.12.18.<lb/>Ich kann <rs ref="#i873922" type="object">Gott</rs> nicht genug danken daß er<lb/>mir noch so <rs ref="#i910699" type="object">viele Kräfte u Heiterkeit </rs>des<lb/>Geistes schenkt, daß ich in diesen traurigen<lb/><rs ref="#i915145" type="object">Zeiten</rs> mich noch so gut halten u durchschwingen<lb/>kann! Wohl trübt gar Vieles meinen Frohsinn<lb/>allein das Vertrauen auf Gott trage ich’s<lb/>in Geduld. Diesen Morgen frühe beim Erwachen<lb/>hatte ich ein so beseligendes Gefühl: mir war<lb/>als ob eine Stimme von Oben mir zulispelte<lb/>„du bist ein Glied in dem Reich des allmäch-<lb/>tigen Schöpfers, zage nicht er wird alles zum<lb/>Rechten führen.“ Mir wurde so leicht u heiter,<lb/>ich will mich nun beruhigen: wohl fühle ich’s<lb/>daß Gott uns hart strafft „aber er züchtigt <lb/>die so er lieb hat“ das soll mich trösten: aber<lb/>nicht in den Wahn setzen daß wir unverdient<lb/>leiden; denn je mehr ich nachdenke sehe ich daß<lb/>unsre Leiden, die Folgen unsrer Fehler und</p><pb n="35"/><p>Schwachheiten sind. Möchten die Menschen nur<lb/>sehn wollen u weiser werden!</p></div><div xml:id="d23413229" corresp="d910500" ><head resp="#editor">Tagebucheintrag<date> 22.12.1833 </date></head><pb n="35"/><p>33.12.22.<lb/>Heute hat die <rs ref="#i873950" type="object">Sonne ihren tiefsten Stand </rs>erreicht,<lb/>sie wird von nun an wieder uns armen Erden-<lb/>bürgern länger wieder sichtbar werden. Auch<lb/>unsre<rs ref="#i915145" type="object"> vaterländischen Verhältniße</rs> scheinen<lb/>ihren niedrigsten elendesten Punkt erreicht<lb/>zu haben: Gott gebe daß auch sie wie unsre<lb/>liebe Sonne sich wieder heben mögen! Doch<lb/>wo sind die Menschen die mit Muth begabt, die<lb/>Hilfe ergreifen könnten? Wir sind leider tief,<lb/>sehr tief heruntergesunken! Was sich noch<lb/>einigermaaßen für uns regt sind Fremde;<lb/>o welche Erniedrigung daß sich keiner unsrer<lb/><rs ref="#i874226" type="object">Mitbürger</rs> mit Muth erhebt! Es scheint alles <lb/>zu schlafen, doch keinen erquikenden Schlaf: Gott<lb/>erbarme sich unser!<lb/>Doch im Stillen will ich nach Oben sehn, dankbar<lb/>für so viele erhaltne Wohlthaten auch im</p><pb n="36"/><p>erst verfloßnen Jahre, flehend für die Meinen,<lb/>für alle Menschen, o möge Licht u Wahrheit<lb/>endlich über Finsterniß Lüge u Trug siegen!</p></div><div xml:id="d23413230" corresp="d910508" ><head resp="#editor">Tagebucheintrag<date> 11.01.1834 </date></head><pb n="36"/><p>34.1.11<lb/>Der <rs ref="#i873950" type="object">Jahreswechsel</rs> ist vorüber: ermattet<lb/>durch die (wohl kleine) Unruhe, die er ver-<lb/>anlaßte, ist mir seither <rs ref="#i873825" type="object">nicht ganz wohl</rs>;<lb/>stille muß ich mein Zimmer hüten; fast <rs ref="#i910740" type="object">unthätig<lb/></rs>fliehen die Stunden dahin. Doch heiter ist im<lb/>Inneren u vertrauend auf Gottes Güte, flehe ich<lb/>zu ihm für mich, für die l. Meinigen, für<lb/>alle Leidenden! Das unruhige Treiben der<lb/><rs ref="#i884031" type="object">Weld</rs> sehe ich als eine Schickung Gottes an, zur<lb/>Straffe, zur Belehrung u Besserung.<lb/>Dieser unruhige Schauplatz werde ich bald ver-<lb/>lassen u sehe meiner <rs ref="#i874141" type="object">Auflösung</rs> mit Ruhe entgegen.<lb/>Gott möge die Meinigen Schützen u wie er<lb/>mich durch Leid u Freud führete, so auch Sie.<lb/>Zu Gott werde ich für sie flehen sey’s hier <lb/>od dort!</p><pb n="37"/><p><rs ref="#i921970" type="book_etc">Frithiofs – Sage</rs>. Von <rs ref="#i921981" type="person">Elias Tegnér<lb/></rs>Bischof von <rs ref="#i873159" type="object">Wexiö</rs>.<lb/>Aus dem Schwedischen übersezt von <rs ref="#i921996" type="person">Amalie</rs> von<lb/>Helwige geb. Freiin von Imhoff.</p><p>Ein Gedicht das mich anzog wie mirs selten<lb/>geschiet. Die <rs ref="#i873922" type="object">moralischen u religiosen Begriffe<lb/></rs>dieses vorchristlichen Volkes sind so schön<lb/>u erfreulich, geben einen so herrlichen Beweis<lb/>vom Gefühl der Menschenwürde bei diesen<lb/>Menschen, daß man Gott preisen muß für das<lb/>Licht das er ihnen in der Dunkelheit des<lb/>Heidenthums verliehen. Wohl stört einen<lb/>zuweilen der Gedanke, besonders im lezten<lb/>Gesang, daß der Verfaßer, der christliche <lb/>Bischoff, manches verschönert, und aus der<lb/>christlichen Lehre ins Heidenthum möge ver-<lb/>setzt haben! Doch Ehre sey dem edlen Dichter.</p></div><div xml:id="d23413231" corresp="d910516" ><head resp="#editor">Tagebucheintrag<date> 28.01.1834 </date></head><pb n="38"/><p>34.128.<lb/>Wir haben eine ganz besondre <rs ref="#i884071" type="object">Witterung</rs>,<lb/>jetzt size ich bei offner Fenster, ohne das<lb/>Zimmer geheizt zu haben; es ist so wie in andren<lb/>Jahren im März. Nach dem wir im November<lb/>einige Tage 4–5 Grad Kälte gehabt, ist seit<lb/>den letzen 2 Mona[t]h nur einige Mal leicht<lb/>Nachtfrochte eingetreten: Meist hatten wir<lb/>fürchterliche Stürme u sehr viel Regen. Vor<lb/>10 Tagen ein Donnerwetter, seit dem aber<lb/>das angenehmste Frühlings Wetter. Möge<lb/>nur kein boser Rückfall kommen! Die Trauer<lb/>Weiden haben Zoll lange Blätter, Maaslieben<lb/>Veilchen Hiazinte sind in Blüthe, auch an ge-<lb/>schützten Orten fangen Baume an zu blühen.<lb/>Möchte doch die milde <supplied>W</supplied> auch in die Gemüther<lb/>der Menschen übergehn u nach so st[ü]rmischem</p><pb n="39"/><p>leidenschaftlichem Treiben auch Milde u Liebe<lb/>eintretten, Gott gebe es!</p></div><div xml:id="d23413232" corresp="d910524" ><head resp="#editor">Tagebucheintrag<date> 29.01.1834 </date></head><p>29. Januar 1834<lb/>Dieser Tag hat immer was Feierliches für mich,<lb/>es ist der <rs ref="#i873950" type="object">Geburtstag</rs> meines Sohnes <rs ref="#i835771" type="person">Dietrich</rs>,<lb/>wie viele Gefühle der Freude u des tiefsten Schmer-<lb/>zens veranlaßte er in meiner Sele? Wie mancher<lb/>schöne Traum hat er in mir erregt, wie mancher<lb/>wieder so schmerzlich zertrümert! Von allem bleibt<lb/>ein <rs ref="#i873929" type="object">wehmüthiges Andenken</rs> in meinem Innern<lb/>die Hoffnung bald selbst in das Land der ewigen<lb/>Ruhe hinüber zu wallen u dort vereint zu werden<lb/>mit Allen von welchen ich so frühe, so tief schmerzlich<lb/>getrennt werden mußte, mildert meinen Schmerz<lb/>und belebt meine Hoffnung. Seit 1780 sind nun<lb/>54 Jahre verfloßen, so lange mußte ich, die<lb/>ich so <rs ref="#i873943" type="object">schwächlich</rs> schien; noch des Lebens Stürme<lb/>erfahren! Möchte ich dadurch weise u besser<lb/>geworden seyn!</p></div><div xml:id="d23413233" corresp="d910532" ><head resp="#editor">Tagebucheintrag<date> 06.02.1834 </date></head><pb n="40"/><p>34 2 6 <lb/>Schon lange steht es schlim mit unserm armen<lb/><rs ref="#i884031" type="object">Vaterlande</rs>, der Geist der Rechtschaffenheit<lb/>u des wahren Muths ist von den verweichel-<lb/>ten <rs ref="#i874226" type="object">Schweizern</rs> gewichen: keine Regierung<lb/>hatte Kraft (besonders die unsre nicht) sich<lb/>den unverschamt, rechtlosen Foderungen der<lb/>ruchlosen Wühler zu wiedersetzen. Was<lb/>erfolgte daraus? Daß diese die Über-<lb/>macht erhielten u zu ihrer Verstärkung<lb/>alle aus den benachbarten Ländern, ihres<lb/>Gelichter [?] zu sich zogen und nun einen ungeschickten<lb/>nun ganz misglückten einfall in <rs ref="#i922021" type="object">Savoyen</rs> ver-<lb/>suchen, um vereinzelt wieder zurückkehren<lb/>von den Regierungen von <rs ref="#i873159" type="object">Genf</rs> u <rs ref="#i873159" type="object">Watt</rs> zu<lb/>Gefangenen gemacht: vom Popel aber befreit<lb/>u im Triumpf herumgeführt werden.<lb/>Was werden die benachbarten Mächte zu solcher</p><pb n="41"/><p>Zügellosigkeit, zur Schwäche der Regierung<lb/>sagen? In Genf ist der Zeitungsschreiber<lb/>(L’Europe Centrale) der diesen Unfug als Heldenthat<lb/>ausstreicht, u den piemontischischen Gesandten<lb/>der ihm zuvorzukommen suchte, auf eine abge-<lb/>machte Art tadelt. Was soll das für Folgen <lb/>für unser armes Vaterland haben!<lb/>Es ist nirgendwo kein fester Muth, <rs ref="#i873922" type="object">kein Ver-<lb/>trauen zu Gott</rs> u seiner alleinigen Hilfe!<lb/>Wir armen Weiber können nur zu Gott flehen<lb/>„Herr dein Reich komme!“ aber die Schwachheit u<lb/>Bosheit der Menschen hält es zurück.<lb/>Streben wir nur desto eifriger uns selbst zu bessern<lb/>wo möglich auch die Unsrigen, so dürfen wir in<lb/>Demuth glaubend u hoffend zu Gott hinauf schauen.</p></div><div xml:id="d23413234" corresp="d910540" ><head resp="#editor">Tagebucheintrag<date> 08.02.1834 </date></head><pb n="42"/><p>342.8.<lb/>Ungeachtet meines Bestrebens alle<lb/><rs ref="#i874141" type="object">meine Sachen in der besten Ordnung </rs>zu<lb/>halten, geschiet mir’s doch so oft mich zu irren<lb/>u Fehler zu machen: dies setzt mich dann<lb/>in <rs ref="#i922841" type="object">üble Laune</rs>. Das muß ich zu vermeiden<lb/>suchen u trachten meine <rs ref="#i873825" type="object">alters Schwäche<lb/><rs ref="#i873943" type="object"></rs>mit Geduld zu tragen</rs>. Gott kann nicht mehr<lb/>von uns fodern als wir zu leisten Kräfte<lb/>haben. Es ist torichte Eitelkeit, die sich<lb/>für mein Alter gar nicht schickt, mehr leisten<lb/>zu wollen als man wohl kann. Ich will so viel<lb/>möglich meine Geschaffte einzuschränken,<lb/>um mir Unmuth zu ersparren; damit<lb/>meine Seele künftig mehr in Dank gegen Gott<lb/>u stillem Gebeth sich verhalten könne.</p></div><div xml:id="d23413235" corresp="d910548" ><head resp="#editor">Tagebucheintrag<date> 09.02.1834 </date></head><pb n="43"/><p>34.2.9.<lb/>Wie mir doch so abwechslend zu Muthe ist! Oft ist<lb/>mein Kopf so schwer u alles scheint <rs ref="#i910645" type="object">trübe</rs> um mich<lb/>her, dann kann ich nur mit Mühe im Gebeth<lb/>dagegen kämpfen: ich finde gar oft eine<lb/><rs ref="#i873825" type="object">körperliche Veranlassung </rs>dazu, u glaube es<lb/>immer der Fall seyn. Oft dan wieder ist mein<lb/>Körper so matt u <rs ref="#i873943" type="object">schwach</rs> u ein heimliches Gefühl<lb/>sehnt sich die matte Hülle in einen engen Raum<lb/>einzuschließen: ich glaube es ist eine instinkt-<lb/>mässige Sehnsucht nach der <rs ref="#i874141" type="object">letzten Ruhestätte.<lb/></rs>Gott lob ist <supplied>dan</supplied> mein<supplied>t</supplied> Geist dan ruhig u.<lb/>heiter u sehnt sich nach Oben, so wie der Körper<lb/>nach der dunkeln Kammer. Wie sonderbar<lb/>u merkwürdig hat die ewige Weisheit <lb/>unsern Körper u Geist geschaffen!<lb/>Der so oft vorkommende Ausdruck im alten<lb/>Testament „er starb mat u lebenssatt,“ scheint<lb/>mir so mit diesem Gefühl übereinzustimmen.<lb/>Gottlob daß wir eine klarere, vestere<lb/>Hoffnung haben.</p><pb n="44"/><p>Aus <rs ref="#i922049" type="object">Litteratur Blatt No. 103. Jahr 1833</rs>.<lb/>Aus dem <rs ref="#i922057" type="book_etc">Taschenbuch</rs> von A. v. <rs ref="#i922068" type="person">Chamisso</rs> u G. <rs ref="#i922082" type="person">Schwab</rs>.<lb/>Aus einem Gedicht des <rs ref="#i922096" type="person">Königs von Bairen</rs>.<lb/>„<supplied>So</supplied> Wie die Wellen kommen u verschwinden,<lb/>So entsteht das Lob der Menge u vergeht<lb/><supplied>Und</supplied> Thorheit ist’s, sein Glück daran zu binden.<lb/>Was auf Bewußtseyn ruht, blos sicher steht,<lb/>das Heil, es ist bei Gott allein zu finden.<lb/>Dies bleibt wenn alles andere vergeht.<rs ref="#i922049" type="object">“<lb/></rs>Aus einem Ander Gedicht E. d. s.<lb/>[„]Aus den Herzen ach ist Gott gewichen,<lb/>Jeder ist sich selbsten nur sein Gott,<lb/>U. der Glanz des Hehrr ist erblichen,<lb/>das Verehrungswürdige wird zum Spott.“<lb/>Gut u. Milde nur, nichts frommen,<lb/>Noch vermag allein es der Verstand<lb/>Blos durch festen Muth kann Hilfe kommen<lb/>Er nur ist der Rettung Unterpfand.<rs ref="#i922049" type="object">“<lb/></rs></p><pb n="45"/><p>Wer frech das Heilige nicht ehrt,<lb/>Wens Glück mit eitelm Stolz bethört,<lb/>Und wenn das Unglück nicht belehrt<lb/>Der hat doch wahrlich keinen Werth.</p></div>
       </body></text>
   </TEI>
    