<?xml version="1.0"?>
    <?xml-model href="http://www.tei-c.org/release/xml/tei/custom/schema/relaxng/tei_all.rng" type="application/xml" schematypens="http://relaxng.org/ns/structure/1.0"?>    
    <TEI xmlns="http://www.tei-c.org/ns/1.0" xml:id="d908256">
       <teiHeader>
          <fileDesc>
             <titleStmt>
                <title>Heft 27 (1829-1830)
                </title>
                <author>Anna Maria Preiswerk-Iselin</author>
             </titleStmt>
             <publicationStmt>
                <publisher xml:id="editor">Tagebücher Anna Maria Preiswerk-Iselin Projekt</publisher>
                <pubPlace>Basel</pubPlace>
                <date when="2022-03">March 2021</date>
                <availability>
                   <licence notBefore="2022-03-01" target="http://creativecommons.org/licenses/by-sa/4.0/">
                      <p>[...]</p>
                      <p>This work is licensed under a Creative Commons Attribution-ShareAlike 4.0 International License.</p>
                      <p> You are free to: <list>
                            <item> Share — copy and redistribute the material in any medium or format</item>
                            <item> Adapt — remix, transform, and build upon the material</item>
                         </list>
                      </p>
                      <p> Under the following terms: <list>
                            <item> Attribution — You must give appropriate credit, provide a link to the license, and indicate if changes were made. You
                               may do so in any reasonable manner, but not in any way that suggests the licensor endorses you or your use.</item>
                            <item> ShareAlike — If you remix, transform, or build upon the material, you must distribute your contributions under the same
                               license as the original.</item>
                            <item> No additional restrictions — You may not apply legal terms or technological measures that legally restrict others from
                               doing anything the license permits.</item>
                         </list>
                      </p>
                      <p>The licence was added on March first, 2022.</p>
                   </licence>
                </availability>
             </publicationStmt>
             <sourceDesc>
                <msDesc>
                   <msIdentifier>
                      <settlement>Basel</settlement>
                      <repository>Staatsarchiv</repository>
                      <idno>StABS PA 511 304-03-04</idno>
                      <msName>Heft 12 (1815-1816) - Anna Maria Preiswerk-Iselin </msName>
                   </msIdentifier>
                </msDesc>
    <listPerson><person xml:id="i869556"><persName>Johann Gottfried von Herder-Flachsland</persName></person><person xml:id="i836381"><persName>Eduard Vischer-Handmann</persName></person><person xml:id="i836345"><persName>Maria Vischer-Handmann</persName></person><person xml:id="i869876"><persName>Maria Rosina Niederer-Kasthofer</persName></person><person xml:id="i869942"><persName>Johann Heinrich Pestalozzi</persName></person><person xml:id="i892528"><persName>Friedrich Ludwig Zacharias Werner</persName></person><person xml:id="i885399"><persName> Ludwig August Kähler</persName></person><person xml:id="i869693"><persName>Johann Jacob Wehrli</persName></person><person xml:id="i837045"><persName>Friedrich Preiswerk</persName></person><person xml:id="i870057"><persName>Amalie Schoppe-Weise</persName></person><person xml:id="i868031"><persName>Sophia Burckhardt-Vischer</persName></person><person xml:id="i868141"><persName>Wilhelm Preiswerk</persName></person><person xml:id="i836759"><persName>Anna Maria Burckhardt-La Roche-Preiswerk</persName></person><person xml:id="i27035"><persName>Johann Caspar Lavater</persName></person><person xml:id="i914479"><persName>Charles Étienne Jordan</persName></person><person xml:id="i835771"><persName>Dietrich Preiswerk-Bischoff</persName></person><person xml:id="i835836"><persName>Susanna Paravicini-Preiswerk</persName></person><person xml:id="i867825"><persName>Isaak Iselin-Forcart</persName></person><person xml:id="i869402"><persName>Christian Fürchtegott Gellert</persName></person><person xml:id="i914560"><persName>Christian Gottlieb Blumhardt</persName></person><person xml:id="i868068"><persName>Sophia Vischer-Preiswerk</persName></person><person xml:id="i836841"><persName>Benedict Vischer-Preiswerk</persName></person><person xml:id="i868056"><persName>Sophia Thurneysen-Paravicini</persName></person><person xml:id="i868759"><persName>Karl Burckhardt-Vischer</persName></person><person xml:id="i868044"><persName>Sophia Geigy-Preiswerk</persName></person><person xml:id="i836402"><persName>Johann Rudolf Geigy-Merian</persName></person><person xml:id="i835806"><persName>Susanna Preiswerk-Bischoff </persName></person><person xml:id="i870117"><persName>Johann Jakob Stückelberger</persName></person><person xml:id="i867913"><persName>Maria Helena Hoffmann-Preiswerk</persName></person><person xml:id="i836415"><persName>Eduard Hoffmann</persName></person><person xml:id="i869484"><persName>Karl Friedrich Hagenbach-Freyburger</persName></person><person xml:id="i836431"><persName>Rosina Hagenbach-Geigy</persName></person><person xml:id="i836446"><persName>Salome Hagenbach-Geigy</persName></person><person xml:id="i868214"><persName>Karl Rudolf Hagenbach-Geigy</persName></person><person xml:id="i870208"><persName>Heinrich Gottlieb Tzschirner</persName></person><person xml:id="i868154"><persName>Wilhelm Vischer-Bilfinger</persName></person><person xml:id="i868777"><persName>Karl Geigy-Preiswerk</persName></person><person xml:id="i836461"><persName>Hieronymus Geigy-Sarasin</persName></person><person xml:id="i836473"><persName>Charlotte Geigy-Sarasin</persName></person><person xml:id="i837033"><persName>Esther Iselin</persName></person><person xml:id="i869834"><persName>Johann Georg Müller</persName></person><person xml:id="i836966"><persName>Emil Thurneysen-Paravicini</persName></person><person xml:id="i836507"><persName>Anna Maria von der Mühll-Hoffmann</persName></person><person xml:id="i836526"><persName>Albert Emanuel Hoffmann-Burckhardt</persName></person><person xml:id="i868273"><persName>Emanuel Hoffmann-Eglin</persName></person></listPerson><listObject><object xml:id="i873838" type="tag"><objectIdentifier><objectName>Unbekannte Person</objectName></objectIdentifier></object><object xml:id="i875264" type="tag"><objectIdentifier><objectName>Traum</objectName></objectIdentifier></object><object xml:id="i874029" type="tag"><objectIdentifier><objectName>Rückblick</objectName></objectIdentifier></object><object xml:id="i873943" type="tag"><objectIdentifier><objectName>Alter(n)</objectName></objectIdentifier></object><object xml:id="i874141" type="tag"><objectIdentifier><objectName>Gedanken über den Tod</objectName></objectIdentifier></object><object xml:id="i873922" type="tag"><objectIdentifier><objectName>Religion</objectName></objectIdentifier></object><object xml:id="i873950" type="tag"><objectIdentifier><objectName>Ereignis</objectName></objectIdentifier></object><object xml:id="i914348" type="tag"><objectIdentifier><objectName>Unfall/Verletzung</objectName></objectIdentifier></object><object xml:id="i873831" type="tag"><objectIdentifier><objectName>Selbstzeugnis schreiben</objectName></objectIdentifier></object><object xml:id="i873825" type="tag"><objectIdentifier><objectName>Altersgebrechen</objectName></objectIdentifier></object><object xml:id="i874486" type="tag"><objectIdentifier><objectName>Gedanken zur Ehe</objectName></objectIdentifier></object><object xml:id="i874148" type="tag"><objectIdentifier><objectName>Besuch</objectName></objectIdentifier></object><object xml:id="i914300" type="book_etc"><objectIdentifier><objectName>Niederer-Kasthofer: Blicke in das Wesen der weiblichen Erziehung.</objectName></objectIdentifier></object><object xml:id="i873957" type="tag"><objectIdentifier><objectName>Freundschaft</objectName></objectIdentifier></object><object xml:id="i874090" type="tag"><objectIdentifier><objectName>Personenbeschreibung</objectName></objectIdentifier></object><object xml:id="i874003" type="tag"><objectIdentifier><objectName>Verhalten</objectName></objectIdentifier></object><object xml:id="i922997" type="tag"><objectIdentifier><objectName>Wehmut</objectName></objectIdentifier></object><object xml:id="i914375" type="book_etc"><objectIdentifier><objectName>Zachariä: Poetische Schriften.</objectName></objectIdentifier></object><object xml:id="i914389" type="book_etc"><objectIdentifier><objectName>Kähler: Weltkunde, ein Mittel höherer Geistesbildung für die spätere weil. Jugend.</objectName></objectIdentifier></object><object xml:id="i874895" type="tag"><objectIdentifier><objectName>Mädchenschule?</objectName></objectIdentifier></object><object xml:id="i899128" type="tag"><objectIdentifier><objectName>Krankheit anderer Personen</objectName></objectIdentifier></object><object xml:id="i914410" type="book_etc"><objectIdentifier><objectName>Schoppe: Asträa oder Heilige Lehren im Gewande der Dichtung.</objectName></objectIdentifier></object><object xml:id="i873964" type="tag"><objectIdentifier><objectName>Selbstkritik</objectName></objectIdentifier></object><object xml:id="i910653" type="tag"><objectIdentifier><objectName>Hoffnung</objectName></objectIdentifier></object><object xml:id="i873159" type="tag"><objectIdentifier><objectName>Ortserwähnung</objectName></objectIdentifier></object><object xml:id="i914443" type="book_etc"><objectIdentifier><objectName>Lavater: Vier und zwanzig kurze Vorlesungen über die Geschichte Josephs, des Sohnes Israels. </objectName></objectIdentifier></object><object xml:id="i914454" type="book_etc"><objectIdentifier><objectName>Lavater: Johann Kaspar Lavaters vermischte Lehren an seine Tochter, Anna Luisa. </objectName></objectIdentifier></object><object xml:id="i914466" type="book_etc"><objectIdentifier><objectName>Blumhardt: Versuch einer allgemeinen Missionsgeschichte der Kirche Christi.</objectName></objectIdentifier></object><object xml:id="i899058" type="tag"><objectIdentifier><objectName>Alter(n) anderer Personen</objectName></objectIdentifier></object><object xml:id="i910699" type="tag"><objectIdentifier><objectName>Heiterkeit</objectName></objectIdentifier></object><object xml:id="i898746" type="tag"><objectIdentifier><objectName>Schmerz/Krankheit Familie</objectName></objectIdentifier></object><object xml:id="i884071" type="tag"><objectIdentifier><objectName>Wetter</objectName></objectIdentifier></object><object xml:id="i910686" type="tag"><objectIdentifier><objectName>Sorgen</objectName></objectIdentifier></object><object xml:id="i873852" type="tag"><objectIdentifier><objectName>Brief</objectName></objectIdentifier></object><object xml:id="i874045" type="tag"><objectIdentifier><objectName>Gedanken zur Erziehung</objectName></objectIdentifier></object><object xml:id="i914521" type="book_etc"><objectIdentifier><objectName>Lavater: Schweizerlieder.</objectName></objectIdentifier></object><object xml:id="i914532" type="book_etc"><objectIdentifier><objectName>Gellert: Geistliche Oden und Lieder.</objectName></objectIdentifier></object><object xml:id="i914545" type="book_etc"><objectIdentifier><objectName>Lavater: Sammlung einiger Gebete auf die wichtigsten Angelegenheiten des menschlichen Lebens.</objectName></objectIdentifier></object><object xml:id="i910637" type="tag"><objectIdentifier><objectName>Erschöpfung</objectName></objectIdentifier></object><object xml:id="i899009" type="tag"><objectIdentifier><objectName>Wunsch</objectName></objectIdentifier></object><object xml:id="i874226" type="tag"><objectIdentifier><objectName>Gedanken zur Gesellschaft</objectName></objectIdentifier></object><object xml:id="i914592" type="tag"><objectIdentifier><objectName>Spende</objectName></objectIdentifier></object><object xml:id="i914600" type="tag"><objectIdentifier><objectName>Fürsorge</objectName></objectIdentifier></object><object xml:id="i873845" type="tag"><objectIdentifier><objectName>Krankheit</objectName></objectIdentifier></object><object xml:id="i873915" type="tag"><objectIdentifier><objectName>Haushalt</objectName></objectIdentifier></object><object xml:id="i892101" type="tag"><objectIdentifier><objectName>Geburt</objectName></objectIdentifier></object><object xml:id="i873880" type="tag"><objectIdentifier><objectName>Tod Familie</objectName></objectIdentifier></object><object xml:id="i914660" type="book_etc"><objectIdentifier><objectName>Hagenbach: Ueber die Worte des sterbenden Erlösers.</objectName></objectIdentifier></object><object xml:id="i898980" type="book_etc"><objectIdentifier><objectName>Florello: Theomela, 1817.</objectName></objectIdentifier></object><object xml:id="i914680" type="book_etc"><objectIdentifier><objectName>Florello: Theotima.</objectName></objectIdentifier></object><object xml:id="i873929" type="tag"><objectIdentifier><objectName>Trauer</objectName></objectIdentifier></object><object xml:id="i910645" type="tag"><objectIdentifier><objectName>Trübe Stimmung</objectName></objectIdentifier></object><object xml:id="i873866" type="tag"><objectIdentifier><objectName>Reisen</objectName></objectIdentifier></object><object xml:id="i873901" type="tag"><objectIdentifier><objectName>Trennung</objectName></objectIdentifier></object><object xml:id="i891654" type="tag"><objectIdentifier><objectName>Heirat</objectName></objectIdentifier></object><object xml:id="i914786" type="book_etc"><objectIdentifier><objectName>Müller: Vom Glauben der Christen.</objectName></objectIdentifier></object><object xml:id="i873894" type="tag"><objectIdentifier><objectName>Allgemeine Stimmung</objectName></objectIdentifier></object><object xml:id="i914864" type="book_etc"><objectIdentifier><objectName>Rothpletz: Bilder des Lebens.</objectName></objectIdentifier></object></listObject>
    </sourceDesc>
      </fileDesc>
      <profileDesc>
         <textClass>
            <!-- vérifier !!! -->
            <catRef scheme="#genre" target="#journal"/>
         </textClass>
         <langUsage>
            <language ident="de">Deutsch</language>
         </langUsage>
      </profileDesc>
   </teiHeader>
       <text><body><div xml:id="d23412473" corresp="d908266" ><head resp="#editor">Tagebucheintrag<date> 18.03.1829 </date></head><pb n="1"/><p>29 3 18<lb/>Über dem <supplied>Aufsatz</supplied> <del>Buch</del> von <rs ref="#i869556" type="person">Herder</rs>, über die Erlösung,<lb/>Aus <rs ref="#i873838" type="object">Wielands</rs> Briefe 4 Bd Seite 165.<lb/>„Für mich ist das große Problem, durch diese Dar-<lb/>stellung, seiner schwürigsten Knoten so rein aufgelößt<lb/>– u nichts hindert mich überzeugt zu seyn, daß<lb/>der reinste u gesundeste Menschen Verstand, sich an<lb/>dieser Auflösung genügen kann u muß. Nur auf<lb/>diesem Weg u nur vermittelst dieser unsern Herder<lb/>ausschließlichen An u Übersicht des Zusamenhangs aller<lb/>Fäden der Geschichte Jesu, mit den ganzen vorhergehenden<lb/>der Jüdischen Geschichte, das Wort Geschichte ist in der<lb/>weitesten Bedeutung genommen, ein dem Ein u Übersicht<lb/>wozu nur J allumfaßender Geist u tiefer Scharfsinn,<lb/>verbunden mit einer imensen Gelehrsamkeit, einen<lb/>Menschensohn fähig machen konnte u (was eben so noth-<lb/>wendig dazu war) vermittelst des ihm einwohnenden<lb/>Wahrheitssinns worin Jesus ein Menschensohn heißt,<lb/>einer der Wenigen ist in welchem alle Fülle der Mensch-<lb/>heit wohnt.<lb/>Nur durch alle diese Kräfte u Hilfsmittel, u nur auf<lb/>diesem Weg wo das Menschliche u das Jüdische in der<lb/>Person J. C. rein u scharf gesondert u doch wieder, so<lb/>wahr u anschaulich zu einer Hipostasis verbunden wird</p><pb n="2"/><p>konnte u mußte die Wahrheit gefunden werden.<lb/>Ich wenigstens glaube sie in diesem Buch gefunden zu haben<lb/>u warte keines andern Ch. als der sich mir darin vorstelt.<lb/>Aber meine Überzeugung geht noch weiter. Ich glaube<lb/>daß nun abermals die Zeit erfüllt sey, wo diese<lb/>neue Verklärung, die so viele Jahrhundert lang ver-<lb/>dunkelten, diese zweite Auferstehung, des schon so lang<lb/>her von Gläubigen u Ungläubigen, Sch[r]iftgel[ehrten] u Pharisäern<lb/>verrathnen mishandelten u gekreutzigten Christus er-<lb/>folgen mußte, um die Menschheit u das Reich des Lichtes<lb/>in ihr einer großen Rewolution nächer zu bringen.<lb/>Ich freue mich daher unbeschreiblich darüber, daß unser H.<lb/>diesen einen Beruf mehr als jemals zu fühlen scheint,<lb/>u sich ernstlich damit beschäft das angefangne gute Werk<lb/>fort zu führen u zu vollenden.<lb/>Alles ist deucht mich dazu reif, daß das Christenthum <lb/>entweder aufhöre sichtbar auf der Weld zu seyn, oder<lb/>in einer neuen d. h. seiner reinen wahren Gestalt sieg-<lb/>reich hervorgehn u dadurch wieder eine der lebendigen<lb/>Kräfte werde durch deren vereinigtes zusamen wirken<lb/>die Erlösung der Menschheit doch endlich wills Gott zu Stande<lb/>kommen u dem Reich des Satans ein Ende gemacht werden soll<lb/>u wird.</p><pb n="3"/><p>Der <rs ref="#i875264" type="object">Traum</rs> [Titel]<lb/>In <rs ref="#i874029" type="object">frührer Zeit</rs> plagte ich mich oft über den<lb/>Zustand der Hingeschiednen, besonders der Kinder,<lb/>mir schienen sie taube Blüthen die keiner Früchte<lb/>fählig wären, ich war <supplied>tiefer</supplied> traurig darüber.<lb/>Nach tieferem Nachdenken u festem Vertrauen<lb/>in die Güte Gottes beruhigte ich mich u legte alles<lb/>ihm anheim. Doch da ich in meinem <rs ref="#i873943" type="object">Alter</rs>, wie<lb/>mir oft geschied an den Zustand der von mir schon<lb/>so frühe <supplied>mir</supplied> hienieden <supplied>mir</supplied> Entrißnen u mit mir<lb/>sich bald wieder vereinigten nachdachte, mit froher<lb/>Sehnsucht u Freude, kam mir so manches durch<lb/>den Kopf; es war beim Schlafengehn. Ich schlummerte<lb/>darüber ein, mir ward als ob ich auf einem herrlichen<lb/>Berge im Schatten lag: mich umgab ein herrlicher<lb/>Lichtschein u eine himlische Gestalt die ich wachend<lb/>nicht zu beschreiben im Stande bin nahte sich mir u<lb/>sprach zu mir: du sehnest dich über den Zustand</p><pb n="4"/><p>deiner aus dem Erdenleben frühe <rs ref="#i874141" type="object">Hingewelkten</rs>,<lb/>denke einmal den drei Grundpfeilern deiner göttlichen<lb/><rs ref="#i873922" type="object">Religion</rs>, an Glaube, Hoffnung u Liebe, denke ihnen<lb/>nach. Mir ward als ob ein höchrer Geist mich beseel-<lb/>te: ist nicht, sagte ich mir, Glaube, die feste Zuversicht<lb/>daß wir von einem Allweisen Allgütigen u Alliebenden<lb/>Schöpfer herstammen, der zu unsrer höchstmöglichen<lb/>Beglückung alle Veranstaltungen getroffen, der uns<lb/>Mittel dareicht durch den Glauben uns die erfreulich-<lb/>sten festen Hoffnungen zu gründen, entsteht nicht durch<lb/>diesen Glauben, diese Hoffnung, die Vereinigung mit<lb/>dem Gott der Liebe u durch diese die Liebe zu allem<lb/>was von Gott kömmt? Die Lichtgestalt durchschaute meine<lb/>Gedanken sie strahlte mir Befriedigung zu: schaue um<lb/>dich, deutete sie mir. „Es war als ob ich der dunkeln<lb/>Erde enthoben sey, eine neue Weld sah ich ober mir<lb/>so entzückend helle leuchtend, mit unendlichen Wesen belebt<lb/>die der Gestalt ähnlich waren die mir erschien; es schwebten</p><pb n="5"/><p>zu dieser neuen Weld Liechtfunken entpor, welche<lb/>von den dortigen seligen Wesen auf verschiedne<lb/>Weise aber mit heiliger Liebe empfangen wurden:<lb/>Kleine Fünkchen wurden mit mütterlicher Zärtlichkeit erhoben<lb/>u gepflegt, es schien mir als ob diese Lichtgestalten<lb/>von einem höchren Wesen herabschauten um jene Hilfs-<lb/>bedürftigen zu dem selben hinaufzuheben. Andre hellere<lb/>Funken wurden brüderlich empfangen u traten in<lb/>selge Vereinigung mit den schon Verklärten <supplied>Seligen</supplied>.<lb/>Wirst du noch Sorge fühlen über deine Hingeschied-<lb/>nen? Flüsterte mir der Geist zu. Wenn, sprach<lb/>ich, werde dan ich auch zu dieser seligen Vereinigung<lb/>kommen? „Wandle treu deinen Erdenpfad so lange<lb/>es Gott gefällt <supplied>ehe</supplied> wenn du hinüber ziehest sehe ich<lb/>dich wieder.“ Ich strengte mich an dem scheidenden<lb/>Geiste nachzufolgen u erwachte.</p></div><div xml:id="d23412546" corresp="d908275" ><head resp="#editor">Tagebucheintrag<date> 10.09.1829 </date></head><p>1829 d 10 Sept) <lb/>Am 18 April den Tag vor <rs ref="#i873950" type="object">Ostern</rs> hatte ich<lb/>das <rs ref="#i914348" type="object">Unglück</rs> meine rechte Hand zwischen einem Fenster-<lb/>laden so jämmerlich zu zerklemmen daß ich besorgen<lb/>mußte ihren Gebrauch nicht wieder zu erlangen.<lb/>Gott kan ich nicht genug danken daß es sich<lb/>wieder so weit gebessert daß ich zur Noth<lb/>wieder ein wenig <rs ref="#i873831" type="object">schreiben</rs> kann: auch für<lb/>die Ruhe des Geistes die ich diese Zeit über,<lb/>da doch mein <rs ref="#i873825" type="object">Körper</rs> durch diesen Unfall<lb/>sehr ermattet u geschwächt war, genoßen habe<lb/>kann ich nicht dankbar genug seyn.</p></div><div xml:id="d23412547" corresp="d908283" ><head resp="#editor">Tagebucheintrag<date> 15.09.1829 </date></head><p>29 9 15<lb/>Nun ist mein Stief Gßsohn <rs ref="#i836381" type="person">Ed Vischer</rs>, mit<lb/>Jf <rs ref="#i836345" type="person">Marie Handman</rs> <rs ref="#i873950" type="object">verlobt</rs>: dieses Bündniß<lb/>ist einzig auf <rs ref="#i874486" type="object">Zuneigung</rs> geschloßen, möge sie<lb/>bleibend u fest u die geliebten recht glücklich werden!<lb/>Gestern hatte ich einen unerwarteten <rs ref="#i874148" type="object">Besuch</rs> von<lb/>Fr. <rs ref="#i869876" type="person">Niedrer</rs>, Verfaßerin des Buchs „<rs ref="#i914300" type="book_etc">über weibliche<lb/>Erziechung</rs>“ ehedessen hatte ich viele Hochachtung u <rs ref="#i873957" type="object">Freund-<lb/>schaft</rs> für diese <rs ref="#i874090" type="object">einsichtsvolle Frau</rs>, aber durch ihr<lb/>Betragen gegen den ehrwürdigen <rs ref="#i869942" type="person">Pestalotzi<lb/></rs>u. And. wurde sie mir peinlich entfernt. Ihre</p><p>[5b]</p><p>Erscheinung <rs ref="#i874003" type="object">bewirkte</rs> in mir ein gemischtes Gefühl,<lb/>ich glaubte ihr meine Gesinnunge aussern zu sollen,<lb/>u that es: sie schien etwas betroffen, u versicherte<lb/>mich daß sie wenn sie Zeit hätte, mir ihre Unschuld<lb/>darthun würde; ich bezeugte ihr daß ich es von<lb/>Herzen wünsche! Und so schieden wir. – Es hat eine<lb/><rs ref="#i922997" type="object">Wehmütige Stimmung </rs>in meinem Gemüth zurück<lb/>gelassen; wie wehe thut es Personen deren <rs ref="#i873957" type="object">Freund-<lb/>schaft</rs> man vormals so hoch schätzte, so verdunkelt<lb/>ansehn zu müßen! Es trübt unsere Menschenachtung,<lb/>doch es kehret uns in uns selbst u zu Gott zurück.</p></div><div xml:id="d23412548" corresp="d908291" ><head resp="#editor">Zitat<date> 06.11.1829 </date></head><p>1829 11 6<lb/>„Du siehst umsonst nicht höchre Sphären blitzen,<lb/>Und Sonnen glühn: du sollst sie einst besitzen:<lb/>Sollst einst verneut, verklärt, den Engeln gleich<lb/>Nicht Staub mehr seyn in deines Schöpfers Reich;<lb/>Sollst einst, wie sie, zu seines Thrones Füßen<lb/>Unsterblich seyn u ewiges Glück geniessen;<lb/>das sollst du Seele: dein Geschick ist dein,<lb/>du kannst höchst elend u höchst selig seyn.<rs ref="#i914375" type="book_etc">“<lb/><rs ref="#i892528" type="person"></rs>Zachariä<lb/></rs></p></div><div xml:id="d23412549" corresp="d908299" ><head resp="#editor">Tagebucheintrag<date> 10.11.1829 </date></head><pb n="6"/><p>29011 10<lb/>Sehr interressant war mirs in den<lb/>Morgenblättern die Beschreibung des<lb/>franzosischen Reisende der Gräber<lb/>der Egyptischen Könige bei Theben zu<lb/>lesen: sie giebt uns einen bestimmten Beweis [?]<lb/>daß diese Nation im höchsten Alterthum <lb/>den festen Glauben eines zukünftigen<lb/>Lebens, einer Belohnung der Tugend u<lb/>Bestrafung des Lasters gehabt haben.</p></div><div xml:id="d23412550" corresp="d908307" ><head resp="#editor">Zitat<date> 21.11.1829 </date></head><pb n="6"/><p>29 11 21<lb/>Ich las in vorigen Tagen „den 2 Band von <rs ref="#i885399" type="person">Kählers<lb/><rs ref="#i914389" type="book_etc"></rs>Weldkunde</rs>“ sie gewährte mir äusserst<lb/>viele Befriedigung.</p></div><div xml:id="d23412551" corresp="d908315" ><head resp="#editor">Tagebucheintrag<date> 27.11.1829 </date></head><pb n="7"/><p>29 11 27<lb/>Vor 8 Tagen redte ich mit Pfarrer <rs ref="#i873838" type="object">Passa<lb/></rs>über mein künftiges <rs ref="#i874895" type="object">Projekt</rs> u erbath mir<lb/>seine Beihilfe: in der Unterhaltung mit ihm<lb/>versprach ich mir schon nicht viel; nun erhalte<lb/>ich eine weitschweifende Antwort, worin er<lb/>erklärt daß er <rs ref="#i899128" type="object">kränklichkeits</rs> wegen nichts<lb/>leisten kann. Vieleicht hätte er auch nicht<lb/>getaugt! Ich möchte ihn in Antwort an seine<lb/>heiligen Lehren u Sprüche an die Epistel Jacobi<lb/>weisen, doch ich werde stille gegen ihn seyn!<lb/>Unterdessen sah ich einen <rs ref="#i874090" type="object">kräftigern</rs> Menschen,<lb/><rs ref="#i869693" type="person">Wehrlin</rs> den Armenschullehrer aus Hofwyl; diesem<lb/>Mann sieht man an daß zweckmässige Thätigkeit<lb/>Körper u Seele stärken. Welch richtiges Urtheil<lb/>welche Ruhe u reine Frömigkeit u einfache Unbe-<lb/>fangenheit</p></div><div xml:id="d23412552" corresp="d908323" ><head resp="#editor">Tagebucheintrag<date> 16.12.1829 </date></head><pb n="7"/><p>29 12 16<lb/>Ich habe mir die Zeit über den Kopf überfüllt, mit<lb/>Büchern zu durchsuchen für [unles.] Geschenke für mein<lb/>Enkel. Dies Geschäft taugt nicht mehr für meinen<lb/><rs ref="#i873943" type="object">alten Kopf</rs>: besonders wenn man brochierte Bücher</p><pb n="8"/><p>die nicht dürfen aufgeschnitten werden.<lb/>Zur Warnung sey es mir nichts mehr zu<lb/>wählen daß ich nicht erst lesen kann.<lb/>So lies ich mich irre führen durch den<lb/>sonst beliebten Namen <rs ref="#i873922" type="object">Pietis[m]us</rs>, den<lb/>ich für <rs ref="#i837045" type="person">Fritz P.</rs> wählte u als ich darin las<lb/>nicht als elende Geschichtchen fand. Ich will<lb/>trachten es zurückzugeben: ich schicke ihm<lb/>nun <rs ref="#i914410" type="book_etc">Asträa</rs> von von <rs ref="#i870057" type="person">A Tschoppe</rs> gebohrne<lb/>Weiße es ent[hält] 5 Geschichtchen wovon 3 artig<lb/>u unterhaltend sind besonders das Bewust-<lb/>seyn od Landrath Steinfeldt.<lb/>Für <rs ref="#i868031" type="person">Sophie Vischer</rs> von <rs ref="#i873838" type="object">Amalie Müller<lb/></rs>Für <rs ref="#i868141" type="person">Willhelm Preiswerkh</rs> <rs ref="#i873838" type="object">Rudolph von<lb/></rs>den noch ein artig Spiel samt 36 Leckerli<lb/><rs ref="#i836759" type="person">Maria P.</rs> lasse 2 Blumentopfchehen <del>kaufen</del> [?] u 36 Leckerlin [?]</p></div><div xml:id="d23412553" corresp="d908331" ><head resp="#editor">Tagebucheintrag<date> 22.12.1829 </date></head><pb n="9"/><p>1829 12 22<lb/>Heute haben wir den<rs ref="#i873950" type="object"> kürzesten Tag</rs> allso das<lb/>Jahr zurückgelegt: wie schon so manches glaubte<lb/>ich <rs ref="#i874141" type="object">das Letzte für mich</rs> zu seyn! Wie viel Gutes<lb/>schenkte mir Gott auch im verfloßnen Jahr.<lb/>Wie habe ich seine Wohlthaten benütz, bin ich dem<lb/>Guten, dem wahren christlichen Sinne nächer<lb/>gerückt, bin ich Gottes Gnade empfänglicher<lb/>geworden? O wie beschämt stehe ich wenn ich ohne<lb/>Schonung ins Vergangne u Gegenwärtige schaue:<lb/>wie oft haben Muthlosigkeit, Menschenfurcht u.<lb/>Mangel an Zutrauen zu Menschen u zu Gott, mich<lb/>an Verfolgung guter Zwecke <supplied>mich</supplied> zurück gehalten.<lb/><rs ref="#i873964" type="object">Kränkend</rs> fühle ich’s u gelobe es mit allen Kräften<lb/>in Zukunft gegen diese Fehler zu kämpfen.<lb/>Wie wenig sind der Tage auf die ich nur schwach<lb/>hoffen darf! Sollte das mich nicht ansporen „zu<lb/>wirken weil es noch Tage ist“! Gott verzeihe<lb/>mir meine Fehler u Schwachheiten u gebe mir<lb/>Krafft meines Lebens Ende noch gut zu benutzen!</p><pb n="10"/><p>Herzlich danke ich Gott für alles Gute so er<lb/>mir u den lieben Meinigen geschenkt: auch<lb/>hat mancher Unfall mich u sie betroffen, manches<lb/>Ungemach liegt noch auf den Meinigen! O möchten<lb/>sie diese zu ihrer Veredlung benützen, u für<lb/>deine so vielfachen Wohlthaten dir o Gott recht<lb/>dankbar seyn! Höre mein innigstes Gebeth <lb/>für sie, besonders erbarme dich der Unmündigen<lb/>die meinem Herzen so nache liegen u die deines<lb/>Schutzes so sehr bedürfen!</p></div><div xml:id="d23412554" corresp="d908339" ><head resp="#editor">Tagebucheintrag<date> 23.12.1829 </date></head><pb n="10"/><p>29 12 23<lb/>Ich habe gestern Abend mit <rs ref="#i873838" type="object">Betlin Häckler</rs>,<lb/>gesprochen, ich bin zufrieden u faße <rs ref="#i910653" type="object">Hoffnung</rs>;<lb/>sie scheint viel <rs ref="#i874090" type="object">gesunden Verstand</rs> u hiemit ein<lb/>richtiges Urtheil zu haben. Ihre schwärmerischen<lb/>Abweichungen machen mir nicht bange, sie<lb/>scheint viel davon abgekommen zu seyn, ich glaube<lb/>daß sie in <rs ref="#i873159" type="object">Hofwyl</rs> ins richtige Gleichgewicht kommen<lb/>würde. Es freut mich daß ihr <rs ref="#i869693" type="person">Wehrlin</rs>, den<lb/>sie in der Kleinkinderschule gesehn hat, wohl</p><pb n="11"/><p>gefiel, sie redte mit wahrer Freude von ihm.<lb/>Die Menschen welche sich in Schwärmerei veriren<lb/>scheinen mir etwas Vorzügliches zu haben, sie<lb/>fühlen in sich einen Drang dem das Altägliche u<lb/>Gemeine nicht genügt; hätten sie von Jugend auf<lb/>einen genügenden Unterricht erhalten, so hätten<lb/>sie sich auf keine Abwege begeben, kommen<lb/>sie durch Erkenntniß davon zurück, so halte ich<lb/>sie der gesunden Lehre sehr empfänglich.<lb/>Daß sie singt u Freude am Gesang hat ist<lb/>mir sehr lieb. Ich hoffe daß wenn sie meine<lb/>Vorschläge annimt, ich in meiner Familie Theil-<lb/>nehmerinen genug finden werde um sie in<lb/>Hofwyl ihre Lehrzeit machen zu lassen!</p></div><div xml:id="d23412555" corresp="d908347" ><head resp="#editor">Tagebucheintrag<date> 25.12.1829 </date></head><pb n="11"/><p>29 12 25<lb/>Ich habe die <rs ref="#i873950" type="object">Weihnächten</rs> stille doch im Gefühl der<lb/>Dankbarkeit zu Gott zugebracht. Ich las einige Büchelchen<lb/>durch um der Wittwe Niedrer <rs ref="#i873838" type="object">Kind</rs> zu geben<lb/>Ich hatte 2 vom „Verfaßer des armen Heinrichs“</p><pb n="12"/><p>sie gefallen mir weit nicht so gut als die Geschichtchen<lb/>von <rs ref="#i873838" type="object">Schmid</rs>, doch schienen sie mir für arme Kinder<lb/>zweckmässiger: ich wählte „<rs ref="#i873838" type="object">das Tintefaßen</rs> [?]“<lb/>Noch hatte von <rs ref="#i27035" type="person">Lavaters</rs> Nachlaß. Regeln für Kinder<lb/>d d Vorlesungen über die Geschichte<lb/><rs ref="#i914443" type="book_etc">Josephs<lb/></rs>d d Vermischte Lehren an seine Tochter<lb/><rs ref="#i914454" type="book_etc">Anna Louise</rs>.<lb/>Alles was von diesem Mann kömmt ist voll<lb/>Krafft u Leben, meine Seele ist ihm ganz ergeben.</p></div><div xml:id="d23412556" corresp="d908355" ><head resp="#editor">Zitat<date> 07.01.1830 </date></head><pb n="13"/><p>30 1 7<lb/>„<rs ref="#i914466" type="book_etc">Chr. Gottl. Blumhardt. Missionsgeschichten</rs>“<lb/>Dieses Buch von welchem ich den 1ten Bd. gelesen, hat<lb/>mich äusserst interessiert: schon lange hätte ich gerne<lb/>eine Kirchengeschichte gelesen; u hier fand ich was ähnliches.<lb/>Alles was ich bishin las, scheint mir so umsichtig, freisinnig<lb/>gedacht u geschrieben, daß man das Buch u den Verfaßer<lb/>lieb gewinnt. Mir war die geschichte der Apostel so an-<lb/>genehm, mir wars als ob mir theure Bekante aus<lb/>meinen Jugendjahre wieder vorgeführt würden; es ist<lb/>wahrlich so verfaßt daß es die Liebe zur christlichen<lb/>Religion bevestigen u stärken muß. Seite 503 sagt<lb/>er „Nicht daß die Apostel Jesu das, was die menschliche<lb/>Weisheit Wahres u Gutes für die sittliche Veredlung<lb/>der Menschen Natur verachtet u von sich gewiesen<lb/>hätten. Männer die es überal in den Gemeinen<lb/>Christi als eine Vorschrift des Herrn gelten zu machen<lb/>wußten „was wahrhaftig ist, was ehrbar, was gerecht,<lb/>was keusch ist, was irgend eine Tugend heißt u Lob<lb/>verdient, dem strebet nach.“ U die in ihren mündlichen<lb/>Vorträgen so wie in ihren Schriften, alles was wahr und<lb/>Gut ist dem Reiche Christi dienstbar gemacht haben</p><pb n="14"/><p>konnten unmöglich die geistigen u sittlichen Kräffte u        <lb/>Vorzüge gering achten u vernachlässigen, mit welchen<lb/>die väterliche Liebe Gottes die vernünftige u sittliche<lb/>Natur des Menschen ausgestattet hat.“</p></div><div xml:id="d23412557" corresp="d908363" ><head resp="#editor">Tagebucheintrag<date> 23.01.1830 </date></head><pb n="14"/><p>30 1 23<lb/>Ich las unterdessen die Geschichte „Kaiser Friedrichs<lb/>Barbarussa von <rs ref="#i914479" type="person">Jordan</rs>“ das Buch ist äusserst interessant<lb/>wohl geschrieben, kräftig, die schönen Züge des Helden<lb/>so gut aufgefaßt u dargestellt. Welch thatenreiches Leben<lb/>welche <rs ref="#i899058" type="object">Kraft bis ins Alter</rs>! Es kommen viele gräuliche<lb/>Schilderungen vor die das Herz zerreißen, doch hebt<lb/>sich der Held immer wieder hervor: er zeigt sich als<lb/>Krieger, nicht aus Ehrgeitz nicht aus Ruhmsucht,<lb/>man möchte fast sagen, aus Pflichtgefühl, zur<lb/>erhaltung der ihm übertragnen Rechte, ans [?] zur<lb/>Ordnung u zu dem was er für gerecht hielt.<lb/>Schade daß er seyn Ende so beschleunigte! Doch er starb<lb/>in spatem Alter, nach ungeheurer ausgeübter Thätig-<lb/>keit noch in der Blüthe der Kraft, wohl ihm daß er<lb/>die Schwächen des Alters nicht zu fühlen hatte!</p><pb n="15"/><p>Meine Unterhaltung mit <rs ref="#i873838" type="object">Betli Häckler</rs> schwebt mir noch<lb/>immer sonderbar vor: ich glaubte an ihr die Person zu finden<lb/>die zur Ausführung unsers <rs ref="#i874895" type="object">Projekts</rs> tauglich wäre;<lb/>bei den ersten Unterhaltungen schien sie über alles<lb/>so vernünftig aufzufaßen zu allem so geneigt, so freudig<lb/>aufassend, ich hoffte es werde sich alles thun lassen!<lb/>Als sie aber vor 8 Tagen wieder hier war, sah ich sie<lb/>verlegen, abgeneigt, sie sprach von ihrer Unenthschloßen-<lb/>heit von mangel des Lichts das Gott nicht gewähre u. d. g. <lb/>sie hätte den <rs ref="#i873838" type="object">Vater</rs> zur Entscheidung beruffen: dieser<lb/>mißrieth ihr die Sache: doch sey er ihr nicht entgigen;<lb/>u all. d. g.  Deutlich sah ich daß nicht der Vater sondern<lb/>Andre darhinter steckten auf all meine Vorstellungen<lb/>kam sie in Verwirung u sagte im Fortgehn, als ich sie<lb/>noch zum Nachdenken auffoderte „nein wenn ich eine<lb/>Sache nicht ghauscher finde, so wende ich mich davon weg“<lb/>Sie war ganz ergriffen u hastig, als ob sie froh wäre<lb/>eine Sache abgethan zu haben die gegen ihre Grundsätze<lb/>wäre. Es hat irgend ein Schwärmer diese Person<lb/>abwendig u unsre Grundsätze ihr verdächtig gemacht,<lb/>wie traurig! Ist das reines Christenthum?</p></div><div xml:id="d23412558" corresp="d908371" ><head resp="#editor">Tagebucheintrag<date> 28.01.1830 </date></head><pb n="16"/><p>30 1 28  <lb/>Beweise von Liebe u Zutrauen von Seite derer die<lb/>man liebt, sind das was einem liebenden Herzen am<lb/>wohlsten thut: das Gegentheil habe ich noch nicht gelernt<lb/>ohne Schmerz zu ertragen, ob ich gleich schon Vieles zu<lb/>tragen gelernt habe. Ich frage mich oft ob<lb/>ich <rs ref="#i873964" type="object">Veranlassung</rs> dazu gebe, u kann es doch nicht finden.</p></div><div xml:id="d23412559" corresp="d908379" ><head resp="#editor">Tagebucheintrag<date> 29.01.1830 </date></head><pb n="16"/><p>30 1 29<lb/>Heute ist der <rs ref="#i873950" type="object">Geburtstag</rs> meines mir in der Blüthe der<lb/>Jahren so schmerzlich entrißnen <rs ref="#i835771" type="person">Sohn’s</rs>, wie hätte ich ihn rühr-<lb/>ender feuren können als in dem ich sein, noch in Handen<lb/>habendes, <rs ref="#i874090" type="object">Tagebuch</rs> wieder durchlas! Welch edle, kindliche,<lb/>reine Seele spricht sich darin aus, wie viele Kämpfe<lb/>aller Art hatte der Gute in seinem kurzen Leben zu bestehen!<lb/>Nun ruhet er in Gottesschoos wohl ihm er hat überwunden.<lb/>Welch Wonnegefühl durchströmmt meine Seele beim Gedanken<lb/>diesen Guten in einer bessren Weld, verklärt wieder<lb/>zu finden! Die liebende Gottheit die solche Gefühle in mein<lb/>Herz gelegt, sollte sie nicht auch erfüllen? Mir scheint<lb/>dieser Glaube Gotteslästerung zu seyn: meine Hoffnung<lb/>bleibe vest u stärke mich in allem Guten u erfülle mich</p><pb n="17"/><p>ganz wenn einst meine <rs ref="#i874141" type="object">letzte Stunde schlägt</rs>! Mein<lb/>Gemüth ist seit einigen Tagen so <rs ref="#i910699" type="object">heiter</rs> u. ruhig: ist<lb/>dies vieleicht ein Vorbothe einer baldigen Auflösung?<lb/>Gottes Wille geschehe. Es hat mich so gefreut<lb/>die l Tochter<rs ref="#i835836" type="person"> Par.</rs> heute zu <rs ref="#i874148" type="object">sehen</rs> sie betragt sich so<lb/>liebend gegen mich, möge nur die allzu strenge<lb/><rs ref="#i884071" type="object">Witterung</rs> ihrer <rs ref="#i898746" type="object">Gesundheit</rs> nicht schaden! Gott lohne<lb/>ihre Liebe!</p></div><div xml:id="d23412560" corresp="d908387" ><head resp="#editor">Tagebucheintrag<date> 01.02.1830 </date></head><pb n="17"/><p>30 2 1<lb/>Ich habe nun die mir so theuren Hefte meines <rs ref="#i835771" type="person">Sohns sel.<lb/></rs>ausgelesen, mich ergriff es <rs ref="#i874029" type="object">zu sehen</rs> wie ähnlich seine<lb/>Grundsatze, seine Ansichten, sein ganzes Streben <del>mit</del> denen meines<lb/>sel. <rs ref="#i867825" type="person">Vaters</rs> waren, was wäre aus dem Guten geworden<lb/>wenn nicht die Last der zeitlichen <rs ref="#i910686" type="object">Sorgen</rs> für die ganze<lb/>Familie auf ihm gelegen u ihn endlich dahin gerißen <lb/>hätte! Er paßte nicht in seine Lage: wohl ihm daß<lb/>ihn Gott in eine bessere versetzt! Der Gedanke<lb/><rs ref="#i874141" type="object">jenseits</rs> einen solchen Vater u ein ihm ähnlichen Sohn<lb/>zu haben ist mehr werth als alle Schätze der Erde,<lb/>wie kann ich Gott genug dafür danken!</p></div><div xml:id="d23412561" corresp="d908395" ><head resp="#editor">Tagebucheintrag<date> 11.02.1830 </date></head><pb n="18"/><p>30 2 11<lb/>Ich habe vorgestern meinem Großkind <rs ref="#i836759" type="person">Marie<lb/>Preiswerkh</rs> auf ihr <rs ref="#i873852" type="object">B[rie]f </rs>geantwortet, dieser freute<lb/>mich, obgleich er schlecht geschrieben war, so zeigte<lb/>er mir daß das Mädchen gute Gefühle, u Liebe u<lb/>Anhänglichkeit an mich hat: ich benutzte ihre Äusser-<lb/>ungen um sie auf <rs ref="#i874045" type="object">ihre Fehler aufmerksam</rs> zu <lb/>machen, ermahnte sie Morgens u Abends sich<lb/>im Gebet an Gott zu wenden, sich dan an die <rs ref="#i914521" type="book_etc"><rs ref="#i914532" type="book_etc">Lieder<lb/></rs></rs>von <rs ref="#i869402" type="person">Geller[t]</rs> u <rs ref="#i27035" type="person">Lavater</rs> u der kleinen <rs ref="#i914545" type="book_etc">Gebete</rs> von [unles.]<lb/>zu erinnern u dem Sinn derselben nachzudenken.<lb/>Ich hoffe es auf eine liebreiche, ihr wohlthuende<lb/>Weise gethan zu haben! Mir gieng vom Herzen,<lb/>Gott gebe daß es ihr zu Herzen gieng u sie im<lb/>Guten stärke! Die Kinder so leichtsinnig sie<lb/>auch sind fühlen doch wer ihr wahres Wohl bezweckt,<lb/>dies sehe ich an diesen beiden <rs ref="#i836759" type="person"><rs ref="#i868141" type="person">Geschwister</rs></rs>: möchte<lb/>nicht Schmeichelei auf der einen Seite, u etwas<lb/>Härte auf der Andern sie irre leiten!</p><pb n="19"/><p>Ich lese nun d 2 Thl. von <rs ref="#i914560" type="person">Blumharts</rs> <rs ref="#i914466" type="book_etc">Missionsgeschichte</rs>,<lb/>es interessiert mich ausserordentlich: es ist mit<lb/>einer wahren religiosen und geschichtlichen Umsicht,<lb/>mit einer Hinweisung auf die Leitungen Gottes<lb/>zur civilisation des Menschengeschlechtes, die<lb/>erhebend u wohlthuend sind.</p></div><div xml:id="d23412562" corresp="d908403" ><head resp="#editor">Tagebucheintrag<date> 16.02.1830 </date></head><pb n="19"/><p>30 2 16<lb/>Ich fühle daß der <rs ref="#i884071" type="object">Winter</rs> meine <rs ref="#i873825" type="object">Kräfte</rs> sehr<lb/>vermindert hat, alles, so wenig es ist was ich mache<lb/><rs ref="#i910637" type="object">erschöpft</rs> mich: auch ist noch <rs ref="#i898746" type="object">Andres</rs> das mich kränkt<lb/>die gute Tochter <rs ref="#i868068" type="person">V.</rs> sehe ich leidend durch die fatale<lb/><rs ref="#i899128" type="object">Krankheit</rs> <rs ref="#i836381" type="person">Ed</rs>. u das kummerhafte das dessen <rs ref="#i836841" type="person">Vater<lb/></rs>davon hat: mögen die Leiden die Gott über sie ver-<lb/>hängt zu ihrem Wohl dienen das ist mein Gebet u<lb/>mein <rs ref="#i899009" type="object">Wunsch</rs>. Auch Tochter <rs ref="#i835836" type="person">Para</rs>. ist nicht wohl<lb/>u ihre <rs ref="#i868056" type="person">Tochter</rs> kränkelt das thut wehe sehr wehe,<lb/>doch müssen wir uns in Willen Gottes schicken.<lb/>Auch werde ich in meinen Absichten zur Gründung einer<lb/><rs ref="#i874895" type="object">Mädchen Anstalt</rs>, vielfach gehemmt, doch ich will den<lb/>Muth nicht sinken lassen; vieleich giebt Gott noch Hilfe.</p></div><div xml:id="d23412563" corresp="d908411" ><head resp="#editor">Tagebucheintrag<date> 04.02.1830 </date></head><pb n="20"/><p>30 2[?] 4<lb/>Wir haben einen furchtbar <rs ref="#i884071" type="object">kalten Winter</rs>,<lb/>seit Mitte November ist der Boden nie aufgefroren<lb/>bis Heute die letzten Tage hatten wir 18–20 Grad<lb/>unter dem gefrier Punkt, heute um 1 Grad weniger.<lb/>Es schaudert einem für die <rs ref="#i874226" type="object">Armen</rs> die nicht das<lb/>theure Holz bezahlen können und schlechte Wohnungen<lb/>haben: doch Gott sey Dank daß man nun in<lb/>der Statt gute <rs ref="#i914600" type="object">Anstalten</rs> getroffen um das Elend<lb/>zu mildern. Mir ist leichter seit dem ich das<lb/>weis u auch meinen Beitrag <rs ref="#i914592" type="object">spenden</rs> konnte.<lb/>Ich glaube gethan zu haben was ich sollte: man<lb/>muß in solchen Zeiten nicht karg sein sondern<lb/>spenden was man in andern Zeiten sorgsam <lb/>erspart hat. Ich freue mich jetzt manche Aus-.<lb/>gabe mir versagt zu haben u nun ohne Sorge<lb/>geben zu können. Solche Zeiten, so hart sie sind<lb/>haben auch ihr gutes sie sind belehrend  für Arme<lb/>u Wohlhabende.</p></div><div xml:id="d23412564" corresp="d908419" ><head resp="#editor">Tagebucheintrag<date> 22.02.1830 </date></head><pb n="21"/><p>30 2 22<lb/>Mir ist seit mehrern Tagen <rs ref="#i873845" type="object">nicht wohl</rs>: ich bin zu Allem<lb/>untüchtig, habe weder Lust zum Essen noch zum<lb/>Arbeiten, habe <rs ref="#i873825" type="object">Glieder u Kopfschmerzen</rs>. Doch ich sehe<lb/>daß Aufmunterung mir Noth thut. Diesen Nach-<lb/>mittag kam Tochter <rs ref="#i835836" type="person">Pa</rs>. <rs ref="#i874148" type="object">zu mir</rs>, ich erwartete<lb/>sie nicht weil sie des Abends Gesellschaft hat,<lb/>desto mehr freute mich ihr Besuch, ihre Liebe <lb/>thut mir so wohl: mir ist seither viel <rs ref="#i910699" type="object">heitrer</rs>.</p></div><div xml:id="d23412565" corresp="d908427" ><head resp="#editor">Tagebucheintrag<date> 23.02.1830 </date></head><pb n="21"/><p>30 3 22<lb/>Einen ganzen Monath bin ich nicht zum <rs ref="#i873831" type="object">Schreiben<lb/></rs>gekommen: mancherlei <rs ref="#i873915" type="object">Hausgeschäfte</rs> so wie Waschen [?]<lb/>Gibsen des Hauses u Änderung der Köchin nahmen<lb/>meine <rs ref="#i873825" type="object">schwach Kräfte</rs> so ganz in Anspruch u ermüde[te]<lb/>meine <rs ref="#i914348" type="object">krüpelte Hand</rs> daß sie immer stark zitterte.<lb/>Doch Gott sey Dank konnte ich das manches Wiedrige<lb/>u Mühsame ruhig u zimlich heiter tragen.<lb/>Auch frohes ward mir beschert: die <rs ref="#i873950" type="object">Verlobung</rs> meiner<lb/>Enkelin <rs ref="#i868031" type="person">So. Vischer</rs> mit<rs ref="#i868759" type="person"> H Burkard</rs> den man mir<lb/>als einen vorzüglichen Mann schildert freut mich herzlich</p><pb n="22"/><p>meiner Enkelin <rs ref="#i868044" type="person">Geige P.</rs> ward ein <rs ref="#i836402" type="person">Knab</rs> <rs ref="#i892101" type="object">gebohren<lb/></rs>den sie sehnlich wünschte, Gott sey für alles gedankt!<lb/>Doch Anders that meinem <rs ref="#i898746" type="object">Herzen wehe</rs>!</p></div><div xml:id="d23412566" corresp="d908435" ><head resp="#editor">Tagebucheintrag<date> 24.03.1830 </date></head><pb n="22"/><p>30 3 24<lb/>Nun <rs ref="#i898746" type="object">stört</rs> ein unvermutheter Zufall meine Ruhe<lb/>die <rs ref="#i835806" type="person">Wittwe</rs> meines ältern geliebten unvergeßlichen<lb/><rs ref="#i835771" type="person">Sohns</rs>, liegt an einem hitzigen <rs ref="#i899128" type="object">Gallenfieber</rs> sehr<lb/>krank darnieder: wie viele wehmüthigen Erinner-<lb/>ungen weckt das in mir auf! Gott leite die<lb/>Sache nach seinem Wohlgefallen.</p></div><div xml:id="d23412567" corresp="d908443" ><head resp="#editor">Tagebucheintrag<date> 02.04.1830 </date></head><pb n="22"/><p>30 4 2<lb/>Meine angstliche <rs ref="#i910686" type="object">Besorgniß</rs> war leider nur zu<lb/>gegründet: nach dem ich von der lieben <rs ref="#i835806" type="person">Kranken<lb/></rs>immer den Bericht erhielt „der <rs ref="#i870117" type="person">Arzt</rs> finde sie nicht<lb/>gefährlich die Krankheit gehe ihren Gang, nur<lb/>soll Niemand zu ihr kommen, sie müße ganz stille seyn“<lb/>Ich blieb <rs ref="#i898746" type="object">ängstlich</rs> zu Hause um nicht beschwerlich zu fallen.<lb/>Wie michs aber ergriff als man mir Samstag<lb/>d[en] 27ten gegen 12 Uhr sagen lies, wenn ich Fr. <rs ref="#i835806" type="person">P</rs> noch<lb/>sehn möchte sollte ich eilen sie liege in Enden!<lb/>Welch trauriger Anblick! Die einte Tochter <rs ref="#i867913" type="person">Fr Hoffmann<lb/></rs>die stündlich ihre <rs ref="#i892101" type="object">Niederkunft</rs> <rs ref="#i836415" type="person">erwartet</rs>, u die man</p><pb n="23"/><p>wie mich zurückgehalten die Kranke zu <rs ref="#i874148" type="object">besuchen</rs>, war jammer<lb/>erschüttert u zerbrach mir fast das Herz! Der L Dtr<lb/><rs ref="#i869484" type="person">H. Hagenbach</rs>, den <rs ref="#i870117" type="person">Stückelberger</rs> erst um 10 Uhr Morgens<lb/>begehren lies, kam bald nach mir zum ersten <lb/>Mal u erklärte daß nichts mehr zu helfen sey:<lb/>man lies gleich die L Tochter<rs ref="#i868044" type="person"> Fr Geyge</rs> die seit 3 Wochen<lb/><rs ref="#i836402" type="person">Kindbeterin</rs> war, abholen, sie traf <rs ref="#i835806" type="person">sie</rs> noch athmend<lb/>aber sonst ohne Lebenszeichen: wie traurig!<lb/>Halb 2 Uhr that sie den <rs ref="#i873880" type="object">letzten Athemzug</rs>.<lb/>Wie schmerzlich ein so frisches noch junges Leben<lb/>so geschwind dahin schwinden zu sehen! Sie war<lb/>die gesündeste, stärkste in meiner u auch in ihrer<lb/>Familie! Es war die Schickung Gottes, wir wollen<lb/>uns ihre in Geduld unterwerfen: doch es schmerz<lb/>mich tief u ich mache mir Vorwürfe daß ich mich<lb/>zurück schüchtern lies, u nicht daran trieb früher<lb/>einen 2ten Arzt zu nehmen, den ich besorge St. Starr-<lb/>kopf u seine hitzenden Arzneien haben sie getötet.</p><pb n="24"/><p>Doch auch das war Gottes Zulassung unter seinen<lb/>Schutz wollen wir uns begeben Er wird alles zum<lb/>Besten leiten. Ich bin erschöpft u matt, doch<lb/>verlieh mir Gott noch die Kraft Sontag, am Palmtag<lb/>d[en] 4 April zum heil <rs ref="#i873922" type="object">Nachtmal</rs> zu gehen, für diese<lb/>Wohlthat u für alles Gute bin ich dankbar u werde<lb/>nach allen Kräften dem Besten nachstreben.</p></div><div xml:id="d23412568" corresp="d908451" ><head resp="#editor">Tagebucheintrag<date> 07.04.1830 </date></head><pb n="24"/><p>30 4 7<lb/>Es geht meinen Großtöchtern gut, ich habe <rs ref="#i836431" type="person"><rs ref="#i836446" type="person">F. H.<lb/></rs></rs>gestern <rs ref="#i874148" type="object">besucht</rs>: ihre Stimung freut ich hoffe die-<lb/>ses empfindliche Leiden werde einen sehr guten Eindruck<lb/>auf ihr gemüth machen! Gott gebe es! Sie sagte<lb/>sie gehe Abends zu ihrer <rs ref="#i836431" type="person"><rs ref="#i836446" type="person">Schwester</rs></rs>, sie wollten<lb/>zusamen eine Predigt von <rs ref="#i868214" type="person">H Hagenbach</rs> lesen; es<lb/>ist ein großer Vorzug solch einen gebildeten Mann<lb/>in einer Familie zu haben, wie viele Aufmunterung<lb/>u Anleitung kann nicht von ihm herkommen! Ich habe<lb/>nun mehrere von ihm gelesen: heute eine auf<lb/>den Charfreitag, sie gefiel mir sehr, sie hebt sich</p><pb n="25"/><p>ganz aus dem gewöhnlichen Schlendrian heraus ohne<lb/>weniger <rs ref="#i873922" type="object">evangelisch</rs> zu seyn ist sie sehr lehrreich,<lb/>das Gesagte ist anwendbar u erhebend.<lb/>Gestern las ich eine (über die allgemeine<lb/>christliche Kirche) sie ist recht gut: doch scheint<lb/>er hätte manch erhebendes sagen können, den<lb/>mir scheint imer der Gedanke an die allg. Christliche-<lb/>kirche für den fühlenden Menschen so erhebend! Mir<lb/>gefiel immer so wohl was in Stillings Jugendjahre<lb/>der alte Großvater davon sagt: doch das gehort<lb/>mehr zum folgenden Artickel „Gemeinschaft der<lb/>Heiligen“. Mir schien ich hätte in meiner Jugen[d]<lb/>weit schönere Bilder in den Predigten gefunden besonders<lb/>im Massillon, ich wollte ihn suchen wurde darüber<lb/>so müde daß ich’s bleiben lies u dachte es gehe mir <lb/>vieleicht wie mit manchem Andern das mir vor 50 Jahren<lb/>sehr wohl gefiel jetzt aber schmacklos vorkömmt</p></div><div xml:id="d23412569" corresp="d908459" ><head resp="#editor">Tagebucheintrag<date> 09.04.1830 </date></head><pb n="26"/><p>30 4 9<lb/>Ich habe gestern wied. eine <rs ref="#i914660" type="book_etc">Predig</rs> von <rs ref="#i868214" type="person">Hag</rs>.<lb/>gelesen über die Worte am Kreutz „mein Gott<lb/>warum hast du mich verlassen“ sie gefiel mir<lb/>nicht sie schien mir beunruhigend u hergesucht:<lb/>mir scheint man müsse diesen Worten einen ganz <lb/>andern Sinn beilegen. Mußte nicht <rs ref="#i873922" type="object">Christus</rs> dem<lb/>Menschen in allem ähnlich seyn ausgenommen der<lb/>Sünde? In dieser seiner wirklichen Menschen [unles.]<lb/>mußte seyn Leiden auch menschlich bis zum höchsten<lb/>Grade steigen u. dadurch auch mußte er uns<lb/>ein Vorbild werden, u zeigen daß wenn wir uns<lb/>von Gott verlassen glauben und uns doch nicht von<lb/>ihm wenden, wir bald von ihm gestärkt u mit<lb/>Christus ausruffen können „Vater in deine Hände<lb/>befehle ich meinen Geist!“ wäre uns Christus nicht<lb/><supplied>nicht</supplied> so rein Menschlich vorgestellt, wie könnte <lb/>er uns in allen Lagen ein so edles Vorbild seyn?</p></div><div xml:id="d23412570" corresp="d908467" ><head resp="#editor">Tagebucheintrag<date> 11.04.1830 </date></head><pb n="27"/><p>30 4 11 [?]<lb/>Heute als an dem <rs ref="#i873950" type="object">Osterfest</rs> habe ich meine Andacht<lb/>bei Hause gehalten, da mein <rs ref="#i873825" type="object">schwaches Gehor</rs> mir das<lb/>Kirchengehn unnütz macht: ich habe 2 <rs ref="#i873922" type="object">Predikten</rs> eine<lb/>von <rs ref="#i868214" type="person">Hag</rs>. die andre von <rs ref="#i870208" type="person">Tschirner</rs>, gelesen. Beide<lb/>enthalten viel Gutes u Schönes, doch machte die<lb/>Letzte einen erhebendern Eindruck auf <del>mich</del>, es sind<lb/>weit schönere kräftigere Bilder darinen: hier<lb/>spricht der gereifte kräftige Mann, dort der<lb/>noch suchende zuweilen auch anmaßende Jüngling.<lb/>Bei Anlaß der Osterpredigten ist mir der<lb/>Gedanke wieder gekommen: daß Christus nicht<lb/>durch seine Auferstehen allein, sondern auch durch<lb/>sein Leben u Leiden ein Beweis der menschlichen<lb/>Unsterblichkeit war. Wie wäre ohne denselben feste<lb/>Überzeugung ein solches göttliche Leben u Leiden je<lb/>denkbar! – Ich habe auch die <rs ref="#i914680" type="book_etc">Theotima<lb/></rs>vom Verfaßer od Samler der <rs ref="#i898980" type="book_etc">Theomela</rs> durchgegangen<lb/>ich finde manch Schönes darin allein ich kann mich</p><pb n="28"/><p>empfindelnden spielenden Ton der darin vor-<lb/>herrscht nicht gewohnen er stößt mich zurück<lb/>die Theomela ist ganz anders besonders der<lb/>erste Theil.</p></div><div xml:id="d23412571" corresp="d908475" ><head resp="#editor">Tagebucheintrag<date> 19.04.1830 </date></head><pb n="28"/><p>30 4 19<lb/>Mein ganzes Wesen ist so <rs ref="#i910645" type="object">zerschlagen</rs> noch von dem<lb/><rs ref="#i873929" type="object">Unglücksfall</rs> den wir <rs ref="#i898746" type="object">erlitten</rs> auch von denen so nun<lb/>andre erleiden, das mir alles so düster vorkömmt<lb/>u ich an nichts Freude habe. Daneben ist nun meine<lb/>Hoffnung eine Person zur Führung meiner <rs ref="#i874895" type="object">Anstalt<lb/></rs>gefunden zu haben fast ganz geschwunden, und<lb/>zwei von den Frauen die mir ihre Beihilfe versprachen<lb/>sind wieder zurückgetreten, die eine wegen<lb/><rs ref="#i899128" type="object">schwächlicher Gesundheit</rs>, die Andre weil sie sich<lb/>der Frömelei ergiebt u unser Beginen nicht<lb/>ganz in ihrem Sinn ist; ich stehe wieder ohne<lb/>genugsame Stützen da: wie ists möglich daß<lb/>mein Vorhaben für nicht ächt christlich gehalten<lb/>werde? Ich begreiffe es nicht. Andre Grundsätze<lb/>als die so ich habe werde ich nie vorheücheln: so mir<lb/>Niemand beistehn will so muß ich die Sache aufgeben</p><pb n="29"/><p>u auf andre Weise so viel Gutes thun als ich kann,<lb/>Aber beim gewöhnlichen Allmosen geben finde ich<lb/>nur wenig Befriedigung: da je mehr <rs ref="#i914592" type="object">gespendet<lb/></rs>wird je nachlässiger, träger u unbehilflich werden<lb/>die <rs ref="#i874226" type="object">Armen</rs>, man trägt mehr zu ihrer Erniedrigung<lb/>als zu ihrem wahren Wohl bei. <rs ref="#i874045" type="object">Erziehung</rs> zu<lb/>Thätigkeit u Frömmigkeit finde ich die größte<lb/>Wohlthat. Vieleicht finde ich doch noch Hilfs-<lb/>mittel ich will nicht müde werden u Gott um seinen<lb/>Schutz flehen. Ich habe diesen Morgen <rs ref="#i868141" type="person"><rs ref="#i868154" type="person">Willi<lb/></rs></rs>geschrieben ich hoffe durch meinen Brief gute Gefühle<lb/>in ihm erregt zu haben. Das gebe Gott!</p></div><div xml:id="d23412572" corresp="d908483" ><head resp="#editor">Tagebucheintrag<date> 20.04.1830 </date></head><pb n="29"/><p>23 4 20<lb/>Ich komme von einem <rs ref="#i874148" type="object">Besuch</rs> zurück von dem ich noch<lb/>sehr gerührt bin: gestern Abend <rs ref="#i873880" type="object">starb</rs> plötzlich<lb/>der <rs ref="#i868777" type="person">H Geygi</rs> Vater, der <rs ref="#i836461" type="person">Schwiegervater</rs> meiner<lb/><rs ref="#i868044" type="person">GßTochter</rs>; ich hatte den Mann nur oberflächlich<lb/>gekannt auch nie Bedeutendes von ihm gehört: aber<lb/>die tiefe rührende <rs ref="#i873929" type="object">Trauer</rs> in der ich die Seinen<lb/>fand, beweis<supplied>en</supplied> mir daß er ein guter liebenswür-<lb/>diger Mann gewesen seyn muß. Die herzliche</p><pb n="30"/><p>Wehmuth meiner GßTochter die erst <rs ref="#i873880" type="object">vor 3 Wochen<lb/></rs>ihre <rs ref="#i835806" type="person">Mutter</rs> verlohr, so wie ihr Mann schwammen<lb/>in Thränen; solche Bilder edler tiefer Trauer <lb/>sind selten! Ich bin ganz davon ergriffen!<lb/>So sterben ohne den Tod zu fühlen! So bewäint<lb/>zu werden o das ist beneidenswerth!</p></div><div xml:id="d23412573" corresp="d908491" ><head resp="#editor">Tagebucheintrag<date> 23.04.1830 </date></head><pb n="30"/><p>30 4 23<lb/><rs ref="#i873880" type="object">Obige Begebenheit</rs> hat mich noch viel beschäftigt, wie<lb/>verschieden sind die Schicksale der Menschen, wie<lb/>ruhig ist dieser <rs ref="#i836461" type="person">Mann</rs> durchs Leben gegangen!<lb/>Eine verstandige <rs ref="#i874090" type="object">geistreiche</rs> <rs ref="#i836473" type="person">Frau</rs> die aufs trefflichste<lb/>dem Hauswesen u Kinderzucht vorstand; acht<lb/>hoffnungsvolle gebildete Kinder wovon viere aufs<lb/>erwünschteste verheurathet, versüssen ihm das<lb/>Leben: von diesen wird er abgeruffen ohne<lb/>Leiden ohne Spur des Todes. O Gott wenn ich mein<lb/>Schicksal dagegen stelle! Welche Prüffungen, welche<lb/>Verlurste von denen die mir am liebsten waren,<lb/>doch ich bin getrost auch der Allgütige Gott hat mein<lb/>Schicksal geordnet.<lb/>Den 23 Nachmittag kam GßTochter <rs ref="#i867913" type="person">Hoffmann</rs> mit<lb/>einem <rs ref="#i836415" type="person">Knaben</rs> nieder: möge das Kind zum</p><pb n="31"/><p>Seegen der Eltern aufwachsen!</p></div><div xml:id="d23412574" corresp="d908499" ><head resp="#editor">Zitat<date> 03.05.1830 </date></head><pb n="31"/><p>30 5 3<lb/>Genieset weislich froh was Gottes Gütigkeit<lb/>In reichem Maaße Euch beschieden<lb/><supplied>[unleserlich] Euch selbst [unleserlich] Freud</supplied> <del>Glück u Zufriedenheit</del>!<lb/><supplied>[unleserlich]</supplied> <del>O dan bewahrt Ihr Euch</del> den innern Seelenfrieden.</p></div><div xml:id="d23412575" corresp="d908507" ><head resp="#editor">Tagebucheintrag<date> 12.05.1830 </date></head><pb n="31"/><p>30 5 12<lb/><rs ref="#i873838" type="object">Amalie Schafter</rs>, die wir willens wären<lb/>nach <rs ref="#i873159" type="object">Hofwyll</rs> zu thun um sie zu einer Verwalterin<lb/>unsrer vorzuhabenden <rs ref="#i874895" type="object">Mädchen Anstalt</rs> bilden<lb/>zu lassen, macht uns allerlei Schwierigkeiten,<lb/>sie will sich auf keine Weise binden lassen.<lb/>Swster <rs ref="#i837033" type="person">Esther</rs> u <rs ref="#i873838" type="object">Ad.</rs> sind darüber ärgerlich<lb/>u möchten von ihr abstehen. Ich bin nicht<lb/>der Meinung u glaube ihr Wunsch nicht gebunden<lb/>zu seyn käme von ihrem Verlangen, als <rs ref="#i873866" type="object">Mission<lb/></rs>zu ihrem <rs ref="#i873838" type="object">Bruder</rs> od sonst wo in gleicher Angelegen-<lb/>heit zu kommen; nun haben wir uns entschloßen<lb/>die Unkösten zu wagen auf Gefahr daß sie</p><pb n="32"/><p>auch den Entschluß nehme nach Ostindien zu<lb/>ihrem Bruder zu gehen! Weil wir glauben<lb/>ihre Bildung werde statt uns doch anders<lb/>wo nützen; wir bewilligten ihr die Freiheit<lb/>diesen Ruff anzunehmen ohne uns den<lb/>Kosten Ersatz vorzubehalten: nun begehrt sie die<lb/>Freiheit gegen Ersatz unsrer Kösten nach dem<lb/>Austrit von Hofw. einen andern als den von uns<lb/>vorgeschlagenen Platz anzunehmen: nur im Fall<lb/>wenn sich einer vorzeigte den sie als einen besonderen<lb/>Ruff Gottes ansehen müßte“  Ich glaube diese<lb/>Erklarung komme aus ihren besonderen Religions-<lb/>begriffen, welche ich nicht tadeln will.<lb/>Nun wenn wir mit ihr abbrechen finden wir leicht<lb/>eine andre Person zu welcher wir gleiches Zutrauen<lb/>haben können? Wir suchen nun seit 3 Jahren<lb/>vergeblich: und fänden wir eine, würde sie nicht<lb/>die Versicherung begehren, nach ihrem Aufenthalt<lb/>in Hofwyl von uns angestellt zu werden?</p><pb n="33"/><p>Und könnten wir diese geben, sind wir nicht so<lb/>weit entfernt unsern Plan sicher ausführen<lb/>zu können!  Die Schaffter misfällt durch eine<lb/>gewiße Anspruchsvolle <supplied>voll</supplied> Art ihres Wesens:<lb/>würde eine Andre (wenn wir eine finden sollten) nicht<lb/>auch ihre Fehler haben?<lb/>Ich für mein Theil denk fast wie die Sch.[?] und<lb/>sage unsre Entschließung ist wohlgemeint, es kann<lb/>in keinem Fall nichts Böses daraus entstehen<lb/>u glaube daß wenn unsre Sache gerathen soll<lb/>es der L Gott so leiten wird daß die S. zu uns<lb/>kommen werde. Ich finde auf keinem and Weg<lb/>nur die geringste Hoffnung sie ausführen zu<lb/>können, besonders da wir jetz noch nichts ent-<lb/>scheiden können. Da die Sch. auf Johanni ihren<lb/>Platz aufgekündet können wir <supplied>sie</supplied> noch zurücktreten<lb/>[xxx]</p><pb n="34"/><p>deswegen durfte ich sie nicht wiederlegen u mußte<lb/>ihr nachgeben. Gestern mußte ich der Schaffter<lb/>zu meinem innigsten Schmerz den <rs ref="#i873901" type="object">Abschied</rs> geben.<lb/>Auch da gefiel sie mir wohl: ich hoffe sie habe<lb/>mich verstanden, u wer weis ob nicht in der Folge<lb/>noch wieder anzuknüpfen wäre! Doch was<lb/>kann ich hoffen, was wünschen! Meine <rs ref="#i873825" type="object">Gesundheit<lb/></rs>ist wieder sehr <rs ref="#i910637" type="object">erschöpft</rs>; das viele Leiden nahe<lb/>u ferne greift mich an, ich sehne mich herzlich<lb/>mich zur <rs ref="#i874141" type="object">ewigen Ruhe</rs> zu legen u raffe meine<lb/>Kräfte zusamen alles in Ordnung zu bringen um<lb/>den lieben Meinigen bei meinem Hingang, so wenig<lb/>Sorgen als möglich zu machen. Daneben<lb/>danke ich Gott für so vielfaches Gute das er mich<lb/>noch geniesen läßt; die liebe Tochter<rs ref="#i868068" type="person"> V.</rs> sehe<lb/>ich über die glückliche <rs ref="#i891654" type="object">Verbindung</rs> ihrer <rs ref="#i868031" type="person">Tochter<lb/></rs>sehr vergnügt, auch ich bin es u hoffe sie werde<lb/>sehr glücklich werden!<lb/>[xxx]</p><pb n="35"/><p>die „Vorlesungen von <rs ref="#i869834" type="person">J. G. Müller</rs> über den<lb/><rs ref="#i914786" type="book_etc">Glauben der Christen</rs>“ ein vortreffliches<lb/>Buch, wie es mir aus dem Herzen spricht, wie<lb/>es meine eignen dunklen Gedanken so klar<lb/>und liebreich darstellt! Hier ist wahres <rs ref="#i873922" type="object">Chri-<lb/>stenthum</rs>, reiner fester Glaube frei von allem<lb/>Aberglaube! Wenn ich mir die Seeligkeit der<lb/>künftigen Weld denken will, so stelle ich mir<lb/>die ungetrübte Gemeinschaft mit solchen reinen<lb/>Seelen vor, u mein Herz zerfließt in Wonne.<lb/>Ich gedenke des Wahlspruchs meines sel. <rs ref="#i867825" type="person">Vaters<lb/></rs>„in so fern Gott erhabner u liebender ist,<lb/>als wir schwachen Sterblichen, in so fern wird<lb/>auch unsre künftige Seeligkeit größer seyn<lb/>als wirs uns denken können.“</p></div><div xml:id="d23412576" corresp="d908515" ><head resp="#editor">Tagebucheintrag<date> 08.06.1830 </date></head><pb n="35"/><p>30 6 8<lb/>Meine GßT. <rs ref="#i868056" type="person">Thurneise</rs> samt <rs ref="#i836966" type="person">H. T.</rs> der nun für 8 Tag<lb/>zum Militaire muß, <del>ist</del> <rs ref="#i874148" type="object">bei mir</rs>; es freut mich sehr<lb/>daß sie gerne hier sind auch daß sie sich äusserst<lb/>lieben, nur <rs ref="#i898746" type="object">schmerzt</rs> es mich daß sie beide, besonders<lb/>Sophie, eine schwächliche Gesundheit haben. Mögen sie sich</p><pb n="36"/><p>erholen u der l. Gott sie mit Kindern beglücken.<lb/>Ich unterhielt mich gestern mit Sophie, und sprach ihr<lb/>viel über mein <rs ref="#i874895" type="object">Projekt</rs>, das nun zu meinem Leid<lb/>zu scheitern scheint: sie schien anfangs eher dagegen<lb/>nach meiner nächern Erklärung faßte sie die Sache<lb/>so gut auf u sprach darüber so ganz wie aus meinem <lb/>Herzen; mir war dabei so leicht wie einem Wandrer<lb/>der nach schwüllen Tagen u hartem Gewitter, vom<lb/>Regen erquikt, u durch die letzten Strahlen der<lb/>Sonne, lieblich beleuchtete Landschaft erfreut sich<lb/>wieder wie <rs ref="#i910699" type="object">neu gebohren</rs> fühlt. Ich freute mich<lb/>von ganzer Seele über ihre herzlichen Äusserungen<lb/>u dankte Gott.</p></div><div xml:id="d23412577" corresp="d908523" ><head resp="#editor">Tagebucheintrag<date> 14.06.1830 </date></head><pb n="36"/><p>Nun ist die liebe <rs ref="#i868056" type="person">Sophie</rs> seit 2 Tagen <rs ref="#i873901" type="object">weg</rs> von mir,<lb/>es ist leer u einsam um mich her. Möchte nur<lb/>die Gute nicht so <rs ref="#i874090" type="object">angegriffen</rs> und leidend auch am<lb/>Gemüthe seyn! Einige ihrer Äusserungen giengen<lb/>mir tief zu Herzen – sie könnte so glücklich seyn,<lb/>sie lieben sich Beide so herzlich! – O möchte nur</p><pb n="37"/><p>mehr Ruhe in ihr Wesen kommen! Sie spricht<lb/>über alles so vernünftig, hat so gute religiose<lb/>Grundsätze daß ihr wenig zu sagen ist; das<lb/>Übel komt meist von körperlicher Schwäche.<lb/>Mögen meine Ermahnungen sie etwas erheitert<lb/>haben! Ich flehe zu Gott für ihre Besserung!<lb/>Es ist so Manches das meine Herz <rs ref="#i910645" type="object">beschwert</rs> –<lb/>meine gßTochter <rs ref="#i867913" type="person">Hoffmann</rs> liegt gefährlich <rs ref="#i899128" type="object">krank<lb/></rs>u mir bangt sie mochte ihrer <rs ref="#i835806" type="person">Mutter</rs> nur zu bald <lb/>folgen: ihre 4 <rs ref="#i836415" type="person"><rs ref="#i836507" type="person"><rs ref="#i836526" type="person"><rs ref="#i868273" type="person">Kinder</rs></rs></rs></rs> liegen mir schwer am Herzen –<lb/>doch Gott wird geben was gut ist, ich will ihm<lb/>vertraun. Ich selbst bin <rs ref="#i873825" type="object">mat und erschöpft<lb/></rs>jedes Geschäft ist mir zu mühsam die Besorgung<lb/>meines <rs ref="#i873915" type="object">Gütchens</rs> giebt mir wenig Befriedigung<lb/>mehr seit dem ich fast alle Aussich verlohren<lb/>habe mein Projekt auszuführen. Ich bin mat<lb/>u fast <rs ref="#i874141" type="object">lebenssatt</rs> u sehne mich nach einem andern<lb/>Leben, doch ich will meine Kräfte zusamen halten<lb/>u so lang Gott will sie üben so viel ich kann.</p></div><div xml:id="d23412578" corresp="d908531" ><head resp="#editor">Tagebucheintrag<date> 18.06.1830 </date></head><pb n="40"/><p>30 6[?] 18<lb/>Gottlab es geht meiner <rs ref="#i867913" type="person">GßTochter</rs> besser: möchte<lb/>es Gottes Wille seyn sie uns zu erhalten, und<lb/>diese <rs ref="#i873845" type="object">Krankheit</rs> ihr zum Frommen dienen!<lb/>Ich erhielt gestern einen <rs ref="#i873852" type="object">Brief</rs> von<rs ref="#i837045" type="person"> Fritz Pr<lb/></rs>der mich <rs ref="#i873894" type="object">freudig rührte</rs>, der gute Junge<lb/>fühlt daß ich’s herzlich mit ihm meine: o möchte<lb/>ich ihm künftig noch nützlich seyn können!</p></div><div xml:id="d23412579" corresp="d908539" ><head resp="#editor">Tagebucheintrag<date> 01.07.1830 </date></head><pb n="40"/><p>30 7 1<lb/>Den <rs ref="#i873852" type="object">Brief</rs> von <rs ref="#i837045" type="person">F. P.</rs> habe d[en] 25 Juny beantwortet<lb/>u ihn so viel möglich <rs ref="#i874045" type="object">angespornt</rs> u ihn meiner<lb/>Liebe versichert. Vor einigen Tagen erhielt<lb/>ich einen <rs ref="#i873852" type="object">Bf</rs> von <rs ref="#i873838" type="object">M. S.</rs> [?] aus <rs ref="#i873159" type="object">Straßburg</rs> samt einem<lb/>Andenken von ihrer Arbeit welches sie mir<lb/>durch Fr <rs ref="#i873838" type="object">Bischoff  Köst.</rs>[?] schickte, die mich fragen<lb/>läßt ob sie mich besuchen könne; dies freute mich,<lb/>weil mir scheint M. müsse meiner mit Liebe gedacht<lb/>haben: auch bin ich froh durch diese Fr manches zu <lb/>vernehmen das mir anliegt, ich bin über das <lb/>Institut noch nicht ganz befriedigt! Gebe Gott daß ich</p><pb n="41"/><p>mich irre! Gestern hatte ich den <rs ref="#i874148" type="object">Besuch</rs> von<lb/>Fr <rs ref="#i873838" type="object">Riggenbach L.</rs> die wegen der errichtung<lb/>einer Mädchen Schule in Rheinach mit mir sprach,<lb/>das Projekt vom dortigen Pfarrer aufgesetzt<lb/>scheint mir nicht passend, auch Fr R. u andere<lb/>Personen mit denen sie darüber gesprochen hat,<lb/>auch nicht, doch hofft sie der Pf. lasse sich eines<lb/>andern berichten u sagt Gutes von ihm. Die<lb/>Sache freut mich, ich muß darüber nachdenken<lb/>u ihrem Willen entsprechen bald zu ihr gehen<lb/>u trachten der Sache eine andre Wendung zu<lb/>geben: es könnte viel Gutes daraus für dies<lb/>verarmt Dorf u noch für manches Andre<lb/>entstehen. Da meine eignen <rs ref="#i874895" type="object">Projekte</rs> zu<lb/>scheitern zu scheinen so will ich so viel möglich<lb/>Andrer ihre so viel möglich zu unterstützen<lb/>suchen. Nach Fr R. L. hatte ich noch den <rs ref="#i874148" type="object">Besuch<lb/></rs>von <rs ref="#i873838" type="object">Legrand</rs> aus dem Reinthal, den ich seit mehr als</p><pb n="42"/><p>zwanzig Jahren nicht mehr gesehen: es freute<lb/>mich sehr, es lebt in dem Mann ein so warmer<lb/><rs ref="#i874090" type="object">Eifer</rs> für alles Gute, er ist mit seiner Lage,<lb/>mit dem Schicksal mit den Menschen, mit Gott<lb/>so zufrieden: wie thut das wohl!!</p><pb n="43"/><p>Von den Büchern die ich zur Einsicht hatte<lb/>wählte ich für <rs ref="#i868141" type="person">Willi Preiswe</rs>. Reinholds Rudolph 54 x [?]<lb/><rs ref="#i870057" type="person">Schoppe</rs> <rs ref="#i914410" type="book_etc">Asträa</rs> fr  2.20<lb/>für <rs ref="#i868031" type="person">S.V.</rs> Amalie Müller Bilder<lb/>des<rs ref="#i914864" type="book_etc"> Lebens</rs> 4.12.<lb/>für mich. Jahrs Predigten 1.20.<lb/>Piedis[m]us Menschenwerth 3.20.<lb/>[Seite 44 leer]</p><pb n="45"/><p>1829 Nov d[en] 16ten fing es an zu schneien u frieren<lb/>die Kälte stieg, bis am 18ten hatten wir 5 Grad<lb/>u bis d[en] 22 blieb sie gleich, die Luft war rein u hel.<lb/>D[en] 23 Thau <rs ref="#i884071" type="object">Wetter</rs> etwas Schnee<lb/>24 d d mehr Schnee.<lb/>Dec bis 5 immer des Nachts gefroren ohne Schnee<lb/>2 schone Tage sonst immer Nebel<lb/>6[,] 7 kälte bis 5 Grad hel ohne Schnee<lb/>11 bis Heute wie obe<lb/>1830 12 schön bis Nachmittag dan dichter Nebel<lb/>Jenner 19 seit dem hat die Kälte viel zugenommen<lb/>u am ersten Jenner stieg sie auf 16 [?] Grad<lb/>abwechselnd trübe u helle Tage. Unter [Null]<lb/>20 nur 2 Grad Kälte<lb/>22 Gestern u heute kaum gefroren zimlich hell.<lb/>Hornung 4 Bald nahm die Kälte wieder überhand<lb/>die letzten Tage hatte man 18–20 Gd unter [Null]<lb/>heute etwas weniger.</p></div><div xml:id="d23412545" corresp="d908547" ><head resp="#editor">Brief<date> Beilage Heft 27 </date></head><p>An meine l Sophie an ihrem<lb/>Geburtstag  1801</p><p>Lieblich glänzen diese Blumen<lb/>doch <supplied>ihr</supplied> die Zierd ist bald vorüber<lb/><supplied>Wie der Glanz von diesen Blumen  <lb/>So verstreicht der Zeiten Lauf:</supplied><lb/>Manche bringt uns künftig Saame;<lb/>Andre noch, wohlthätige Früchte;<lb/>Viele nagt schon früh <supplied>der Wurm</supplied> <del>die Raupe</del>.<lb/>Ihnen gleicht des Menschen Leben<lb/>Unmuth ist der Freude Wurm:<lb/>Aber jede frohe Stunde<lb/>Stärkt des Herzens edle Triebe<lb/>Nährt die frome heil’ge Liebe<lb/>Giebt zu jedem Guten Kraft.<lb/>Jede Wahrheit die du lernest,<lb/>Thätigkeit die du dir eignest,<lb/>Werden Stützen künft’ger Tage<lb/>Streuen Blumen um dich her<lb/>Möchten deine <supplied>künftigen Tage</supplied> <del>fernern Stunden</del><lb/>Immer froh zum Bessern streben!<lb/>Alle könne hell nicht seyn:</p><p>Mancher Sturm wird auch dich treffen<lb/>Liebe, o dan zage nicht!<lb/>Glaub an Kräfte in dir selbsten,<lb/>Glaub an Stärkungen von Oben,<lb/>Auch an edler Menschen Hilfe,<lb/>Bald zerstreut der Sturm sich wieder<lb/>Neue Sonne wird dir scheinen.<lb/>Jedes überstandne Leiden<lb/>Jede froh genoßne Stunde<lb/>Jede <supplied>froh</supplied> <del>treu</del> geübte Pflicht<lb/>Jeder heil’ge Wunsch des Herzens<lb/>Giebt ein Blümchen zu dem Strauße<lb/>der für Ewigkeiten blüht.</p></div>
       </body></text>
   </TEI>
    