<?xml version="1.0"?>
    <?xml-model href="http://www.tei-c.org/release/xml/tei/custom/schema/relaxng/tei_all.rng" type="application/xml" schematypens="http://relaxng.org/ns/structure/1.0"?>    
    <TEI xmlns="http://www.tei-c.org/ns/1.0" xml:id="d907703">
       <teiHeader>
          <fileDesc>
             <titleStmt>
                <title>Heft 25 (1827-1828)
                </title>
                <author>Anna Maria Preiswerk-Iselin</author>
             </titleStmt>
             <publicationStmt>
                <publisher xml:id="editor">Tagebücher Anna Maria Preiswerk-Iselin Projekt</publisher>
                <pubPlace>Basel</pubPlace>
                <date when="2022-03">March 2021</date>
                <availability>
                   <licence notBefore="2022-03-01" target="http://creativecommons.org/licenses/by-sa/4.0/">
                      <p>[...]</p>
                      <p>This work is licensed under a Creative Commons Attribution-ShareAlike 4.0 International License.</p>
                      <p> You are free to: <list>
                            <item> Share — copy and redistribute the material in any medium or format</item>
                            <item> Adapt — remix, transform, and build upon the material</item>
                         </list>
                      </p>
                      <p> Under the following terms: <list>
                            <item> Attribution — You must give appropriate credit, provide a link to the license, and indicate if changes were made. You
                               may do so in any reasonable manner, but not in any way that suggests the licensor endorses you or your use.</item>
                            <item> ShareAlike — If you remix, transform, or build upon the material, you must distribute your contributions under the same
                               license as the original.</item>
                            <item> No additional restrictions — You may not apply legal terms or technological measures that legally restrict others from
                               doing anything the license permits.</item>
                         </list>
                      </p>
                      <p>The licence was added on March first, 2022.</p>
                   </licence>
                </availability>
             </publicationStmt>
             <sourceDesc>
                <msDesc>
                   <msIdentifier>
                      <settlement>Basel</settlement>
                      <repository>Staatsarchiv</repository>
                      <idno>StABS PA 511 304-03-04</idno>
                      <msName>Heft 12 (1815-1816) - Anna Maria Preiswerk-Iselin </msName>
                   </msIdentifier>
                </msDesc>
    <listPerson><person xml:id="i868031"><persName>Sophia Burckhardt-Vischer</persName></person><person xml:id="i835836"><persName>Susanna Paravicini-Preiswerk</persName></person><person xml:id="i868068"><persName>Sophia Vischer-Preiswerk</persName></person><person xml:id="i869138"><persName>Karl Friedrich Becker</persName></person><person xml:id="i913686"><persName>Martin Luther</persName></person><person xml:id="i835852"><persName>Rudolf Paravicini-Preiswerk</persName></person><person xml:id="i867962"><persName>Rudolf Paravicini-Vischer</persName></person><person xml:id="i868056"><persName>Sophia Thurneysen-Paravicini</persName></person><person xml:id="i869556"><persName>Johann Gottfried von Herder-Flachsland</persName></person><person xml:id="i835771"><persName>Dietrich Preiswerk-Bischoff</persName></person><person xml:id="i870070"><persName>Gotthilf Heinrich von Schubert</persName></person><person xml:id="i869177"><persName>Charles Bonnet</persName></person><person xml:id="i869278"><persName>Jean-André Deluc</persName></person><person xml:id="i836966"><persName>Emil Thurneysen-Paravicini</persName></person><person xml:id="i870031"><persName>Johann Christoph Friedrich von Schmid</persName></person><person xml:id="i869675"><persName>Johann Paul Friedrich Richter</persName></person><person xml:id="i837084"><persName>Helena Iselin-Iselin</persName></person><person xml:id="i837142"><persName>Isaac Iselin-Roulet</persName></person><person xml:id="i836759"><persName>Anna Maria Burckhardt-La Roche-Preiswerk</persName></person><person xml:id="i868141"><persName>Wilhelm Preiswerk</persName></person><person xml:id="i835869"><persName>Lux</persName></person><person xml:id="i867849"><persName>Eleonore Juliana Visher-Legrand</persName></person><person xml:id="i867864"><persName>Wilhelm Vischer-Legrand</persName></person><person xml:id="i869265"><persName>Julie Delafaye-Brehier</persName></person></listPerson><listObject><object xml:id="i873831" type="tag"><objectIdentifier><objectName>Selbstzeugnis schreiben</objectName></objectIdentifier></object><object xml:id="i874141" type="tag"><objectIdentifier><objectName>Gedanken über den Tod</objectName></objectIdentifier></object><object xml:id="i910637" type="tag"><objectIdentifier><objectName>Erschöpfung</objectName></objectIdentifier></object><object xml:id="i873825" type="tag"><objectIdentifier><objectName>Altersgebrechen</objectName></objectIdentifier></object><object xml:id="i873922" type="tag"><objectIdentifier><objectName>Religion</objectName></objectIdentifier></object><object xml:id="i874148" type="tag"><objectIdentifier><objectName>Besuch</objectName></objectIdentifier></object><object xml:id="i910699" type="tag"><objectIdentifier><objectName>Heiterkeit</objectName></objectIdentifier></object><object xml:id="i874090" type="tag"><objectIdentifier><objectName>Personenbeschreibung</objectName></objectIdentifier></object><object xml:id="i874045" type="tag"><objectIdentifier><objectName>Gedanken zur Erziehung</objectName></objectIdentifier></object><object xml:id="i873950" type="tag"><objectIdentifier><objectName>Ereignis</objectName></objectIdentifier></object><object xml:id="i910686" type="tag"><objectIdentifier><objectName>Sorgen</objectName></objectIdentifier></object><object xml:id="i874895" type="tag"><objectIdentifier><objectName>Mädchenschule?</objectName></objectIdentifier></object><object xml:id="i899265" type="tag"><objectIdentifier><objectName>Umzug</objectName></objectIdentifier></object><object xml:id="i874077" type="tag"><objectIdentifier><objectName>Tätigkeiten</objectName></objectIdentifier></object><object xml:id="i910740" type="tag"><objectIdentifier><objectName>Unnütz/Untätig</objectName></objectIdentifier></object><object xml:id="i898746" type="tag"><objectIdentifier><objectName>Schmerz/Krankheit Familie</objectName></objectIdentifier></object><object xml:id="i913749" type="book_etc"><objectIdentifier><objectName>Becker: Erzählungen aus der alten Welt für die Jugend.</objectName></objectIdentifier></object><object xml:id="i922800" type="tag"><objectIdentifier><objectName>Einsamkeit</objectName></objectIdentifier></object><object xml:id="i874029" type="tag"><objectIdentifier><objectName>Rückblick</objectName></objectIdentifier></object><object xml:id="i884071" type="tag"><objectIdentifier><objectName>Wetter</objectName></objectIdentifier></object><object xml:id="i873908" type="tag"><objectIdentifier><objectName>Geschäfte</objectName></objectIdentifier></object><object xml:id="i910645" type="tag"><objectIdentifier><objectName>Trübe Stimmung</objectName></objectIdentifier></object><object xml:id="i873990" type="tag"><objectIdentifier><objectName>Selbstreflexion</objectName></objectIdentifier></object><object xml:id="i913791" type="book_etc"><objectIdentifier><objectName>Wieland: Oberon. Ein Gedicht in zwölf Gesängen.</objectName></objectIdentifier></object><object xml:id="i913702" type="book_etc"><objectIdentifier><objectName>Herder: Erinnerungen aus dem Leben Joh. Gottfrieds von Herder.</objectName></objectIdentifier></object><object xml:id="i913831" type="book_etc"><objectIdentifier><objectName>Herder: Vom Geist der Ebräischen Poesie.</objectName></objectIdentifier></object><object xml:id="i874011" type="tag"><objectIdentifier><objectName>Furcht</objectName></objectIdentifier></object><object xml:id="i910748" type="tag"><objectIdentifier><objectName>Bauvorhaben</objectName></objectIdentifier></object><object xml:id="i873964" type="tag"><objectIdentifier><objectName>Selbstkritik</objectName></objectIdentifier></object><object xml:id="i873943" type="tag"><objectIdentifier><objectName>Alter(n)</objectName></objectIdentifier></object><object xml:id="i913858" type="book_etc"><objectIdentifier><objectName>Schubert: Ansichten von der Nachtseite der Naturwissenschaft.</objectName></objectIdentifier></object><object xml:id="i874436" type="tag"><objectIdentifier><objectName>Über das weibliche Geschlecht</objectName></objectIdentifier></object><object xml:id="i874486" type="tag"><objectIdentifier><objectName>Gedanken zur Ehe</objectName></objectIdentifier></object><object xml:id="i899128" type="tag"><objectIdentifier><objectName>Krankheit anderer Personen</objectName></objectIdentifier></object><object xml:id="i873901" type="tag"><objectIdentifier><objectName>Trennung</objectName></objectIdentifier></object><object xml:id="i913888" type="book_etc"><objectIdentifier><objectName>Schmid: Eustachius.</objectName></objectIdentifier></object><object xml:id="i874226" type="tag"><objectIdentifier><objectName>Gedanken zur Gesellschaft</objectName></objectIdentifier></object><object xml:id="i913903" type="book_etc"><objectIdentifier><objectName>Spazier; Förster: Jean Paul’s sämmtliche Werke.</objectName></objectIdentifier></object><object xml:id="i873845" type="tag"><objectIdentifier><objectName>Krankheit</objectName></objectIdentifier></object><object xml:id="i873838" type="tag"><objectIdentifier><objectName>Unbekannte Person</objectName></objectIdentifier></object><object xml:id="i899058" type="tag"><objectIdentifier><objectName>Alter(n) anderer Personen</objectName></objectIdentifier></object><object xml:id="i913951" type="book_etc"><objectIdentifier><objectName>Mendelssohn: Phaedon.</objectName></objectIdentifier></object><object xml:id="i873915" type="tag"><objectIdentifier><objectName>Haushalt</objectName></objectIdentifier></object><object xml:id="i911515" type="tag"><objectIdentifier><objectName>Vermutlich die Landwirtschaftliche Armenschule, welche in Basel seit 1823 bestand.</objectName></objectIdentifier></object><object xml:id="i904317" type="tag"><objectIdentifier><objectName>Erziehungsinstitut von Johann Heinrich Pestalozzi</objectName></objectIdentifier></object><object xml:id="i873887" type="tag"><objectIdentifier><objectName>Tod</objectName></objectIdentifier></object><object xml:id="i873159" type="tag"><objectIdentifier><objectName>Ortserwähnung</objectName></objectIdentifier></object><object xml:id="i914017" type="book_etc"><objectIdentifier><objectName>Dalafaye-Bréhier: Die kleinen Bearner oder moralische Vorlesungen für die Jugend.</objectName></objectIdentifier></object><object xml:id="i914029" type="book_etc"><objectIdentifier><objectName>Herder: Zerstreute Blaetter.</objectName></objectIdentifier></object></listObject>
    </sourceDesc>
      </fileDesc>
      <profileDesc>
         <textClass>
            <!-- vérifier !!! -->
            <catRef scheme="#genre" target="#journal"/>
         </textClass>
         <langUsage>
            <language ident="de">Deutsch</language>
         </langUsage>
      </profileDesc>
   </teiHeader>
       <text><body><div xml:id="d23412339" corresp="d907712" ><head resp="#editor">Tagebucheintrag<date> 10.12.1827 </date></head><pb n="1"/><p>27 12 10<lb/>Werde ich dieses Heft noch <rs ref="#i873831" type="object">ausschreiben</rs>?<lb/>Oft scheint mir meine <rs ref="#i874141" type="object">irdische Hütte</rs> ihrem Zerfall<lb/>nahe: dan bin ich ruhig u <rs ref="#i910699" type="object">heiter</rs> u sehne mich<lb/>zu meinen Lieben jenseitz; zuweilen thut <rs ref="#i873825" type="object">körper-<lb/>liche</rs> <rs ref="#i910637" type="object">Erschöpfung</rs> meinen Geist so ganz benebeln,<lb/>doch Ruhe u stilles <rs ref="#i873922" type="object">Gebet</rs> hebt mich wieder hervor:<lb/>das Gefühl noch etwas Gutes wirken zu können<lb/>ist das Einzige was noch Lebenslust in mir<lb/>weckt. Meine Enkelin <rs ref="#i868031" type="person">S. P.</rs> war 10 Tage <rs ref="#i874148" type="object">bei mir<lb/></rs>das <rs ref="#i910699" type="object">heiterte</rs> mich auf, den ich glaube ihr in Einigem<lb/>die Begriffe aufgehellt zu haben! Sie hat viel<lb/><rs ref="#i874090" type="object">Geist u Gemüth</rs>, aber es ist ein düstrer<lb/>Schleier über ihre Ansichten, u den möchte ich ihr<lb/>heben helfen! Doch das meiste muß sie selbst<lb/>thun; darnach strebt sie, u Gott wird ihr Kraft<lb/>dazu verleihn. Wie wenig ist es doch was<lb/>man auf die Enkel wirken kann! <rs ref="#i874045" type="object">Erziehn</rs> sie<lb/>die Eltern nach unserm Sinn, so bleibt der GßMutter</p><pb n="2"/><p>nichts zu thun als sich darüber zu freuen:<lb/>ist nicht so? O dan ist’s schwirig entgegen<lb/>zu wirken! Deswegen sucht mein Gemüth<lb/>einen sonstigen Wirkungskreis, doch war<lb/>ich von vielen Sorgen u Mühen lange <supplied>M</supplied> muth-<lb/>los u konnte an nichts mehr denken; doch hat<lb/>mir mein Schutzgeist seit einigen Tagen wieder<lb/>helle Blicke vorgezeigt: dankbar will ich sie an-<lb/>nehmen u mich der Vorsehung mit stillem<lb/>Gebet u Ergebung überlassen.</p></div><div xml:id="d23412340" corresp="d907720" ><head resp="#editor">Tagebucheintrag<date> 27.12.1827 </date></head><pb n="2"/><p>27 12 27<lb/>Das Jahr <rs ref="#i873950" type="object">nahet seinem Ende</rs>, ein Zeitraum von<lb/>vielerlei beunruhigem Treiben u <rs ref="#i910686" type="object">Sorgen</rs>, das ich<lb/>beinahe eitel nennen möchte, da es scheinen könnte<lb/>als zweckte es zu nichts als mir eine angenehme<lb/><rs ref="#i899265" type="object">Wohnung</rs> zu verschaffen: allein ich hatte dabei<lb/>noch einen Andern <rs ref="#i874895" type="object">Zweck</rs> im Auge, u dieser allein<lb/>lies mich all Ungemach u Sorgen ertragen,</p><pb n="3"/><p>u mein innigstes Sehnen gieng nur dahin daß<lb/>ich ihn noch erreichen möchte! Eine zweckmässige<lb/><rs ref="#i874077" type="object">wohlthätige Beschäftigung</rs> ist meinem Herzen<lb/>Bedürfniß.  Mein Aufenthalt ist nun so lieblich<lb/>u bequem, ich danke Gott innigst dafür: aber<lb/>ich bin nicht befriedigt, da ein <rs ref="#i910740" type="object">Drang zum nützlich<lb/>seyn in mir unbefriedigt liegt</rs>; ich habe dieses Gefühl<lb/>schon vielfältig geprüfft, ja zu bekämpfen gesucht,<lb/>allein vergeblich. In den Augenblicken wo ich mich<lb/>Gott am nächsten fühle, spricht es am lebhaftesten<lb/>in mir, ich kann allso nicht anders denken als<lb/>es sey mir von Gott eingepflanzt ich müsse streben<lb/>es zu befriedigen. Nun da ich von andrer Seite<lb/>bald Ruhe haben werde will ich mein ganzes<lb/>Augenmerk dahin richten u thun was von mir<lb/>abhängt u mit Geduld erwarten ob Gott sein<lb/>Gedeihen dazu geben werde!<lb/>Ich habe zwar noch manche Sorge die meine Familie</p><pb n="4"/><p>allein mein Thun hilft nichts dabei, ich kann meinem<lb/>Schmerz nur im Gebet zu Gott Linderung verschaffen,<lb/>das wenige was mir dabei zu thun bleibt werde<lb/>ich nie versäumen u in Geduld mich in die Umstände<lb/>fügen: mein sonstiges Thun soll in keinem Fall zum<lb/>Schaden meiner Familie gehn: ich hoffe das Gegentheil!<lb/>Ich habe diese Nacht nachgedacht, ein Lied, über<lb/>die Vergänglichkeit alles Irdischen, das mich<lb/>so sehr ansprach, gab mir Stoff dazu: sollte,<lb/>sagte ich mir der Genuß alles Irdischen, eitel<lb/>u unnütz seyn, sollte er nicht auch zu unsrer<lb/>Bildung beitragen? Sollten nur die überstandnen<lb/>Leiden dies können? Hätte Gott die Weld so schön<lb/>gebildet wenn all ihre Freuden den Menschen schäd-<lb/>lich wären! Mir schien: Freuden u Leiden sollen<lb/>zur Menschenbildung nöthig seyn, nur die Art wie</p><pb n="5"/><p>sie der Mensch nützt u gebraucht, wozu ihm Gott<lb/>den freien Willen gegeben, können sie zu seinem<lb/>Wohl oder Wehe gereichen machen. Sehn wir<lb/>nicht Menschen die auch von Unglück u Leiden nicht<lb/>gebessert werden! So glaube ich ists wie der<lb/>Apostel sagt, „denen die Gott dienen müssen alle</p><p>Dinge zum Besten gereichen.“</p></div><div xml:id="d23412341" corresp="d907728" ><head resp="#editor">Tagebucheintrag<date> 28.12.1827 </date></head><pb n="5"/><p>27 12 28<lb/>Gestern Abend besuchte ich noch meine lieben <rs ref="#i835836" type="person"><rs ref="#i868068" type="person">Kranken<lb/></rs></rs>ich kam <rs ref="#i898746" type="object">bedrückt</rs> zurück: das Übel meiner Tochter<lb/><rs ref="#i868068" type="person">Vischer</rs> nimmt immer zu es ist schmerzlich eine so theure<lb/>liebevolle, für ihre Familie noch so nützliche Mutter<lb/>in der Blüthe der Jahre so dahin welken oder doch<lb/>mit stättem Schmerz behafftet zu sehen! O Gott<lb/>könnte ich ihre Gesundheit mit der Meinen<lb/>mit meinem Leben erkauffen, o wie gerne!<lb/>Zu was tauge ich in der Weld! Aber wie sollten<lb/>wir ängstlich zagen sind wir nicht unter der</p><pb n="6"/><p>Obhut eines gütigen Vaters der unsre Schicksale<lb/>lenkt! Wohl ist mir der Gedanke herzdurchschneidend<lb/>noch eins meiner Kinder vorausgehn zu sehen;<lb/>doch dort oder hier sind sie in Gottes Hand; lange<lb/>kann es nicht dauren so wird er auch mich zu den<lb/><rs ref="#i874141" type="object">Theuren vorangegangnen sameln</rs>! Mochte ich täglich<lb/>an meiner Annächerung zu Gott fortschreiten u<lb/>würdig hinüberrücken wo ungestörte Freude<lb/>des von Gott begnadigten wartet.</p></div><div xml:id="d23412342" corresp="d907736" ><head resp="#editor">Stimmung<date> 29.12.1827 </date></head><p>[29. Dezember 1827|</p><pb n="6"/><p>27 12 29<lb/>Ich las zufällig ein Theil von „<rs ref="#i913749" type="book_etc"><rs ref="#i869138" type="person">Beckers</rs> alter Weld</rs>“<lb/>es machte mir so viel Vergnügen bei der einseitigen<lb/>Rohheit doch so viele Humanitet, so ein einfaches<lb/>gemütliches Wesen zu finden: wahrlich in manchen<lb/>Stücken waren die Alten humaner als unser<lb/>aufgeklärtes gelehrtes Zeitalter: sie waren Heiden,<lb/>aber sie hatten Scheue die Götter zu beleidigen u<lb/>bewiesen mehr Gottesfurcht als viele so genannten<lb/><rs ref="#i873922" type="object">Christen</rs>! Mir thut es so wohl zu sehen wie die gütige</p><pb n="7"/><p>Gottheit zu allen Zeiten u bei allen Völkern, ein Strahl<lb/>seines Lichtes hat leuchten lassen u daß von Anfang<lb/>die Menschheit nicht so versunken war als mann sichs<lb/>oft vorstellt. In der alten Weld scheinen die Menschen<lb/>nicht so versunken gewesen zu seyn als wir sie jetzt<lb/>in einigen Gegenden der Erde noch finden, wo nach<lb/>u nach die Menschheit beinahe zum Thier versank.<lb/>O möchte die Einführung des Christenthums ihr helles<lb/>Licht verbreiten! Möchte nach u nach ein reines Christen-<lb/>thum die Stelle des Scheinchristenthums einnehmen!<lb/>Die allgemeine christliche Kirche scheint mir noch<lb/>sehr klein unter uns zu seyn: doch auch wir sind<lb/>auch Abkömmlinge eines rohen in Barbarei versunken<lb/>gewesnen Volkes u können nur nach <del>u nach</del> zum reinen<lb/>kindlichen Christenthum gelangen, doch wohl einzelne<lb/>können dem göttlichen Lehrer sich annächern, möchten<lb/>deren viele seyn! Aber wie wenig ist er noch ganz<lb/>gekannt, wie wenigen nahe! O möchte ich nun in<lb/>meiner <rs ref="#i922800" type="object">Einsamkeit</rs> ihn recht suchen u nach meiner schwachen<lb/>Einsicht ihn finden! O möchte mein kindliches Verlangen mich<lb/>ihm nacher bringen!</p></div><div xml:id="d23412343" corresp="d907744" ><head resp="#editor">Stimmung<date> 31.12.1827 </date></head><pb n="8"/><p>27 12 31<lb/>Ruhig sinne ich nun beim matten Scheine der Lampe,<lb/><rs ref="#i874029" type="object">denke</rs> des fliehenden Jahrs, blicke aufs nahende hin;<lb/>dankend blick ich nach Oben, bittend für Seegen den Meinen.<lb/>Helle blinket der Mand [Mond, d.Verf.] ins schwach erleuchtete Zimmer<lb/>Freundlich ist die Natur selbst im Gewandte des Winters.<lb/>Lange bleibts nicht so, es folgen der <rs ref="#i884071" type="object">JahresZeit Stürme</rs>.<lb/>So auch des Menschen Geschick, vermischt von Freude u Leiden.<lb/>O so drohen auch mir, sollt ich auf Erden noch weilen,<lb/>Wunden des Herzens noch mehr, zu den nur schwächlich vernarbten [?]<lb/>Manche Blüthe die ich einst lieblich sahe entsproßen<lb/>Welken frühzeitig dahin u laßen mich schmerzliches ahnden,<lb/>doch ich flehe zu dir o <rs ref="#i874141" type="object">Quelle</rs> des Lebens u Lichtes<lb/>ziehe sie liebend zu dir, <supplied>schenk</supplied> schenk ihnen dein Licht von Oben!<lb/>Mir, die ich auf Erden, nur wenige Tage mehr hoffe,<lb/>Laß mich sie weislich u still, ergeben ganz deinem Willen<lb/>Nur am Ewigen mich freun, täglich mich dir mehr zu nahn!<lb/>So laß mich sie vollendend; sanft laß hinüber mich wallen!</p></div><div xml:id="d23412344" corresp="d907752" ><head resp="#editor">Stimmung<date> 03.01.1828 </date></head><pb n="9"/><p>Jenner) d 3.)<lb/>Vorüber sind nun die 4 <rs ref="#i884071" type="object">finstersten Wochen</rs> dieses<lb/>Winters, auch lästige <rs ref="#i873908" type="object">Geschäfte</rs> sind manche abge-<lb/>than, u nur wenige stehen noch bevor. Ich fühle<lb/>mich ruhig u erwarte was mein Schicksal noch<lb/>mit sich bringen wird! Mit kindlicher Demuth danke<lb/>ich Gott für seine Wohlthaten. Wenn wir doch in<lb/>all unserm Thun u Denken nur nach Oben sehn, u<lb/>uns nicht zu viel um das Urtheil der Menschen<lb/>bekümern möchten, o den gewiß hätten wir schon<lb/>den Vorschmak des Himmels hienieden!</p></div><div xml:id="d23412345" corresp="d907760" ><head resp="#editor">Zitat<date> 04.01.1828 </date></head><p>d 4.)<lb/>Man soll nicht glauben daß das, bei unserm Thun<lb/>blos auf Gott zu sehen, uns sorglos gegen unsre<lb/>Neben-Menschen machen möchte: o nein das ist nicht<lb/>möglich! Sondern wahr ist was <rs ref="#i913686" type="person">Luther</rs> sagt „wer<lb/>sich im Glauben zu Gott erhebt der kehrt in Liebe<lb/>zu den Menschen zurück.[“]</p></div><div xml:id="d23412346" corresp="d907768" ><head resp="#editor">Tagebucheintrag<date> 06.01.1828 (?) </date></head><pb n="9"/><p>28 1 6 [?]<lb/>Ich las gestern eine <rs ref="#i873922" type="object">Predigt</rs> von [unles.] über den Argwohn<lb/>ich fand sie sehr gut u doch genügte sie mir nicht ganz</p><pb n="10"/><p>Um das Fatale des Argwohns lebendig fühlbar zu<lb/>machen, scheint es mir brauche man das Bild eines<lb/>argwöhnischen Menschen, u das Eines, nach wahrem<lb/>christlichen Sinnes, der sanft wie eine Taube<lb/>aber klug wie eine Schlange, gesinnt ist, zu<lb/>schildern: der Anblick derselben würde die Vorzüge<lb/>des Letztern leicht zeigen; auch dadurch den<lb/>treffendsten Beweis geben, daß das was die<lb/>christliche Sittenlehre von uns fodert einzig das<lb/>ist, was dem Menschen das wahre Glück, in so<lb/>fern es hienieden zu finden ist, gewähren, u<lb/>ihm schon den Vorschmack des Himmels gewähren kann.</p></div><div xml:id="d23412347" corresp="d907776" ><head resp="#editor">Zitat<date> 13.01.1828 </date></head><pb n="10"/><p>28 1 13<lb/>Mein Kopf ist <rs ref="#i910645" type="object">umdüstert</rs> u Mismuth bemächtigt<lb/>sich meiner, gegen den ich beinahe nicht meister<lb/>werde. Die Unkosten meines <rs ref="#i899265" type="object">neuen Wohnung<lb/></rs>kömmt mich wenigstens um <rs ref="#i873908" type="object">1/3 höcher</rs> als ich ver-<lb/>muthete: das macht <rs ref="#i874895" type="object">einen fatalen Strich in meine<lb/>Pläne</rs>! Ich bin nicht besorgt an etwas Mangel<lb/>zu haben, mein Zweck war nie groß zu thun,</p><pb n="11"/><p>[xxx]<lb/>ich einzig u allein zu meiner Läuterung u Erhebung<lb/>zu Gott bestimmt hatte.<lb/>Ich glaube doch noch wohlthätig auf meine Gßkinder<lb/>wirken zu können, u das ist noch eine große Befrie-</p><pb n="12"/><p>[xxx]; sie ist eine natürliche Folge<lb/>meines harten Schicksales seit 50 Jahren: ich will<lb/>sie in in Demuth tragen u mit dem Apostel sagen<lb/>„denen so Gott dienen müssen alle Dinge zum</p><pb n="13"/><p>besten dienen“.<lb/>Ich habe nun wieder 2 Geschichtchen um den Kd. zu<lb/>erzählen aus „Wißens Märchen [unles.]“ ich muß<lb/>sie anmerken um sie nicht zu vergeßen.<lb/>„Die Beerenleserinnen[“], die den Fink befreien u dessen<lb/>Eigenthümer entschädigen. U dan<lb/>„Hilf in der Noth.[“] Die Familie deren Hütte unter Schnee<lb/> begraben, heldenmüthige Hingebung eines Knabens,<lb/>sonderbare Errettung.</p></div><div xml:id="d23412348" corresp="d907784" ><head resp="#editor">Tagebucheintrag<date> 15.01.1828 </date></head><pb n="13"/><p>28 1 15<lb/>Gestern war mein Tochtermann H. <rs ref="#i835852" type="person">P.</rs> <rs ref="#i874148" type="object">bei mir</rs> wegen<lb/>den<rs ref="#i873908" type="object"> Angelegenheiten meines Gebäudes u Bezahlung<lb/></rs>desselben: er hat mir so verständig über alles zu-<lb/>geredt, eine so<rs ref="#i874090" type="object"> natürliche gutmüthige Denkungs-<lb/>art</rs> bewiesen, die mir nicht allein in Rücksicht<lb/>meiner sondern auch für meine <rs ref="#i835836" type="person">Tochter</rs>, für meine<lb/><rs ref="#i867962" type="person"><rs ref="#i868056" type="person">Enkel</rs></rs>, so wohlthat; ob ich mir gleich alles Gesagte<lb/>vorher selbst schon sagte, so that es mir doch wohl,<lb/>ohne mich deswegen ganz zu beruhigen denn meine<lb/><rs ref="#i873990" type="object">Absichten u Zwecke</rs> wegen welchen es mich am</p><pb n="14"/><p>meisten kränkt die fühlt u kennt er nicht.<lb/>Doch es ist nun einmal nicht viel zu thun als<lb/>sich zu fügen, mit dem was mir der Himmel noch<lb/>beschert will ich so gut als möglich haushalten.<lb/>Es kränkt mich nicht wenig zu haben, aber daß<lb/>ich durch eigne Schuld mich eingeengt u nun<lb/>weniger im Fall bin das Gute zu bewirken das<lb/>ich beabsichtigte darüber mache ich mir<lb/>Vorwürfe u demüthige mich vor Gott, o gewiß<lb/>der wird mir vergeben, da er mein Inners<lb/>durchschaut.<lb/>Heute besuchte ich die l Tochter <rs ref="#i868068" type="person">Vischer</rs>, es ist <rs ref="#i898746" type="object">traurig<lb/></rs>wie die Gute körperlich so leidend ist; doch ihr<lb/>Kopf ist heiter, im Kreis ihrer Familie ist sie<lb/>äusserst vergnügt u hat wohl Ursache dazu, ihre<lb/>Kinder versprechen vieles: das macht mir auch <lb/>die innigste Freude, so sehr mich die Beschwerden<lb/>der Mutter schmerzen: o was gebe ich wenn ich<lb/> </p><pb n="15"/><p>von Gott ihre Herstellung erflehen könnte! Gerne<lb/>würde ich den Rest meiner Tage in einer dunkeln<lb/>kleinen Hütte zubringen: doch wie eitel sind<lb/>unsre Wünsche! Gott hat einem Jeden sein Loos<lb/>bestimmt, dasselbe würdig auszufüllen die Lasten<lb/>weise zu tragen u sich Gottes Willen zu unter-<lb/>werfen, das sey allein unser Bestreben!<lb/>Der Gedanke daß <del>wir</del> bald alles <rs ref="#i874141" type="object">Irdische verlassen<lb/></rs>u zu den Theuren hingerückt sein werden, nach<lb/>welchen sich unser Herz sehnt; u daß auch bald <lb/>die uns folgen werden, an welchen hier unser<lb/>Herz noch hängt, der allein kann uns beglücken<lb/>o möchte der uns immer beseligen, o mochten wir<lb/>uns sehnen „Ins stille Selen Land allwo<lb/>die Leiden dieser Weld wie Kinderträume schwinden<lb/>Und nichts davon als unser Herz uns bleibt!<rs ref="#i913791" type="book_etc">“<lb/></rs></p></div><div xml:id="d23412349" corresp="d907792" ><head resp="#editor">Tagebucheintrag<date> 18.01.1828 </date></head><pb n="16"/><p>28 1 18<lb/>Ich habe ein Theil vom 3ten Bd von <rs ref="#i869138" type="person">Beckers</rs> <rs ref="#i913749" type="book_etc">alter Weld<lb/></rs>gelesen: nachdem ich den 1st u etwas vom 2ten<lb/>gelesen hatte, die mir Vergnügen machten u<lb/>die ich meinem Enkel <rs ref="#i867962" type="person">Rud. P.</rs> als Neujahrsgeschenk<lb/>gab, den 3tn wollte ich ihm bei einer andern<lb/>Gelegenheit geben: allein dieser empört mich,<lb/>wie auf eine elende Weise ist die Menschheit<lb/>den Kindern vorgestelt! Welch Herz u Gemüth-<lb/>loses Geschwätz führt er mit seinen Knaben,<lb/>wie viel Anlas wäre nicht da, die Kund. auf<lb/>die Vortheile unsrer Religion hinzuweisen,<lb/>ihnen den Gang welchen Gott das Menschenge-<lb/>schlecht zur Humanität geführt, auf eine Art<lb/>vorzustellen, die sie erheben, die ihnen die<lb/>Vortheile der wahren <rs ref="#i873922" type="object">Religiosität</rs> lieb gewinnen<lb/>machen könnte. O des elenden Pädagogen, aus<lb/>der kalten verstandes Epoche!</p></div><div xml:id="d23412350" corresp="d907800" ><head resp="#editor">Tagebucheintrag<date> 22.01.1828 </date></head><pb n="17"/><p>28 1 22<lb/>Vor einiger Zeit las ich „<rs ref="#i913702" type="book_etc">Herders Leben</rs>“ es<lb/>interessierte mich so sehr daß ich mir wieder<lb/>einige Bd. <rs ref="#i869556" type="person">seiner</rs> Werke ausbat, nun bin<lb/>ich an seiner <rs ref="#i913831" type="book_etc">Ebräischen Poesie</rs>. Es ist mir<lb/>Manches etwas schwer u dunkel: sollte ich’s<lb/>deswegen nicht lesen? Ist nicht mit der <rs ref="#i873922" type="object">Bibel<lb/></rs>eben so, u doch ist sie die Quelle aus welcher<lb/>ich, aus welch Milionen, auch die noch weniger<lb/>Bildung als ich, haben, Stütze, Trost u Lebens-<lb/>krafft schöpfen! Dieses Werk in so ferne<lb/>ich es verstehe, gießt Leben in mich, <rs ref="#i910699" type="object">erheitert</rs>,<lb/>stärkt mich; was ich im durchlesen der Bibel<lb/>so oft fühlte u ahndete, das finde ich hier schön<lb/>hell u klar entwickelt: ich fühle mich den<lb/>schönen Gedanken wie anverwandt, ich möchte<lb/>dem edlen Lehrer zu Füße fallen u ihm danken!<lb/>Unsre vorstellungen von der Gottheit werden ge-<lb/>reinigt u kindlich, wir fühlen daß Gott väterlich<lb/>in allen Zeitaltern, sich den Menschen die ihn suchten<lb/>auf eine ihren Kräfften gemäße Art, geoffenbar[t]</p><pb n="18"/><p>daß er den Menschen nicht als ein vernunft-<lb/>loses Geschöpf auf die Erde gesetzt: nein daß<lb/>er ihm von Anfang sein Bild eingeprägt.<lb/>Wie hätte der Mensch aus seinem Elend sich<lb/>erheben können? Alles was wir jetzt von<lb/>willden Völkern hören, soll uns nicht irre machen,<lb/>es sind her<supplied>ab</supplied>nommen von solchen die Gott verlassen<lb/>u nun in Finsterniß wandlen, auch dieser<lb/>will sich Gott erbarmen u sie zurückleiten<lb/>auf den Weg wo Ruhe in Gott zu finden ist.<lb/>Besonders wohl thut es mir daß er die Hoffnung<lb/>eines zukünftigen Lebens, der alten Weld nicht<lb/>nehmen will u so schöne Stellen aushebt womit er<lb/>seine Meinung bekräfftigt ja beweist: z.B.<lb/>aus den Psalmen in welchen David nach Herd. Übersetzung<lb/>sagt „Und meine Seel wird Gott dem Todtenreich entkauffen<lb/>Er nimt in seine Wohnungen mich auf.“<lb/>u weiter „Stetz ist Jehova mir vor Augen:<lb/>Er ist mein Schutz drum wank ich nicht</p><pb n="19"/><p>Und darum ist mein Herz erfreut;<lb/>Mein Innerstes jauchzt auf in mir.<lb/>Ja auch mein <rs ref="#i874141" type="object">Leichnam</rs> wird einst sicher wohnen;<lb/>denn meine Seele lässest du dem Schattenreiche nicht;<lb/>du lässest deinen treuen Diener nicht<lb/>die Grube der Verwesung schauen;<lb/>du wirst mir Weg zum Leben zeigen<lb/>der Freuden viel vor deinem Angesicht<lb/>Vergnügen viel bei dir <supplied>im Angesicht</supplied> in Ewigkeit[“]</p></div><div xml:id="d23412351" corresp="d907808" ><head resp="#editor">Tagebucheintrag<date> 25.01.1828 </date></head><pb n="19"/><p>28 1 25<lb/>Es ist eine <rs ref="#i874011" type="object">beängstigende Unruhe</rs> in mir über<lb/>die allzu starken <rs ref="#i910748" type="object">Ausgaben meines Gebäudes</rs>.<lb/>Ich habe mich verblenden, u mit trügerischen<lb/>Ansichten dahinreißen lassen: – u kann niemand<lb/><rs ref="#i873964" type="object">Schuld </rs>geben als mir selbst; das ist eben was<lb/>mich quält; hätte ich weit mehr ohne meine<lb/>Schuld verlohren, [xxx]</p><pb n="20"/><p>würde eine Einschränkung die ich mir nicht selbst<lb/>zugezogen hätte, gelassen vorkehren, aber so<lb/>hat mich der Trug in den Fall gesetzt, das nicht<lb/>bewirken zu können was mein Herz so sehnlich<lb/>wünschte, u das schmerzt! – – Doch ich will<lb/>mich mit allen Kräfften zu erheben suchen, will<lb/>meine Demüthigung u den Schmerz darüber in<lb/>Geduld zu tragen suchen; auch sie wird zu meiner<lb/>Besserung beitragen können! Gott kennet meine<lb/>Absichten, meines Herzens Wünsche! Er wird<lb/>verlassen, nein nächer zu sich ziehn: u getrost<lb/>kann ich zu ihm aufblicken u seines fernern<lb/>Schutzes gewiß seyn!<lb/>Wie gerne wäre ich nach dem schmerzlichem<lb/>Verlurst meines ältern <rs ref="#i835771" type="person">Sohns</rs>, zu [xxx]</p><pb n="21"/><p>Mir war immer nur da wohl wo Pflicht u zweckmäs-<lb/>sige <rs ref="#i910740" type="object">Thätigkeit</rs> mich hinrufften: wie oft sinnete<lb/>ich ob ich meinem Sohn, u besonders seinen Kind noch<lb/>nützlich seyn könnte; allein was stund dazwischen!<lb/>Gewiß nicht mein böser Wille. [xxx]<lb/>ist: auch jetzt noch würde ich alles was mir<lb/>angenehm ist verlassen wenn ich voraus sehe<lb/>den meinen nützlich zu seyn: [xxx]<lb/>u was ist in meinem <rs ref="#i873943" type="object">Alter</rs>, bei meiner<lb/><rs ref="#i873825" type="object">Schwächlichkeit</rs> zu erwarten! Ich will mich in<lb/>keine Klage einlassen, doch mein Loos war<lb/>hart in der Weld! Mein nach Liebe sehnendes Herz,<lb/>wie schmerzlich war es so oft zurückgeschlagen!<lb/>Doch ich zürne mit Niemand u bitte Gott um seinen Segen<lb/>auch für die so mich am <supplied>s</supplied> meisten miskannten, es<lb/>war vieleicht nicht ihre Schuld. Wenn ich Gott nicht ver-<lb/>lasse o so verläßt er auch mich nicht: vergiebt mir meine<lb/>Schuld u läßt mich in ihm Ruhe finden!</p></div><div xml:id="d23412352" corresp="d907816" ><head resp="#editor">Tagebucheintrag<date> 31.01.1828 </date></head><pb n="22"/><p>28 1 31<lb/>Was meinen Geist von den Plagereien des taglichen<lb/>Treibens heraus hebt, u mir ein höchers Intressen<lb/>giebt, das ist Balsam für mich: ich las erst <rs ref="#i869556" type="person">Herd<lb/><rs ref="#i913831" type="book_etc"></rs>Ebräische Poesie</rs>; die wirkte wohlthätig auf mein<lb/>Gemüth sie bestärkt mich ein meiner Anhänglichkeit<lb/>u Verehrung der <rs ref="#i873922" type="object">Bibel</rs>. Nun erhalte ich von<lb/>geliebter Hand „<rs ref="#i870070" type="person">Schubert</rs> <rs ref="#i913858" type="book_etc">Nachtseite der Naturge-<lb/>schichte</rs>“ Obgleich manches viel Gelehrsamkeit fodert<lb/>die mir ganz fehlt, um es zu würdigen, so sehe<lb/>ich doch finde ich doch so viel darin, was ich so<lb/>gerne finde, was mir immer ahndete, daß Gott<lb/>den Menschen nicht als Halbthier auf die Erde<lb/>gesetzt, sondern ihn mit weit höchern Kräfften begabt<lb/>deren er sich in der Folge durch Ungehorsam gegen<lb/>Gott, verlurstig gemacht habe. Diese Ansicht giebt<lb/>mir einen erfreulichen Begriff von der Gottheit u<lb/>erhebt die Menschheit, deren sich Gott zu allen Zeiten</p><pb n="23"/><p>erbarmt u ihr auf so manichfache Weise die<lb/>Mittel gegeben sich wieder zur Gottheit zurück zu<lb/>wenden: so besonders durch das Christenthum.<lb/>Wie beschämt eine solche Ansicht den Eigendünkel<lb/>unsers Zeitalters der sich allein weise glaubte,<lb/>nun aber einzusehen anfängt auf welcher niedrer Stuffe<lb/>sein Wissen steht, gegen dem der Völker der Urweld<lb/>die durch geheime Offenbarungen u Richtung zu Gott<lb/>so viele Klarheit erhielten. Möchten diese neuen<lb/>Ansichten zu einer kindlichen Religiosität führen!</p></div><div xml:id="d23412353" corresp="d907824" ><head resp="#editor">Tagebucheintrag<date> 12.02.1828 </date></head><pb n="23"/><p>28 2 12<lb/>Ich habe nun <rs ref="#i870070" type="person">Schubert</rs> <rs ref="#i913858" type="book_etc">ausgelesen</rs>: ob mir gleich<lb/>Manches dunkl war so gab es mir doch viele<lb/>trostliche Begriffe; es stimmt in so vielem meinen<lb/>ahndungen bei, ich muß es späterhin noch-<lb/>mals lesen um über einiges besser ins Klare<lb/>zu kommen. Mich freute doch dabei daß meine<lb/>frühere Lecture so wie <rs ref="#i869177" type="person">Bonnet</rs>, <rs ref="#i869278" type="person">Deluc</rs> u Andre<lb/>mir Manches verständlich machten welches ich<lb/>sonst nicht begriffen hätte. Doch ein inneres</p><pb n="24"/><p>Gefühl das uns die <rs ref="#i873922" type="object">gütige Gottheit</rs> angebohren<lb/>läßt uns unwissende verstehen was oft hoch<lb/>gelehrte nicht faßen wollen oder können; o möchte<lb/>unser Herz immer rein seyn u dieses herrliche<lb/>Gefühl nicht vom Getriebe der Weld getrübt<lb/>werden!</p></div><div xml:id="d23412354" corresp="d907832" ><head resp="#editor">Tagebucheintrag<date> 27.02.1828 </date></head><pb n="24"/><p>28 2 27<lb/>Die <rs ref="#i873950" type="object">Verlobniß</rs> meiner Enkelin <rs ref="#i868056" type="person">S. Par.</rs> erfreut<lb/>mich sehr; ich glaube daß es ihr nöthig ist in<lb/>eine <rs ref="#i874436" type="object">angewiesene Thätigkeit</rs> zu treten; was<lb/>mich aber am besten freut ist daß man<lb/>mir <rs ref="#i874090" type="object">viel Gutes</rs> über ihren<rs ref="#i836966" type="person"> verlobten</rs> sagt,<lb/>ich denke er werde wohl auch seine Fehler<lb/>haben! Allein es ist schon viel wenn ein junger<lb/>Mann das allgemeine Zeugniß von Sittlichkeit<lb/>u Rechtschaffenheit hat. Ein andrer Grund meiner<lb/>Zufriedenheit ist daß sich beide <rs ref="#i874486" type="object">aus freier<lb/>Zuneigung gefunden</rs>, u keine Nebenabsichten sie<lb/>geleitet. Auch sehr erfreulich daß die l. <rs ref="#i868056" type="person">S[ophia]</rs> in</p><pb n="25"/><p>eine Familie von sehr gebildeten u sittlich guten<lb/>Menschen eintrit, ihre Neigung zur Ausbildung<lb/>ihrer bessern Kräffte wird nicht unterdrückt,<lb/>sondern geleitet werden. Einige Besorgniße macht<lb/>es mir daß der Verlobte etwas <rs ref="#i899128" type="object">kränklich</rs> aus-<lb/>sieht u daß in der Familie sich kranke befinden:<lb/>doch auch Leiden können heilsam werden u Prüffungen<lb/>führen zu Gott.<lb/>Sonderbar ist bei diesem Anlas mein Glaube<lb/>an Ahndungen u mitgefühle der Menschen die sich<lb/>nahe sind, statt habe: ich habe nie für die Ver-<lb/>sorgung meiner Töchtern noch Enkelinen spekuliert,<lb/>sondern Gott <rs ref="#i873922" type="object">gebeten</rs> daß er sie die finden lasse<lb/>so für ihr Wohl dienlich wären; Nun aber ohne<lb/>von den jungen Leuten nur das geringste zu wißen,<lb/>ohne den Verlobten je gesehen zu haben, sind mir<lb/>seit einigen Wochen die Beiden doch immer im<lb/>Sinne gelegen. Diese neue Erfahrung ist mir<lb/>in meiner <rs ref="#i873901" type="object">Einsamkeit</rs> u beim Bedürfniß stille zu</p><pb n="26"/><p>seyn, recht erfreulich: fühle ich auch entfernt<lb/>mit denen so mir lieb sind, so werden auch sie<lb/>meiner Theilnahme inne werden.</p></div><div xml:id="d23412355" corresp="d907840" ><head resp="#editor">Tagebucheintrag<date> 29.02.1828 </date></head><pb n="26"/><p>28 2 29<lb/>die Legende von <rs ref="#i870031" type="person">Schmid</rs>, <rs ref="#i913888" type="book_etc">Placidus oder Eustachi-<lb/>us</rs>, ist ein herrliches Büchelchen für unver-<lb/>wöhnte junge <rs ref="#i874226" type="object">Leute</rs>, auch für Gemeine u Land<lb/>Leute: dabei enthält es treffliche Lehren über<lb/><rs ref="#i874045" type="object">Erziehung</rs> u <rs ref="#i873922" type="object">Religion</rs>, daß es auch den Gebil-<lb/>deten angenehm u nützlich ist. <lb/><rs ref="#i869675" type="person">J.P. Richter</rs> sagt in seinem Nachlaß „man<lb/>soll den Kindern seine Liebe besonders durch<lb/>Worte bezeugen, da sie die Thaten selten<lb/>verstünden.<rs ref="#i913903" type="book_etc">“</rs> Waren nicht die meisten<lb/>Menschen den Kindern darin gleich? Wehe<lb/>allso denen welchen die Gabe schöner Worte<lb/>fehlt!</p></div><div xml:id="d23412356" corresp="d907848" ><head resp="#editor">Tagebucheintrag<date> 06.03.1828 </date></head><pb n="26"/><p>28 3 6<lb/>Es ist meiner Natur nichts so sehr zu wieder<lb/>als auf Reichthum aufgeblasne Menschen,</p><pb n="27"/><p>besonders die welche durch ihren <rs ref="#i874226" type="object">Reichthum<lb/></rs>der Weld wenig nützen, wie wehe u schmerzlich<lb/>ist mir solche Menschen in ihrer Beschränktheit<lb/>pralen zu hören.</p></div><div xml:id="d23412357" corresp="d907856" ><head resp="#editor">Tagebucheintrag<date> 10.03.1828 </date></head><pb n="27"/><p>28 3 10<lb/>Ich war gestern verlegen wie ich meinen Sontag-<lb/>nachmittag anwenden sollte, gerne hätte ich meine<lb/>Tochtern besucht, allein meine Schwst. <rs ref="#i837084" type="person">H.</rs>  die nun<lb/>durch die Rückkehr ihres <rs ref="#i837142" type="person">Sohns</rs> in Am. [?] sehr<lb/>bekümmert ist, lag mir ob, ich fuhr <rs ref="#i874148" type="object">zu ihr</rs> u machte<lb/>eine Spazierfahrt mit ihr dan blieb sie noch<lb/>bei mir, es war mir schmerzlich sie betrübt<lb/>zu sehn u doch nichts zu ihrem Trost sagen zu können<lb/>des Abends war ich deswegen misvergnügt<lb/>mit mir selbst:<rs ref="#i873964" type="object"> warum fehlt mir</rs> doch so sehr die<lb/>Fähigkeit <supplied>in Wo</supplied> meine Gefühle in Worte aus-<lb/>zudrücken! – Als ich über ihren Kummer, den<lb/>ich mit ihr treulich theile nachdachte, fand ich<lb/>daß ich wahrlich nicht <rs ref="#i898746" type="object">minder Kummer </rs>über die</p><pb n="28"/><p>Lage u Stimmung meines Sohns, über <rs ref="#i874486" type="object">seine Ver-<lb/>hältniße</rs>, über seine Kind. hätte; u was<lb/>kann ich dabei thun als Gott bitten, die Sache<lb/>zum besten zu leiten! Was ich für die Kinder<lb/>thun kann will ich mit Fleiß thun, es ist<lb/>wenig! Aber soll mir nichts desto weniger<lb/>wichtig seyn: auch gestern [?] hoffe ich, Saamen<lb/>des Guten in sie ausgestreut zu haben!<lb/>Möge Gott sein Gedeihen dazu geben!</p></div><div xml:id="d23412358" corresp="d907864" ><head resp="#editor">Tagebucheintrag<date> 26.03.1828 </date></head><pb n="28"/><p>28 3 26<lb/>Ich fühle mich seit einiger Zeit so <rs ref="#i910645" type="object">matt</rs> u <rs ref="#i910740" type="object">unfähig<lb/></rs>als wäre ich <rs ref="#i873943" type="object">um zehn Jahre älter geworden<lb/></rs>ist es eine Anzeige meines baldigen<lb/><rs ref="#i874141" type="object">Hinschieds</rs>? Gerne u mit Freuden ergebe<lb/>ich mich: nur bitte ich Gott mich nicht lange als<lb/>ein unfähiges Wesen, zur Last der Meinen<lb/>hier. Indessen will ich mich in Allem so gut meine<lb/>Kräften erlauben in Ordnung setzen.</p></div><div xml:id="d23412359" corresp="d907872" ><head resp="#editor">Tagebucheintrag<date> 17.04.1828 </date></head><pb n="29"/><p>28 5 17<lb/>Seit dem ich <rs ref="#i873831" type="object">voriges geschrieben</rs> war ich wirklich<lb/><rs ref="#i873845" type="object">krank</rs>, ich glaube mein Übel war der Anfang einer<lb/>Entzündung im Unterleib, eine Folge des Verdrußes den<lb/>ich über die zu starken <rs ref="#i910748" type="object">Ausgaben meines Gebäu-<lb/>des</rs> hatte, u den ich nicht genug bekämpfen konnte,<lb/>da er meine <rs ref="#i874895" type="object">künftigen Pläne</rs>, wie ich besorgte, ganz<lb/>zerstörte. Das Übel stieg mir zum Kopf und<lb/>verursachte mir peinliche <rs ref="#i874011" type="object">Beängstigungen</rs>, oft war<lb/>mir als ob ein Nervenschlag mich treffen würde:<lb/>ob ich wohl glaube keine Todesfurcht gehabt zu haben so<lb/>war diese Empfindung doch peinlich; ich suchte mich<lb/><rs ref="#i873990" type="object">seither zu ergründen</rs> was eigentlich der Grund<lb/>meines ängstlichen Gefühl möchte gewesen seyn,<lb/>ob wohl die Annächerung des Todes dergleichen brächten.<lb/>Nun sprach ich mit einem <rs ref="#i873838" type="object">gemeinen Mann</rs> deßen<lb/>sehr alter Vater vor kurzem gestorben war,<lb/>u befragte ihn ob dieser noch viel gelitten? O nein<lb/>sagte er, er war <rs ref="#i899058" type="object">altersschwach</rs>, lag schmerzenlos<lb/>in meinem Arm u sagte „ich glaube mein Ende ist</p><pb n="30"/><p>nah, denn ich fühle mich so ausserordentlich leicht“<lb/>sagte noch einige Worte Ermahnung an mich, u als<lb/>ich meine Thränen abgewischt ihn anschaute, war sein<lb/>Odem weg.“ Welch glückliches Ende! Möchte mir<lb/>Gott ein ähnliches verleihen u all denen die mir<lb/>theuer sind!<lb/>Nun fühle ich daß ich mich wieder erhole, doch bin<lb/>ich noch <rs ref="#i873825" type="object">schwach</rs>. Mit freudiger u gebeugter<lb/>Seele danke ich Gott für all seine Wohlthaten,<lb/>besonders für die Liebe so die Meinigen mir<lb/>über diese <del>Zeit er</del>zeugt haben.</p></div><div xml:id="d23412360" corresp="d907880" ><head resp="#editor">Tagebucheintrag<date> 19.04.1828 </date></head><pb n="30"/><p>28 4 19<lb/>Mein Kopf wird wieder <rs ref="#i910699" type="object">freier</rs>, ich kann mich etwas<lb/>mehr beschäfftigen: ich lese nun den <rs ref="#i913951" type="book_etc">Phädon</rs> wieder;<lb/>Ich finde zwar nichts darin das nicht weit beruhigender<lb/>in der christlichen Lehre vorgetragen wird, wie<lb/>viel humaner Christus als Sokrates! Wie steif<lb/>seine Begriffe von der Vorherexistentz der Seelen!</p><pb n="31"/><p>was <rs ref="#i873922" type="object">Christus</rs> immer zum Weldheiland machen<lb/>muß ist seine hoche Uberzeugung der Kindschaft<lb/>Gottes, deren er uns als seinen Geschwistert theil-<lb/>haftig macht: wie einfach seine Lehre, wie geeignet<lb/>für die ganze Menschheit! Doch mir ist<lb/>es immer eine tröstliche Erscheinung zu sehen daß<lb/>in ausser christlichen Völkern es Menschen gegeben<lb/>denen Gott Funken seines Lichtes <supplied>gegeben</supplied>, mitgetheilt.<lb/>Solche Erscheinungen geben uns einen bessern Begriff<lb/>von der Menschheit, u kehren unsre Seelen liebender<lb/>u dankbarer zu Gott.</p></div><div xml:id="d23412361" corresp="d907888" ><head resp="#editor">Tagebucheintrag<date> 22.12.1828 </date></head><p>d 22</p><p>[xxx]<lb/><rs ref="#i873838" type="object">ihre</rs> <rs ref="#i899128" type="object">Gesundheit</rs> ist uns ja allen so theuer,<lb/>wo mit könnte sie die Ihrigen mehr erfreuen<lb/>als wenn sie die nöthige Sorge dazu trüge!<lb/>[xxx]<lb/>auch wollen, doch was ist zu thun! Möchte<lb/>Gott mein Flehn erhören!</p></div><div xml:id="d23412362" corresp="d907896" ><head resp="#editor">Tagebucheintrag<date> 23.04.1828 </date></head><pb n="32"/><p>28 4 23<lb/>Ich muß den „<rs ref="#i913951" type="book_etc">Phaedon</rs>“ nochmals durchlesen, es sind<lb/>vortreffliche Sachen darin: es ist <supplied>ein</supplied> was so origi-<lb/>nelles in dem Ganzen, eine wahre Offenbarung,<lb/>wohl ist vieles zu wiederlegen u in der christlichen<lb/>Lehre für die Menschheit weit besser: doch thut<lb/>es mir so wohl zu sehen wie sich <rs ref="#i873922" type="object">Gott</rs> auch andern<lb/>Völkern geoffenbart; es scheint mir die Wahr-<lb/>heiten unsrer göttlichen Religion zu bekräftigen<lb/>u schön herauszuheben. Mir ist aufgefallen ob<lb/><supplied>daß</supplied> die allzu Geringschätzung des menschlichen<lb/>Körpers, die auch ihr Treffliches enthält, nicht<lb/>durch Misdeutung zu den Misbrauchen die<lb/>sich in der christlichen Religion eingeschlichen, <lb/>so wie Anachorismus, Kasteiungen u.d.g. möge<lb/>Veranlassung gegeben haben! Denn in der Bibel<lb/>finde ich gar nichts das zu solchen Irthümern könnte<lb/>Veranlassung gegeben haben. Wenn wir die</p><pb n="33"/><p>Gebräuche u Lehren des Christenthums, besonders<lb/>des Chatolizismus prüffen so finden wir so vieles<lb/>aus dem Heiden u Judenthum beigemischt, u wie<lb/>Vieles müßte weggeschaft werden um sie rein<lb/>evangelisch zu bilden.</p></div><div xml:id="d23412363" corresp="d907904" ><head resp="#editor">Tagebucheintrag<date> 03.07.1828 </date></head><pb n="33"/><p>28 7 3<lb/>Ich bin nun gar zu<rs ref="#i873831" type="object"> lange nicht zum schreiben<lb/></rs>gekommen, da mancherlei <rs ref="#i873915" type="object">Hausgeschäfte</rs> mich<lb/>ermüdeten; noch Garten u andre Einrichtungen, die<lb/>Abwechslung meiner Mägdte, Wasche u all der<lb/>gleichen. Auch war mein Kopf durch die Verhält-<lb/>nisse der <rs ref="#i898746" type="object">Meinigen</rs>, eingenommen. Die <rs ref="#i836759" type="person"><rs ref="#i868141" type="person">Kinder<lb/></rs></rs>meines <rs ref="#i835869" type="person">Sohns</rs> machen mir viele <rs ref="#i910686" type="object">Sorgen</rs>; endlich,<lb/>aber ich besorge zu spat, hat ihr Vater beschloßen<lb/>sie <supplied>weg</supplied> in <rs ref="#i911515" type="object"><rs ref="#i904317" type="object">Pensionen</rs> </rs>zu thun: Gott gebe daß<lb/>ihr Vater gut gewählt haben möge! Diese<lb/>Kinder kümmern mich sehr; ihre äussern Glücks-<lb/>umstände sind viel zu glänzend, u was auf</p><pb n="34"/><p>[xxx] leider<lb/>nicht so erfreulich, dazu kommen noch ihre ange-<lb/>bohrnen <rs ref="#i874090" type="object">Fehler</rs>! O Gott erbarme dich ihr!<lb/>Die Verbindung meiner Enkelin <rs ref="#i868056" type="person">Parav</rs>. so erfreulich<lb/>sie mir einerseitz ist, macht mir doch auch Sorgen<lb/>sie u ihr <rs ref="#i836966" type="person">Verlobter</rs> scheinen mir beide <rs ref="#i899128" type="object">kränkelnd</rs> u<lb/>das giebt keine freudigen Aussichten.<lb/>Der <rs ref="#i873887" type="object">Todesfall</rs> von Fr <rs ref="#i867849" type="person">V. Legrand</rs> hat mich an u für sich<lb/>selbst geschmerzt u traurige Verhältniße in mir<lb/>hervorgeruffen; besonders aber wegen meiner Tochter<lb/><rs ref="#i868068" type="person">V.</rs> Ich besorgte ihre Gesundheit möchte durch das<lb/>Hierkommen von <rs ref="#i873159" type="object">Gelterkinden</rs> u der <rs ref="#i874148" type="object">Besuche</rs> in dem<lb/>Trauer Haus zu sehr leiden: ich hätte gewünscht<lb/>sie wäre dorten geblieben! Ich hatte unrecht u mache<lb/>mir Vorwürfe darüber; es war weit christlicher<lb/>daß sie den Schmerz ihrer <rs ref="#i867864" type="person">Verwandten</rs> durch ihre<lb/>Gegenward theilte als daß sie allein auf sich Rücksicht<lb/>nahm: doch der Mutter sorge wird man verzeichen.</p><pb n="35"/><p>„<rs ref="#i914017" type="book_etc">die kleinen Bearner</rs> von Md. <rs ref="#i869265" type="person">Julie Delafaye</rs> neé<lb/>Brehier, ins deutsch übersetzt.“ 2 Thl ich durchlas<lb/>dieses Büchelchen: fand manch gutes darin, doch<lb/>nicht um es zu kauffen; doch einiges um den Kd.<lb/>zu erzählen, das ich hier anmerken will um<lb/>mirs ins Gedächtniß zu prägen. zu. B.<lb/>- Böse Folgen des Zornes.<lb/>- der umgestürzte Heuwagen.<lb/>- der Kirschen Diebstal.<lb/>- Geschichte des Peruianers Gielesko u dessen Sohn<lb/>Azuma.<lb/>- u d des arabischen Königs.<lb/>- Häusliche Beschäftigungen der Kinder auf dem Lande</p><p>Die <rs ref="#i914029" type="book_etc">Ameisen</rs>,[12] Fable von <rs ref="#i869556" type="person">Herder</rs>.</p></div><div xml:id="d23412364" corresp="d907912" ><head resp="#editor">Brief<date> Beilage Heft 25 </date></head><p>[Beilage Heft 25]<lb/>            <lb/>Möge dies Büchelschens Sinn, im <supplied>Glück</supplied> <del>Freud</del> u Leid dich beseelen<lb/>Blicke dankbar im Glück, ruhig zum Geber hinauf<lb/>Wenn dan auch Stürme dir nahn, trag sie geduldig<lb/>u denke, daß zur Prüffung sie dir himmlische Liebe bestimmt.<lb/>Möge noch mancher so schöne Tag dich<lb/>u die deinen beglücken! Dies wünsch<lb/>dein</p><p>14.3.28</p></div>
       </body></text>
   </TEI>
    