<?xml version="1.0"?>
    <?xml-model href="http://www.tei-c.org/release/xml/tei/custom/schema/relaxng/tei_all.rng" type="application/xml" schematypens="http://relaxng.org/ns/structure/1.0"?>    
    <TEI xmlns="http://www.tei-c.org/ns/1.0" xml:id="d908609">
       <teiHeader>
          <fileDesc>
             <titleStmt>
                <title>Heft 29 (1831)
                </title>
                <author>Anna Maria Preiswerk-Iselin</author>
             </titleStmt>
             <publicationStmt>
                <publisher xml:id="editor">Tagebücher Anna Maria Preiswerk-Iselin Projekt</publisher>
                <pubPlace>Basel</pubPlace>
                <date when="2022-03">March 2021</date>
                <availability>
                   <licence notBefore="2022-03-01" target="http://creativecommons.org/licenses/by-sa/4.0/">
                      <p>[...]</p>
                      <p>This work is licensed under a Creative Commons Attribution-ShareAlike 4.0 International License.</p>
                      <p> You are free to: <list>
                            <item> Share — copy and redistribute the material in any medium or format</item>
                            <item> Adapt — remix, transform, and build upon the material</item>
                         </list>
                      </p>
                      <p> Under the following terms: <list>
                            <item> Attribution — You must give appropriate credit, provide a link to the license, and indicate if changes were made. You
                               may do so in any reasonable manner, but not in any way that suggests the licensor endorses you or your use.</item>
                            <item> ShareAlike — If you remix, transform, or build upon the material, you must distribute your contributions under the same
                               license as the original.</item>
                            <item> No additional restrictions — You may not apply legal terms or technological measures that legally restrict others from
                               doing anything the license permits.</item>
                         </list>
                      </p>
                      <p>The licence was added on March first, 2022.</p>
                   </licence>
                </availability>
             </publicationStmt>
             <sourceDesc>
                <msDesc>
                   <msIdentifier>
                      <settlement>Basel</settlement>
                      <repository>Staatsarchiv</repository>
                      <idno>StABS PA 511 304-03-04</idno>
                      <msName>Heft 12 (1815-1816) - Anna Maria Preiswerk-Iselin </msName>
                   </msIdentifier>
                </msDesc>
    <listPerson><person xml:id="i870195"><persName>Johann Friedrich von Tscharner</persName></person><person xml:id="i837045"><persName>Friedrich Preiswerk</persName></person><person xml:id="i835869"><persName>Lux</persName></person><person xml:id="i870208"><persName>Heinrich Gottlieb Tzschirner</persName></person><person xml:id="i869744"><persName>Gerhard von Kügelgen</persName></person><person xml:id="i916628"><persName>Friedrich Christian August Hasse</persName></person><person xml:id="i869252"><persName>Matthias Claudius</persName></person><person xml:id="i868031"><persName>Sophia Burckhardt-Vischer</persName></person><person xml:id="i836542"><persName>Karl Burckhardt-Burckhardt</persName></person><person xml:id="i868759"><persName>Karl Burckhardt-Vischer</persName></person><person xml:id="i836559"><persName>Leonhard Burckhardt-Merian</persName></person><person xml:id="i836575"><persName>Sibylle Burckhardt-Merian</persName></person><person xml:id="i836841"><persName>Benedict Vischer-Preiswerk</persName></person><person xml:id="i868068"><persName>Sophia Vischer-Preiswerk</persName></person><person xml:id="i27035"><persName>Johann Caspar Lavater</persName></person><person xml:id="i868141"><persName>Wilhelm Preiswerk</persName></person><person xml:id="i917336"><persName>Johann Karl Christian Lippe</persName></person><person xml:id="i869319"><persName>Philipp Emanuel von Fellenberg-Tscharner</persName></person><person xml:id="i869649"><persName>Georg Konrad Horst</persName></person><person xml:id="i836649"><persName>Margaretha Vischer-Stähelin</persName></person><person xml:id="i870286"><persName>Ernst Christoph Philipp Zimmermann</persName></person><person xml:id="i836664"><persName>Lucas Preiswerk-Burckhardt</persName></person><person xml:id="i836718"><persName>Adele Sarasin-Vischer</persName></person><person xml:id="i836966"><persName>Emil Thurneysen-Paravicini</persName></person><person xml:id="i869583"><persName>Abel Heusler-Geigy</persName></person><person xml:id="i868056"><persName>Sophia Thurneysen-Paravicini</persName></person><person xml:id="i870044"><persName>Karl Schnell</persName></person><person xml:id="i869795"><persName>Wilhelm Merk</persName></person><person xml:id="i869515"><persName>Johann Georg Hamann</persName></person><person xml:id="i870057"><persName>Amalie Schoppe-Weise</persName></person><person xml:id="i836759"><persName>Anna Maria Burckhardt-La Roche-Preiswerk</persName></person></listPerson><listObject><object xml:id="i915145" type="tag"><objectIdentifier><objectName>Kantonstrennung</objectName></objectIdentifier></object><object xml:id="i910653" type="tag"><objectIdentifier><objectName>Hoffnung</objectName></objectIdentifier></object><object xml:id="i874090" type="tag"><objectIdentifier><objectName>Personenbeschreibung</objectName></objectIdentifier></object><object xml:id="i873838" type="tag"><objectIdentifier><objectName>Unbekannte Person</objectName></objectIdentifier></object><object xml:id="i873159" type="tag"><objectIdentifier><objectName>Ortserwähnung</objectName></objectIdentifier></object><object xml:id="i873859" type="tag"><objectIdentifier><objectName>Ratschlag an die Kinder</objectName></objectIdentifier></object><object xml:id="i898746" type="tag"><objectIdentifier><objectName>Schmerz/Krankheit Familie</objectName></objectIdentifier></object><object xml:id="i874045" type="tag"><objectIdentifier><objectName>Gedanken zur Erziehung</objectName></objectIdentifier></object><object xml:id="i915236" type="book_etc"><objectIdentifier><objectName>Tzschirner:Predigten.</objectName></objectIdentifier></object><object xml:id="i873922" type="tag"><objectIdentifier><objectName>Religion</objectName></objectIdentifier></object><object xml:id="i916612" type="book_etc"><objectIdentifier><objectName>Hasse: Das Leben Gerhards von Kügelgen.</objectName></objectIdentifier></object><object xml:id="i873908" type="tag"><objectIdentifier><objectName>Geschäfte</objectName></objectIdentifier></object><object xml:id="i873943" type="tag"><objectIdentifier><objectName>Alter(n)</objectName></objectIdentifier></object><object xml:id="i910748" type="tag"><objectIdentifier><objectName>Bauvorhaben</objectName></objectIdentifier></object><object xml:id="i873825" type="tag"><objectIdentifier><objectName>Altersgebrechen</objectName></objectIdentifier></object><object xml:id="i874077" type="tag"><objectIdentifier><objectName>Tätigkeiten</objectName></objectIdentifier></object><object xml:id="i874141" type="tag"><objectIdentifier><objectName>Gedanken über den Tod</objectName></objectIdentifier></object><object xml:id="i910740" type="tag"><objectIdentifier><objectName>Unnütz/Untätig</objectName></objectIdentifier></object><object xml:id="i904085" type="tag"><objectIdentifier><objectName>Erbschaft</objectName></objectIdentifier></object><object xml:id="i916661" type="book_etc"><objectIdentifier><objectName>Claudius: Werke.</objectName></objectIdentifier></object><object xml:id="i874226" type="tag"><objectIdentifier><objectName>Gedanken zur Gesellschaft</objectName></objectIdentifier></object><object xml:id="i884031" type="tag"><objectIdentifier><objectName>Gedanke zur Politik</objectName></objectIdentifier></object><object xml:id="i916683" type="book_etc"><objectIdentifier><objectName>Jung: Heinrich Stillings Jugend.</objectName></objectIdentifier></object><object xml:id="i874029" type="tag"><objectIdentifier><objectName>Rückblick</objectName></objectIdentifier></object><object xml:id="i899009" type="tag"><objectIdentifier><objectName>Wunsch</objectName></objectIdentifier></object><object xml:id="i892101" type="tag"><objectIdentifier><objectName>Geburt</objectName></objectIdentifier></object><object xml:id="i910645" type="tag"><objectIdentifier><objectName>Trübe Stimmung</objectName></objectIdentifier></object><object xml:id="i873964" type="tag"><objectIdentifier><objectName>Selbstkritik</objectName></objectIdentifier></object><object xml:id="i873950" type="tag"><objectIdentifier><objectName>Ereignis</objectName></objectIdentifier></object><object xml:id="i917316" type="book_etc"><objectIdentifier><objectName>Lavater: Zwey Hundert christliche Lieder.</objectName></objectIdentifier></object><object xml:id="i874148" type="tag"><objectIdentifier><objectName>Besuch</objectName></objectIdentifier></object><object xml:id="i873852" type="tag"><objectIdentifier><objectName>Brief</objectName></objectIdentifier></object><object xml:id="i899265" type="tag"><objectIdentifier><objectName>Umzug</objectName></objectIdentifier></object><object xml:id="i875143" type="tag"><objectIdentifier><objectName>Stadt-Land</objectName></objectIdentifier></object><object xml:id="i874895" type="tag"><objectIdentifier><objectName>Mädchenschule?</objectName></objectIdentifier></object><object xml:id="i911636" type="book_etc"><objectIdentifier><objectName>Horst: Siona.</objectName></objectIdentifier></object><object xml:id="i873831" type="tag"><objectIdentifier><objectName>Selbstzeugnis schreiben</objectName></objectIdentifier></object><object xml:id="i873990" type="tag"><objectIdentifier><objectName>Selbstreflexion</objectName></objectIdentifier></object><object xml:id="i873880" type="tag"><objectIdentifier><objectName>Tod Familie</objectName></objectIdentifier></object><object xml:id="i899058" type="tag"><objectIdentifier><objectName>Alter(n) anderer Personen</objectName></objectIdentifier></object><object xml:id="i899128" type="tag"><objectIdentifier><objectName>Krankheit anderer Personen</objectName></objectIdentifier></object><object xml:id="i918563" type="book_etc"><objectIdentifier><objectName>Zimmermann: Stimmen aus dem Reiche Gottes an und für die bewegte Zeit.</objectName></objectIdentifier></object><object xml:id="i874436" type="tag"><objectIdentifier><objectName>Über das weibliche Geschlecht</objectName></objectIdentifier></object><object xml:id="i874235" type="tag"><objectIdentifier><objectName>Ausbildung</objectName></objectIdentifier></object><object xml:id="i910686" type="tag"><objectIdentifier><objectName>Sorgen</objectName></objectIdentifier></object><object xml:id="i873915" type="tag"><objectIdentifier><objectName>Haushalt</objectName></objectIdentifier></object><object xml:id="i873929" type="tag"><objectIdentifier><objectName>Trauer</objectName></objectIdentifier></object><object xml:id="i873845" type="tag"><objectIdentifier><objectName>Krankheit</objectName></objectIdentifier></object><object xml:id="i884071" type="tag"><objectIdentifier><objectName>Wetter</objectName></objectIdentifier></object><object xml:id="i873887" type="tag"><objectIdentifier><objectName>Tod</objectName></objectIdentifier></object><object xml:id="i874011" type="tag"><objectIdentifier><objectName>Furcht</objectName></objectIdentifier></object><object xml:id="i910699" type="tag"><objectIdentifier><objectName>Heiterkeit</objectName></objectIdentifier></object><object xml:id="i899353" type="book_etc"><objectIdentifier><objectName>Horst: Andachtsbuch für die gebildete Jugend, 1818.</objectName></objectIdentifier></object><object xml:id="i918705" type="book_etc"><objectIdentifier><objectName>Hamann: Sokratische Denkwürdigkeiten für die lange Weile des Publicums.</objectName></objectIdentifier></object><object xml:id="i918716" type="book_etc"><objectIdentifier><objectName>Hamann: Kreuzzüge.</objectName></objectIdentifier></object><object xml:id="i918729" type="book_etc"><objectIdentifier><objectName>Morgenstern: Erhabene Stellen.</objectName></objectIdentifier></object><object xml:id="i918741" type="book_etc"><objectIdentifier><objectName>Schoppe: Die Winterabende zu Sonnenfels.</objectName></objectIdentifier></object><object xml:id="i918755" type="book_etc"><objectIdentifier><objectName>Clarke: Die 100 Wunder der Welt und der 3 Naturreiche.</objectName></objectIdentifier></object><object xml:id="i918767" type="book_etc"><objectIdentifier><objectName>Selten, J.: Luise oder: Was ein Mädchen durch Sittsamkeit, Selbstprüfung und Fleiss werden kann. </objectName></objectIdentifier></object></listObject><listPlace><place xml:id="i205500"><placeName>Basel CH</placeName></place><place xml:id="i916570"><placeName>Neuenburg CH</placeName></place><place xml:id="i918611"><placeName>Binningen CH</placeName></place></listPlace>
    </sourceDesc>
      </fileDesc>
      <profileDesc>
         <textClass>
            <!-- vérifier !!! -->
            <catRef scheme="#genre" target="#journal"/>
         </textClass>
         <langUsage>
            <language ident="de">Deutsch</language>
         </langUsage>
      </profileDesc>
   </teiHeader>
       <text><body><div xml:id="d23412951" corresp="d909428" ><head resp="#editor">Tagebucheintrag<date> 27.10.1831 </date></head><pb n="1"/><p>31. 10. 27.<lb/>Ich fange an über unsere vaterländischen <rs ref="#i915145" type="object">Angelegen-<lb/>heiten</rs> <rs ref="#i910653" type="object">Hoffnung</rs> zu faßen, ich hatte sie zwar nie ganz<lb/>verlohren u hoffte fest auf Gott u unsre gute Sache<lb/>(vieleicht sah ich sie zu gut an!) doch jetzt belebt sie Manches<lb/>aufs neue, der eid. represent. der nur hier kommt, <rs ref="#i870195" type="person">Tscharner<lb/></rs>aus Bündten, der von Anfang ein treuer <rs ref="#i874090" type="object">Verfechter<lb/></rs>unsrer Angelegenheiten war, ein wahrer Schweizer<lb/>an Kopf u Muth freut mich sehr, ob er wohl unter den<lb/>Gesetzen der Tagsatz. steht, so kann ein solcher Mann doch<lb/>vieles wirken! Sein <rs ref="#i873838" type="object">Gefährte</rs> kenne ich nicht, doch hoffe<lb/>ich er werde ihm nicht gewachsen seyn! Auch auf unsern<lb/>Staatsrath hoffe ich werde dieser edle Mann auch<lb/>wirksam seyn können! Das glaube ich sehr gut: denn mir<lb/>scheint immer alles so schläfrig zu gehen. Ein and. gutes<lb/>Zeichen scheint mir daß in der Allg. Zeitung keine gehäßigen<lb/>Artickel gegen uns mehr, wie Vormals, erscheinen, unsre<lb/>Verleumder sind stiller geworden. Auch die <rs ref="#i916570" type="place">Neuenburgischen<lb/></rs>Unruhen werden günstig für <rs ref="#i205500" type="place">Basel</rs> sey.<lb/>Erhält nur <rs ref="#i873159" type="object">Frankreich</rs> Ruhe u Ord. so wird sie auch in<lb/>der Schweiz wiederkehren! Die vergangne Erfahrung<lb/>u Züchtigung kann Manches Guten.  </p></div><div xml:id="d23412952" corresp="d909435" ><head resp="#editor">Tagebucheintrag<date> 28.10.1831 </date></head><pb n="2"/><p>31. 10. 28. <lb/>Es ist kein wohlthätigeres Gefühl als wenn man<lb/>durch seine Reden, durch die Äusserungen seiner<lb/>Gesinnungen, auf andre, besonders junge Leute Gutes<lb/>wirken kann: ein peinliches, sehr peinliches, wenn<lb/>wenn man bei Ihnen gar keinen <rs ref="#i874045" type="object">Anklang</rs> findet.<lb/><rs ref="#i837045" type="person">Friz</rs> verläßt mich heute: ich hatte mir vorgenommen<lb/>ihm noch Manches zu seinem Nutzen ans Herz zu legen,<lb/>als er zum Frühstück kamm  setzte ich mich zu ihm hin<lb/>und suchte mein <rs ref="#i873859" type="object">Vorhaben</rs> auszuführen, fand aber so<lb/>wenig Anklang, daß ich zurückgeschreckt u traurig ganz<lb/>schwieg: er entfernte sich nur ganz um die Angelegen-<lb/>heit seines Gepäcks, das so wenig ist, besorgt. Ich nahm<lb/>ein Buch, konnte aber meinen <rs ref="#i898746" type="object">Schmerz</rs> darüber nicht <lb/>vergeßen mir schwebte so lebhaft mein lieber <rs ref="#i835869" type="person">Sohn<lb/></rs></p></div><div xml:id="d23412953" corresp="d909443" ><head resp="#editor">Tagebucheintrag<date> 01.11.1831 </date></head><pb n="2"/><p>31 11 1<lb/>Ich las Sontag eine <rs ref="#i915236" type="book_etc">Predik</rs> von <rs ref="#i870208" type="person">Tschirner</rs>, über das<lb/>Erhebende des Glaubens daß <rs ref="#i873922" type="object">Gott</rs> unser Inneres durch-<lb/>schaue; ganz trefflich zeigt er wie der Mensch der<lb/>nur auf Menschen sieht u sich in seinem Denken u Thun<lb/>nach ihnen richtet, so schwankend u unsicher wandelt:<lb/>wie hingegen der so allein auf Gott u in sein Gewissen<lb/>schaut, so ruhig u sicher wandelt. – Welche treffliche<lb/>Lehre für unsre Staatsmänner, die glauben man</p><pb n="3"/><p>müsse sich allein nach Zeit u Umständen richten!!<lb/>Ich lese nun „<rs ref="#i916612" type="book_etc">das Leben von</rs> Gerhart von <rs ref="#i869744" type="person">Kägelgen</rs>.“ Ein<lb/>edler Mensch! Schon sein Bild anzusehen thut wohl: ganz<lb/>entspricht sein <rs ref="#i874090" type="object">Inneres</rs> seinem Aussern. Das richtige Urtheil<lb/>in allem, der feine religiöse Sinn, als Sohn Bruder, Gatte,<lb/>welch Vorbild eines wahren Christen!</p></div><div xml:id="d23412954" corresp="d909451" ><head resp="#editor">Zitat<date> 03.11.1831 </date></head><pb n="3"/><p>31 11 3<lb/>Leben Ger. v. <rs ref="#i869744" type="person">Kegelgen</rs>. <rs ref="#i916612" type="book_etc">herausg von <rs ref="#i916628" type="person">Hasse</rs></rs>. Seite 363.<lb/>„Dieses reine u mit Anmuth geschmücke u mit beharr-<lb/>licher Kraft ausgerüstete Leben war der Cristallquell<lb/>seiner Kunst, fromm, liebevoll, bescheiden u einfach,<lb/>wie Gerhard der Mensch empfand, dachte wollte u<lb/>handelte, so blicken uns die schönsten seiner Bilder an.<lb/>Nie dem Gemeinen noch dem Alltäglichen sich hingebend,<lb/>beschäftigte ihn auch in menschlichen Verhältnißen, vor<lb/>Allem das Gute u das Heilige. Sein ganzes Wesen<lb/>strebte von den Feßeln der Erde, die oft zu stiller Schwermuth<lb/>ihn niederdrückte, sich loszuringen u frei zu athmen in<lb/>Licht u Harmonie. Von dieser Sehnsucht erfüllt, schaute er<lb/>an seiner Besserung arbeitend, tief in die eigne Brust,<lb/>u erhob sich dann mit Flügelkraft zu den Sternen seines Daseins<lb/>Religion u Liebe. Dieser Geist erschuf u beseelte dan auch<lb/>seine Bilder, so daß man mit Recht von K. sagen konnte:</p><pb n="4"/><p>seine Kunst ruhte in der Menschheit Tiefen u glänzte auf<lb/>den Höchen des sittlichen Lebens.“</p></div><div xml:id="d23412955" corresp="d909459" ><head resp="#editor">Tagebucheintrag<date> 05.11.1831 </date></head><pb n="4"/><p>31 11 5<lb/>Ich habe nun den accord mit dem Lehenmann aufge-<lb/>setzt u hoffe ein<del>em</del> recht braven Mann meine <rs ref="#i873908" type="object">Landstücke<lb/></rs>zu übergeben! In zwei Rücksichten bin ich darüber<lb/>sehr froh, erstens um meiner Ruhe willen, denn ich<lb/>fühle daß ich ihr bedarf u daß ich sie mir in meinem<lb/><rs ref="#i873943" type="object">Alter</rs> u bei vollbrachtem Tagewerk geben soll: es ist<lb/>Feuerabend für mich; komme der Schlaf dann wenn<lb/>er wolle so werden ihn wills Gott keine unnützen Sorgen<lb/>stören! Hätte ich meine Liegenschaft nach meinem<lb/>Sinn benützen können so hätte der gute Zweck mir<lb/>neue Thätigkeit verliehen! Doch ich muß mich in die Umstände<lb/>fügen. Zweitens bin ich froh daß bei meinem Tod, die<lb/>l. Meinigen mit der Einrichtung u besorgung des Guths<lb/>nicht viele Mühe haben.<lb/>Jetzt bleibt mir noch der Garten und einiges Land, möchte<lb/>ich nur das auch gut einrichten können u ein rechschaffnen<lb/>Mann zur Besorgung bekommen!</p></div><div xml:id="d23412956" corresp="d909467" ><head resp="#editor">Tagebucheintrag<date> 10.11.1831 </date></head><pb n="4"/><p>31. 11. 10.<lb/>Die vergangnen Täge habe ich mancherlei Unruhe<lb/>gehabt: Schaden an meinem neuen <rs ref="#i910748" type="object">Gebäude</rs> der<lb/>durch den Fehler der Baumeister verursacht u mich</p><pb n="5"/><p>wieder ordentlich kosten wird! Das Geld hätte ich <lb/>lieber anders angewand. Ich habe mich dabei noch<lb/>zimlich gelassen verhalten: doch das Geräusch u viele<lb/>Reden machte mir <rs ref="#i873825" type="object">Kopfweh</rs>, unruhigen Schlaf u Krämpfe.</p></div><div xml:id="d23412957" corresp="d909475" ><head resp="#editor">Tagebucheintrag<date> 11.11.1831 </date></head><pb n="5"/><p>31. 11. 11.<lb/>Nun seit Gestern ist beinahe alles wieder in Ordnung, u<lb/>mir ist wieder viel besser. Die <rs ref="#i873908" type="object">Bemühung</rs> meine Be-<lb/>dingniße mit dem Lehenmann u dem zukünftigen Gartner<lb/>in Ordnung zu bringen, setzten mich in eine mir <supplied>wohlthatig<lb/>Th</supplied> zuträgliche <rs ref="#i874077" type="object">Thätigkeit</rs>: die Hoffnung meine Sachen in<lb/>solch eine Ordnung zu bringen daß bei meinem <rs ref="#i874141" type="object">Tod</rs>, die<lb/>Meinigen nur wenig Abänderungen zu treffen hätten<lb/>belebte mich. Vie viel anders würden ich belebt seyn<lb/>wenn ich meine Kräfte noch zu<supplied>weilen</supplied> einem <rs ref="#i910740" type="object">wohlthätigen<lb/></rs>Zweck benutzen konnte! Doch stille davon.<lb/>Zuweilen kömmt es mir etwas peinlich vor daß ich die<lb/>Besorgung meiner Landstücke an Andre übergeben soll;<lb/>es scheint mir als ob ich sie künftig so ansehen würde<lb/>als ob ich schon gestorben wäre. Doch die Aussicht<lb/>einen vernünftigen Lehenmann zu bekommen welcher meinen<lb/>Rath annehmen wird, u die Hoffnung daß er gut bestehen <lb/>werde freuen mich.<lb/>Wenn ich nun früher od spater meine Augen schließe</p><pb n="6"/><p>für die 14 Juh. die er in Pacht nimmt, er 28 Ld  in 2 Jahren<lb/>dan 30 Ld. Die Juhard ist mich eins ins And. auf 1100 Fr [?]<lb/>zu stehen kommen macht ohngefähr 3 [unles.]. Das übrige<lb/>Land so ich für mich u den Gärtner vorbehalte ist so<lb/>bestelt daß wenn der Gart mir keine Dienste mehr<lb/>zu leisten hätte, er meinen <rs ref="#i904085" type="object">Erben</rs> für Wohnung u das<lb/>ganze Land 10–12 Lds zahlen würde: meine Wohnung<lb/>hoffe ich werde dan Jemand der Meinen bewohnen u so Gott<lb/>will Freude, ohne Mühe, daran haben! U dan zu weilen<lb/>ihre Gedanken an mich wenden, so wie ich jetzt alles doppelt<lb/>geniese wenn ich denke, in Zukunft werden die Bäume<lb/>die ich pflanzen lies meinen Kindern u Enkeln Schatten<lb/>geben!</p></div><div xml:id="d23412958" corresp="d909483" ><head resp="#editor">Tagebucheintrag<date> 12.11.1831 </date></head><pb n="6"/><p>31. 11. 12.<lb/>Ich lese nun <rs ref="#i869252" type="person">Claudius</rs> Werke, sie kamen mir Anfangs<lb/>nicht ganz angenehm, etwas gemein vor: allein man<lb/>muß den Mann lieben; sein gerader offner Sinn<lb/>seine wahre <rs ref="#i873922" type="object">religiosität</rs>, sein froher <rs ref="#i874090" type="object">Muth</rs>!<lb/>Es wäre dieses Buch mit Auslassung manches<lb/>Unverständlichem u Überflüßigem, <supplied>ein</supplied> vortrefflich<lb/>für die <rs ref="#i874226" type="object">niedern Classen</rs> u junge Leute. Ich möchte<lb/>manches auswahlen.</p></div><div xml:id="d23412959" corresp="d909491" ><head resp="#editor">Tagebucheintrag<date> 17.11.1831 </date></head><pb n="7"/><p>31 11 17<lb/>Ich lese in <rs ref="#i916661" type="book_etc">Claudius</rs> fort u finde so vieles vortrefflich<lb/>darin z. B. was er über <rs ref="#i874045" type="object">Erziechung</rs> sagt, kömmt<lb/>auf das hinaus was ich schon lange mir sagte: ohne<lb/><rs ref="#i873922" type="object">religiositet</rs> der Eltern ist keine wahre gute Erziechung<lb/>möglich. Eine halbe verkehrte Aufklärung hat der<lb/>jezigen Generation viel geschadet: man fängt<lb/>an es einzusehen, möge Gott Mittel geben dem<lb/>Übel abzuhelfen!<lb/>Muth u Vertrauen auf Gott ist auch das Einzige<lb/>was im <rs ref="#i884031" type="object">Politischen</rs> helfen könnte, Wankelmuth,<lb/>halbe Masregeln führen immer mehr ins Verderben.</p></div><div xml:id="d23412960" corresp="d909499" ><head resp="#editor">Tagebucheintrag<date> 18.11.1831 </date></head><pb n="7"/><p>31 11 18<lb/>Ich lese in <rs ref="#i916661" type="book_etc">Claudius</rs> fort: die Apol. des Sokrates, wie<lb/>wohl nur eine Übersetzung, wird in diesem Buch von<lb/>Manchen gelesen, die es sonst nicht lesen würden.<lb/>Seine Vertheidigung vor seinen Richtern, u besonders<lb/>seine nachherige Unterhaltung über den <rs ref="#i874141" type="object">Tod</rs>, haben<lb/>mir ein sehr erhebendes Gefühl verursacht: zwar kann<lb/>ich nicht seiner Meinung seyn, „daß wenn der Tod ein<lb/>immer daurender Schlaf wäre, er schon sehr wünschenswerth<lb/>seyn würde.“ Aber seine zweite Muthmaßung u gewiß<lb/>auch sein fester Glaube, ist trostreich u erhebend</p><pb n="8"/><p>nach dem Tode in die Gemeinschaft aller großer     <lb/>Männer der Vorzeit zu kommen u mit ihnen Gemein-<lb/>schaft zu haben. Wie doch die Gefühle aller edeln<lb/>Menschen in allen Zeitaltern sich gleichen! Mir<lb/>gefiel es immer so wohl wie in „<rs ref="#i916683" type="book_etc">Stillings Jugend</rs>“ der<lb/>alte GßVater so lieblich von seiner Hoffnung spricht<lb/>nach seinem Tode, mit Luthern Oekolombad u Bruc[eru]s [?] in<lb/>Gemeinschaft zu kommen. Mir kam der Artikel unseres<lb/>christlichen <rs ref="#i873922" type="object">Glaubensbekenntnißes</rs> „ich glaube eine<lb/>Gemeinschaft der Heiligen“ immer so trostreich vor:<lb/>immer kamm mir der gleich darauf folgende, etwas<lb/>störendes u überflüßig vor<supplied>kam</supplied>: da es an dem Andern<lb/>ich glaube „nach diesem Leben das ewige Leben“ genug<lb/>sagt.<lb/>Man hört</p></div><div xml:id="d23412961" corresp="d909507" ><head resp="#editor">Tagebucheintrag<date> 21.11.1831 </date></head><pb n="9"/><p>31 11 21<lb/>Seit dem der Geist der Empörung auf eine so<lb/>bedaurliche Weise in ein Theil unserer <rs ref="#i915145" type="object">Landbürger<lb/></rs>gefahren, habe ich mich immer über der Eintracht<lb/>gefreut so unter allen Bewohnern der Statt, so<lb/>wohl Bürgr als Landbürger u Hintersaßen die<lb/>darin säshaft sind, herrschte. Oft habe ich gedacht<lb/>wenn doch nur die Zahl unsrer Bürger stärker<lb/>wäre! U mich immer gefreut wenn man einem<lb/>thätigen Mann das Bürgerrecht ertheilte: es<lb/>that mir auch sehr <del>wohl</del>, vor kurzem in einem unsrer<lb/>Blätter dieselben Gedanken geäusert zu sehen.<lb/>Wie ganz anders wirkte es auf mich als ich die<lb/>besorgende Stimme vernahm, die Anerkennung<lb/>der Verfaßung u Versagung der Trennung „der<lb/>Landbürger so in der Statt wohnen, würde ihnen nichts<lb/>helfen, im Fall der größre Theil ihrer Gemeinden<lb/>anders stimmten, u sie würden ihre Rechte als getreue<lb/>Landbürger in der Statt, verlieren.“ Ich kann</p><pb n="10"/><p>nicht glauben daß unsre Bürger so was begehren,<lb/>unsre Regierung so was bewilligen würde!<lb/>Mitbewohner unsrer Statt, Männer die nun seit bei-<lb/>nache einem Jahr, alle Lasten eifrig u treu mittrugen,<lb/>auf einmal ihre<supplied>r</supplied> Rechte zu nehmen! Dies scheint mir<lb/>gegen Klugheit, Gerechtigkeit u Menschlichkeit zu<lb/>streiten. Die Klugheit scheint mir zu gebiethen<lb/>die Kräften unsrer Statt nicht zu schwächen, sondern nach<lb/>Möglichkeit zu mehren; treue für ihr Eigenthum besorgte<lb/>Stattbewohner sind eifrigere Vertheidigerer im<lb/>Fall der Noth als Söldlinge. Gegen die Gerechtig-<lb/>keit scheint es mir zu seyn, diese Menschen für die<lb/>starfbaren Fehler ihrer Gemeinden leiden zu lassen<lb/>u sie in eine Lage zu versetzen in welcher sie für<lb/>ihre gehabte Anhänglichkeit an die Statt, schwer zu<lb/>büssen haben würden. Aus den gleichen Gründen<lb/>scheint es mir auch gegen alle Menschlichkeit u<lb/>moralität zu streiten. Unsere Statt war bis</p><pb n="11"/><p>dahin in der schönsten Stellung, so daß sie auf die<lb/><supplied>sie auf die</supplied> guthei<del>ßung</del> aller gerechten u unpartheiischen<lb/>Menschen u besonders auf den Schutz Gottes ruhig<lb/>trauen durfte: wie würde sie sich verändern wenn<lb/>eine Ungerechtigkeit sie trübte! Mit banger Ahndung<lb/>würde mann die straffende Nemesis erwarten.<lb/>Gott gebe unsrer Regierung Weisheit, unsrer<lb/>Bürgerschaft Gerechtigkeit u Menschlichkeit!</p></div><div xml:id="d23412962" corresp="d909515" ><head resp="#editor">Tagebucheintrag<date> 03.12.1831 </date></head><pb n="11"/><p>31 12 3<lb/>Wieder den letzten Monath des Jahrs <rs ref="#i874029" type="object">erreicht</rs>: wohl<lb/>unter mancherlei Stürmen, aber auch wie unendlich vielen<lb/>Wohlthaten: für welche ich Gott von Herzen dankbar bin.<lb/><rs ref="#i899009" type="object">Möge</rs> nur Gott die lieben Meinigen in seinen vaterlichen<lb/>Schutz nehmen u ihnen zu schicken was zu ihrer Besserung<lb/>dient! Nicht was sie reich u angesehn macht. O möchte<lb/>ich nur im Stande seyn ihnen durch mein ganzes thun<lb/>u seyn ein aufmuntrendes Beispiel zu seyn!<lb/>Ich wähle so eben Bücher zum Geschenk an meine Gßkind[er]<lb/>möge ich nur gut wählen!</p></div><div xml:id="d23412963" corresp="d909523" ><head resp="#editor">Tagebucheintrag<date> 05.12.1831 </date></head><pb n="12"/><p>31 12 5<lb/>Es thut doch meinem Herzen so wohl von einem edlen<lb/>großherzigen Menschen zu hören! Was ich über die<lb/>Berichte an die Tagsatzung von H <rs ref="#i870195" type="person">Tscharner</rs> jetzigen<lb/>representant in Basel höre ist vortrefflich, ein wahrer<lb/><rs ref="#i874090" type="object">Menschenfreund</rs>, ein Held im Frieden, der sich nicht fürchtet<lb/>einer gehässigen u starken Parthei mit der Wahrheit,<lb/>die sie mit Schande bedekt, entgegen zu gehen:<lb/>Möge Gott seine edlen Bemühungen seegnen und<lb/>unser Rath u Bürgerschaft ihn kräftig nachahmen<lb/>u unsre armen Landleut bald von der bösen<lb/>Rotte erlöst werden!</p><p>So eben läßt man mir sagen daß Gßtochter<lb/><rs ref="#i868031" type="person">Burkard</rs> diese Nacht mit einem gesunden <rs ref="#i836542" type="person">Knaben<lb/><rs ref="#i892101" type="object"></rs>niedergekommen</rs>; Gott seegne <rs ref="#i868031" type="person"><rs ref="#i868759" type="person">Eltern</rs></rs> <rs ref="#i836559" type="person"><rs ref="#i836575" type="person"><rs ref="#i836841" type="person"><rs ref="#i868068" type="person">GßEltern</rs></rs></rs></rs>[5]<lb/>durch ihn!</p></div><div xml:id="d23412964" corresp="d909531" ><head resp="#editor">Tagebucheintrag<date> 07.12.1831 </date></head><pb n="12"/><p>31. 12. 7.<lb/>Es ist so unerhört <rs ref="#i910645" type="object">düster</rs> in meinem Gemüth: schon<lb/>seit Sontag mache ich mir <rs ref="#i873964" type="object">Vorwürfe</rs> daß ich nicht<lb/>gesucht habe mit meinem <rs ref="#i835869" type="person">Sohn</rs> zu sprechen und ihn<lb/>zu bitten seine harten mir ungerechter scheinenden<lb/>Grundsätze zu <rs ref="#i873859" type="object">mildern</rs>, ich versäumte es aus<lb/> </p><pb n="13"/><p>mancherlei Ursachen, besonders weil ich besorgte<lb/>ihn zu erbittern statt zu mildern: ich that unrecht.<lb/>Wohl hat die gute Sache gesiegt; aber doch<lb/>schmerzt es mich tief daß mein Sohn ihr nicht auch<lb/>beistimmte: wie wehe thut es dem Mutterherzen<lb/>so verschiedene, von den ihrigen so abweichende Grund-<lb/>sätze walten zu sehen! Wie fatal stört das das<lb/>Familien Leben! Wie sehr zerstört es alle Lebensfreude<lb/>in mir! Soll den mein ganzes Leben nur ein Gewebe<lb/>von zertrümerten Hoffnungen seyn! O Gott laß mein<lb/>Vertrauen nicht wanken sende den Geist des Friedens<lb/>u der Liebe für den ich dich täglich bitte auf die<lb/>Meinigen, die meinem Herzen doch so nahe sind,<lb/>ob sie gleich mir so manchen Schmerz verursachen.</p></div><div xml:id="d23412965" corresp="d909539" ><head resp="#editor">Tagebucheintrag<date> 13.12.1831 </date></head><pb n="13"/><p>31. 12. 13.<lb/>Heut ist ein wichtiger Tag die wieder versammelte Tagsatz<lb/>soll über unsre <rs ref="#i915145" type="object">Angelegenheiten</rs> sprechen, mein Herz<lb/>ist tief bewegt u fleht mit ganzer Seele zu Gott daß<lb/>er die Macht der bösen Geister zertrümmern möge!<lb/>Ich kann mir’s nicht verwehren zu glauben daß die<lb/>Wünsche uneigenutziger Herzen zu Gott dringen ja</p><pb n="14"/><p>auch auf die Gemüther and Menschen unsichtbar<lb/>wirken können.</p></div><div xml:id="d23412966" corresp="d909547" ><head resp="#editor">Zitat<date> 17.12.1831 </date></head><pb n="14"/><p>31. 12. 17.<lb/>Ich fahre nun wieder fort in <rs ref="#i916661" type="book_etc">Claudius</rs> Wandsbecker<lb/>Bothen zu lesen, es findet sich vieles Vortreffliches<lb/>darin: seine eignen Gedanken sind so klar u<lb/>richtig, seine religiosen Ansichten so wahr <rs ref="#i873922" type="object">christlich</rs>.<lb/>Die Auswahl aus andern Schriftstellern so gut<lb/>gewählt! So las ich diesen Morgen 2ter Band 8tes Stück<lb/>Seite 119. Sprüche des Pitagoräers Demophilus.<lb/>„Hab immer in Gedanken, daß, wo auch dein Körper u<lb/>deine Seele etwas vorhat u thut, Gott dich sehe u zugegen<lb/>sey. Gaben u Opfer ehren Gott nicht, u Tempel-<lb/>Schmuck schmücken ihn nicht. Aber eine göttliche Gesinnung<lb/>vereinigt uns mit ihm, denn gleich u gleich gesellt sich gerne.<lb/> </p><p>Ein geschwätzig<del>er</del> eitler Mensch der am Altar sitzt u<lb/>opfert, entweiht den Altar. Der Weise allein ist ein<lb/>Priester, der allein ist Gott angenehm u versteht zu<lb/>beten u zu opfern.<lb/>Urtheile von einem Menschen nach seinen Thaten u nicht nach</p><pb n="15"/><p>seinen Worten.<lb/>Thue was du für recht haltst, auch wenn du von Menschen<lb/>darüber auch nicht gelobt wirst. Denn die Weld ist ein<lb/>schlechter Richter über gute Thaten.</p><p>Der ist ein wahrhaft kluger Mensch der es sich sauer <lb/>um seine Seele werden läßt, als Andre es sich um ihren<lb/>Körper werden lassen.<lb/>Der Besitz wahrhafter Güter wird ohne Sch[w]eiß nicht<lb/>erworben.<lb/>Das halte für ein wahrhaftes Guth, das wenn du<lb/>es Andern mittheilest, für dich nicht ab sondern zunimmt.<lb/>Sey gewiß das nichts dein Eigenthum sey was du nicht in-<lb/>wendig in dir hast.<lb/>Niemand ist frei der nicht über sich selbst Herr ist.<lb/>Da wir aus Gott entsprungen sind u abstammen,<lb/>so laß uns fest an unsrer Wurzel kleben, denn<lb/>des Wassers Bäche u die Gewächse der Erde vermodern<lb/>wenn sie von ihrer Wurzel getrennt werden.<lb/>Es ist nicht möglich daß derselbe Mensch dieser Weld u<lb/>zugleich Gott diene.“ Wie wahr christlich!</p></div><div xml:id="d23412967" corresp="d909555" ><head resp="#editor">Tagebucheintrag<date> 23.12.1831 </date></head><pb n="13"/><p>31. 12. 23.<lb/>Gestern hatten wir den <rs ref="#i873950" type="object">kürzesten Tag</rs>, allso wieder ein<lb/><rs ref="#i874029" type="object">Jahr</rs> vorbei, ein Sorgen volles Jahr! Nun treten wir<lb/>eines an das noch bedeutender sein soll: was sollen<lb/>wir erwarten, was hoffen, auf was uns vorbereiten?<lb/>Manche <rs ref="#i873922" type="object">Theologen</rs> verkündigen aus der h Schrift<lb/>den Untergang der jetzigen Weld: Einige mögen<lb/>es glauben, Andre mögen dadurch die Menschen<lb/>zur Besserung zu führen hoffen: was ich davon denken<lb/>soll? Ich bin in d. h. Schrift nicht so erfahren um<lb/>ein Urtheil zu fällen: allein mir scheint es sey noch<lb/>lange nicht alles erfüllt was darin bedingt wird!<lb/>Das Beste scheint mir daß jeder Mensch glaube<lb/>daß jeder Tag sein letzter seyn könne, u allso sich<lb/>auf sein Ende bereit halten solle: im übrigen bin<lb/>ich überzeugt daß ohne die Zulassung Gottes nichts geschehn <lb/>kann, u daß aus den fürchterlichen Stürmen welche jetzt<lb/>die Weld erschütern auch zum Bessern dienen werden<lb/>u es gehe wie es wolle, „so wird denen die Gott fürchten<lb/>alles zum Besten dienen.“ In diesen Gesinnungen will<lb/>ich das beginnende Jahr erwarten, u bitte Gott daß die<lb/>Lieben Meinigen auch so denken mögen! Dan gewiß werden<lb/>sie auch mit Kraft handeln od dulden, wie Gott will.</p></div><div xml:id="d23412968" corresp="d909563" ><head resp="#editor">Tagebucheintrag<date> 25.12.1831 </date></head><pb n="17"/><p>31. 12. 25.<lb/>Ich feire die <rs ref="#i873950" type="object">Weihnachten</rs> ganz stille für mich alleine,<lb/><rs ref="#i873825" type="object">Altersgebrechen</rs> besonders übles gehör, hindern mich<lb/>dem öffentlichen Gottesdienst beizuwohnen, aber mein<lb/>Streben ist die Weihnacht u Nachtmalsfeier, im<lb/>Herzen zu begehen, dazu wolle mir Gott seine<lb/>Gnade verleihen! Ich bin in Gedanken bei den<lb/>Meinigen nachen u fernen und flehe Gott daß er<lb/>sie mit seinem Geist erleuchten möge! Auch für<lb/>unser armes Vaterland steigen meine <rs ref="#i899009" type="object">Wünsche<lb/></rs>zu Gott: mir schwebt <rs ref="#i27035" type="person">Lavaters</rs> bitte aus meinem <rs ref="#i917316" type="book_etc">Morgen-<lb/>lied</rs> immer im Sinn. „Möge Wahn u Irrthum fliehn,<lb/>Laß Vernunft u Liebe blühn![“]<lb/>Ich hoffe auch es werde unsere Hoffnung nicht ganz<lb/>eitel seyn, Gott sey gedankt für den edeln Mann<lb/>den er uns zu sandte! Seiner Rechtschaffenheit seinem<lb/>Muth ist schon vieles gelungen; er wird ferner<lb/>den Schwachen, Wankelmüthigen u Zweiflern, Muth<lb/>einflösen u sie beschämen. Möge biedrer <rs ref="#i915145" type="object">Schweizersinn<lb/></rs>u standhafte Frömmigkeit wieder aufleben!</p></div><div xml:id="d23412969" corresp="d909571" ><head resp="#editor">Tagebucheintrag<date> 03.01.1832 </date></head><pb n="18"/><p>Jenner d 3.<lb/>Nun wieder ein neues Jahr, sey es gesegnet!<lb/>Gebe Gott den Rechtschafnen Muth u bewirke<lb/>dadurch Ruhe u Friede!<lb/>Ungeachtet mir einige Tage <rs ref="#i873825" type="object">nicht wohl war</rs> giengs<lb/>am <rs ref="#i873950" type="object">Neujahrstag</rs> wieder besser u ich war äusserst<lb/>vergnügt <supplied>di</supplied> all die Meinigen, (wohl nur auf kurze<lb/>Zeit) bei mir recht fröhlich <rs ref="#i874148" type="object">versammelt</rs> zu sehen.<lb/>Auch empfing ich einen <rs ref="#i873852" type="object">Brief</rs> von meinem l. Enkel <lb/><rs ref="#i868141" type="person">Will. Pr.</rs> der mir sehr wohl that: der Junge denkt<lb/>faßt auf was man ihm sagt nimt’s zu Herzen, ist<lb/><rs ref="#i874090" type="object">aufmerksam</rs>, theirnehmend [sic] u dankbar. Mir liegt<lb/>so sehr am Herzen daß seine <rs ref="#i874045" type="object">Erziech</rs> ferners gut<lb/>geleitet werde. Mir scheint aus seinen Bf. H <rs ref="#i917336" type="person">Lippe<lb/></rs>müsse sichs angelegen seyn lassen die Gemüther des<lb/>Knaben aufzuwecken! In dem scheints mir besser als<lb/>bei <rs ref="#i869319" type="person">H. F.</rs> [?] ich bin in Zweifel obs es besser seyn würde<lb/>ihn hier zu nehmen, es ist Manches darwieder<lb/>u dafür möge Gott es leiten!</p></div><div xml:id="d23412970" corresp="d909579" ><head resp="#editor">Tagebucheintrag<date> 04.01.1832 </date></head><pb n="19"/><p>32. 1. 4. <lb/><rs ref="#i874029" type="object">Heute</rs> ists ein Jahr daß ich durch die liebevolle<lb/>Sorgfall der Meinen veranlaßt wurde meine <rs ref="#i899265" type="object">Wohnung<lb/></rs>zu verlassen u in die <rs ref="#i875143" type="object">Statt</rs> zu ziehen. Nun bin ich<lb/>Gott lob wieder seit 3 Monathen ruhig hier, u mich<lb/>ärgerts eine Wohnung für 6 Monath in der Statt ge-<lb/>miethet zu haben für welche ich 10 Ld zahlen muß, u<lb/>das an einen reichen Mann! Wie viel anders<lb/>hätte ich aus dem Geld machen können! Es müßte<lb/>sehr übel gehn bis ich mich entschließen könnte wieder<lb/>in die Statt zu ziehen: u das wird es nicht das hoffe<lb/>ich zu Gott! Mogen</p></div><div xml:id="d23412971" corresp="d909587" ><head resp="#editor">Tagebucheintrag<date> 05.01.1832 </date></head><pb n="19"/><p>32. 1. 5.<lb/>Ich muß mich nun an eine ganz neue Lebensweise<lb/>gewöhnen, fürs <rs ref="#i875143" type="object">Land</rs> das ich in Pacht gegeben habe<lb/>ich nun ganz keine Sorge mehr; ich hoffe der<lb/>Gärtner so ich nun habe werde den Garten so besorgen<lb/>daß ich nur so viel darum bekümern brauche als<lb/>mir’s Freude macht, ob das meiner so zur Thätig-<lb/>keit gewöhnten Natur anstehn wird? – Es wird<lb/>mich einige Mühe kosten: allein seit dem ich gar<lb/>keine Aussicht mehr habe mein lieblings <rs ref="#i874895" type="object">Projekt</rs> aus-<lb/>zuführen, seit dem ich so merklich die <rs ref="#i873825" type="object">Abnahme</rs> meiner</p><pb n="20"/><p>Kräfte spüre, finde ich es unzweckmässig mich mit<lb/>der Landw. zu beschäftigen. (Wohl wäre es ganz anders<lb/>gewesen wenn ich meinen schönen Zweck erreicht hätte<lb/>dan wären meine Kräfte neu belebt worden) Jetzt<lb/>muß ich meine Kräfte haushalterisch zusamen halten,<lb/>und meinem Geist durch etwas Leckture u Befriedigung<lb/>meiner <rs ref="#i873922" type="object">religiosen</rs> Gefühle aufzuheitern, um so viel möglich<lb/>günstig auf meine Umgebungen zu wirken, so viel<lb/>Gutes zu thun als die Umstande mir erlauben, daneben<lb/>stille u dankbar zu Gott das zu genießen was mir<lb/>beschieden ist. Das ist mein ernster Welle, den hoffe<lb/>ich ausführen zu können!</p><p>[21]       </p><p>Bemerkung über d[en] § [?] 45 unsrer <rs ref="#i915145" type="object">Verfaßung<lb/></rs>Gewohnt von jeh<del>e</del>r mich der Zurückgestoßnen u der<lb/>Unterdrückten anzunehmen, kömmt mir jetz der § [?] als<lb/>einen solchen vor: ich möchte ihn gerne ans Licht der <lb/>Wahrheit bringen. Warum ist er so bekämpft u will<lb/>man ihn mit Gewalt verdrängen? Ich glaube weil er<lb/>dem Princip der Volkssouvrainitet entgegen ist:<lb/>Ob nun diese für unsere Zeit wünschenswerth sey od nicht<lb/>fräg sich vor allem? Eine Sache kann an sich selbst schön<lb/>u gut sey u doch nicht in jedem Falle passen: Ein Glas<lb/>guter alter Wein kann einem gesunden starken Mann<lb/>erquikend seyn, einem erhitzten Kranken aber sehr<lb/>schädlich. Ist unser Canton ein gesunder kräftiger<lb/>Körper? Ist nicht ein Theil desselben von einer<lb/>bösen hitzigen Krankheit angegriffen, kann er als<lb/>phisisch u sittlich gesund behandelt werden?<lb/>Einen sehr wackern u schatzbaren Landmann höre ich<lb/>sagen „man müsse den § [?] 45, beibehalten, nicht weil er<lb/>eine Perle unsrer Verfaßung sey, sondern weil man<lb/>Gefahr laufe es würde noch mehr <del>Steine</del> von dem Gebäude ein-</p><pb n="22"/><p>stürzen.“ Ich für mein Theil halt d[en] § [?] 45. für eine Hauptstütze<lb/>userer Verfaßung: ich bitte dringend dieses ehrenwerthe<lb/>Glied der Regierung wohl folgendes zu überdenken, z. B.<lb/>wenn in 6–10 od 20 Jahren eine revision der Verfaßung<lb/>statthaben sollte, was würde ohne d[en] § [?] 45 geschehen? Sind<lb/>nicht ein großer Theil der Landbürger zum Theil unfähig<lb/>selbst <del>zu</del> denken, Andre empfänglich der Verführung u<lb/>Bestechung? Würden dan nicht wieder eigenützige Auf-<lb/>wiegler diese Lage benutzen u die Schwachen u Schlechten <lb/>verführen? Wären es dan die biedren rechtschaffnen<lb/>Landbürger die das Übergewicht hätten? Wären es<lb/>nicht die Aufwiegler! Und würden diese nicht ein schweres<lb/>Joch auf unsre Nacken legen! Die Statt würde wohl<lb/>Mittel finden sich dagegen zu verwahren, allein was<lb/>würdet ihr biedern Landbürger dagegen können? <lb/>Wer wollte seinen Kindern u Enkeln solche Schmach<lb/>aufbürden wollen!<lb/>Die Insurgenten sind mir alle unbekannt, also gleichgültig.<lb/>aber aus ihren Früchten müssen wir sie erkennen.<lb/>U sind diese nicht bedaurenswert? Müssen wir sie nach</p><pb n="23"/><p>uns [?] verabscheuen? Ohne Wahrheit, ohne Treue ist<lb/>ihnen kein Mitel zur Erreichungen ihrer Absichten<lb/>zu schlecht. Ein verehrter geistreicher Schriftsteller<lb/>sagt ungefähr folgendes: „Die Ausbildung intelectueller<lb/>u spiritueller Kräfte ohne die der moralischen, ohne die<lb/>der Sittlichkeit, wird das Grab der wahren Stats-Wohlfahrt<lb/>und gesetzlichen Freiheit seyn: wie die ältere u neuere<lb/>Geschichte <del>beweist</del> [?] .“ Ja wie sie leider unsre gegenwärtige Zeit<lb/>uns nur zu deutlich empfinden macht.</p><p>Es ist mir schmerzlich zu sehen wie Männer denen ich Kraft<lb/>zutraute, sich durch das Gewirre dieser elenden Zeit u<lb/>der verworrnen Grundsatze, sich so einschüchtern lassen,<lb/>daß sie über den Ansichten dessen was nun ist, das<lb/>verlernen was seyn sollt u was unbedingt gut ist.<lb/>Aus einer mässigen Entfernung sieht man die Gegen-<lb/>stände u deren Verhältnisse, richtiger als wenn man ganz<lb/>im Gewirre derselben ist u sich von ihnen herumtreiben<lb/>treiben laßt. U doch blähen sich solche Menschen so auf als<lb/>ob Andre gar nichts davon wißten.</p></div><div xml:id="d23412972" corresp="d909595" ><head resp="#editor">Tagebucheintrag<date> 16.01.1832 </date></head><pb n="24"/><p>32. 1. 16.<lb/><rs ref="#i869649" type="person">Horst</rs> sagt so manches Vortreffliches über <rs ref="#i915145" type="object">Vater-<lb/>lands-Liebe</rs> in christlichem Sinn. In der <rs ref="#i911636" type="book_etc">Siona</rs> 2ter Bd<lb/>von Seite 223–236. am Schluß sagt er daß in der letzten<lb/>Zeit so viele schöne Ideen darüber in Gang gekommen<lb/>sag aber am Ende „Mögen sie (diese schonen Ideen)<lb/>immer weiter ausgebildet u veredelt werden, u weder<lb/>durch Indolenz oder Insolenz, dem neben dem Guten<lb/>bestehenden bösen Princip im Zeitgeist unterliegen!“<lb/>Leider hat bei uns Letztere ihren höchsten Grad er-<lb/>reicht u des Bösen fürchterlich vieles gestiftet.<lb/>Auch Erstere möchte wohl, durch Mangel an kräftigem<lb/>Wiederstand manches sich zur Schuld haben kommen laßen.</p></div><div xml:id="d23412973" corresp="d909603" ><head resp="#editor">Tagebucheintrag<date> 28.01.1832 </date></head><pb n="24"/><p>32. 1. 28.<lb/>Mir ist einige Zeit <rs ref="#i873943" type="object">nicht ganz wohl</rs> u zum <rs ref="#i873831" type="object">schreiben<lb/></rs>bin ich nicht aufgelegt u meine Hand zu schwach gewe-<lb/>sen. Das ist eine große Entberung: möge mir<lb/>Gott nur die Kraft lassen täglich einige Gedanken<lb/>niederzuschreiben! Es ist nun einmal eine bestimmte<lb/>Eigenheit meines Wesens meine Gedanken aufs Papier<lb/>zu bringen, erst dan werden sie mir recht klar<lb/>u wenn ich das des Mo[r]gens thun kann bringt es<lb/>Heiterkeit für den ganzen Tag in mich; auch thue ich</p><pb n="25"/><p>dan mit Lust jedes vorkommende <rs ref="#i873908" type="object">Geschäft</rs>, in so fern<lb/>mir’s meine Kraften erlauben. Das Schreiben ist<lb/>mir Ersatz an genügender Unterhaltung, u bevestigt<lb/>meine Gedanken u Entschlüße. Nun trete ich eine<lb/>neue Lebensweise an: wenige Geschäfte bleiben<lb/>mir: ich bereue meine Einrichtung nicht aber ich muß<lb/>suchen mir irgend eine<rs ref="#i910740" type="object"> genügende Thätigkeit</rs> zu schaffen<lb/>wenn Gott mir Leben u Kräfte fristete Auf meinen<lb/><rs ref="#i874141" type="object">Hingang</rs> glaube ich vorbereitet zu seyn u sehe ihm ohne<lb/>Angst entgegen. Von der allliebenden Güte Gottes<lb/>glaube ich mehr Seligkeit erwarten zu können als<lb/>meine beschränkten, im Körper verdunkelten <rs ref="#i873990" type="object">Einsichten<lb/></rs>faßen können! Sollte ich auch noch Jahre lang in Unthätig-<lb/>keit fortleben müssen, so glaube ich den Foderungen Gottes<lb/>u der Natur zu entsprechen, wenn ich in Dank gegen<lb/>den Geber so vieler Wohlthaten, in Ruhe u Hoffnung auf<lb/>die Zukunft heiter u froh meine Tage vertraumen würde.<lb/>Ein veleicht schwärmerisches Gefühl, das mir auf Erfahrung<lb/>gegründet scheint, ist, daß meine Gedanken, meine<lb/>Wünsche u heißes Gebet, auf eine magische unbegreifliche<lb/>Weise, Anderen mittheilen, stärkt u ermuntert mich<lb/>zum Nachdenken u zum Gebet.<lb/>[xxx]</p></div><div xml:id="d23412974" corresp="d909611" ><head resp="#editor">Tagebucheintrag<date> 30.01.1832 </date></head><pb n="28"/><p>32. 1. 30.<lb/>Den 28 <rs ref="#i873880" type="object">starb</rs> meine Gegenschwieger Fr R [?] <rs ref="#i836649" type="person">Vischer</rs> im <rs ref="#i899058" type="object">80 Jahr<lb/></rs>sie war bis an ihr Ende in Geistesgegenwart. Meine<lb/><rs ref="#i868068" type="person">Tochter</rs> sagte mir daß ihre SchMutter 8 Tag an einer<lb/><rs ref="#i899128" type="object">Flußkrankheit</rs> gelitten die ganz ohne Gefahr schien,<lb/>sich aber in den letzten 3 Tagen in heftige Bangigkeiten<lb/>wandelte und endlich mit einem Schlag endet. Sie hätte<lb/>in vorhergehenden Krankheiten sie gerne über ernste<lb/>Sachen über Gegenwart u Zukunft über ihre innere<lb/>Stimmung unterhalten, dies mal aber ganz nicht:<lb/>ich vermuthe der leidende Körper habe den Geist ge-<lb/>hemmt; ein neuer Beweis daß man das was Noth<lb/>thut nicht auf die Letzten Augenblicke verschieben<lb/>soll. Eines geht nach dem Andern!! Wan kömmt<lb/>die <rs ref="#i874141" type="object">Reihe</rs> auch an mich: „Wohl mir wenn ich mich bereite<lb/>Immer gerne denken mag,<lb/>Heut vieleicht mein Sterbe Tag!“</p></div><div xml:id="d23412975" corresp="d909619" ><head resp="#editor">Tagebucheintrag<date> 31.01.1832 </date></head><pb n="29"/><p>32. 1. 31.<lb/>Ich lese nun „<rs ref="#i918563" type="book_etc">Stimmen aus dem Reiche Gottes an u für<lb/>die beweckte Zeit</rs>.“ von <rs ref="#i870286" type="person">D. E. Zimmermann<lb/></rs>Die meisten scheinen mir sehr wahr u gut, alle kann<lb/>ich nicht beurtheilen. Schon seit meiner Jugend fühlte<lb/>ich oft tiefen Schmerz über das Beispiel welches<lb/>die sogenannten gebildeten <rs ref="#i874226" type="object">Stände</rs>, dem Volk gaben,<lb/>doch auch ich mache mir <rs ref="#i873964" type="object">Vorwürfe</rs> über Manches<lb/>das ich nicht so einshah [sic] wie ich hätte sollen wenn ich richtigere<lb/><rs ref="#i873922" type="object">religiose</rs> Einsichten empfangen hätte. Aber war nicht<lb/>der <rs ref="#i874436" type="object">fehlerhafte Unterricht </rs>schuld daran? Vor mehr<lb/>als 40 Jahren schon fühlte ich das tief u ich erinnere mich<lb/>einer Bittschrift an meinen <rs ref="#i836664" type="person">SwigVater</rs>, der Aeltester der<lb/>[unles.] Kirche war, um ihn zu bewegen, einen Mann von<lb/>Bildung an die Pfarrstelle zu wählen, u stellte ihm das<lb/>Verderben eines schwachen religions Vortrags vor.<lb/>Ich glaube es sey von allen Seiten vielfältig gefehlt <del>worden</del><lb/>aber mehr noch geirrt, möge uns Gott vergeben<lb/>u die Zeit lehren bessere Einrichtungen zu treffen!<lb/>Die Einsicht kömmt doch bei Vielen u die giftigen<lb/>Früchten werden erkannt, möchte der Samen zerstört <lb/>werden!</p><pb n="30"/><p>Seine Gedanken daß es Pflicht der <rs ref="#i884031" type="object">Regierungen</rs> sey<lb/>für die geistige, besonders sittliche <rs ref="#i874235" type="object">Bildung</rs> des<lb/>Volks zu sorgen, scheint mir sehr richtig: auch wird<lb/>er zum Theil, aber sehr einseitig anerkannt.<lb/>Ich vergleiche diesen Grundsatz mit dem meinigen,<lb/>in Betracht der Pflichten der Herrschaften gegen die<lb/>Dienbothen, den ich immer hatte; daß man nicht nur<lb/>auf die Dienste die sie uns leisten sondern auf ihre<lb/>Sittlichkeit wachen müsse. Ich wurde darüber verlacht:<lb/>mich schmerzte es tief: aber gieng doch nicht von meinem<lb/>Grundsatz abe. Die Erfahrung bewies mir wohl schmerzlich,<lb/>wie sehr ich recht hatte. Ein änliches ists mit dem<lb/>Beispiel geben, wie Vieles bringen sich nicht die Herr-<lb/>schaften hierin zu schuld, wie Vieles die obern Stände<lb/><supplied>der</supplied> gegen die Niedern! Eine Haushaltung ist<lb/>ein Staadt im kleinen was jene zu Grunde richtet <lb/>thut Gleiches bei diesem. O möchte Gott den begünstigten<lb/>Ständen den Verstand öfnen.</p></div><div xml:id="d23412976" corresp="d909627" ><head resp="#editor">Tagebucheintrag<date> 03.02.1832 </date></head><pb n="30"/><p>32. 2. 3.<lb/>Es ist eine sonderbare Verwirrung in jetziger Zeit!<lb/> Der Freiheitsschwindel blendet trügeri die bethorte<lb/> Menschheit. O möchte man doch zur Einsicht kommen daß<lb/>unter der so gepriesenen Freiheit der tyranischte</p><pb n="31"/><p>Geist verborgen liegt. Warum will man unsre<lb/><rs ref="#i915145" type="object">Verfaßung</rs> nicht bestättigen, u fodert einen Verfaß-<lb/>ungs Rath, da doch weit die meisten rechtschaffnen<lb/>Bürger ihr zustimmen? Die Ursache liegt hell am Tag:<lb/>die Volksführer wollen die rohe ungebildete Zahl des<lb/>gemeinen Volks zum blinden Gesetzgeberin erheben<lb/>weil diese in ihrer Rohheit sich von ihnen bethören u <lb/>führen liesen, u sie dadurch die Gewalt in Handen kriegten<lb/>hätten sie die einmal, so kann jeder Vernünftige denken<lb/>wie sie diese gebrauchen würden! Nie, o nie that es mehr<lb/>Noth, nur den gebildeten Bürgern, die sich weniger der<lb/>Verführung preiß geben, das Stimmrecht zu lassen.<lb/>Gott möge uns Kraft verleihn durch diese Wirren<lb/>glücklich hindurch zu kommen! U dan möge Jeder weise<lb/>werden u mit brüderlich christlichem Sinn fürs Wohl<lb/>seiner verarmten Brüder zu sorgen!<lb/>Nicht allein im politischen Fach herrsch dieser herrschsüchtige<lb/>Geist: auch im religiosen ist eben so, da meint jeder<lb/>Secktierer, wer sich nicht seinen Ansichten füge sey ein<lb/>Gottesleugner. Ja es ist wohl die Zeit vor welcher das</p><pb n="32"/><p>Evangelium warnet, wo es heißt „hier ist <rs ref="#i873922" type="object">Christus<lb/></rs>dort ist Christus, aber glaubet ihnen nicht:“ Mein<lb/>Christus ist mir in der Bibel u in meinem Herzen<lb/>den will ich festhalten u ihm treu anhängen u nachfolgen.</p></div><div xml:id="d23412977" corresp="d909635" ><head resp="#editor">Tagebucheintrag<date> 09.02.1832 </date></head><pb n="30"/><p>32 2 9<lb/>Es ist eine <rs ref="#i910686" type="object">jamervolle Zeit</rs>, die <rs ref="#i874226" type="object">Armuth</rs> ist groß<lb/>u nimt täglich zu, wenn nur auf irgend eine Weise zu<lb/>helfen wäre! Aber was ist das Wenige was man<lb/>thun kann gegen den fürchterlich großen Bedarf!<lb/>Je größer die Armuth je mehr wachs die Sittenlosigkeit,<lb/>wie unzureichend waren bis dahin alle Anstalten, beson-<lb/>ders bei uns, wo Mangel an Strenge, die Trägheit die<lb/>Genußsucht bei den Niedern, so viel verschlingt was der<lb/>wirklichen Dürftigkeit zu kämme. Wohl glaube ich daß <lb/>es andrer Orten noch ärger als bei uns seyn muß, aber<lb/>wo führt das am Ende hin! Man wird ganz beengt!<lb/>Es heißt wohl sehr schön „Ein freudiger Geber hat Gott<lb/>lieb“ aber wie kann man freudig seyn, wenn man<lb/>überall mehr Elend sieht als man abhelfen kann?<lb/>Doch will ich thun was in meinen Kräften steht, Gott<lb/>wird endlich auch Mittel zeigen wie zu helfen ist, der<lb/>Mismuth schaft nie was Gutes: davor bewahre mich Gott!</p></div><div xml:id="d23412978" corresp="d909642" ><head resp="#editor">Tagebucheintrag<date> 12.02.1832 </date></head><pb n="33"/><p>32. 2. 12.<lb/>Ein deutlicher Beweis von dem Heranrücken meiner<lb/><rs ref="#i873825" type="object">Altersschwäche</rs>, ist die Abneigung aller ausserge-<lb/>wöhnlichen <rs ref="#i873908" type="object">Geschäfte</rs>; die kleine Baute so ich im<lb/>Lehnhaus zu machen habe, spricht mich gar nicht an<lb/>ich muß mir’s einschwatzen daß es gut, nützlich<lb/>zu meiner künftigen Ruhe zutraglich, einer <rs ref="#i873915" type="object">Haus-<lb/>haltung </rs>zum bequemen Aufenthalt diene, daß ich einigen<lb/>Bedürftigen einen kleinen Verdienst verschaffe; das<lb/>alles kann mir’s kaum erträglich machen!<lb/>Das nicht gelingen meines lieblings <rs ref="#i874895" type="object">Vorhabens<lb/></rs>macht mich oft <rs ref="#i873929" type="object">traurig</rs>, sehr traurig so daß mich alles<lb/>andre Thun aneckelt. Ich habe nun an meine Einfahrt<lb/>Bäume, sehr schöne, pflanzen lassen, aber auch hier<lb/>muß ich mir die Freude einraisonieren, ich will sie<lb/>in meinem Sinn <rs ref="#i870195" type="person">Tscharners</rs> Baume nennen, zum<lb/>Andenken des hier wirkens dieses edlen biedern<lb/>Mannes: o möchten nur die Tugenden die er zu<lb/>pflanzen mit der größten Anstrengung, sucht, eben<lb/>so fest u noch schneller anwachsen als meine schonen<lb/>Bäume! Ich will sie meinen Enkeln zum Sinnbild dessen<lb/>Tugenden u dessen Nacheifrung vorzeigen.</p></div><div xml:id="d23412979" corresp="d909650" ><head resp="#editor">Tagebucheintrag<date> 14.02.1832 </date></head><pb n="34"/><p>32. 2. 14.<lb/>Ich war gestern sehr <rs ref="#i910645" type="object">mismuthig</rs>: der <rs ref="#i873950" type="object">Brand</rs> des<lb/>Hauses u Scheune des Presidenten Stöcklins in Binningen<lb/>hat mich sehr angegriffen. Ob es gleich nicht erwiesen<lb/>so ist es sehr wahrscheinlich daß das Feuer von den<lb/>Aufrühren eingelegt worden sey, um sich an diesem<lb/>wackren Mann zu rächen. Der Gedanke an solche<lb/>verwilderte ruchlose Menschen, u das Elend das sie<lb/>über andre bringen, ist so tief schmerzlich daß man<lb/>sich kaum erwehren kann den Muth nicht zu verlieren.<lb/>Ich wollte mein Logi in der Statt wieder ausraumen<lb/>u muß es thun, wenn nicht gleich, doch in 4 Wochen.<lb/>Es ist traurig wenn man sich vor seinen <rs ref="#i915145" type="object">Landesleuten<lb/></rs>in Gefahr sieht! Gott lob ich bin für meine Person nicht<lb/>besorgt u habe mich dem Willen Gottes ganz ergeben.<lb/>Was hat man in meinem <rs ref="#i873943" type="object">Alter</rs>, wo man beinahe nichts<lb/>mehr wirken kann, zu verlieren? Für meine Sicher-<lb/>heit bin ich unbesorgt: was meine Effek[t]en betrift<lb/>will ich den Ausschlag meinen Kindern überlassen.<lb/>Mir ist heute wieder heitrer, ich habe etwas gerüstet,<lb/>um einer armen Familie die auch durch den <del>Brand gelitten</del> beizustehen.<lb/>wenn man zu etwas gutes wirken kann. </p></div><div xml:id="d23412980" corresp="d909658" ><head resp="#editor">Tagebucheintrag<date> 19.02.1832 </date></head><pb n="35"/><p>32. 2. 19.<lb/>Mir ist seit einig Tagen nicht ganz wohl. Doch ist mein<lb/>Kopf heiter. Dießen Morgen las ich in „<rs ref="#i869649" type="person">Horst</rs> <rs ref="#i911636" type="book_etc">Siona<lb/></rs>über die Religiositet der Jungfrauen“ es ist so<lb/>viel vortreffliches darin: es ist so wahr daß nur<lb/>ein fester <rs ref="#i873922" type="object">religioser</rs> Glaube vor allen Ausartungen<lb/>der Leidenschaften hütten in allen auch den drückend-<lb/>sten Lagen vor Verzacktheit schützen kann, der<lb/>Gedanke an einen unsichtbaren Freund der uns<lb/>durchschaut, kann uns vor allen Irwegen schützen u<lb/>im größten Unglück noch freudig nach Oben schaun<lb/>lassen. Wie wichtig ist allso ein gründlicher<lb/>Unterricht, wie wichtiger noch ein herzvolles Beispiel<lb/>der Mutter: o möchte man doch das mehr erkennen<lb/>u tiefer fühlen!</p></div><div xml:id="d23412981" corresp="d909666" ><head resp="#editor">Tagebucheintrag<date> 22.02.1832 </date></head><pb n="35"/><p>32. 2. 22.<lb/>Meine <rs ref="#i873845" type="object">Gesundheit</rs> ist noch nicht ganz hergestelt, bei<lb/>dem prächtigsten <rs ref="#i884071" type="object">Wetter</rs> kann ich mich nur auf<lb/>Augenblicke an die Luft wagen, die Kälte durchschau-<lb/>dert mich. Es <rs ref="#i898746" type="object">schmerzt</rs> mich auch sehr daß in unsern<lb/><rs ref="#i915145" type="object">vaterländischen Wirren</rs> mein <rs ref="#i835869" type="person">Sohn</rs> so sehr von<lb/>meinen Ansichten <rs ref="#i910686" type="object">abweicht</rs>, u wie ich besorge nicht<lb/>den Weg einschlägt den brüderliche christliche Liebe<lb/>uns vorschreibt; seine Energie gefallt mir, allein</p><pb n="36"/><p>ich wünschte daß er sie auf andre Weise anwenden<lb/>möchte. Ich danke Gott daß der gß.Rath nur die<lb/>Theil weise Trennung beschloßen: dies scheint mir <lb/>gerecht u gut. Allein meine Freude darüber<lb/>ist durch das Dagegenwirken meines Sohns sehr<lb/>getrübt. Möchte es mir nur möglich seyn ihn seines<lb/>Irthums zu überzeugen: das kann ich nicht, möchten<lb/>es die Umstände od. die Gegenparthie, aber ach!!<lb/>Diese Nacht ist wieder das Haus eines Mannes in<lb/><rs ref="#i918611" type="place">Biningen</rs> <rs ref="#i873950" type="object">abgebrannt</rs>: es ist schrecklich u schmerzt<lb/>tief.</p></div><div xml:id="d23412982" corresp="d909674" ><head resp="#editor">Tagebucheintrag<date> 23.02.1832 </date></head><pb n="36"/><p>32. 2. 23.<lb/>Gestern hatte ich einen zum Theil einen sehr ver-<lb/>gnügten Tag, des Morgens war H u Fr Pfarrer<lb/><rs ref="#i873838" type="object">Bluckner</rs> bei mir, liebenswürdige Personen, an<lb/>welchen ich den herzlichsten Antheil nehme: ihre<lb/><rs ref="#i873950" type="object">Lage</rs> ist äusserst peinlich! Es scheint mir ein<lb/>großes Verdienst, daß sie das Dorf nicht ver-<lb/>lassen. Den Nachmittag <rs ref="#i874148" type="object">hatte</rs> ich 7 Urenkel<lb/>Enkel meines sel. Sohns, gesunde hoffnungsvolle<lb/>Kinder, die so liebevoll u vergnügt waren</p></div><div xml:id="d23412983" corresp="d909682" ><head resp="#editor">Tagebucheintrag<date> 16.03.1832 </date></head><pb n="37"/><p>32. 3. 16.<lb/>Ich habe eine mühe volle <rs ref="#i874029" type="object">Zeit zurückgelegt</rs>, die für<lb/>meine <rs ref="#i873943" type="object">Kräfte</rs> fast zu streng war: das Bauen im<lb/>Lehnhaus, die <rs ref="#i873915" type="object">Wasche</rs>, u dan das <rs ref="#i899265" type="object">Ausziehn</rs> <supplied>aus</supplied><lb/>meiner Gerathaften: nun habe ich wieder alles hier<lb/>bis an das so am meisten Werth hat u bei den <lb/>Meinen wohl versorgt ist. Ich werde nun an meinem<lb/>Platz bleiben u die Sache Gott anheim stellen; die<lb/>vergebnen Vorkehrungen haben mich erschöpft,<lb/>das ist gewiß: sehr ungewiß u nicht wahrscheinlich<lb/>ist die Gefahr, allso will ich ohne Sorgen seyn.<lb/>Gehts mit unserm <rs ref="#i915145" type="object">Vaterland</rs> gut so ist für mich<lb/>nichts zu besorgen, sollte es unglücklich gehn so<lb/>habe ich in dieser Weld wenig zu verlieren, da ich<lb/>ohnehin glaube meinem <rs ref="#i874141" type="object">Ende</rs> nahe zu seyn; doch wie<lb/>Gott will! Immer habe ich gehofft es werde mit<lb/>unserm Vaterland so übel nicht gehen! U merkwürdig<lb/>waren mir die besondern Ereigniße die als Hilfe von<lb/>Oben, unsern Sachen wieder eine bessre Wendung<lb/>gaben. Nun ist ein solches gute Ereigniß wieder die</p><pb n="38"/><p>gute Wahl unsers Standeshauptes, dem ich Kenntniße<lb/>u den edelsten Willen zutraue; möge seyn Muth nicht<lb/>wanken! Den Gott steht dem Muthigen bei: u wo<lb/>Rechtschaffenheit u ein gutes Gewißen statt haben,<lb/>da wird der Muth u das Zutrauen zu Gott nicht fehlen.</p></div><div xml:id="d23412984" corresp="d909690" ><head resp="#editor">Tagebucheintrag<date> 19.03.1832 </date></head><pb n="38"/><p>32 3 19<lb/>Ich bin seit einigen Tagen sehr <rs ref="#i873825" type="object">ermattet</rs> u zu wenig<lb/>tüchtig, auch hat mich die <rs ref="#i898746" type="object">Krankheit</rs> meiner l. <rs ref="#i836718" type="person">Adele<lb/></rs>Vischer sehr <rs ref="#i910686" type="object">beunruhigt</rs>; ob das wohl ganz christlich sey,<lb/>ob ich mich nicht ruhiger in die Fügungen der Vorsehung<lb/>ergeben sollte? Doch so lange wir Menschen sind müßen<lb/>wir an menschlicher Freude u ihren Leiden Theil nehmen<lb/>das halte ich für menschlich u <rs ref="#i873922" type="object">christlich</rs>.</p></div><div xml:id="d23412985" corresp="d909698" ><head resp="#editor">Tagebucheintrag<date> 21.03.1832 </date></head><pb n="38"/><p>32. 3. 21.<lb/>Nun habe ich mein <rs ref="#i873943" type="object">75 Jahr </rs>seit heute angetreten, wohl<lb/>fühle ich es daß die Jahre meine irdische <rs ref="#i874141" type="object">Hütte<lb/></rs>darnieder drücken, doch Gott sey Dank daß mein<lb/>Kopf noch zimlich frei u mein Gemüth ruhig u heiter<lb/>ist. Eine <rs ref="#i874029" type="object">schwere Bahn </rs>habe ich durchlauffen: doch mit<lb/>Zufriedenheit kan ich auf die Meisten Auftrite mein[es]<lb/>Lebens zurückschauen, doch wie ist alles mein Thun<lb/>gewesen! Auf wie Manches muß ich nur mit Reue u<lb/>tiefer Demuth zu Gott hinaufschauen! Doch im Vertrauen</p><pb n="39"/><p>auf seine ewige Liebe, werde ich meine Bahn vollen-<lb/>den. Segen für die Meinen Segen für unser <lb/>aufgeregtes Vaterland werde ich bis ans Ende<lb/>von Gott erflehn: doch seine Strafen auch können<lb/>denen so sie zu benutzen wissen zum Segen dienen.<lb/>Mochte doch bei allen so mir theuer sind, Menschenfurcht<lb/>entfliehn u Gottesfurcht sich tief begründen!</p></div><div xml:id="d23412986" corresp="d909706" ><head resp="#editor">Tagebucheintrag<date> 30.03.1832 </date></head><pb n="39"/><p>32 3 30<lb/>Es sind seit kurzem wieder so manche von dieser<lb/><rs ref="#i873887" type="object">Weld geschieden</rs>, wohl keine die mir ganz nahe <lb/>sind, aber welche mich doch intressieren; alles<lb/>erinnert mich an meinen <rs ref="#i874141" type="object">eignen Hingang</rs> auf<lb/>den ich mich täglich gefaßt mache u ihn ohne Furcht<lb/>erwarte, wohl habe ich noch Manches hienieden<lb/>das mir theuer ist; doch das Gefühl daß ich ihnen<lb/>wenig oder nichts mehr leisten kann, erleichtert<lb/>mir die Trennung. Ich kann nichts mehr als für<lb/>ihr Wohl zu Gott flehen u das hoffe jenseitz würdiger<lb/>als</p></div><div xml:id="d23412987" corresp="d909714" ><head resp="#editor">Tagebucheintrag<date> 31.03.1832 </date></head><pb n="39"/><p>32 3 31<lb/>Ich wurde gestern vielfach gestort, dan war ich<lb/>bei Tochter <rs ref="#i868068" type="person">Vi.</rs> ihre <rs ref="#i836718" type="person">Adele</rs> fand ich<rs ref="#i898746" type="object"> sehr krank</rs>,<lb/>das liegt mir sehr schwer auf dem Herzen. wie</p><pb n="40"/><p>wehe würde mir der Verlurst dieses lieben Mädchens<lb/>thun, welch harter Schlag wäre es für ihre <rs ref="#i836841" type="person"><rs ref="#i868068" type="person">Eltern</rs></rs>!<lb/>Doch Gottes Wille geschehe!</p></div><div xml:id="d23412988" corresp="d909722" ><head resp="#editor">Tagebucheintrag<date> 01.04.1832 </date></head><pb n="40"/><p>32. 4. 1. <lb/>Gott sey Dank es geht der <rs ref="#i836718" type="person">Adele</rs> besser, moge es<lb/>ferne bestand haben! Auch mit unsern vaterländ-<lb/>ischen <rs ref="#i915145" type="object">Angelegenheiten</rs> scheint es eine bessere Wendung<lb/>zu nehmen: wie oft zeigt sichs daß das so wir für ein<lb/>Übel ansachen von der gütigen Vorsehung so geleitet<lb/>wird daß es uns Hilfe bringt! Gott gebe daß unsre<lb/>Regierung standhaft bleibe! Das Werk der Finster-<lb/>niß kann nicht lange bestehen. Hoffe man fest auf<lb/>Gott u auf sein gutes Recht, so wird früher od später<lb/>Hilfe erscheinen! Suche man nur die Gutgesinnten samt<lb/>den Zaghaften, kräftig zu unterstützen, so wird sich<lb/>die Sache von selbst bessern u endlich wieder in Ordnung<lb/>kommen. Nicht allein für die Ruhe u Bequemlichkeit der<lb/>Statt soll man sorgen: gegen Unordnung u Entsittigung<lb/>des Volks soll man kämpfen, das heiß eigentlich<lb/>Regieren, u nur wenn das mit Kraft u Muth geschieht<lb/>verdient man zu regieren. Nur das scheint mir<lb/>wahrer Schweizersinn, welcher sich jetzt auf eine<lb/>andre Weise, aber eben so wohlthätig äussern kann, als</p><pb n="41"/><p>bei Stiftung des Bundes.         </p></div><div xml:id="d23412989" corresp="d909730" ><head resp="#editor">Tagebucheintrag<date> 04.04.1832 </date></head><pb n="41"/><p>32 4 4 <lb/>Gestern war mein GßTochtermann <rs ref="#i836966" type="person">Thur</rs>. hier, um mir<lb/>zu sagen daß er sich mit H. <rs ref="#i869583" type="person">Heusler Geigy</rs> <rs ref="#i873950" type="object">associere</rs>,<lb/>es macht mir sehr viel Freude, denn ich glaube er<lb/>tritt in Verbindung mit einem sehr braven Mann,<lb/>auch hoffe ich daß zweckmässig Thätigkeit für Th.<lb/>sehr wohlthätig seyn werde! Denn nur sehr wenig<lb/>Menschen haben so viele Hilfsquellen in sich selbst<lb/>um ohne nothiges Beruffsarbeit sich gut zu beschäftigen<lb/>wissen. – Nun wünsche ich noch seiner Frau, der<lb/>l. <rs ref="#i868056" type="person">S.</rs> eine ihrem <rs ref="#i874436" type="object">Geschlecht</rs> angemessene <rs ref="#i874077" type="object">Beschäfftigung</rs>.<lb/>Ich glaube daß Muttersorgen, wohlthätig auf ihr<lb/>Körper u Geist wirken würden!<lb/>Seit 4 Tagen haben wir die<rs ref="#i884071" type="object"> herrlichste Witterung<lb/></rs>u doch kann ich mich nicht recht freuen, mein Gemüth<lb/>ist so <rs ref="#i910645" type="object">umdüstert</rs>: die <rs ref="#i898746" type="object">Krankheit</rs> der l. <rs ref="#i836718" type="person">Ad</rs>. u die<lb/><rs ref="#i915145" type="object">traurigen Wirren</rs> der Zeit, trüben mir die schöne<lb/>Aussen-Weld!</p></div><div xml:id="d23412990" corresp="d909738" ><head resp="#editor">Tagebucheintrag<date> 07.04.1832 </date></head><pb n="41"/><p>32 4 7<lb/>Ich fürchte meine Ah[n]dungen erwahren sich! Übel soll<lb/> es in unserm <rs ref="#i915145" type="object">Canton</rs> zugegangen seyn. Die 160 Mann</p><pb n="42"/><p>die auf geheimem Weg ins Gebieth geschickt wurden<lb/>u glücklich in <rs ref="#i873159" type="object">Gelderkinde</rs> angekommen sind, sollen<lb/>von einer so großen Menge Insurgenten angegriffen<lb/>worden seyn daß nach dem von Letztern viele getö-<lb/>det u blessirt wurden, die Unsrigen sich in die Gelter-<lb/>kinder Kirche verschanzt haben Gott sende ihnen<lb/>Hilfe! Mir blutet das Herz! Wie schauderhaft ist<lb/>ein Bürgerkrieg</p></div><div xml:id="d23412991" corresp="d909746" ><head resp="#editor">Tagebucheintrag<date> 09.04.1832 </date></head><pb n="42"/><p>32. 4. 9.<lb/>Ich fühle mich <rs ref="#i910645" type="object">matt u zerschlagen</rs>, mein Herz blutet<lb/>über dem vielen Elend das über unser armes u uns<lb/>verbundenes <rs ref="#i915145" type="object">Landvolk</rs> gekomen ist; unglücklich ist<lb/>die gutgemeinte Sendung ausgefallen! 7 Häuser<lb/>sollen in <rs ref="#i873159" type="object">Gelterkinden</rs> durch die Wüteriche in<lb/><rs ref="#i873950" type="object">Brand</rs> gestekt worden, doch wie man hoft Niemand<lb/>gedötet! Von den Unsrigen sind einig verwundet<lb/>u in Gefangenschaft genommen worden mit Mühe<lb/>wurden sie aus den Tygerklauen gerettet, u<lb/>jetz werden sie so Gott will durch die neu angekomm[nen]<lb/>argauischen Trupen, welche durch einen rechtschaff[nen]<lb/>Mann befehligt seyn sollen, geschützt werden.<lb/>Es ist unerhört, selbst die representanten samt den</p><pb n="43"/><p>elenden Solothurnischen Trupen flüchteten sich<lb/>nach Rheinfelden: statt wie es ihre Pflicht<lb/>gewesen wäre den Bedrängten beizustehen,<lb/>wo dan die Sache ganz eine andre Wendung<lb/>genommen hätte. Doch Gott sey Dank unsrer Regier[ung]<lb/>sind keine Vorwürfe zu machen u all die Unsrigen<lb/>sollen sich gut betragen haben. So schmerzlich mich<lb/>dieses Unglück angreift, so habe ich doch einen Funken<lb/>von Hoffnung im Hintergrund: vieleicht mußte<lb/>diese Sache zu diesem Aussersten kommen um eine<lb/>ander Wendung zu nehmen! Gott gebe es!<lb/>Mir ist wenn ich nur auf irgend eine Weise den<lb/>Verunglückten in Gelterkinden beisten könnte, wie<lb/>könnte das anzugreifen seyn! Möchte ich was<lb/>ausfinden!</p></div><div xml:id="d23412992" corresp="d909754" ><head resp="#editor">Tagebucheintrag<date> 14.04.1832 </date></head><pb n="43"/><p>32 4 14<lb/>Ich befinde mich äusserst <rs ref="#i910645" type="object">ermattet</rs>, die Ereigniße<lb/>um mich her greifen meinen <rs ref="#i873825" type="object">schwachen Körper</rs> an,<lb/>es ist keine <rs ref="#i874011" type="object">Furcht</rs> um mich, noch um die Meinigen,<lb/>allein die jämerliche Lage in der die besser gesinnten<lb/>unsrer <rs ref="#i915145" type="object">Landleute</rs> sich befinden ergreift mich schmerzlich<lb/>die Unmöglichkeit in der die Regierung versetzt ist</p><pb n="44"/><p>Hilfe zu leisten, die schändliche Treulosigkeit eines<lb/>Theils der Bundesgenoßen, erfüllt meine Seele mit<lb/>Bitterkeit. Von den Insurgenten will ich nicht reden<lb/>von diesen war nie nichts bessers zu erwarten: den<lb/>wer im gemeinen Leben ein Taugenichts ist, wie sollte<lb/>der zum Führer des Volks geeignet seyn? Ihr<lb/>Sendschreiben an die Pfarrer des Cantons, den<lb/>Palmtag zu einem Dankfest ihrer Siege zu machen<lb/>drückt das Siegel auf ihre Nichtswürdigkeit. Der<lb/>Erfolg davon ist bedeutend u bestärkt mich in<lb/>meinem Glauben, daß der ganzen Sache so leicht<lb/>zu helfen wäre. Der Erfolg war: daß die Pfarrer<lb/>sich alle wiedersetzten u – den Gottesdienst wie<lb/>gewöhnlich hielten u fast nirgends gestört wurden.<lb/>Wäre die ganze Bevölkerung verdorben wie hätte<lb/>das geschehen können? Mir thut es so wehe daß<lb/>der bessere Theil (auch der getrennten Dörfer) durch<lb/>die gräuliche Wirthschaft zu Grunde gehn muß. Ich<lb/>glaube daß auch von diesen kaum 1/3 Theil übel<lb/>gesinnt sind, ein and 1/3 Theil aus Furcht u Feigheit</p><pb n="45"/><p>mitläuft. Könnte man einige der Redelsführer<lb/>nach Verdienst strafen, wie bald würden sich<lb/>die Andern flüchten u der gemeine Mann<lb/>würde kriechend u furchtsam sich zu allem fügen,<lb/>wenn er Verzeichung hoffen könnte. Wie bald<lb/>könnte wieder Ordnung hergestellt werden!</p></div><div xml:id="d23412993" corresp="d909762" ><head resp="#editor">Tagebucheintrag<date> 18.04.1832 </date></head><pb n="45"/><p>32. 4. 18.<lb/>Es überschreitet alles Maas der Ungerechtigkeit<lb/>wie gegen <rs ref="#i205500" type="place">Basel</rs> von der Faction gehandelt wird!<lb/>An d[e] La <rs ref="#i873838" type="object">Harpe</rs>s Stelle ist Dtr <rs ref="#i870044" type="person">Schnell</rs> von Burgdorf<lb/>gekommen, dieser samt <rs ref="#i869795" type="person">Merk</rs>, halten sich in <rs ref="#i873159" type="object">Liestal<lb/></rs>auf: an unsere Regierung sollen sie geschrieben <lb/>haben „sie könnten in keiner Verbindung mehr<lb/>mit ihr stehen“ allso mußte es kommen um jeder<lb/>biedre Schweizer in Abscheu zu setzen! Gott stehe<lb/>uns bei!!</p></div><div xml:id="d23412994" corresp="d909770" ><head resp="#editor">Tagebucheintrag<date> 19.04.1832 </date></head><pb n="45"/><p>32. 4. 19.<lb/>In Zeiten der <rs ref="#i915145" type="object">Noth</rs> lernt man seine Freunde kennen:<lb/>das ist wohl wahr u das erfreut das Herz; so eben<lb/>geht H. <rs ref="#i873838" type="object">Iselin Wettst.</rs> von mir der mir 2 Zimmer bei sich<lb/>anbiethet, im Fall ich flüchten müßte. Die Veranlassung<lb/>dazu ist daß der Eidg Obrist gestern an den [unles.]</p><pb n="46"/><p>schrieb er werde ein Rott [?] seiner Truppen Morgen<lb/>in die Statt einquatieren: dies schlägt man bestimmt<lb/>ab. Ob er es wagen sollte es zu erzwingen?<lb/>Ich denke nein: wohl sind nun geg 2500 Mann Eidg<lb/>Truppen im Canton wenn diese sich dazu gebrauchen<lb/>liessen ein Überfall auf die Statt zu thun, so würde<lb/>sich des Raubgesindels genug finden die nichts sehnlich-<lb/>ers wünschten als mitzuziehn. In dem Fall wäre<lb/>es wohl Zeit sich in die Statt zu begeben, thäte ich’s <lb/>nicht für mich so wär’s um die Meinen zu beruhigen.<lb/>Es käme mich schwer an denn ich fühle mich so <rs ref="#i910645" type="object">mat</rs>, all<lb/>das Traurig so um uns her vorgeht, drückt mich nieder<lb/>doch ich bin gelassen mich in alles zu fügen was die<lb/>Zeit erfodert, könnte ich nur zur Linderung des allge-<lb/>meinen Übels was beitragen.</p></div><div xml:id="d23412995" corresp="d909778" ><head resp="#editor">Tagebucheintrag<date> 19.04.1832 </date></head><pb n="46"/><p>32 4 19<lb/>Ich hoffe nun eine kleine <rs ref="#i873950" type="object">Wohnung</rs> in der <rs ref="#i915145" type="object">Statt</rs> gefunden<lb/>zu haben wo ich jeden Augenblick hinflüchten könnte!<lb/>Dadurch</p></div><div xml:id="d23412996" corresp="d909785" ><head resp="#editor">Tagebucheintrag<date> 22.04.1832 </date></head><pb n="47"/><p>32. 4. 22.<lb/>Ich habe meinen <rs ref="#i873950" type="object">Ostertag</rs> Morgen sehr <rs ref="#i910699" type="object">heiter</rs> und<lb/>ruhig zugebracht; gestern Abend blieb mir mit<lb/>Hilfe Gottes noch Zeit u Kraft meine <rs ref="#i910645" type="object">wehmüthigen<lb/></rs>Gefühle wieder zu besänftigen u alles ruhig Gott zu<lb/>empfehlen. Ich schlief die ganze nacht; erwachte heiter,<lb/>las mit ruhe eine Ost. <rs ref="#i873922" type="object">Predig</rs> u fühlte mich in meinem <lb/>christlichen Sinn ganz glücklich.</p></div><div xml:id="d23412997" corresp="d909793" ><head resp="#editor">Tagebucheintrag<date> 24.04.1832 </date></head><pb n="47"/><p>32. 4. 24. <lb/>Gott sey Dank daß wieder einige heitre Sonnen-<lb/>blicke über unser armes Land sich zeigt: daß<lb/>die vorsteher der uns treu gebliebnen <rs ref="#i915145" type="object">Gemeinen<lb/></rs>samt den Abgeordneten der Regierung, eine so<lb/>kräftige Sprache gegen die sogenannten representanten<lb/>zu führen den Muth hatten, das ist auf jeden Fall<lb/>herrlich u wird gewiß seine guten Früchten bringen<lb/>auch von Lucern hat man bessre Berichte, die Wahr-<lb/>heit u das Recht scheinen am Ende doch den Sieg davon<lb/>zu tragen. Mein Herz zerfließt in Dankbarkeit; möge<lb/>nur der kräftige u fromme Muth neu aufleben!<lb/>Noth gedrungen miethete ich wieder ein Logis in der<lb/>Statt, war eben gestern Morgen am einpacken<lb/>als ich die guten Nachrichten erhielt.</p><pb n="48"/><p><rs ref="#i918705" type="book_etc">Socratische Denkwürdigkeiten</rs>. von <rs ref="#i869515" type="person">J.G. Hamann</rs>,</p><p><rs ref="#i918716" type="book_etc">Creuzzüge eines Philologen</rs> von Ebend d<lb/> </p><p><rs ref="#i899353" type="book_etc">Andachtsbuch</rs> für die gebildete Jugend von <rs ref="#i869649" type="person">Georg Horst<lb/></rs>3te verbesserte Auflage. </p></div><div xml:id="d23412998" corresp="d909801" ><head resp="#editor">Tagebucheintrag<date> 30.11.1831 </date></head><pb n="49"/><p>1831 11 30<lb/>Empfange von H <rs ref="#i873838" type="object">Neukirch</rs> an Büchern zur Einsicht<lb/>            <lb/><rs ref="#i918729" type="book_etc">Erhab. Stellen</rs>. von Fränklin, Knigge, Ehrenk.<lb/>Wieland. Enthält viel Gutes, [unles.] gebe es <rs ref="#i868056" type="person">S. Th. Par.<lb/><rs ref="#i870057" type="person"></rs>Schoppe</rs> <rs ref="#i918741" type="book_etc">Winter Abende</rs> geb [?]  Weiße  2. [unles.] für <rs ref="#i836718" type="person">Ad Vischer<lb/><rs ref="#i873838" type="object"></rs>Clarke</rs> <rs ref="#i918755" type="book_etc">100 Wunder der Weld</rs> F. 5.– für <rs ref="#i836759" type="person">Marie Preis<lb/></rs>J. Seltens <rs ref="#i918767" type="book_etc">Louise</rs> 2.– für <rs ref="#i836759" type="person">Marie P </rs>wenn sie hierkömmt</p></div><div xml:id="d23412999" corresp="d909814" ><head resp="#editor">Tagebucheintrag<date> 01.12.1831 </date></head><pb n="50"/><p>1831 12 1<lb/>Nehme von H <rs ref="#i873838" type="object">Neukirch</rs> für<lb/><rs ref="#i918767" type="book_etc"> Louise eine Festgabe</rs> von J. <rs ref="#i873838" type="object">Selten</rs> recht artig</p></div>
       </body></text>
   </TEI>
    