<?xml version="1.0"?>
    <?xml-model href="http://www.tei-c.org/release/xml/tei/custom/schema/relaxng/tei_all.rng" type="application/xml" schematypens="http://relaxng.org/ns/structure/1.0"?>    
    <TEI xmlns="http://www.tei-c.org/ns/1.0" xml:id="d884918">
       <teiHeader>
          <fileDesc>
             <titleStmt>
                <title>Heft 12 (1815-1816)
                </title>
                <author>Anna Maria Preiswerk-Iselin</author>
             </titleStmt>
             <publicationStmt>
                <publisher xml:id="editor">Tagebücher Anna Maria Preiswerk-Iselin Projekt</publisher>
                <pubPlace>Basel</pubPlace>
                <date when="2022-03">March 2021</date>
                <availability>
                   <licence notBefore="2022-03-01" target="http://creativecommons.org/licenses/by-sa/4.0/">
                      <p>[...]</p>
                      <p>This work is licensed under a Creative Commons Attribution-ShareAlike 4.0 International License.</p>
                      <p> You are free to: <list>
                            <item> Share — copy and redistribute the material in any medium or format</item>
                            <item> Adapt — remix, transform, and build upon the material</item>
                         </list>
                      </p>
                      <p> Under the following terms: <list>
                            <item> Attribution — You must give appropriate credit, provide a link to the license, and indicate if changes were made. You
                               may do so in any reasonable manner, but not in any way that suggests the licensor endorses you or your use.</item>
                            <item> ShareAlike — If you remix, transform, or build upon the material, you must distribute your contributions under the same
                               license as the original.</item>
                            <item> No additional restrictions — You may not apply legal terms or technological measures that legally restrict others from
                               doing anything the license permits.</item>
                         </list>
                      </p>
                      <p>The licence was added on March first, 2022.</p>
                   </licence>
                </availability>
             </publicationStmt>
             <sourceDesc>
                <msDesc>
                   <msIdentifier>
                      <settlement>Basel</settlement>
                      <repository>Staatsarchiv</repository>
                      <idno>StABS PA 511 304-03-04</idno>
                      <msName>Heft 12 (1815-1816) - Anna Maria Preiswerk-Iselin </msName>
                   </msIdentifier>
                </msDesc>
    <listPerson><person xml:id="i885084"><persName>Johann Georg Schlosser</persName></person><person xml:id="i867825"><persName>Isaak Iselin-Forcart</persName></person><person xml:id="i885100"><persName>Karl Friedrich Bahrdt</persName></person><person xml:id="i870097"><persName>Sokrates</persName></person><person xml:id="i835771"><persName>Dietrich Preiswerk-Bischoff</persName></person><person xml:id="i836927"><persName>Dietrich Preiswerk-Bischoff</persName></person><person xml:id="i867913"><persName>Maria Helena Hoffmann-Preiswerk</persName></person><person xml:id="i868044"><persName>Sophia Geigy-Preiswerk</persName></person><person xml:id="i869319"><persName>Philipp Emanuel von Fellenberg-Tscharner</persName></person><person xml:id="i867877"><persName>Louise Köchlin</persName></person><person xml:id="i869303"><persName>Margaretha von Fellenberg-Tscharner</persName></person><person xml:id="i885212"><persName>Elisabeth Charlotte Furer-Fellenberg</persName></person><person xml:id="i885225"><persName>Elisabeth Olympia Leutwein-Fellenberg</persName></person><person xml:id="i885238"><persName>Emilie Adelheid Fellenberg </persName></person><person xml:id="i885251"><persName>Elisabeth Louise Emma Müller-Fellenberg</persName></person><person xml:id="i869363"><persName>Elisabeth von Freudenreich-Tscharner</persName></person><person xml:id="i885290"><persName>Henry Fielding</persName></person><person xml:id="i835836"><persName>Susanna Paravicini-Preiswerk</persName></person><person xml:id="i869556"><persName>Johann Gottfried von Herder-Flachsland</persName></person><person xml:id="i869942"><persName>Johann Heinrich Pestalozzi</persName></person><person xml:id="i885399"><persName> Ludwig August Kähler</persName></person><person xml:id="i885426"><persName>August Friedrich Ernst Langbein</persName></person><person xml:id="i885453"><persName>August Heinrich Julius Lafontaine</persName></person></listPerson><listObject><object xml:id="i884031" type="tag"><objectIdentifier><objectName>Gedanke zur Politik</objectName></objectIdentifier></object><object xml:id="i885073" type="book_etc"><objectIdentifier><objectName>Herrn Hofrath Schlossers drittes Schreiben über die Philanthropinen, in: Ephemeriden der Menschheit (1776), Bd. 1, 9. St.</objectName></objectIdentifier></object><object xml:id="i873922" type="tag"><objectIdentifier><objectName>Religion</objectName></objectIdentifier></object><object xml:id="i873936" type="tag"><objectIdentifier><objectName>Philosophie</objectName></objectIdentifier></object><object xml:id="i1966372" type="tag"><objectIdentifier><objectName>test_tei_export</objectName></objectIdentifier></object><object xml:id="i873159" type="tag"><objectIdentifier><objectName>Ortserwähnung</objectName></objectIdentifier></object><object xml:id="i874148" type="tag"><objectIdentifier><objectName>Besuch</objectName></objectIdentifier></object><object xml:id="i874077" type="tag"><objectIdentifier><objectName>Tätigkeiten</objectName></objectIdentifier></object><object xml:id="i874029" type="tag"><objectIdentifier><objectName>Rückblick</objectName></objectIdentifier></object><object xml:id="i873901" type="tag"><objectIdentifier><objectName>Trennung</objectName></objectIdentifier></object><object xml:id="i910770" type="tag"><objectIdentifier><objectName>Zufriedenheit</objectName></objectIdentifier></object><object xml:id="i874226" type="tag"><objectIdentifier><objectName>Gedanken zur Gesellschaft</objectName></objectIdentifier></object><object xml:id="i885135" type="book_etc"><objectIdentifier><objectName>Betrachtungen über die Geistlichkeit, die Bischofthümer und die Klöster, in: Ephemeriden der Menschheit (1777), 2. St.</objectName></objectIdentifier></object><object xml:id="i873838" type="tag"><objectIdentifier><objectName>Unbekannte Person</objectName></objectIdentifier></object><object xml:id="i873866" type="tag"><objectIdentifier><objectName>Reisen</objectName></objectIdentifier></object><object xml:id="i873825" type="tag"><objectIdentifier><objectName>Altersgebrechen</objectName></objectIdentifier></object><object xml:id="i875143" type="tag"><objectIdentifier><objectName>Stadt-Land</objectName></objectIdentifier></object><object xml:id="i874895" type="tag"><objectIdentifier><objectName>Mädchenschule?</objectName></objectIdentifier></object><object xml:id="i874436" type="tag"><objectIdentifier><objectName>Über das weibliche Geschlecht</objectName></objectIdentifier></object><object xml:id="i874235" type="tag"><objectIdentifier><objectName>Ausbildung</objectName></objectIdentifier></object><object xml:id="i884071" type="tag"><objectIdentifier><objectName>Wetter</objectName></objectIdentifier></object><object xml:id="i873990" type="tag"><objectIdentifier><objectName>Selbstreflexion</objectName></objectIdentifier></object><object xml:id="i873943" type="tag"><objectIdentifier><objectName>Alter(n)</objectName></objectIdentifier></object><object xml:id="i873957" type="tag"><objectIdentifier><objectName>Freundschaft</objectName></objectIdentifier></object><object xml:id="i885333" type="book_etc"><objectIdentifier><objectName>Johann Gottfried von Herder’s Postscenien zur Geschichte der Menschheit, 1807.</objectName></objectIdentifier></object><object xml:id="i874141" type="tag"><objectIdentifier><objectName>Gedanken über den Tod</objectName></objectIdentifier></object><object xml:id="i873964" type="tag"><objectIdentifier><objectName>Selbstkritik</objectName></objectIdentifier></object><object xml:id="i910740" type="tag"><objectIdentifier><objectName>Unnütz/Untätig</objectName></objectIdentifier></object><object xml:id="i910637" type="tag"><objectIdentifier><objectName>Erschöpfung</objectName></objectIdentifier></object><object xml:id="i885365" type="book_etc"><objectIdentifier><objectName>Goethe, Johann Wolfgang von: Iphigenie auf Tauris. Ein Schauspiel.</objectName></objectIdentifier></object><object xml:id="i885377" type="book_etc"><objectIdentifier><objectName>Minerva. Taschenbuch für das Jahr 1816 (8. Jg.).</objectName></objectIdentifier></object><object xml:id="i885388" type="book_etc"><objectIdentifier><objectName>Kähler, Ludwig August: Gustav Wasa, in: Minerva. Taschenbuch für das Jahr 1816</objectName></objectIdentifier></object><object xml:id="i885415" type="book_etc"><objectIdentifier><objectName>Langbein, August Friedrich Ernst: Das Mährchen vom König Luthbert, in: Minerva. Taschenbuch für das Jahr 1816</objectName></objectIdentifier></object><object xml:id="i885442" type="book_etc"><objectIdentifier><objectName>Langbein, August Friedrich Ernst: Der Hirt von Oggersheim, in: Minerva. Taschenbuch für das Jahr 1816 (8. Jg.).</objectName></objectIdentifier></object><object xml:id="i885469" type="book_etc"><objectIdentifier><objectName>Lafontaine, August: Der Rheinfall, in: Minerva. Taschenbuch für das Jahr 1816 (8. Jg.).</objectName></objectIdentifier></object><object xml:id="i874045" type="tag"><objectIdentifier><objectName>Gedanken zur Erziehung</objectName></objectIdentifier></object></listObject>
    </sourceDesc>
      </fileDesc>
      <profileDesc>
         <textClass>
            <!-- vérifier !!! -->
            <catRef scheme="#genre" target="#journal"/>
         </textClass>
         <langUsage>
            <language ident="de">Deutsch</language>
         </langUsage>
      </profileDesc>
   </teiHeader>
       <text><body><div xml:id="d23399767" corresp="d884929" ><head resp="#editor">Tagebucheintrag<date> 14.05.1815 </date></head><pb n="1"/><p> </p><p>1815 Mai d 14 <lb/>Ich wiedersprach letzthin Jemand über eine Sache die<lb/>er glaubte im Krieg erlaubt zu seyn. Nachher<lb/>überdachte ichs nächer u ich sagt zu mir, sollte es dan<lb/>unter gesitteten <rs ref="#i884031" type="object"><rs ref="#i1966372" type="object">Nationen</rs> auch im Krieg</rs> erlaubt seyn<lb/>wehe zu thun ohne einigen Nutzen? Kaum hatte ich diesen<lb/>Gedanken heraus als ich etwas so Mistönendes<lb/>Anstössiges darin fand; ich forschte nach u fand daß<lb/>Krieg – gesittet, nicht könnten zusamen passen<lb/>es schien mir es wäre als ob ich sagte, 2 gesittete<lb/>Herren hätten sich auf der Gaße herumgerauft.<lb/>Ist der Krieg im Grund was Andres als das Rauffen<lb/>einer Menge gegen eine Menge? Sollte eine<lb/>Sache gut u recht werden weil nicht einzelne<lb/>sondern Viele sie thun? Wenn man recht nachdächte<lb/>wie viele Dinge gäben es noch welche durch alte<lb/>Gewohnheit elende Vorurtheile ausgerüstet, die<lb/>gedankenlose Menge blenden u wenn man sie<lb/>mit gesunden Augen betrachtete, sie als Geripe<lb/>aus den barbarischen Zeiten erscheinen würden?</p><pb n="2"/><p> </p><p><rs ref="#i885073" type="book_etc">Ephemerid d M J <rs ref="#i1966372" type="object">12 Stück</rs>, sagt <rs ref="#i885084" type="person">Schloßer</rs></rs> „Es ist unbe-<lb/>greiflich<rs ref="#i867825" type="person"> l. J</rs>., wie <rs ref="#i885100" type="person">D A Barth</rs> es wagen konnte so viel<lb/>von der sokratischen Lehrart zu sagen, da man aus<lb/>allem was er davon sagt, so deutlich spürt daß er weder<lb/>einen Begriff von dieser Lehrart noch den tausendsten<lb/>Theil von Sokrates Geist in sich hat, doch wer hat ihn auch;<lb/>Wir sollten den Namen nicht ohne Ehrfurcht aussprechen;[“]<lb/>Er glaubt allso u wie mich deucht mit Recht, daß<lb/>wer S. Geist nicht habe dürfe nicht von demselben<lb/>lehren u sprechen: Ist das vom Geiste <rs ref="#i870097" type="person">Sok</rs>. wahr;<lb/>was laßt sich von den Lehrern Christi sagen die oft<lb/>nicht eine Spur von dessen Geist besitzen! Ich habe<lb/>mich schon oft gefragt, wer mehr der <rs ref="#i873922" type="object">Religion</rs> schade<lb/>diese od die <rs ref="#i873936" type="object">Freigeister</rs>? Sind die Erstern nicht zum<lb/>Theil Schuld daß es so viele von den Letztern giebt?<lb/>Wer kann mit einem etwas lebhaftem Geist, ihre<lb/>Armseligkeiten anhören ohne zum Spott gereitzt zu<lb/>werden? U was ist die Folge davon bey Menschen die<lb/>nicht hinreichende Beurtheilungskraft besitzen!<lb/>Zu ihrer Verteidigung ist nichts zu sagen als was<lb/>Christus von seinen Kreuzigern sagte „Vater vergieb<lb/>ihnen denn sie wissen nicht was sie thun!“</p><pb n="3"/><p> </p><p>Mir ist schon oft sehr schmerzlich aufgefallen daß die<lb/>Lehrer der Religion in einem so niedrigen Ansehn stehen,<lb/>sich in ein so niedriges setzen! An diesen Letztern<lb/>liegt wohl die Meiste, wo nicht alle Schuld: Was<lb/>das aber für Folgen für die niedern Stände<lb/>haben wird das scheint mir oft höchst traurig.<lb/>Den der Bauer spottet nun des Geistlichen so wie der<lb/>Stätter u sogenannte Gebildete: mir schaudert oft<lb/>wenn ich solche Mistöne höre. Aber dan fällt es<lb/>mir wieder beruhigend auf daß doch das Gute bey<lb/>den Menschen nicht im Verhältnis Abnimmt; ich wohne<lb/>nun seit 17 Jahren unter Landleuten die wenig Ursache<lb/>haben ihre Gst. zu schätzen u die es auch nicht <del>thun</del>: aber<lb/>doch finde ich sehr Viele unter ihnen die noch christlichen<lb/>Sinn haben u die gar wohl den Geistlichen u die <lb/>Religion von einander abzusondern wissen.<lb/>Dieses hoffe ich werde das Gegengift für das Übel<lb/>seyn! Religion u Wahrheit werden siegen so sehr<lb/>auch die Bosheit u Dummheit wirkt u schreit: der<lb/>so sie vom Himmel den Menschen gesandt wird sie denen<lb/>zu erhalten wissen die sie suchen u lieben!</p></div><div xml:id="d23399768" corresp="d884937" ><head resp="#editor">Tagebucheintrag<date> 15.05.1815 </date></head><pb n="4"/><p>1815 Mai 15<lb/>In diesen wichtigen <rs ref="#i884031" type="object">Zeitumstanden</rs> bin ich auf Zeitungen<lb/>imer sehr begierig, aber fast immer finde ich nichts<lb/>darin als leidenschaftliches ungerechtes Geschrei welches<lb/>welches nur Unwillen u Erbarmen über die gedrückte<lb/>Menschheit einflößt. Aber wie ausserst erfreulich<lb/>ist es mir so eben in der Arauer Zt vom 13 Mai einen<lb/>Artikel aus einem Schreiben aus Wien zu lesen der<lb/>so ganz nach meinem Sinn ist. Er vereint tiefe Einsicht<lb/>Gerechtigkeit u Wahrheit: der Mann ist ein wahrer<lb/>Deutscher weil er ein wahrer Mensch ist. Unaussprech-<lb/>lich schätzbar kömmt er mir vor! Ich möchte ihn<lb/>kennen! Wäre es einer der viel vermögendsten<lb/>Staatsmänner <supplied>seyn</supplied> was könnte die Menschheit sich von<lb/>ihm versprechen! Ich habe nicht Zeit das Ganze aus<lb/>zu schreiben aber sein hauptgedanke <supplied>Gedanke</supplied> der<lb/>mir am besten gefiel ist daß, in dem zersplitterten<lb/>Zustande in welchem sich Deutschland befinde<supplied>t</supplied> sey <supplied>es</supplied><lb/>die Einheit Fr[ankreichs] demselben immer gefährlich, aber zu<lb/>zerstören unmöglich: So bald Deutschland auf einen<lb/>guten Fuß vereint wäre hätte es Fr. Einheit nicht<lb/>zu zerstören nöthig „Schaffen wir uns die Einheit</p><pb n="5"/><p> </p><p>Deutschlands u bestrafen wir nicht an Jenen [unles.]<lb/>unsere Mängel: nicht weil jene Gutes haten, in <lb/>dieser Rücksicht, wir aber Schlecht<supplied>es</supplied>, sollen wir ihr<lb/>Gutes unserm Schlechten gleich machen, sondern um-<lb/>gekehrt!“ Wie herrlich.</p></div><div xml:id="d23399769" corresp="d884945" ><head resp="#editor">Tagebucheintrag<date> 21.05.1816 </date></head><pb n="5"/><p>d 21</p><p>Ich bin nun seit dem 31 Merz <rs ref="#i873159" type="object">hier</rs> ganz <rs ref="#i873901" type="object">alleine</rs> ohne<lb/>Jemand von den Meinigen bey mir zu sehen als nur einig<lb/><rs ref="#i874148" type="object">Mal mein <rs ref="#i835771" type="person">Sohn</rs> mit den <rs ref="#i836927" type="person"><rs ref="#i867913" type="person"><rs ref="#i868044" type="person">Kindern</rs></rs></rs></rs>; so sehr ich mich nun freue<lb/>die Meinigen wieder zu sehen so bin ich doch die Zeit über<lb/>hier recht <rs ref="#i910770" type="object">zufrieden</rs> gewesen, auch hat mein Geist u<lb/>Körper ausgeruht: die<rs ref="#i874077" type="object"> landwirtschaftlichen Beschäftigungen<lb/></rs>waren mir wohl zuweilen etwas lästig, aber im Ganzen<lb/>gaben sie mir doch mehr Befriedigung als Verdruß,<lb/>wenn mein Gemüth nicht misgestimmt od mein Körper<lb/>leidend war, welch Gott lob selten geschah. Wie ruhig lebt<lb/>der Mensch wenn er der Natur nahe ist u mit heitrer<lb/>Seele an ihrem Busen ruht! Der Umgang derjenigen<lb/>die mir nah u lieb sind war mir schmerzlich zu entbehren<lb/>allein ich suchte mich auf eine wohlthätige Weise zu ent-<lb/>schädigen: ich durchlas in müssigen Stunden die Schriften<lb/>meines sel. <rs ref="#i867825" type="person">Vaters</rs> u versetzte mich so lieblich in meine<lb/>schöne <rs ref="#i874029" type="object">Jugendzeit</rs> zurück u athmete den reinen Sinn dieses<lb/>edlen Weisen ein, freute mich so unaussprechlich ihm anzugehören</p><pb n="6"/><p> </p><p>zu fühlen daß sein Geist nicht ganz von mir gewichen u daß<lb/>ich ihn in dieser Stille wieder neu in mir könne aufleben<lb/>machen. Wäre es nicht Bedürftnis für den Menschlichen<lb/>Geist, sich zuweilen aus dem Gewirre aller Verhältnisse<lb/>heraus <supplied>sich</supplied> zuziehen um <rs ref="#i873936" type="object">sich selbst wieder zu suchen</rs> u<lb/>womöglich zu finden. Wie kann ich der Vorsehung danken<lb/>daß unter so mancherlei wiedrigen Lagen in welchen ich<lb/>mich befand ich mich <supplied>doch</supplied> immer in Nähe u Stille doch <supplied>immer</supplied><lb/>bald wieder fand u wie ich hoff, sagen zu dürfen, ich<lb/>verlohr mich nie ganz! Möchte ich, mein fester Entschluß<lb/>alle Kräfte so mir noch gewährt seyn werden zum Guten<lb/>anzuwenden, fest ausführen, durch keine Menschenfurcht<lb/>keine unzeitige Gefälligkeit mich von meinem Wege<lb/>abführen lassen! Bis dahin lebte ich auf mancherlei<lb/>Weise gefeßelt der Himmel der sie lößte gebe mir Kraft<lb/>diese Freiheit wohl zu nützen! Wenn ich nur meine<lb/>Sachen u mein ganzes Thun so einrichten kan, daß ich mir<lb/>sagen darf, ich lebe nicht vergebens auch Andern bringt<lb/>mein Daseyn Gutes! Nur wenig konnte ich bis dahin<lb/>thun u doch darf ich hoffen nicht ganz vergebens gelebt<lb/>zu haben. Ich darf hoffen daß meine Kinder keine unnützen <lb/>Menschen sind, daß auch das was ich für sie zu thun wünschte<lb/>nicht vergebens war, so unvollkommen meine Schwachheit<lb/>u die Schwierigkeit der Umstände mein Bemühungen machten.</p></div><div xml:id="d23399770" corresp="d884953" ><head resp="#editor">Tagebucheintrag<date> 22.05.1815 </date></head><pb n="7"/><p> </p><p>1815 Mai 22<lb/>Wenn ein Jude mir ein Almosen fodert gebe ich ihm dopelt<lb/>so viel als ich einem <rs ref="#i874226" type="object">Christen</rs> würde gegeben haben: weil<lb/>ein Jude sehr arm sey muß ehe er sich erniedrigt einem<lb/>Christen was abzufodern u weil die meisten Christen<lb/>Herzen sich gegen die Juden verschließen.<lb/> </p><p>Js ist ein ausserordentliches Vergnügen wenn wir<lb/>in einem Buch dessen Autor uns schätzbar ist, Gedanken<lb/>finden die wir selbst gehabt: So war es mir heute als<lb/>in d <rs ref="#i885135" type="book_etc">Eph d M 1777 Stück 2</rs>. über die Aufhebung od der nützlichen<lb/>Umschaffung der Klöster, Jdeen fand die mit dem überein-<lb/>stimmten was ich vor einiger Zeit <rs ref="#i869319" type="person">H. F</rs>. hierüber geschrieben<lb/>Beym Nachdenken wurde meine Freude gedämpft, indem<lb/>ich mir sagte vermutlich waren deine Jdeen hierüber<lb/>eine Folge dessen was du in vorigen Zeiten aus diesem<lb/>Aufsatz geschöpft, obwohl du dich dessen gar nicht mehr<lb/>erinnertest, u nicht aus dir selbst ge<supplied>schöpft</supplied>nomen!<lb/>Aus diesem Gedanken entstund eine tröstliche Betrachtung,<lb/>daß wenn wir schon die Sachen die wir gelesen uns nicht mehr<lb/>ganz in Erinnerung bringen, unser Geist doch durch das<lb/>was uns gefiel od rührte eine Richtung empfängt, die bey<lb/>Anlässen wieder ähnliche Jdeen erweckt, die wir für eigene <lb/>halten obwohl sie nur angeignete sind. Der Mangel an<lb/>Gedächtniß soll uns allso nicht vom Lesen abhalten, so lange wir fähig<lb/>sind Eindruck auf unsern Geist beym Lesen zu erhalten.</p></div><div xml:id="d23399771" corresp="d884961" ><head resp="#editor">Tagebucheintrag<date> XX.XX.1815 </date></head><pb n="8"/><p> </p><p>1815</p><p>Den 6 Juny fuhren wir (ich <rs ref="#i867877" type="person">Louise K</rs> u eine <rs ref="#i873838" type="object">Magd</rs>) von<lb/><rs ref="#i873159" type="object">Basel</rs> weg <supplied>trafen</supplied> fuhren durch die herrlichsten Gegenden<lb/>wo Schönheit der Gegend u der prachtvolle Wachsthum<lb/>aller Produckten uns ergötzte. Allein der Gedanke der<lb/><rs ref="#i873901" type="object">Trennung</rs> von den Meinen u die gefahrvolle Lage in der<lb/>sie sich nach den Ansichten Vieler, doch nicht nach meinen<lb/>Ahndungen befanden bedrückte mein Herz dazu kam noch<lb/>daß wir überall <rs ref="#i884031" type="object">Truppen</rs> antrafen deren Anblick mich<lb/>in der Statt erfreute weil ich sie als eine Schutzwehr<lb/>ansah und ihre Gegenwart dort wenig drückend ist:<lb/>auf den Dorfern aber der Landmann sie doch als eine<lb/>schwere Last ansehn mußte: darin bestärkte mich<lb/>eine Unterhaltung woraus ich sah daß die Landleute finden<lb/>die Bewohner der Statt machten sich bequem u liessen<lb/>zu viele Last auf das Land fallen. Dies schmerzte mich<lb/>zu hören, obgleich ich die Gültigkeit der Klage nicht beur-<lb/>theilen konnte, war sie mir eine Anzeige der herrschenden<lb/>Gährung der Landleute gegen die <rs ref="#i874226" type="object">Stätter</rs>. Müde kamen<lb/>wir in <rs ref="#i873159" type="object">Solothurn</rs> an, waren schmutzig beherbergt, doch<lb/>die große Müdigkeit machte alles übersehn u wir reisten<lb/>frühe den 7 Nach <rs ref="#i873159" type="object">Hofwyl</rs> wohin der Hauptzweck meiner <rs ref="#i873866" type="object">Reise<lb/></rs>ging, ab. Der <rs ref="#i874148" type="object">Empfang</rs> daselbst war äusserst erfreulich<lb/>die Freude meiner Großkinder u meiner Nichte waren mir<lb/>äusserst wohlthuend doch nicht minder die vorteilhafte Lage</p><pb n="9"/><p> </p><p>und der wahre Edelsinn der in der <rs ref="#i869303" type="person"><rs ref="#i869319" type="person">F. Familie</rs></rs> herscht:, ich weiß<lb/>nicht was mich mehr erfreute<rs ref="#i869319" type="person"> H.F</rs>. mit seinem festen, auf<lb/>eine höchre Leitung vertrauenden thätigen Muth, welcher<lb/>das Kleinste seiner Landoekonamie, seiner Armenschule,<lb/><supplied>so wie</supplied> die Erziehung der Kinder höchrer Stande, so wie die<lb/>Lage u das Wohl des Vaterlandes mit gleichem Scharfblick<lb/>übersieht u thätig zu allem Guten kräftig wirkt: od <rs ref="#i869303" type="person">Fr. F</rs>,<lb/>die so liebend sich dem Wirkungskreis ihres Gemahls <supplied>sich</supplied> hingebend,<lb/>alle Beschwerden, welche dieser auf ihre schwachscheinenden Schultern<lb/>bürdet mit Würde u Leichtigkeit trägt!<lb/>Herzlich freute es mich die <rs ref="#i885212" type="person"><rs ref="#i885225" type="person"><rs ref="#i885238" type="person"><rs ref="#i885251" type="person">Fl. Mädchen</rs></rs></rs></rs> so liebevoll zutraulich<lb/>gegen uns zu sehen, es schien mir so die reine herzliche<lb/>Theilnahme an der Freude der <rs ref="#i873838" type="object">beiden</rs> <rs ref="#i867913" type="person">Marie</rs>[9] sie so zu bele-<lb/>ben daß sie ihnen ganz eigen wurde u wir ihnen dadurch<lb/>eben auch lieb wurden. Der kurze Aufenthalt dorten diente<lb/>kräftig das Verlangen zu einem längern zu bestärken:<lb/>und der Wunsch meines Herzens auch zu einem ähnlichen Zwecke<lb/>nach den Absichten <rs ref="#i869319" type="person">H. F.</rs> beytragen zu können! Ganz mit<lb/>diesen Gedanken belebt setzte ich  meine Reise nach [unles.]<lb/>fort. In <rs ref="#i873159" type="object">Bern</rs> konnten wir uns wegen Mangel an Zeit<lb/>nicht aufhalten; auch war ich <rs ref="#i873825" type="object">zu erschöpft</rs>: das that mir leid<lb/>weil ich meine Jugendfreundin <rs ref="#i869363" type="person">Fr v Freud</rs>. gerne besucht u ihr</p><pb n="10"/><p> </p><p>gerne gezeigt hätte daß das schlechte Betragen ihrer<lb/>Landsleute u vieleicht ihrer Nachen in meine Freundschaft<lb/>gegen sie keine Veränderung gebracht hätte. Wir fuhren<lb/>durch eine sehr reizende Gegend kammen aber erst um<lb/>9 Uhr hier an. Die ganze Gegend ist ausnehmend<lb/>schon sie vereinigt das stille liebliche <rs ref="#i875143" type="object">Ländliche</rs> mit dem<lb/>Großen erhabnen in der Natur denn die lieblich wohl<lb/>angebauten Thäler sind mit Hügeln umgeben an welchen<lb/>Wiesen Anpflanzungen u Waldungen die lieblichste<lb/>Abwechslung darbieten weiter ragen höchre Berge die<lb/>ebenfals mit Waldungen u Weiden, oft bis an die<lb/>oberste Spitze wo man keine vegetation mehr möglich glaubte<lb/>schon auf diesen Gebirgen liegt noch in den Spalten u Klüften<lb/>Schnee, aber zwischen u hinter denselben ragen die<lb/>Schnee u Eis=Gebirge prachtsvoll empor. So sehr die <lb/>Natur die stille Gegend begünstigt so hat sie doch ihre<lb/>Plagen beygesetzt: so sind es hier die verderblichen<lb/>Waldströmme die oft so stark anschwellen, von den Gebirgen<lb/>Stein u Felsklumpen mit solcher Gewallt herabreissen<lb/>daß große Strecken schon angebautes Land damit bedeckt<lb/>u viele Bewohner in Mangel u Elend versetzt werden.</p><p>11]</p><p> </p><p>Traurig steht man beym Anblick solcher Verherungen stille<lb/>u fragt sich warum das schönste Leben u die traurigste<lb/>Zerstörung desselben so nahe zusamen gesetzt sind?<lb/>Sollte uns das nicht zeigen daß <rs ref="#i873936" type="object">der Schöpfer den Menschen<lb/></rs>nicht zur trägen Ruhe u abstumpfendem Genuß, sondern<lb/>zur Arbeit zum Kampf mit der rohen Natur u den<lb/>Hindernissen die sie ihm in den Weeg legt, geschaffen habe?<lb/>Wenn mehr Thätigkeit die Einwohner belebte wie leicht<lb/>könnten sie zum größten Theil dieses Ungemach ab-<lb/>wenden? Ich war erstaunt wie jeder Bewohner seine<lb/>eignen Anpflanzungen so schön u sorgfältig besorgt u wie<lb/>dabey für Abwendung gemeinschaftlicher Gefahr so wenig<lb/>gethan! Als vor einigen tagen einer der Waldströme heftig<lb/>anlief u eine Ueberschemmung drohte, mußten 2 Tage nachher<lb/>die Dorfbewohner zusamen an die Räumung von Steinen<lb/>aus dem Flußbet u aufhäufung derselben zu Erhöhung des<lb/>Dammes schreiten. Ich gieng um diesem Geschäfte zuzusehn;<lb/>aber ach wie armselig gieng das vor sich! Es waren<lb/>bey<rs ref="#i874226" type="object"> 100 Menschen</rs> daran, ich glaube wenn 10 mit Sinn<lb/>u Eifer gearbeitet hätten sie würden weit mehr verrichtet<lb/>haben. Ist das eine Probe guter Volksführung?<lb/>Was könnten doch <rs ref="#i884031" type="object">Regierungen</rs> u <rs ref="#i873922" type="object">Geistlichkeit</rs> beym Landvolk<lb/>gutes stiften wenn sie wahre Menschenliebe beseelte u sie die-</p><pb n="12"/><p> </p><p>selbe einzuflösen fähig u willig wären! Aber wie<lb/>allgemein tödtet nicht Eigennutz u Trägheit alles<lb/>Aufkommen des Bessern! Doch wie wenig ist da zu ändern<lb/>strebe nur jeder Einzelne in dem kleinen Zirkel so ihm<lb/>angewiesen ein unbedeutendes Steinchen aus dem Weg zum<lb/>Bessern wegzuräumen u jeder kanns doch auf die eine od<lb/>andere Weise; so wird doch am Ende was Gutes herauskommen.<lb/>Statt sich am Tadel über andrer thun <del>aufzuhalten</del>, trachte jeder seine Lage<lb/>u seine Kräfte zu prüfen u wirksam anzuwenden.<lb/>Wie könnte ich von meiner Seite noch was Gutes wirken wenn der<lb/>Himmel mir Kräfte verleiht, wo anders als an Vollführung meines <lb/>Lieblingsplans an der <rs ref="#i874895" type="object">Erziechung von Mädchen</rs> mitzuarbeiten?<lb/>Diesem nachzudenken sey jetzt mein Hauptgeschäft:<lb/>Nicht meine Bildung, meine Kenntnisse ihnen beyzubringen,<lb/>den da fühle ich wohl daß mir beynahe alles fehlt: aber<lb/>eben durch das Gefühl dessen was mir in den besten Jahren fehlte<lb/>u wovon ich mir nur einen Theil mit vieler Mühe zueignen<lb/>konnte u manches leider entbehren mußte, kann ich einsetzen<lb/>was ihnen frommen wird u das ihnen durch andere zutheil<lb/>werden lassen. Doch in dem Einen, was für <rs ref="#i874235" type="object">weibliche Bildung<lb/></rs>nach meinem Sinn die Grundlage zu allem Guten ist, hoffe ich<lb/>mitwirken zu können! Das ist der reine ofne Sinn zur</p><pb n="13"/><p> </p><p>Wahrheit, Moralitat u Religiosität, zu erhalten u<lb/>stärken! Zum Theil lebt der in jeder Kinderseele, aber<lb/>wird in derselben nur gar zu oft unterdrückt, wo nicht<lb/>zerstört. Wo wahres Gute aufwachsen soll muß Liebe<lb/>pflanzen u begiessen, nur dan kan wieder Liebe hervor<lb/>sproßen u aus ihr alles Gute; Thätigkeit Frohsinn, Heiter-<lb/>keit, Lernbegierde, Genügsamkeit, Duldsamkeit, Ergebung<lb/>u Zutrauen in die Schickungen der Vorsehung, u dan Kraft<lb/>sich selbst u das Böse ausser sich zu überwinden.<lb/>Nach dieser Grundlage müßte das Ganze eingerichtet seyn,<lb/>wenn ich mich damit befassen könnte. Jeden Unterricht<lb/>der diesen Grundsatzen gemäs wäre, jede Ausbildung<lb/>der inwohnenden Kräfte würde ich mit Freuden Begün-<lb/>stigen, aber nur müßten die so sie lehrten ganz dem<lb/>obigen Sinn ergeben seyn: Schwierig wird es wohl<lb/>seyn zu bestimmen in wie fern <rs ref="#i874436" type="object">Bildung für das weibliche<lb/>geschlecht</rs> zuträglich sey! Noch weit schwieriger die Urtheile<lb/>der Weld darüber nicht zu verletzen: den worüber wird<lb/>so verschieden geurtheilt! Sollte aber nicht hierin <supplied>uns</supplied><lb/>die Natur dem von Vorurtheilen nicht getrübten Sinn eine<lb/>sichre Leitung geben? Erst erforsche man ruhig die Kräfte<lb/>des Weiblichen Geistes: dan ihr Beruf: Hat nicht die Natur<lb/>jedem Wesen durch die Kräfte die sie ihm beygelegt seine Bestimmung</p><pb n="14"/><p> </p><p>festgesetzt! Ist nicht des Menschen Bestimmung, die ihm<lb/>von der Natur eingebohrnen Kräfte möglichst anzubauen<lb/>u anzuwenden! Ist nicht der Mensch <supplied>nicht</supplied> in so fern glücklicher<lb/>u freier, in so fern seine inwohnenden Fähigkeiten zur möglich-<lb/>sten Vollkommenheit ausgebildet u in freien Spielraum<lb/>gesetzt worden <del>sind</del>! Hat nicht der gütige Schöpfer dem Geschöpf<lb/>durch Mittheilung seiner Gaben die heiligsten Ansprüche zur<lb/>Ausbildung und Anwendung derselben beygelegt?<lb/>Was kann allso dem Erziecher<supplied>in</supplied> u der Erzieherin heiliger<lb/>anliegen als Erforschung der Kräfte der Zöglinge u dan sorg-<lb/>fältige Herausbildung derselben! Es scheint zwar als hätte<lb/>man diese Ansprüche bis dahin nur aufs Männliche Geschlecht<lb/>anwendbar gemacht u das weibl. nur als die dienende<lb/>Helfte angesehn, so wie die höchern Stände den arbeitenden<lb/>Stand lange angesehn u so gerne noch ansehn möchten:<lb/>ich denke beynahe mit gleichem Recht: – So wie ich glaube<lb/>daß Letzterer <supplied>nicht minder</supplied> die gerechtesten Ansprüche<lb/>auf Ausbildung der von der Natur ihm angewiesnen<lb/>Kräfte habe, allso auch das Weibliche Geschlecht: dieses<lb/>wird ihm von edlen u gebildeten Männern immer zugestanden,<lb/>aber bey rohen ungebildeten nicht; ersterer wird immer<lb/>sein Glück auch denen zutheil wünschen die ihn umgeben, die Ander<lb/>aber was sie selbst nicht besitzen für unnütz u entbehrlich halten</p></div><div xml:id="d23399857" corresp="d884961" ><head resp="#editor">Tagebucheintrag<date> XX.XX.1815 </date></head><pb n="15"/><p> </p><p>Aber nicht für Letztere wollen wir Gefährtinen bilden;<lb/>So verschieden die Charaktere, die Anlagen u Fähigkeiten, so<lb/>verschieden sollte auch die <rs ref="#i874235" type="object">Bildung</rs> seyn. Nur Weniges ist Allgemein<lb/>u Hauptsächlich anwendbar u bey jedem Menschen bey jedem <rs ref="#i874436" type="object">Weibe<lb/></rs>besonders nothwendig: das ist Sittliches <supplied>gefühl</supplied> u Religioses Gefühl<lb/>Ordnungs u Thätigkeits=Liebe, begleitet <del>mit</del> einen festen Muth der auf<lb/>ersters gegründet zum Handeln wie zum Dulden geschickt macht.<lb/>U gesetzte Ruhe in beydem behält. Möchte nicht dem Weibe Uner-<lb/>schrockenheit u besonders Selbstüberwindung <supplied>nicht</supplied> wenigstens<lb/>so nothwendig als dem Manne seyn? Freilich mit ganz andrer<lb/>modification: wären sie nicht mit der äussersten Sanftmuth<lb/>u härtesten Milde zu vereinbaren!<lb/>Sittlich gute u nach Maaßgabe der inwohnenden Kräfte ausgebildete<lb/><rs ref="#i874895" type="object">Mädchen zu erziehn</rs> wäre allso unser Zweck. Was dazu erfor-<lb/>derlich sey muß wohl überdacht werden.<lb/>Die erste u wichtigste Aufgabe ist die Bildung zu sittlichem<lb/>u religiosem Gefühl, die zu erreichen ist erstes Bedingniß<lb/>daß Lehrer u Lehrerin samt Vorsteher selbst tief damit durch-<lb/>drungen, ganz sittlich u religiose Menschen sind: Wer kann geben<lb/>was er selbst nicht besitzt! Nicht wie ein Kunst od eine Fertigkeit<lb/>kann das erlernt, es muß eingehaucht ganz mit dem Innern vereint</p><pb n="16"/><p> </p><p>werden. Werdt [?] ein Mann, von gesetztem Alter u 2 Erziecherinen<lb/>von solch einem Geist beseelt, jedes davon mit besondern<lb/>Kenntnissen begabt u zum Unterrichten geschickt, so wäre<lb/>schon Vieles zu thun! Die verschiednen Kenntnisse nach<lb/>Maaßgabe ihrer Nothwendigkeit u Nützlichkeit so einzurichthen<lb/>u abzutheilen wie sie passten für Lehrer u Lehrerin würde<lb/>wohl auszumittlen seyn. Wir wollen zuerst ein Verzeichnis<lb/>der zu erlernenden Gegenstände u dan die Vertheilung derselben<lb/>versuchen. Nro 1) Sittliche u Religiose Bildung.<lb/>2) Erlernung wenigstens einer Sprache; welches wie mir scheint eine <lb/>Angewöhnung zum ordnen, zum richtig sprechen, schreiben Lesen,<lb/>u vieleich auch zum denken mit sich führen würde.<lb/>3) Rechnen, samt etwas Geometrie, so viel zum richtigen Anschauen<lb/>u Berechnung aller Sachen behilflich seyn könnte.<lb/>4) Geographie u Weldgeschichte.<lb/>5) Naturgeschichte; so viel als nur Kenntniß <del>der Geschöpfe um uns her</del> u dem billig damit<lb/>verknüpften Dankgefühl gegen den Schöpfer nötig ist.<lb/>Dazu kann die Botanik welches für Mädchen eine sehr passende<lb/>Beschäftigung ist gerechnet werden.<lb/>6) Erlernung aller weiblichen Arbeiten<lb/>7) Zeichnung<lb/>8) Musick</p><pb n="17"/><p> </p><p>In allen diesen vorbenannten Kenntnissen scheint es mir<lb/>sollte ein Frauenzimmer vom gesitteten Mittelstande eine gewiße<lb/>Fertigkeit erlangt haben um in der Weld im engsten wie<lb/>im weitern Kreise, nicht überall ungeschickt, verlegen<lb/>u neu zu scheinen u zu seyn: auch glaube ich daß die Meisten<lb/>wo nicht alle Mädchen, freilich in sehr verschiedenem Grade<lb/>Fähigkeiten dazu haben!<lb/>Nro 1 Was diesen Unterricht betrift, so kann er nicht in einzelnen<lb/>Lehrstunden eingeprägt werden, er muß das Ganze beleben;<lb/>in allem unsichtbar wirken und herrschen. Zweckmässige <del>kurze</del><lb/>Lecturen Morgens u Abends mit liebevollen Gesprächen<lb/>untermischt durch die Vorsteherin od eine der Lehrerinnen<lb/>vieleicht wäre die Abwechslung am besten! Daneben<lb/>wären 4 Stunde der Woche zum religiosen u moralischen<lb/>Unterricht durch den Lehrer hinreichend. Sontag einen<lb/>Predig artigen Vortrag.<lb/>Nro 2) Sprachlehre. Müßte fürs Ganze was dazugehört, so<lb/>wie Durchsicht der Aufsatze welche die Schülerinnen machen<lb/>müßten, Wiederholung durch sie, dessen was vorher<lb/>vorgetragen worden, (auf diesem halte ich gar viel<lb/>weil allein dadurch ersehen wird od die Sch. den Vortrag<lb/>richtig gefaßt.) würde wohl täglich 1 Stunde erfodern</p><pb n="18"/><p> </p><p>N 3) Rechnen u G) Wochentlich 3 Stunde; bey den Jüngern wären<lb/>vieleicht täglich 1 oder ½ Stunde zweckmässiger.<lb/>Nro 4) Geographie: Wochentl. 3 Stunde<lb/>N 5.) Naturgeschichte. Wochentl. 3 Stunde<lb/>N 6) Weibliche Arbeiten. Was dem übrigen Unterricht u den <lb/>nöthigen Erholungsstunden, nach Zeit u Umständen<lb/>auch den Kräften der Schülerinnen, könnte angewandt<lb/>werden. Dazu täglich 3–4 Stunde. Für jede Erziecherin<lb/>taglich 1 ½ - 2 Stund<lb/>N 7) Zeichnung) Man glaubt gemeiniglich daß diese Kunstübung<lb/>nur für die Kinder paßte so besondere Anlagen dazu haben<lb/>das glaube ich habe für die Fortschritte in dieser Kunst statt.<lb/>Allein was die Anfänge davon, das Nachbilden irgend<lb/>welcher Gegenstände betrift zudem glaube ich jedes Kind<lb/>fähig: glaube auch wenn es zweckmässig getrieben von<lb/>bedeutendem Nutzen seyn werde, in dem es zu richtiger Anschau-<lb/>ung u allso auch Beurtheilung der körperlichen Dinge, nöthig<lb/>sey: Sollte diese Fertigkeit nicht jedem Weibe in den Geschäften<lb/>nützlich u nöthig seyn! Wochentl. Stunden</p><pb n="19"/><p> </p><p>N 8) Musik. Wie vieles wird bey der gegenwärtigen Erziehung<lb/>dieser Kunst aufgeopfert! Aber wie wenig zweckmässig?<lb/>Wie vieles kann diese himmlische Kunst auf den Charackter<lb/>der Jungen u Alten nicht wirken wenn <del>sie</del> mit Einsicht angewandt<lb/>wird! Nicht zum glänzen u paradieren, nich zur Nahrung des<lb/>Eigendünkels: nein zur Erhebung der edelsten Gefühle zur<lb/>Besänftigung des rohen im Gemüthe zur reinen erhabne Freude,<lb/>durch welche der Mensch immer reiner menschlich wird.<lb/>Ich würde allso alles anwenden daß unsere Mädchen singen könnten<lb/>wäre es nur so viel um die andern in einem Chor zu begleiten<lb/>nur um einem Kinde ein Liedchen vorzusingen. Mit einem<lb/>Instrument begleitet wird der Reitz des Gesanges erhöht allso<lb/>würden alle die so nur einige Fähigkeiten hätten, zu irgend<lb/>einem angeführt. Woch 6 Stunde für d. Lehr u Schülerinen für<lb/>Letztere die Helfte Unterricht die Helfte eigne Übung.<lb/>Bey dieser Eintheilung kämmen täglich auf eine Schülerin<lb/>8–9 Stunde Beschäftigung aller Art; (welches fast zuviel<lb/>wäre!) <supplied>es mu</supplied> die eignen Übungen mitgerechnet. Es müßte<lb/>allso hie od da bey den Einten so, bey den Andern anders, nach<lb/>dem ihre Kräfte u Neigungen wären, etwas abgebrochen<lb/>werden u zur Arbeit u Übung täglich nicht mehr als 8 Stunde<lb/>4 des Morgens 4 Nachmittag kommen. Damit Erholung u kurze</p><pb n="20"/><p> </p><p>Übungen noch gehörig statt haben könnten.<lb/>Die Stunden des Unterrichts für den Lehrer wären täglich<lb/>nich mehr als 3–4 oder 3 ½ Stunde: allso eine sehr kleine<lb/>Beschäftigung für einen Mann der sich diesen Studien in<lb/>welchen er Unterricht gäbe wiedmete u dem dieser Unter-<lb/>rich eine eigne Übung wäre „den beym Lehren lernt man“<lb/>Wie viele Zeit blieben ihm allso für seine Studien nicht übrig.<lb/>Für die 2 Lehrerinnen kämmen auch nur 4 Lehrstunden<lb/>da aber für Manches die Schülerinnen müßten abgetheilt,<lb/>auch immer die Einte, od die Andere, bey den Erholungs-<lb/>stunden der Mädchen gegenwärtig od doch nahe seyn<lb/>müßte; auch bey dem Unterricht so der Lehrer ertheilt<lb/>müßte stäts, wenn die Vorsteherin nicht dabey wäre,<lb/>od auch mit derselben, eine der Lehrerinnen gegenwärtig<lb/>seyn. Es würde allso eine Lehrerin täglich 4 Stunde zum<lb/>Unterricht u 2–3 Stunde zur Aufsicht nöthig haben; sie <lb/>wären hiemit auch nicht übermässig angestrengt u hätten<lb/>zur Selbstübung u d.g. noch Zeit übrig.<lb/>Was die weiblichen Beschäftigungen betrift, so glaube<lb/>ich daß von den frühesten Jahren an die Mädchen dazu<lb/>gewöhnt werden sollten: ich rede hier nicht so wohl von</p><pb n="21"/><p> </p><p>sitzenden Arbeiten wie nähen stricken u d wie wohl diese<lb/>auch, nur nicht anhaltend, um der Gesundheit u dem freien<lb/>Wachsthum keinen Schaden zu thun, auch frühe angewöhnt<lb/>werden können: Ich verstehe mehr die kleinen Hausgeschäfte<lb/>die zur Ordnunghaltung, Bedienung u.d.g. augenblicklich<lb/>vorkommen u zu welchen junge Mäd. gemeiniglich Lust u<lb/>Geschick haben, wenn nicht frühe ein böser Geist ihnen einge-<lb/>flüstert hat dergleichen Beschäftigungen zimmten sich nicht<lb/>für ihren Stand. Wie übel das ist kann ich nicht aus-<lb/>drücken! Wie sehr diese kleinen Beschäftigungen dazu<lb/>beytragen ein Mädchen gewandt, fröhlich u heiter zu machen<lb/>hat mich die Erfahrung gelehrt. Diese Übung weiblicher<lb/>Thätigkeit kann nie zu frühe geübt werden. Was ist<lb/>meist des Weibes Beruf als frohe Thätigkeit, mit<lb/>reinem edlem Sinn in allem Kleinen? Diese Übung von<lb/>frühe an wird dem Kind zur Gewohnheit es lernt vieles<lb/>geschickt angreifen, mit Leichtigkeit u Anspruchslos thun,<lb/>erspart sich Zeit in spätern Jahren um anders zu er-<lb/>lernen das <supplied>dan erst</supplied> zu seinem edlern Beruf höchst<lb/>nöthig ist. Alle Häuslichen Beschäftigungen frühe geübt<lb/>immer neben dem Erlernen alles Andern was dem gebildeten<lb/>Weibe nöthig ist, fortgesetzt, nie für unbedeutend od</p></div><div xml:id="d23399858" corresp="d884961" ><head resp="#editor">Tagebucheintrag<date> XX.XX.1815 </date></head><pb n="22"/><p> </p><p>od für seinen Stand nicht ziemend angesehen, wird auf die <lb/>künftige <rs ref="#i874235" type="object"><rs ref="#i874436" type="object">Pflichterfüllung des Weibes</rs></rs> die schönste Wirkung<lb/>haben. Um dieses mit Erfolg u durch Beyspiel kräftig<lb/>zu bewirken, müßten nach meinem Sinn auch die<rs ref="#i874895" type="object"> Erzieherinnen<lb/></rs>so wie die Vorsteherin, jede ein Zweig der Haushaltungs<lb/>Geschäfte auf sich haben u wechselsweise die Mädchen dazu<lb/>anführen. Sehen die Mädchen diese Geschäfte von den<lb/>Personen verrichten die auch in andern Sachen Kenntnisse<lb/>u Geschicklichkeiten besitzen, so werden sie fühlen daß auch<lb/>sie die verschiednen Beschäftigungen in sich vereinigen können<lb/>u sollen. Zu welchem <rs ref="#i874226" type="object">Stande</rs> wollt ihr d.M. bilden? In unseren<lb/>Zeiten wo der Glückswechsel so gewöhnlich, finde ich mehr als<lb/>je, nöthig einen Mittelstand zu wählen: von welchem die Mädchen<lb/>nach den Grundsatzen die man ihnen eingeflößt, ohne sich zu<lb/>erniedrigen u ohne dadurch unglücklich zu werden herunter<lb/>steigen, so wie ohne sich aufzublähen noch verlegen zu seyn<lb/>in einen höchern würden treten können. Noch eine Bemerkung<lb/>die ich an mir selbst gemacht u die mich bestärkt die Md.<lb/>frühe zu weiblichen Hausgeschäften anzuhalten ist, daß man<lb/>mit den Jahren einen gewissen Reitz empfindet diejenigen<lb/>Geschäfte wieder zu treiben so man in der frohen Jugendzeit besonders</p><pb n="23"/><p> </p><p>unter angenehmen Verhältnissen getrieben. Wie oft<lb/>kommen mir bey einer, sonst meiner Neigung wenig ange-<lb/>messnen Arbeit, die liebe jugendzeit wieder in den Sinn,<lb/>u umschweben mich wie wohlthätige Genien einer bessern<lb/>Zeit! Auch habe ich bemerkt daß Mädchen die eine sogenannte<lb/>feinere Erziehung genossen u in der Jugend zu keinen Haus-<lb/>geschäften angehalten worden sind, oft in die einten od andern<lb/>Extreme verfallen, so daß entweder sie dieselben versäumen<lb/><supplied>od</supplied> u ihrer unwürdig halten od sie sehen die Wichtigkeit<lb/>davon ein, wollen ihre Pflicht nicht versäumen, ergreifen sie<lb/>u da sie darin ungeübt sind, fält ihnen manches zu schwer <lb/>u zu wichtig vor, sie setzen mehr Zeit u Werth darauf<lb/>als <del>richtig ist</del> u vernachlässigen darüber ihre anderwärtige Bildung.<lb/>Mein Denkspruch ist „Alles zu seiner Zeit“ jedem so viel<lb/>u so wenig gegeben als es braucht; alles mit Leichtigkeit<lb/>u ohne Geräusch verrichtet. Nichts zu theuer erkauft: wie<lb/><rs ref="#i885290" type="person">Fielding</rs> sagt. Wie viel eine Erziehung Werth habe, wo alles<lb/>was der Mensch in der Folge üben muß pracktisch von früher <lb/>Jugend geübt wird</p><pb n="25"/><p> </p><p>Wie ich vorher sagte, daß praktische Übung aller Thätigkeit<lb/>von früher Jugend an sehr zweckmäßig wäre, so ist es noch<lb/>weit wichtiger daß Übung u Herausbildung der edelsten Neigungen<lb/>des Gemüthes so frühe als möglich bezweckt würden: deswegen<lb/>sollte in unserm häuslichen Verhältnis so viel möglich alles<lb/>den Familien Verhältnissen gleichkommen damit Wohlwollen,<lb/>Achtung u Liebe hervorgerufen u genährt werde</p></div><div xml:id="d23399772" corresp="d884968" ><head resp="#editor">Tagebucheintrag<date> 17.10.1815 </date></head><pb n="26"/><p> </p><p>1815 10 17 <lb/>Ich habe nun 3 ½ Wochen mit meiner Tochter <rs ref="#i835836" type="person">Par<lb/></rs>u den Ihrigen vor dem<rs ref="#i873159" type="object"> Aeschemer Thor</rs> in einer sehr<lb/>schlechten Wohnung zugebracht; welche glücklichen u ruhige<lb/>Tage waren das! Das schöne <rs ref="#i884071" type="object">Spätjahr</rs> der Genuß<lb/>der freien Natur in der reitzvollen Gegend wo<lb/>ich in meiner frühen <rs ref="#i874029" type="object">Jugend</rs> so manche schöne Stunde<lb/>an der Seite meiner Eltern gelustwandelt war!<lb/>O diese schönen frühen u jetzt wieder genoßenen<lb/>Stunden werden mir unvergeßlich seyn mein<lb/><rs ref="#i874029" type="object">Dank</rs> zum Geber aller Gaben kann ich nicht aus-<lb/>drücken; möge meine Seele die Nähe u das Dank-<lb/>gefühl lange erhalten!<lb/>        </p></div><div xml:id="d23399773" corresp="d884976" ><head resp="#editor">Tagebucheintrag<date> 22.10.1815 </date></head><p>[26] </p><p>d 22</p><p>Sollte ich nicht Muth faßen <rs ref="#i874895" type="object">meinen Plan auszuführen</rs>?<lb/><rs ref="#i873990" type="object">Mangel an Zutrauen zu mir selbst</rs>, an Glauben an die Menschen<lb/>sind die Fehler die ich mir schon oft vorgeworfen, in die ich<lb/>aber immer wieder verfalle: Möge Gott mir Kraft geben<lb/>sie abzulegen!<lb/>Sollte es dan nicht möglich seyn daß eine <rs ref="#i873943" type="object">Frau von meinem<lb/>Alter</rs> noch zum Wohl ihrer Familie was beytragen könnte</p><pb n="27"/><p> </p><p>liegt es nicht in der Natur, in der ganzen Einrichtung<lb/>des Schöpfers daß alte u junge Menschen zusamenleben?<lb/>Sollte nicht gegenseitige Hilfeleistung der Zweck dieser<lb/>Einrichtung seyn? Die gegenwärtige Lebensart ist<lb/>in so vielem von den <rs ref="#i873936" type="object">Einrichtungen der Natur </rs>gewichen<lb/>daß es sehr schwer ist gutes nach seiner Einsicht zu<lb/>bewirken; besonders hintert daran der überaus<lb/>große Eigendünkel der jungen Weld; – ihr Kopf ist<lb/>mit <rs ref="#i874226" type="object">Wissen u Klugheit</rs> angefüllt u doch fehlt noch<lb/>so manches! – Haben nicht unsere Zeiten es so herbei<lb/>geführt, leiden wir die Schuld unsers Mangels an<lb/>Einsicht? In Unschuld ists geschehn, der Lauf der Zeiten<lb/>hats herbeygeführt die Vorsehung wird uns nicht<lb/>zu Schuld kommen lassen u wirds zur <rs ref="#i874235" type="object">Bildung</rs> künftiger<lb/>Geschlechter zum Nutzen leiten!<lb/>Die gegenwärtige Weld lebt viel zu wenig häuslich viel zu<lb/>zerstreut in unsrer Statt besonders in einer Art von<lb/>Zerstreuung u gesellschaftlichen Leben das mehr die besser</p></div><div xml:id="d23399774" corresp="d884984" ><head resp="#editor">Tagebucheintrag<date> 30.10.1815 </date></head><pb n="28"/><p> </p><p>1815 10 30<lb/>In einem <rs ref="#i873943" type="object">Alter</rs> wie das meine ist es wohl schwer ein <rs ref="#i874077" type="object">Geschäft<lb/></rs>zu unternehmen das anhaltenden Fleiß, Kraft und<lb/>ruhige Überlegung erfodert. Ich frage mich oft<lb/>ob es nicht Eigendünkel <supplied>sey</supplied> od Schwärmerei von mir<lb/>sey? Doch mit der allerstrengsten Prüffung sagt<lb/>mir immer <rs ref="#i873990" type="object">mein innerstes Gefühl</rs>, „was ich vornehme<lb/>werde von mir doch immer gewissenhafter u besser<lb/>wenn gleich sehr unvollkommen gethan werden als<lb/>von fremden, ich soll allso meinen Muth so viel möglich<lb/>zu beleben suchen u nicht lau werden: hätte ich<lb/>nicht die Hilfe andrer Menschen auch die Zustimmung<lb/>ihrer Meinung von nöthen, so wäre mir nicht bange,<lb/>aber so wird mirs oft schwer: ich habe schon so oft<lb/>empfunden daß meine gegründesten Überzeugungen<lb/>meine richtigsten Ansichten verlacht u für Überspannung<lb/>angesehen worden sind; dies hat eine Schüchternheit<lb/>in mich gesetzt deren ich oft nicht Meister werde.</p></div><div xml:id="d23399759" corresp="d884992" ><head resp="#editor">Tagebucheintrag<date> 31.10.1815 </date></head><p>[28] </p><p>31                                                                    <lb/>Ich lese nun die <rs ref="#i873922" type="object">Psalmen Davids</rs> und bin erstaunt über<lb/>die schönen Begriffe die er über Gott äussert. Diese Psalmen<lb/>sind in aller Menschen Hände seit Jahrtausenden u doch<lb/>in welchem Gewirre von falschen Begriffen hat sich seitdem</p><pb n="29"/><p> </p><p>die Menschheit herumgetrieben! Könnte sie doch zu dem<lb/>einfach Schönen zurückkehren wie Christus sagt „werden wie<lb/>die Kinder“! Besonders hat mich diesen Morgen der 50 Psalm<lb/>so sehr gerührt: Sollte dieser Weise mit seinem reinen Glauben<lb/>an die Gottheit an keine Unsterblichkeit geglaubt haben!<lb/>Da doch alle, auch die rohesten Völker die wir auf der Erde<lb/>kennen den Glauben daran in ihre Religion aufgenommen<lb/>haben? Fühlt man nicht an so manchen Stellen sein Ahnen,<lb/>sein Glauben, sein vestes Zutrauen in den Gott der seine<lb/>Seele erschaffen u dieselbe aus der Hölle erretten werde!<lb/>Die Lehrer der Christl. Religion glauben dieser einen grossern<lb/>Verdienst beyzumessen wenn sie ihr einzig u allein die Lehre<lb/>der Unsterblichkeit beylegen; ich zweifle daß sie wohl daran<lb/>thun! Es ist eine Ungerechtigkeit u diese straft sich immer,<lb/>so wohl an dem der sie begeht als an dem zu dessen Gunsten<lb/>sie begangen wird: so haben die Geistlichen so wohl als<lb/>die Religion, durch ungerechten blinden Eifer viel gelitten:<lb/>Woher entstund der so viel Unheil bringende Spottgeist<lb/>als durch die Unklugheit der Religions Lehrer selbst?<lb/>David spricht nicht von seinem Glauben an Unsterblichkeit</p><pb n="30"/><p> </p><p>aber man fühlt daß er sie tief ahnet: wäre<lb/>es nicht besser man stimmte die Gemüther zu edlen<lb/>Empfindungen durch einflösen eines wahren christlichen<lb/>Sinnes, als man versäume dieses zu verliere die<lb/>Zeit Sachen beweisen zu wollen die nicht zu beweisen<lb/>sondern nur zu fühlen sind?</p></div><div xml:id="d23399760" corresp="d885000" ><head resp="#editor">Tagebucheintrag<date> 04.11.1815 </date></head><p>[30] </p><p>1815 11 4<lb/>Den 1sten dieses hatte ich einen unvermutheten <rs ref="#i874148" type="object">Besuch<lb/><rs ref="#i873838" type="object"></rs>RittMeister Schmid</rs>, den ich schon aus unsrer Gegend entfernt<lb/>glaubte u über dessen Weggehn, ohne uns zu besuchen, ich<lb/>tief beleidigt war kam zu uns: 16 Jahre hatten wir uns <lb/>nicht gesehen u vergeßen hatte ich den Mann, nicht der<lb/>im 24 Jahr für alles Schöne Große u Gute das feinste<lb/>Gefühl bezeigte; der mir auf so manche Weise interre-<lb/>sant war, in dem er die Tiefen meines Innersten, mehr als je<lb/>ein Mensch durchschaute u schätzte; wie sollte ich mich freuen<lb/>diesen Mann wieder zu sehen! Aber ach Gott mit welcher<lb/>Wehmuth war diese Freude gedämpft! Es thut wehe<lb/>eine Pflanze zu sehen die im schönsten Wachsthum gestanden<lb/>u nun von Stürmen zerstört <rs ref="#i873943" type="object">welkend</rs> dasteht, wie<lb/>viel mehr einen Menschen der uns die prächtigsten</p><pb n="31"/><p> </p><p>Hoffnungen gab kalt fürs Beste zu erblicken?<lb/>Nicht sein Körper ist zerrüttet, den blühend steht dieser<lb/>noch fest, keine niedrigen Begierden haben ihn zerstört<lb/>aber sein Kopf, sein reinstes Gefühl ist hin od könnte<lb/>ich hoffen nur unterdrückt. Meine Wünsche mein reinstes<lb/>Gebet zu Gott sollen dir folgen: o möchtest du von deinem<lb/>durch Überspannung zerrütteten Wesen wieder genesen<lb/>u auf dem rechten Pfade wieder die Nähe, die Kindlichkeit<lb/>deines edlen Herzen finden. In der kurzen Zeit da er hier<lb/>war konnte ich nichts, gar nichts auf ihn wirken nur schmerzlich<lb/>fühlen konnte ich ohne mein Gefühl ausdrücken zu können.<lb/>Möchte er mir noch schreiben damit ich Anlas hätte ihm mit<lb/>Theilnahme eine helfende Hand <rs ref="#i873957" type="object">freundschaftlich</rs> zu reichen!!<lb/><rs ref="#i869556" type="person">Herders</rs> <rs ref="#i885333" type="book_etc">Schriften 7 Thl</rs> Seite 277) „In allen Gestalten u Ständen<lb/>der Menschheit, kömmt es wenig auf Ausbildung<supplied>s</supplied> unsers<lb/>Witzes u Scharfsinns od andrer Sproßen menschlicher<lb/>Seelenkräfte als auf die Erzeichung des Herzens an,<lb/>dies ist bey allen Menschen ein Menschenherz. Es kann<lb/>auch in allen Situationen der Menschheit bis auf einen<lb/>gewissen Grad gebildet werden. [...]</p><pb n="32"/><p> </p><p>Mir ist der Ausspruch des Evangeliums heilig „Selig<lb/>sind die Leidtragen den sie sollen getrostet werden.<lb/>Selig sind Armen den das Himmelreich ist ihr.<lb/>Selig sind die reines Herzens sind denn sie werden<lb/>Gott schauen.“ Reinigung des Herzens Veredlung<lb/>der Seele mit allen ihren Trieben u Begierden<lb/>das dünkt mich ist die wahre Palingenesie<lb/>unsers Lebens, nach der uns gewiss eine fröhliche<lb/>höchre, aber uns unbekannte Metempsychose<lb/>bevorsteht. Hiermit bin ich zufrieden.<rs ref="#i885333" type="book_etc">“<lb/></rs>Wie wahr u schon spricht Herder! Aber wie wenig<lb/>wird in der jetzigen Erziechung darauf Rücksicht<lb/>genommen! Wie sehr stimmt was er sagt mit<lb/><rs ref="#i873990" type="object">meinen Ansichten</rs> überein!</p></div><div xml:id="d23399761" corresp="d885008" ><head resp="#editor">Tagebucheintrag<date> 23.11.1815 </date></head><pb n="32"/><p>1815 11 23<lb/>Wenn ich doch einmal in Ruhe kämme u mich unter<lb/>günstigen Umgebungen der <rs ref="#i874235" type="object">Erzeichung</rs> einiger<lb/><rs ref="#i874895" type="object">Mädchen</rs> wiedmen könnte, ich hoffe doch noch was Gutes<lb/>stiften zu können! Weil das so ganz die Sache ist<lb/>in der ich lebe u die alle meine Wünsche erfüllen würde</p><pb n="33"/><p> </p><p><rs ref="#i873943" type="object">Ungeachtet meines Alters</rs>, der <rs ref="#i873825" type="object">Abnahme meiner Kräfte,<lb/></rs>hoffe ich doch mit Hilfe fähiger Menschen noch Gutes<lb/>bewirken zu können! Ist es Eigenliebe od vielmehr<lb/>Eigendünkel wenn ich glaube daß meine Ideen über<lb/>Erziechung mit denen von <rs ref="#i869942" type="person">Pestalotzi</rs>, lange ehe ich<lb/>seine Methode kannte, übereingestimmt habe?<lb/>Mein Gedächtnis war nie besonders gut, jetzt<lb/>aber fange ich an deutlich zu spüren daß ich noch<lb/>leichter das Gelesene vergesse: aber so lange ich<lb/>lese wird doch mein Kopf u Herz auf eine angenehme<lb/>Art beschäftigt, ich werde ermuntert u dadurch<lb/>erheitert: sollte mir das nicht hinreichen. Ist nicht<lb/>die Beglückung seiner selbst auch ein Theil der Pflicht<lb/>der Menschenbeglückung! In so fern nehmlich sie ohne<lb/>Schaden Andrer Menschen bewirkt wird.<lb/>Mir ist schon geschehn daß wenn ich in besonders ruhigen<lb/>Augenblicken über mein <rs ref="#i874029" type="object">vergangnes Leben nachgedach</rs>t<lb/>ich mich vieler Sachen wieder erinnerte die ich ganz<lb/>vergessen glaubte: sie brachten mir eine sehr angenehme</p><pb n="34"/><p> </p><p>Empfindung. Könnte das nicht eine Ahnung seyn<lb/>daß nach der <rs ref="#i874141" type="object">Trennung von unserm Körper</rs> uns<lb/>jede froh genoßne Stunde uns dan wieder hervor-<lb/>tretten u ein Theil unsrer Seligkeit ausmachen<lb/>u nur der Unmuth sich im Lethe vergessen würde?</p></div><div xml:id="d23399762" corresp="d885016" ><head resp="#editor">Tagebucheintrag<date> 05.12.1815 </date></head><pb n="34"/><p>1815 12 5<lb/>Der <rs ref="#i910740" type="object">Mangel einer Arbeit</rs> die meinen Kräften u meinem <lb/>Geschmack angemessen ist, setzt eine Leere in mich die<lb/>mir peinlich ist mir ist wie einem der ein böses Gewissen<lb/>hat: u <rs ref="#i873964" type="object">doch wie unschuldig bin ich daran</rs>! Warum kann ich<lb/>mich nicht wie viele Andere mich begnügen mit Besorg<lb/>meiner kleinen Geschäfte u mit den gewöhnlichen <rs ref="#i874077" type="object">Geschäften</rs>?<lb/>Das Warum liegt liegt mir wohl klar vor, aber nicht<lb/>so das Andere: daß sie sich genügen liegt in ihrer Natur<lb/>in ihren Bedürfnissen daß ichs nicht so kann liegt in<lb/>meiner Natur u in meinen Bedürfnissen u ist<lb/>mir auch Beweis daß ichs nicht soll. Darum suche<lb/>ich nach einer Beschäftigung die meinem Geist u meinem<lb/>Herzen genügt, möge Gott mein Streben seegnen<lb/>seinem Willen werde ich mich ruhig unterwerfen</p></div><div xml:id="d23399763" corresp="d885024" ><head resp="#editor">Tagebucheintrag<date> 16.12.1815 </date></head><pb n="35"/><p> </p><p>1815 12 26 [16?]<lb/>Wenn ich im <rs ref="#i873990" type="object">Stillen über mich selbst</rs> über die<lb/><rs ref="#i873936" type="object">Verhältnisse aller Menschen nachdenke</rs>, so finde<lb/>ich immer daß der höchste ja der einzige Trost des<lb/>Menschen die <rs ref="#i873922" type="object">Religion</rs> sey, finde daß nichts schöner<lb/>die Menschen erwecken u stärken sollte als der<lb/>öffentliche Gottesdienst! Gehe ich dan in die<lb/>Kirche u höre unsere armseligen Prediger<lb/>besonders die Herrnhuter so ists mir so traurig<lb/>das Höchste u Heiligste so unwürdig behandelt<lb/>zu hören! Welche Schande welcher Schade für<lb/>ein Land wo so wenig gesorgt wird das Predigamt<lb/>gut zu bestellen!<lb/>Daß ihr den Heiland so hoch, so weit über alles <lb/>euch schätzet;<lb/><supplied>doch so wie ihr Ihn Euch denket den Heiligsten<lb/>Besten u Höchsten</supplied><lb/>dieses erfreuet mich sehr: doch so wie ihr Ihn euch<lb/>den Heiligsten, Besten u Höchsten <del>denket</del>, unsern göttlichen Freund.<lb/>Hierin ihr Menschen sind wir Heute u nimmermehr eins.</p></div><div xml:id="d23399764" corresp="d885032" ><head resp="#editor">Tagebucheintrag<date> 31.12.1815 </date></head><pb n="36"/><p> </p><p>1815 12 31<lb/>Wieder ein Abschnitt meines <rs ref="#i873990" type="object">Lebens</rs> ins Meer<lb/>der Ewigkeit gefloßen, so wie der übrige Theil<lb/>meines Lebens so auch dieser, sehr gemisch von Freude<lb/>u Leid. Wie habe ich die erstern genoßen wie<lb/>das Leiden benütz? Haben mich beide zum Bessern<lb/>geleitet? Gott der du die Herzen druchschauest habe<lb/>Geduld mit meiner Schwäche! Manchen <rs ref="#i873964" type="object">Vorwurf</rs> habe <lb/>ich mir zu machen; es liegt noch gar zu oft eine<lb/>trübe Wolke auf meiner Seele, ich freue mich nicht<lb/>genug des Guten das der Himmel mir gewährt, mich<lb/>leitet noch oft mein trüber Sinn zu ungunstigen<lb/>furchtsamen Urtheilen, ich mangle der Heiter-<lb/>keit durch welche ich mir u Andern das Leben<lb/>versüssen sollte! Ist es die <rs ref="#i873943" type="object">Schwäche des Alters<lb/></rs>od der Mangel an <rs ref="#i874077" type="object">Beschäftigung</rs> die meinem<lb/>Geist die nöthige Nahrung giebt? Von einem<lb/>Sorgen vollen thätigen Leben das meine Kräfte auf-<lb/>munterte u thätig erhielt, bin ich in eine Ruhe ver-<lb/>setzt in welcher ich aber nicht mehr Zeit u wenig Gelegen-<lb/>heit finde meine edlern Kräfte zu üben; dieses trübt<lb/>oft meinen Sinn. Mich aus dieser <rs ref="#i910637" type="object">Schlaffheit</rs> heraus<lb/>in einen Wirkungskreis zu versetzen wobey ich mir</p><pb n="37"/><p> </p><p>sagen kann du bis nicht ganz unnütz für die Menschheit<lb/>dies ist mein Streben dazu wolle mir Gott Kraft<lb/>verleihn, nicht daß Übermuth mich treibe zu unternehmen<lb/>was über meine Kräfte sey, noch Trägheit od Menschen-<lb/>furcht mich abhalte der innern Stimme zu folgen!<lb/>Möge aller Trieb zu dem was meinen Kräften nicht<lb/>anpast ferne von mir bleiben u dabey ich mir doch immer<lb/>sagen „<rs ref="#i885365" type="book_etc">Der Zweifel ists der Gutes böse macht<lb/> Thu was dein Herz dir sagt u zaudre nicht</rs>.“[1]<lb/>Meine Seele sehnt sich nach Ruhe u Freude nach einem<lb/>Zirkel, so klein er au seyn möchte, so unbemerkt von der<lb/>Weld in welchem ich nach wahrem Christlichen Sinn, Liebe<lb/>geben u Liebe pflanzen könnte! Wenn mein Streben<lb/>dem Höchsten gefält so wird er es seegnen! Möge<lb/>mein Innerstes rein von ihm erfunden werden!</p></div><div xml:id="d23399765" corresp="d885040" ><head resp="#editor">Tagebucheintrag<date> 20.01.1816 </date></head><pb n="37"/><p>1816 1 20<lb/><rs ref="#i885377" type="book_etc">Taschenbuch. Minerva</rs>. Manches recht schöne darin.<lb/>Besonders gefiel mir „<rs ref="#i885388" type="book_etc">Gustaw Wasa von <rs ref="#i885399" type="person">Kähler<lb/></rs></rs>das Märchen von <rs ref="#i885415" type="book_etc">König Luthbert</rs>. <rs ref="#i885426" type="person">Langbein<lb/></rs>der<rs ref="#i885442" type="book_etc"> Hirt Oggersheim</rs> – d<lb/>für Kinder zu erzählen tauglich</p><pb n="38"/><p> </p><p>Es sind überhaupt recht gute Sachen in diesem<lb/>Taschenbuch: Gustav Waha von Kähler ist sehr schön<lb/>Ich mag sonst nicht gerne von <rs ref="#i885453" type="person">Lafontaine</rs> was lesen<lb/>aber seine Geschichte, der <rs ref="#i885469" type="book_etc">Rheinfall od Graf Tengenbaz</rs> [Tengenbach]<lb/>enthält sehr gute Winke über <rs ref="#i874045" type="object">Erziechung</rs>: wie artig<lb/>zeigt es daß durch theilnehmende Liebe und poetische<lb/>Belustigung man den größten Einfluß auf die Kinder<lb/>gewinnt! Wie wenig <rs ref="#i873936" type="object">philosophische</rs> u moralische Regeln<lb/>dagegen Stich halten.</p></div><div xml:id="d23399766" corresp="d885048" ><head resp="#editor">Sinnspruch<date> 06.02.1816 </date></head><p>[38] </p><p>1816 2 6<lb/>Wie wohl thut es doch wenn man über eine theure Wahrheit<lb/>eine Wahrheit suchende Seele zurecht weisen kann!<lb/> Wie anziehend ist es andere Menschen zu seiner Ansicht<lb/>der Dinge besonders der religions Wahrheiten zu führen<lb/>Ich verzeiche allen denen so dieses zu bewirken suchen<lb/>in so ferne sie keine andere Absicht haben als das was<lb/>sie für<rs ref="#i873922" type="object"> götliche Wahrheit</rs> ansehen auch andern mitzutheilen<lb/>wenn nichts als reine Menschenliebe sie leitet. Ihre Ansichten<lb/>der Dinge mögen den Meinigen noch so sehr entgegen<lb/>seyn, so muß ich doch ihre Absicht ehren.<lb/>Streit über Religion hat schon der Menschheit fürchterliche <lb/>Leiden gebracht u doch das glaube ich fest, hat das Wahre<lb/>der Religion nichts darüber gelitten; denn dieses ists nicht</p><pb n="39"/><p> </p><p>worüber man je gestritten hat noch streiten wird: todte<lb/>Formeln, der Buchstabe<supplied>n</supplied> u nicht das Wort können Streit<lb/>veranlassen: würden diese Formeln für ausser wesentlich<lb/>angesehen, so wie sie wirklich von den aufgeklärtesten Lehrern<lb/>aller besondern reiligions Parthien angesehn werden: was bliebe<lb/>zum streiten? Wäre der <supplied>Wa</supplied> christliche Wahrheitssinn, die<lb/>wahre christliche Liebe allgemeiner verbreitet, wer wollte<lb/>über das Höchste noch ohne christlichen Sinn ohne Liebe<lb/>streiten? Wenn einmal alles Heidenthum u alles Judenthum<lb/>aus Christus Lehre wird ausgesondert seyn dan erst<lb/>wird Friede u Liebe herrschen. Der großte Theil der<lb/>reformierten Lehrer blähen sich mit dem Wahn daß sie der<lb/>aufgeklärtere Theil seyen, sie wollen nicht sehen wie viel<lb/>Judenthum noch in ihrem Christenthum herrsche; sie entschlumern<lb/>in trägheit u wenn hie u da eine andere Stimme, sey sie wahr<lb/>od irrig, sich erhebt so schlagen sie um sich u schreien über<lb/>Gotteslästerung wie ehmals die Pharisäer. Nur wenige<lb/>suchen im Stillen die Wahrheit u bekämpfen mit ihr u der <lb/>Christlichen Liebe den Unglauben u die Schwärmerei.<lb/>Diese werden am Ende doch siegen: mochten ihrer doch mehrere<lb/>werden u das schöne Werk sich aus bilden!</p><pb n="40"/><p> </p><p>An die so mich der Partheilichkeit für<lb/>die Frömler beschuldigen<lb/>Steig ich nicht mit euch hinauf zu den steilen<lb/>frostigen Höhen,<lb/>Glaubt ihr ich gleite hinab zu dem morastigen<lb/>Land.<lb/>Seht ihr nicht in der Mitte die lieblich schattigen<lb/>Pfade,<lb/>Wo das Herz nicht erstarrt, wo sich der Sinn<lb/>nicht verwirt?</p></div>
       </body></text>
   </TEI>
    