<?xml version="1.0"?>
    <?xml-model href="http://www.tei-c.org/release/xml/tei/custom/schema/relaxng/tei_all.rng" type="application/xml" schematypens="http://relaxng.org/ns/structure/1.0"?>    
    <TEI xmlns="http://www.tei-c.org/ns/1.0" xml:id="d908642">
       <teiHeader>
          <fileDesc>
             <titleStmt>
                <title>Heft 32 (1834-1839)
                </title>
                <author>Anna Maria Preiswerk-Iselin</author>
             </titleStmt>
             <publicationStmt>
                <publisher xml:id="editor">Tagebücher Anna Maria Preiswerk-Iselin Projekt</publisher>
                <pubPlace>Basel</pubPlace>
                <date when="2022-03">March 2021</date>
                <availability>
                   <licence notBefore="2022-03-01" target="http://creativecommons.org/licenses/by-sa/4.0/">
                      <p>[...]</p>
                      <p>This work is licensed under a Creative Commons Attribution-ShareAlike 4.0 International License.</p>
                      <p> You are free to: <list>
                            <item> Share — copy and redistribute the material in any medium or format</item>
                            <item> Adapt — remix, transform, and build upon the material</item>
                         </list>
                      </p>
                      <p> Under the following terms: <list>
                            <item> Attribution — You must give appropriate credit, provide a link to the license, and indicate if changes were made. You
                               may do so in any reasonable manner, but not in any way that suggests the licensor endorses you or your use.</item>
                            <item> ShareAlike — If you remix, transform, or build upon the material, you must distribute your contributions under the same
                               license as the original.</item>
                            <item> No additional restrictions — You may not apply legal terms or technological measures that legally restrict others from
                               doing anything the license permits.</item>
                         </list>
                      </p>
                      <p>The licence was added on March first, 2022.</p>
                   </licence>
                </availability>
             </publicationStmt>
             <sourceDesc>
                <msDesc>
                   <msIdentifier>
                      <settlement>Basel</settlement>
                      <repository>Staatsarchiv</repository>
                      <idno>StABS PA 511 304-03-04</idno>
                      <msName>Heft 12 (1815-1816) - Anna Maria Preiswerk-Iselin </msName>
                   </msIdentifier>
                </msDesc>
    <listPerson><person xml:id="i869556"><persName>Johann Gottfried von Herder-Flachsland</persName></person><person xml:id="i922425"><persName>Karl Geigy-Burckhardt</persName></person><person xml:id="i868044"><persName>Sophia Geigy-Preiswerk</persName></person><person xml:id="i835836"><persName>Susanna Paravicini-Preiswerk</persName></person><person xml:id="i836759"><persName>Anna Maria Burckhardt-La Roche-Preiswerk</persName></person><person xml:id="i835771"><persName>Dietrich Preiswerk-Bischoff</persName></person><person xml:id="i867962"><persName>Rudolf Paravicini-Vischer</persName></person><person xml:id="i835852"><persName>Rudolf Paravicini-Preiswerk</persName></person><person xml:id="i899279"><persName>Johann Rudolf Forcart-Weiss</persName></person><person xml:id="i837045"><persName>Friedrich Preiswerk</persName></person><person xml:id="i868815"><persName>Rudolf Emanuel Wettstein-Iselin</persName></person><person xml:id="i868105"><persName>Valerie Wettstein-Iselin</persName></person><person xml:id="i921683"><persName>Helena Iselin-Wettstein</persName></person><person xml:id="i836927"><persName>Dietrich Preiswerk-Bischoff</persName></person><person xml:id="i867913"><persName>Maria Helena Hoffmann-Preiswerk</persName></person><person xml:id="i837130"><persName>Isaac Iselin</persName></person><person xml:id="i837084"><persName>Helena Iselin-Iselin</persName></person><person xml:id="i868449"><persName>Wilhelm Burckhardt-Preiswerk</persName></person><person xml:id="i922564"><persName>Christof Burckhardt-Bachofen</persName></person><person xml:id="i922580"><persName>Dorothea Juliane von Bärenfels </persName></person><person xml:id="i922612"><persName>Sophia Merian-Burckhardt</persName></person><person xml:id="i868031"><persName>Sophia Burckhardt-Vischer</persName></person><person xml:id="i868759"><persName>Karl Burckhardt-Vischer</persName></person><person xml:id="i922665"><persName>Emma Fürstenberger-Vischer</persName></person><person xml:id="i868868"><persName>Emma Valeria Vischer-Bilfinger</persName></person><person xml:id="i922696"><persName>Maria Helena Dietschy-Burckhardt </persName></person><person xml:id="i922726"><persName>Julia Socin-Burckhardt</persName></person><person xml:id="i922744"><persName>Friedrich Hoffmann-Merian</persName></person><person xml:id="i868665"><persName>Emanuel Hoffmann-Preiswerk</persName></person><person xml:id="i868701"><persName>Juliane Paravicini-Vischer</persName></person></listPerson><listObject><object xml:id="i884071" type="tag"><objectIdentifier><objectName>Wetter</objectName></objectIdentifier></object><object xml:id="i873908" type="tag"><objectIdentifier><objectName>Geschäfte</objectName></objectIdentifier></object><object xml:id="i873950" type="tag"><objectIdentifier><objectName>Ereignis</objectName></objectIdentifier></object><object xml:id="i874148" type="tag"><objectIdentifier><objectName>Besuch</objectName></objectIdentifier></object><object xml:id="i884031" type="tag"><objectIdentifier><objectName>Gedanke zur Politik</objectName></objectIdentifier></object><object xml:id="i892101" type="tag"><objectIdentifier><objectName>Geburt</objectName></objectIdentifier></object><object xml:id="i873831" type="tag"><objectIdentifier><objectName>Selbstzeugnis schreiben</objectName></objectIdentifier></object><object xml:id="i873825" type="tag"><objectIdentifier><objectName>Altersgebrechen</objectName></objectIdentifier></object><object xml:id="i874141" type="tag"><objectIdentifier><objectName>Gedanken über den Tod</objectName></objectIdentifier></object><object xml:id="i903712" type="tag"><objectIdentifier><objectName>Behandlung/Kur</objectName></objectIdentifier></object><object xml:id="i898746" type="tag"><objectIdentifier><objectName>Schmerz/Krankheit Familie</objectName></objectIdentifier></object><object xml:id="i873838" type="tag"><objectIdentifier><objectName>Unbekannte Person</objectName></objectIdentifier></object><object xml:id="i873957" type="tag"><objectIdentifier><objectName>Freundschaft</objectName></objectIdentifier></object><object xml:id="i874090" type="tag"><objectIdentifier><objectName>Personenbeschreibung</objectName></objectIdentifier></object><object xml:id="i873159" type="tag"><objectIdentifier><objectName>Ortserwähnung</objectName></objectIdentifier></object><object xml:id="i874235" type="tag"><objectIdentifier><objectName>Ausbildung</objectName></objectIdentifier></object><object xml:id="i874029" type="tag"><objectIdentifier><objectName>Rückblick</objectName></objectIdentifier></object><object xml:id="i873887" type="tag"><objectIdentifier><objectName>Tod</objectName></objectIdentifier></object><object xml:id="i899058" type="tag"><objectIdentifier><objectName>Alter(n) anderer Personen</objectName></objectIdentifier></object><object xml:id="i873929" type="tag"><objectIdentifier><objectName>Trauer</objectName></objectIdentifier></object><object xml:id="i873845" type="tag"><objectIdentifier><objectName>Krankheit</objectName></objectIdentifier></object><object xml:id="i910699" type="tag"><objectIdentifier><objectName>Heiterkeit</objectName></objectIdentifier></object><object xml:id="i873922" type="tag"><objectIdentifier><objectName>Religion</objectName></objectIdentifier></object><object xml:id="i874895" type="tag"><objectIdentifier><objectName>Mädchenschule?</objectName></objectIdentifier></object><object xml:id="i910645" type="tag"><objectIdentifier><objectName>Trübe Stimmung</objectName></objectIdentifier></object><object xml:id="i873943" type="tag"><objectIdentifier><objectName>Alter(n)</objectName></objectIdentifier></object><object xml:id="i899128" type="tag"><objectIdentifier><objectName>Krankheit anderer Personen</objectName></objectIdentifier></object><object xml:id="i910637" type="tag"><objectIdentifier><objectName>Erschöpfung</objectName></objectIdentifier></object><object xml:id="i873880" type="tag"><objectIdentifier><objectName>Tod Familie</objectName></objectIdentifier></object></listObject>
    </sourceDesc>
      </fileDesc>
      <profileDesc>
         <textClass>
            <!-- vérifier !!! -->
            <catRef scheme="#genre" target="#journal"/>
         </textClass>
         <langUsage>
            <language ident="de">Deutsch</language>
         </langUsage>
      </profileDesc>
   </teiHeader>
       <text><body><div xml:id="d23412668" corresp="d908651" ><head resp="#editor">Tagebucheintrag<date> 13.02.1834 </date></head><pb n="12"/><p>34.2.13.<lb/>Gestern war ein herrlich heller Tag, zwar<lb/><rs ref="#i884071" type="object">6 Grad Kälte</rs>, aber die Luft war so rein, mir<lb/>war als ob eine Decke von meinem Kopf<lb/>weggenomen wäre. Es kamen mancher-<lb/>lei <rs ref="#i873908" type="object">Geschäfte</rs> vor, die mir sonst sehr lästig<lb/>gewesen wären u mir wars doch so leicht.<lb/>Nachmittag hatte ich den <rs ref="#i873950" type="object">Familie Tag</rs> es freute<lb/>mich die lieben Meinigen zu <rs ref="#i874148" type="object">sehen</rs>, besonders<lb/>die 2 herzlichen Urenkel die ihre Mutter beg-<lb/>leiteten: es ist doch was Wohlthuendes um<lb/>den liebevollen Blick eines Kindes! Gott er-<lb/>halte ihre Herzen fort so liebend, so sind sie ge-<lb/>seegnet. Gott seys gedankt für die heitern<lb/>Stunden ihr Andenken sollen mir die Trüben <lb/>erleichtern.</p></div><div xml:id="d23412669" corresp="d908659" ><head resp="#editor">Tagebucheintrag<date> 14.02.1834 </date></head><pb n="1"/><p>34 2 14<lb/>Gestern Abend las ich noch unsre Zeitung,<lb/>die Darstellungen der Foderungen vor dem Scheids-<lb/>gericht, empörten mich: ist das christliche<lb/>Duldsamkeit solche abscheuliche Ungerechtigkeiten</p><pb n="2"/><p>zu ertragend! Ist es nicht schimpflich entehrend<lb/>was entsteht daraus? <rs ref="#i869556" type="person">Herder</rs> sagt irgend-<lb/>wo in der Samlung von Poesien „dem Bosen<lb/>Gutes erweisen ist eben so schlecht als<lb/>dem Guten Böses zu erweisen.“<lb/>Kann das nicht auf unsre traurige Nachgiebig-<lb/>keit gegen die Schändlichen Empörer u das<lb/>radikale Gesindel das die Schweiz tyranisiert<lb/>angewand werden? Hätte man schon vor langem<lb/>den Muth gehabt der <rs ref="#i884031" type="object">Tagsatzung</rs> zu erklaren<lb/>„daß wir als treue Bundesgenoßen gehandelt<lb/>u so noch handeln würden, daß aber, wenn<lb/>unsrer Treue u willige Aufopferung nur<lb/>Verrath, Eidesbruch u langsames hinmorden [?]<lb/>entgegen gesetzt würde, so bleibe uns nichts<lb/>übrig als fremde Hilfe zu suchen“ Gewiß</p><pb n="3"/><p>mann hätte anders gegen uns gehandelt!<lb/>Unser armes Land u die ganze Schweiz <lb/>wäre nicht in solch sittenloses Elend versunken.<lb/>Wo ist wahrer christlicher Muth, wo Gottvertrauen?<lb/>März den 19 wurde mir ein <rs ref="#i922425" type="person">Urenkel</rs> <rs ref="#i892101" type="object">gebohren<lb/></rs>von Fr <rs ref="#i868044" type="person">Geigy Preiswerkh</rs>: ein Knab. Nun habe<lb/>7 Urenkel u 5 Urenkelinnen. Gott seegne sie!</p></div><div xml:id="d23412670" corresp="d908667" ><head resp="#editor">Tagebucheintrag<date> 22.04.1834 </date></head><pb n="3"/><p>34.4.22.<lb/>Immer komme ich weniger zum <rs ref="#i873831" type="object">schreiben</rs>, welches<lb/>eine so erheiternde Unterhaltung für mich war,<lb/>seit mehr als 2 Monath bin ich unabäslich, die<lb/><rs ref="#i873825" type="object">Kräfte</rs> fehlen mir zu jedem <rs ref="#i873908" type="object">Geschäft</rs>: will mich<lb/>Gott so <rs ref="#i874141" type="object">nach u nach</rs> von der Weld wegnehmen?<lb/>Sein Wille geschehe! Es geht so eines nach dem<lb/>Andern vor mir her, sollte ich nicht gerüstet<lb/>seyn auch zu folgen? Ich hoffe es u strebe dar-<lb/>nach</p></div><div xml:id="d23412671" corresp="d908675" ><head resp="#editor">Tagebucheintrag<date> 28.04.1834 </date></head><pb n="3"/><p>34.4.28.<lb/>Meine <rs ref="#i873825" type="object">Kräfte</rs> nehmen nicht zu, aber mein<lb/>Eckel u Abneigung vor den meisten Speisen,<lb/>das muß doch entlich gänzliche Entkräftung</p><pb n="4"/><p>nach sich ziehn. Ich sehe nicht ein was ich in der<lb/>Weld noch vieles nütze: allso ergebe ich mich<lb/>ruhig ja freudig in Gottes <rs ref="#i874141" type="object">Ruff</rs>, er wird mir <lb/>dort wie hier beistehen! Gott gebe Muth <lb/>u Kraft den Meinigen! Hier wie dort werde<lb/>ich für sie flehen.</p></div><div xml:id="d23412672" corresp="d908683" ><head resp="#editor">Tagebucheintrag<date> 14.07.1834 </date></head><pb n="4"/><p>34 7 14<lb/>Ich habe 5 Wochen die <rs ref="#i903712" type="object">Eselsmilch</rs> getrunken<lb/>u vor 8 Tagen aufgehört. Besserung<lb/>fühle ich noch keine: wären nur meine <rs ref="#i873825" type="object">Augen<lb/></rs>nicht so schwach; doch wie sollte ich klagen? Gott<lb/>erzeigt mir noch täglich so viel Gutes für das<lb/>ich nicht genug danken kann. Die Leiden sind<lb/>Besserungsmittel die uns von der Weld abziehen <lb/>u zum Nachdenken führen. Die <rs ref="#i898746" type="object">Kränklichkeit<lb/></rs>meiner Tochter <rs ref="#i835836" type="person">Para</rs>. schmerzt mich sehr: doch<lb/>Gott wacht auch über sie! Während 6 Wochen<lb/>war Jf <rs ref="#i873838" type="object">Stumpf</rs> die Schullehrerin bei mir</p><pb n="5"/><p><rs ref="#i874148" type="object">wohnhaft</rs>, so viel es ihre Geschäfte erlaubten,<lb/>ihr nicht Wohlbefinden war Veranlassung dazu.<lb/>Ich hatte sie vorher schon geschatzt, bei nächrer<lb/>bei nachrer <rs ref="#i873957" type="object">Bekanntschaft</rs> stieg meine Achtung<lb/>aufs höchste, ihr <rs ref="#i874090" type="object">heller Sinn</rs> ihr feines Gefühl ihre<lb/>richtige Beurtheilungskraft, ihre herzliche Pflicht-<lb/>treue eregen Achtung u Liebe. Auch scheint sie mir<lb/>Kentniße u Fertigkeiten seit lezter Zeit sehr gehoben<lb/>zu haben; von ihren <rs ref="#i873838" type="object">Brüdern</rs> hat sie vieles gelernt.<lb/>Wie wohlthätig ihr edler reiner Sinn auf die<lb/>Jugend wirken muß ist höchst erfreulich. Möge<lb/>Gott ihre Gesundheit starken! Ein wahrer Seegen <lb/>wird sie für die Kinder seyn.</p></div><div xml:id="d23412673" corresp="d908691" ><head resp="#editor">Tagebucheintrag<date> 26.07.1834 </date></head><pb n="5"/><p>34.7.26.<lb/>Den 23 kam GßTochter <rs ref="#i836759" type="person">Marie P.</rs> von <rs ref="#i873159" type="object">Straßburg</rs>,<lb/>wo sie 6 Jahre in <rs ref="#i874235" type="object">Pension</rs> war wieder hieher</p><pb n="6"/><p>den 24ten sah ich sie auf <rs ref="#i874148" type="object">kurze Zeit</rs> u. in<lb/>Gesellschaft Andrer, ich kann also nicht über<lb/>sie urtheilen. Sie war sehr herzlich gegen<lb/>mich, welches mir sehr wohl that: o möchte<lb/>ich ihr noch was seyn können, hätte ich sie in<lb/>vergangner Zeit sie nur mehr um mich haben<lb/>konnen! Dies Mädchen liegt mir schmerzlich<lb/>am Herzen.</p></div><div xml:id="d23412674" corresp="d908699" ><head resp="#editor">Tagebucheintrag<date> 29.07.1834 </date></head><pb n="6"/><p>34 7 29<lb/>Düstere <rs ref="#i874029" type="object">Erinnerungen</rs> bringt diese Zeit<lb/>in mir hervor! Es ist heute der <rs ref="#i873950" type="object">Todes-<lb/>tag</rs> meines Sohns <rs ref="#i835771" type="person">Dt.</rs> schon 15 Jahre sind seit<lb/>dem verfloßen. Wie hätte ich damals denken<lb/>konnen noch so lange hienieden zu wallen?<lb/>Vor kurzem glaubte ich meinem <rs ref="#i874141" type="object">Ende</rs> <lb/>ganz nache zu seyn, jetzt scheine ich wieder <lb/>etwas mehr Kräfte zu haben: Gott leite<lb/>meine Wege. Heute ist auch der <rs ref="#i873950" type="object">Geburts-<lb/></rs></p><pb n="7"/><p>tag von <rs ref="#i867962" type="person">Rud. P[a]ravizini</rs>, moge derselbe in allem<lb/>Guten zunehmen u die Freude seiner <rs ref="#i835836" type="person"><rs ref="#i835852" type="person">Eltern</rs></rs> werden!</p></div><div xml:id="d23412675" corresp="d908707" ><head resp="#editor">Tagebucheintrag<date> 25.08.1834 </date></head><pb n="7"/><p>34.8.25.<lb/>Den 17ten <rs ref="#i873887" type="object">starb</rs> mein Oheim <rs ref="#i899279" type="person">Forkart</rs>: sein<lb/>Hinschied hat mich sehr <rs ref="#i873929" type="object">gerührt</rs>. Er macht eine<lb/>große Lücke. Er war ein von Gott vielfach<lb/>gesegneter Mann, lebte ohne Krankheit<lb/><rs ref="#i899058" type="object">85 Jahre</rs> u entschlief ohne Schmerzen in Mitte<lb/>seiner 8 Kinder u sonst einer zahlreichen<lb/>Nachkommenschaft, allgemein betrauert<lb/>[unles.]: ein seltnes Loos! Er genoß die ihm ver-<lb/>liehene mit weiser Mässigung, keine Leidenschaft<lb/>beherrschte ihn: er war <rs ref="#i874090" type="object">wohlwollend</rs> gegen Jedermann,<lb/>machte Freude <supplied>wo er k</supplied> u half wo er konnte;<lb/>er liebte die Kinder u die freie Natur hatte<lb/>besonders Wohlgefallen an seinen Garten Anlagen.<lb/>Was besonder sein edles Herz beweißt, ist daß er</p><pb n="8"/><p>neben dem Wohlgefallen an seinen schonen kost-<lb/>spieligen Garten Anlagen, auch die herzlichste<lb/>kindlichste Freude an weit geringern so Andern <lb/>gehörten: nie sah er mit dem Stolz des Reichen<lb/>auf Andre herab. Mit wahrer Gottesfurcht gieng<lb/>er demüthig u dankbar durchs Leben, ertrug<lb/>die Beschwerden des Alters ohne je zu klagen, war<lb/>nie Lebenssatt u entschlief wohl im Vorgefühl des<lb/>Todes ohne ihn zu fürchten und ohne ihn zu empfinden.</p></div><div xml:id="d23412676" corresp="d908715" ><head resp="#editor">Tagebucheintrag<date> 27.08.1834 </date></head><pb n="8"/><p>34.8.27.<lb/>Gott sey gedankt daß ich wieder ein wenig <rs ref="#i873831" type="object">schreiben<lb/></rs>kann; auch da ich’s nicht konnte ergab ich mich<lb/>ruhig in Gottes Fügung: aber mit innigstem<lb/>Dankgefühl empfange ich diese Wohlthat.<lb/>Es ist ganz sonderbar wie mein Geist dadurch<lb/>gestärkt u erheitert wird.</p></div><div xml:id="d23412677" corresp="d908723" ><head resp="#editor">Tagebucheintrag<date> 15.11.1834 </date></head><pb n="9"/><p>34 11 15<lb/>Ich leide seit geraumer Zeit an einem heftigen<lb/><rs ref="#i873845" type="object">Krampfhusten</rs> u werde <rs ref="#i873825" type="object">täglich schwächer</rs>.<lb/>Vorgestern den 13ten frühe wurde mir eine neue Wunde<lb/>geschlagen: mein Enkel <rs ref="#i837045" type="person">Friz Preiswerkh</rs> unterlag einer<lb/><rs ref="#i898746" type="object">Krankheit</rs> von wenig Tagen. Gottes Fügungen seyen<lb/>geehrt: aber es thut wehe – sehr wehe!!</p></div><div xml:id="d23412679" corresp="d908731" ><head resp="#editor">Tagebucheintrag<date> 03.12.1834 </date></head><pb n="9"/><p>34.12. 3.<lb/>Meine <rs ref="#i873845" type="object">Krankheit</rs> scheint zu weichen: ob ich<lb/>mich darüber freuen soll? Mit <rs ref="#i873825" type="object">geschwächtem<lb/></rs>Gehör u Gesicht! Mit dem wehmüthigen Gefühl<lb/>der Abnachme meiner Kräfte!! Wenn mich<lb/>noch etwas an das Leben feßelt, so ist es die<lb/>mir so lebhaft bezeugten Beweise der Liebe der<lb/>th[eu]ren Meinigen: möchte ich Ihnen nur noch<lb/>was seyn, was leisten können! Doch ich kann<lb/>nichts als für ihr Wohl zu Gott bethen. Das<lb/>Leben ist eine Gabe Gottes die wier so lange</p><pb n="10"/><p>wir sie besitzen wohl schätzen u so gut<lb/>möglich benutzen sollen.</p></div><div xml:id="d23412678" corresp="d908739" ><head resp="#editor">Tagebucheintrag<date> 22.12.1834 </date></head><pb n="10"/><p>34.12.22.<lb/>Die Erde hat ihren jährlichen Lauf<lb/>vollbracht u der Mensch sehnt sich auf<lb/>einen heiterern Himmel: ob ich mich nach<lb/>diesem, od nach einem Bessern jenseits<lb/>sehne! So Gott mich <rs ref="#i874141" type="object">wegrufft</rs> folge ich<lb/>freudig: soll ich noch hienieden weilen so<lb/>möchte ich noch einiges ordnen. Gott<lb/>stehe mir bei daß ich thue was recht u gut<lb/>er gebe seinen Geist i[n] meinen schwachen<lb/>Sinn u laße alles zum Wohl der lieben<lb/>Meinigen gelingen!!</p></div><div xml:id="d23412680" corresp="d908747" ><head resp="#editor">Tagebucheintrag<date> 25.12.1834 </date></head><pb n="11"/><p>34 12 25<lb/>Ein herrlich heller <rs ref="#i873950" type="object">Weihnachtstag</rs>: es ist so <rs ref="#i910699" type="object">heiter<lb/></rs>in meiner Seele; ob ich gleich der öffentlichen<lb/>Feier nicht beiwohnen kann, (meiner vielfachen <lb/><rs ref="#i873825" type="object">Schwachheit</rs> wegen) so bin ich nicht minder in<lb/><rs ref="#i873922" type="object">Gott</rs> vergnügt u freue mich aller so mit<lb/>Recht Christen heissen, u es eifrig seyn wollen,<lb/>möge ihre Meinung auch von der meinen<lb/>abweichen, sie sind mir doch Geschwistert,<lb/>Gott dein Reich komme! Moge ein reines<lb/>Christenthum die Weld beglücken!</p></div><div xml:id="d23412681" corresp="d908755" ><head resp="#editor">Tagebucheintrag<date> 15.01.1835 </date></head><pb n="11"/><p>1835</p><p><rs ref="#i873825" type="object">Schwächlich</rs>, aber doch etwas hergestelt bin ich<lb/>bis hier gekommen: u fast scheint es als ob<lb/>Gott mir noch einige Frist auf dieser Weld<lb/>gönnen wollte! Ich habe ihn nicht darum gefleht<lb/>u thue es auch jetz nicht: sein heiliger Wille<lb/>geschehe. Nur darum flehe ich daß ich die<lb/>mir gewahrte Frist weise anwenden möge!</p><pb n="12"/><p>Auf eine wehmüthige u schmerzliche Weise<lb/>hat die Vorsehung mein <rs ref="#i873908" type="object">Vermögen</rs> vermehrt.<lb/>Ich sehe das was sie mir zugewiesen als<lb/>ein mir anvertrautes Pfand an das ich<lb/>gut verwalten soll: Gott gebe mir die<lb/>Kraft dazu!</p></div><div xml:id="d23412682" corresp="d908763" ><head resp="#editor">Tagebucheintrag<date> 21.01.1835 </date></head><pb n="12"/><p>35.1.21.<lb/>Mein <rs ref="#i874895" type="object">Vorhaben</rs> habe ich gestern <rs ref="#i873838" type="object">H. P.</rs> mitge-<lb/>theilt: ich war zufrieden wie ers aufgenommen.<lb/>So gerne ich mein Vorhaben in Ausführung<lb/>brächte; so will ich mich doch darauf gefaßt <lb/>machen daß es vieleicht nicht gehen werde.<lb/>O könnte nur alles in Frieden u mit Genehm-<lb/>igung der Meinigen vor sich gehen.<lb/>Mir bangt vor meiner Muthlosigkeit: Gott gebe<lb/>mir Kraft! Wenn man den Menschen mit<lb/>Liebe u vollem Zutrauen entgegen kömmt<lb/>so ist oft mehr auszurichten als man ver-<lb/>muthet. Ich weis daß mein Vorhaben gut<lb/>gemeint ist: das giebt mir Muth: ob es aber</p><pb n="13"/><p>wirklich Gutes bringen wird – ! Das steht bei<lb/><rs ref="#i873922" type="object">Gott</rs>. Wie es auch gehe will ich mich seinem<lb/>Willen ruhig ergeben.</p></div><div xml:id="d23412683" corresp="d908771" ><head resp="#editor">Tagebucheintrag<date> 29.01.1835 </date></head><pb n="13"/><p>J 29</p><p>Der heutige Tag ist mir immer sehr wichtig:<lb/>es ist der <rs ref="#i873950" type="object">Geburtstag</rs> meines Sohns <rs ref="#i835771" type="person">Dt.</rs> wie<lb/>viele <rs ref="#i873929" type="object">wehmüthige</rs> <rs ref="#i874029" type="object">Erinnerungen</rs>! Wie viele<lb/>zertrümerte Hoffnungen! O Gott, erst in<lb/>jener Weld werden mir deine Rathschläge<lb/>klar werden: ich will auf dich vertraun<lb/>leite mich ferner u gieb mir die Gedanken <lb/>in den Sinn so dir wohlgefällig sind! Mein Herz<lb/>sey lauter Dank zu dir.</p></div><div xml:id="d23412684" corresp="d908779" ><head resp="#editor">Tagebucheintrag<date> 02.02.1835 </date></head><pb n="13"/><p>35.2.2.<lb/>Manches <rs ref="#i910645" type="object">Trübe</rs> umwolkte mich die vergangnen<lb/>Tage u machte meine<rs ref="#i873845" type="object"> Säfte stocken</rs>: mir war<lb/>so düster, gestern nahm ich <rs ref="#i903712" type="object">Arznei</rs>, die<lb/>erleichterte mich um Vieles Gott sey gedankt<lb/>möge ich meine Kräfte gut benutzen!</p></div><div xml:id="d23412685" corresp="d908787" ><head resp="#editor">Tagebucheintrag<date> 20.03.1835 </date></head><pb n="14"/><p>35.3.20.<lb/>Nun habe ich mein<rs ref="#i873943" type="object"> 77tes Jahr</rs> zurückgelegt! Wie<lb/>vieles habe ich Gott zu danken! Für wie Vieles<lb/>seine Vergebung u seine Gnade anzuflehen!<lb/>Wie sonderbar hast du o <rs ref="#i873922" type="object">Gott</rs> <del>mich</del> geleitet, wie<lb/>vielfältig mich deine besondere Leitung fühlen<lb/>lassen! In Demuth beuge ich mich vor dir, all mein<lb/>Thun u Denken möge nur dir geweiht sein.</p></div><div xml:id="d23412686" corresp="d908795" ><head resp="#editor">Tagebucheintrag<date> 09.04.1835 </date></head><pb n="14"/><p>35.4.9.<lb/>Wieder <rs ref="#i873887" type="object">gieng</rs> ein werthes Glied unsrer<lb/>Mitte in jene Weld! Wie viele<supplied>s</supplied> muß ich<lb/>vor mir vorausgehn sehn! Den 7ten starb,<lb/>H <rs ref="#i868815" type="person">Wettstein</rs> mein Schwager, nach einer<lb/>3 Monathlichen <rs ref="#i899128" type="object">Krankheit</rs>: ohne viele Leiden,<lb/>sanft war seyn Ende. Gott sey dedankt für<lb/>alles Gute so er dem Verstorbnen erwiesen<lb/>Meine trauernde <rs ref="#i868105" type="person">Schwester</rs> u deren <rs ref="#i921683" type="person">Tochter<lb/></rs>möge er ferners segnen</p></div><div xml:id="d23412687" corresp="d908803" ><head resp="#editor">Tagebucheintrag<date> 26.06.1835 </date></head><pb n="15"/><p>35.6.26.<lb/>Schenkt mir Gott wieder Kraft um zuweilen meine<lb/>Gedanken nieder zu <rs ref="#i873831" type="object">schreiben</rs>, so will ich sie mit<lb/>innigstem Dank benutzen: erstlich für die Ruhe<lb/>und <rs ref="#i910699" type="object">Heiterkeit</rs> die ich die Zeit meiner <rs ref="#i873825" type="object">Schwächlich-<lb/>keit</rs> über, meistens genoßen. Wohl erfüllt<lb/>manches meine Seele mit Wehmuth, doch bestättigt<lb/>es in mir die Ansicht der Nichtigkeit alles Irdischen:<lb/>Der erbärmliche <rs ref="#i898746" type="object">Gesundheitszustand</rs> meines Enkels<lb/><rs ref="#i836927" type="person">D. P.</rs>! Doch wie viele Linderung gewährt ihm u den<lb/>Seinen die ruhige Faßung in der seine Seele ist?<lb/>Soll er wieder genesen (doch ich darf’s nicht hoffen)<lb/>welche glückliche Veränderung würde diese <rs ref="#i873845" type="object">Krank-<lb/>heit</rs> auf sein Leben machen! Soll er scheiden? Wie<lb/>beruhigend werden unsre Thränen um ihn fließen!<lb/>Auch seine beiden <rs ref="#i867913" type="person"><rs ref="#i868044" type="person">Schwestern</rs></rs> kränkeln, will<lb/>Gott den abgeschiednen Eltern ihre Kinder <lb/>Jenseits wieder geben? Sein Wille sei gepriesen.<lb/>Auch ich <rs ref="#i874141" type="object">folge</rs> ihnen bald u gerne.</p></div><div xml:id="d23412688" corresp="d908811" ><head resp="#editor">Tagebucheintrag<date> XX.07.1835 </date></head><pb n="16"/><p>[?] Juli 1835<lb/><rs ref="#i873825" type="object">Matt</rs> u <rs ref="#i910637" type="object">erschöpft</rs> ist mein Körper, aber <rs ref="#i910699" type="object">heiter<lb/></rs>u dankbar meine Seele. Der liebe <rs ref="#i835771" type="person">Leidende<lb/></rs>ist den 17. [?] Morgens 4 Uhr sanft ins bessere<lb/><rs ref="#i873880" type="object">Leben übergegangen</rs>. Ich danke Gott <lb/>denn nie hätte seine sanfte Seele in seinem<lb/>morschen Körper empor kommen können<lb/>nun schwebt sie befreit in höchern Sphären in<lb/>Gottes weitem Reich, in seiner Vaterhand.</p></div><div xml:id="d23412689" corresp="d908819" ><head resp="#editor">Tagebucheintrag<date> 13.08.1835 </date></head><pb n="16"/><p>35 8 13<lb/>Den 29 July befiel meinen <rs ref="#i837130" type="person">Bruder</rs> ein unbedeut-<lb/>ender <rs ref="#i899128" type="object">Schlagfluß</rs>: nun ist er aber gänzlich <lb/>wieder hergestelt.</p></div><div xml:id="d23412690" corresp="d908828" ><head resp="#editor">Tagebucheintrag<date> 08.08.1835 (?) </date></head><pb n="16"/><p>35.9.8.<lb/>So geht Eines nach dem Andern dahin! Wohl dem<lb/>der wohl bereit ist die <rs ref="#i874141" type="object">Weld</rs> zu verlassen.<lb/>So <rs ref="#i873887" type="object">entschlief</rs> gestern den 7 Morgens 7 Uhr unsre<lb/>schon geraume Zeit leidende, doch im Geist bis<lb/>ans Ende gegenwärtige Schwester <rs ref="#i837084" type="person">Iselin H.<lb/></rs>Gott sey gedankt daß er sie längerm Leiden </p><pb n="17"/><p>entzog: aber <rs ref="#i898746" type="object">schmerzlich</rs> ist es immer von denen<lb/><rs ref="#i873929" type="object">verlassen</rs> zu werden mit welchen man so lange <lb/>die Lebensbahn durchwandelt.</p></div><div xml:id="d23412691" corresp="d908836" ><head resp="#editor">Tagebucheintrag<date> 06.10.1835 </date></head><pb n="17"/><p>35.10.6.<lb/>Wie manche traurig Erfahrung bringt ein langes<lb/><rs ref="#i874141" type="object">Leben</rs>: es ist als ob wir noch hienieden wallen einsehen<lb/>um ganz zu erfahren wie alles, alles eitel sey!<lb/>Was ist für ein fühlend Herz köstlicher als Familie<lb/>Liebe u Einigkeit? Was empfindlicher als diese<lb/>gestört zu sehen? Gestört durch die so unserm <lb/>Herzen am nächsten sind! Gott bewahre meine<lb/>Seele vor Groll u Bitterkeit und erhöre mein<lb/>Gebet um Rückkehr des Friedens!<lb/>So Gott will kommt alles in Ordnung, ohne daß<lb/>eines od das Andre sich bedeutende Schuld auf[lädt].</p></div><div xml:id="d23412693" corresp="d908844" ><head resp="#editor">Tagebucheintrag<date> 11.11.1835 </date></head><pb n="17"/><p>35.11.11.<lb/>Seit 14 Tagen ist meine GßTochter <rs ref="#i836759" type="person">Marie Preisw.<lb/><rs ref="#i873950" type="object"></rs>verlobt</rs> mit H <rs ref="#i868449" type="person">Willhelm Burkart</rs>, Sohn von H <rs ref="#i922564" type="person">Burk.<lb/>Bachofen</rs>; Gott gebe seinen Seegen zu dieser<lb/>Verbindung!</p><pb n="18"/><p>Wieder eine Jugend Genoßin, die ich<lb/>zwar nicht besonders kannte, die meinem<lb/>Herzen aber immer theuer war, weil ich<lb/>sie für eine edle Seele hielt. Den 24 Nov.<lb/><rs ref="#i873887" type="object">entschlief</rs> Fraulin <rs ref="#i922580" type="person">Juliane von Bärenfels<lb/></rs>wohl ihr sie hat sanft geendet. O wäre<lb/>ich an<rs ref="#i874141" type="object"> ihrer Statt</rs>! Wie vielem Gram hat<lb/>die Vorsehung mich noch aufgehoben, doch<lb/>sie giebt Kraft u Muth um auszuharren,<lb/>möchte ich bald vollenden!</p></div><div xml:id="d23412694" corresp="d908852" ><head resp="#editor">Tagebucheintrag<date> 14.12.1835 </date></head><pb n="18"/><p>35.12.14.<lb/>O Gott, wie schwer fält es mir in meinem <rs ref="#i873943" type="object">Alter<lb/></rs>noch so vielen <rs ref="#i873825" type="object">Krä[n]kungen</rs> ausgesetzt zu<lb/>seyn! Doch ich will mich geduldig darein<lb/>ergeben! Ich sehe die Weld als eine Schule an<lb/>in welcher der Mensch belehrt u gezüchtigt<lb/>wird, um seiner Vollkommenheit nächer zu<lb/>kommen: wohl dem Menschen der den weisen</p><pb n="19"/><p>Lenker dieser Schule als einen liebenden<lb/>Vater im Herzen trägt, jede Belehrung,<lb/>jede Züchtigung zur Prüffung seines Herzens<lb/>u zu seiner Besserung benützt! Aber ach<lb/>wie so viele Menschen sind durch Eigendünkel<lb/>Selbstsucht u Übermuth geblendet, suchen das<lb/>Übel nur im Andern nicht in sich selbst. Wie <lb/>sehr verfehlen sie ihr Ziel. O könnte ich Ihnen<lb/>nur den schonen Spruch ins Herz legen,<lb/>„Gott wiederstehet dem Hoffährtigen, und dem<lb/>Demüthigen giebt er Gnade.“ Möge Gott ihre<lb/>Herzen zum Frieden lenken! Wie schwach bin<lb/>ich nur gar nichts beitragen zu können:<lb/>wie sehr demüthigt mich das.</p></div><div xml:id="d23412695" corresp="d908860" ><head resp="#editor">Tagebucheintrag<date> 15.12.1835 </date></head><pb n="19"/><p>35.12.15.<lb/>Wie kann ich Gott genug danken für die<lb/>Ruhe u <rs ref="#i910699" type="object">Heiterkeit</rs> die ich ganz ohne mein<lb/>Verdienst genieße!</p></div><div xml:id="d23412696" corresp="d908868" ><head resp="#editor">Tagebucheintrag<date> 22.12.1835 </date></head><pb n="20"/><p>35 12 22<lb/>Heute hat die Sonne ihren Lauf vol-<lb/>lendet: eine doppelt trübe Zeit war es für<lb/>mich. Die Natur wird nach u nach ihre <lb/>Dunkelheit vermindern. O mochte ich nur<lb/>hoffen können daß die <rs ref="#i874141" type="object">Dunkelheit</rs> so die<lb/>Ruhe so meiner Familie stört, auch wieder<lb/>abnehmen möchte! Gott weis wie gerne<lb/>ich alles aufopfern würde um dies zu<lb/>bewirken, mein einziges Dichten u Trachten<lb/>mein Flehn zu Gott geht nur dahin.</p></div><div xml:id="d23412697" corresp="d908876" ><head resp="#editor">Tagebucheintrag<date> XX.XX.1836 </date></head><pb n="20"/><p>Den 30 Merz wurde mir eine <rs ref="#i922612" type="person">Urenkelin</rs> <rs ref="#i892101" type="object">gebohren</rs>,<lb/>von meiner GßTochter Fr. <rs ref="#i868031" type="person">Burckard Vischer</rs>.<lb/>Gott seegne Kind u <rs ref="#i868031" type="person"><rs ref="#i868759" type="person">Eltern</rs></rs>!</p></div><div xml:id="d23412698" corresp="d908884" ><head resp="#editor">Tagebucheintrag<date> 22.07.1836 </date></head><pb n="20"/><p>36.7.22.<lb/>Gestern den 21. wurde mir eine <rs ref="#i922665" type="person">Urenkelin<lb/><rs ref="#i892101" type="object"></rs>gebohren</rs> von Fr <rs ref="#i868868" type="person">Vischer Bilfinger</rs>: Möge sie<lb/>zu ihrem u der Ihrigen Seegen aufwachsen!</p></div><div xml:id="d23412699" corresp="d908892" ><head resp="#editor">Tagebucheintrag<date> XX.XX.1836 </date></head><pb n="21"/><p>Den 28 October kam meine Enkelin Fr.<lb/><rs ref="#i836759" type="person">Burkart Preiswerkh</rs>, mit einem <rs ref="#i922696" type="person">Mädchen<lb/><rs ref="#i892101" type="object"></rs>nieder</rs>: Gott sey gedankt: Moge Seegen<lb/>über sie u die <rs ref="#i836759" type="person"><rs ref="#i868449" type="person">Eltern</rs></rs> kommen!</p></div><div xml:id="d23412700" corresp="d908899" ><head resp="#editor">Tagebucheintrag<date> 13.12.1836 </date></head><pb n="21"/><p>36 12 13<lb/>Bald hat die <rs ref="#i873950" type="object">Sonne ihren <supplied>S</supplied> niedrigsten Stand<lb/></rs>erreicht, bald ist die Helfte des <rs ref="#i884071" type="object">Winters<lb/></rs>vorüber u die Zeit begint wo man wieder<lb/>auf den Frühling hofft: aber manche Stürme<lb/>werden noch vorangehn!<lb/>Auch der <rs ref="#i874141" type="object">Winter meines Erdenleben </rs>hat<lb/>beinache seine letzte Stuffe erreicht: auch unter<lb/>harten Stürmen. Doch auch ich sehne mich<lb/>eines heitern ewigen Frühlings entgegen<lb/>möge er bald eintreffen! Doch wie Gott<lb/>will: nur Er stehe bis in lezten Augenblick<lb/>mir bei. Wie kann ich seine Güte würdig<lb/>preißen!</p></div><div xml:id="d23412701" corresp="d908907" ><head resp="#editor">Tagebucheintrag<date> 31.12.1836 </date></head><pb n="22"/><p>1836 12 31<lb/>Mit <rs ref="#i910645" type="object">wehmüthigen</rs> schwerren<lb/><rs ref="#i874029" type="object">Erinnerungen</rs>, doch mit demüthigem<lb/>Dankgefühl zu Gott, blicke ich ins<lb/>verfloßne Jahr zurück: flehe mit<lb/>vestem Vertrauen auf seinen <lb/>Beistand u seine Gnade aufs künftige<lb/>Jahr. Warte ruhig auf seinen <rs ref="#i874141" type="object">Ruff</rs>.</p></div><div xml:id="d23412702" corresp="d908915" ><head resp="#editor">Tagebucheintrag<date> XX.XX.1838 </date></head><pb n="23"/><p>1838    <lb/>Den 5 Hornung <rs ref="#i873880" type="object">verlor</rs> ich meinen<lb/><rs ref="#i837130" type="person">Bruder</rs> der seit beinahe 14 Jahre,<lb/>bei mir <rs ref="#i874148" type="object">gewohnt</rs>: so manches geht <lb/>vor mir her! Möge Gott mich auch<lb/>abruffen u mir beistehen im Leben<lb/>u im Tode</p></div><div xml:id="d23412703" corresp="d908923" ><head resp="#editor">Tagebucheintrag<date> XX.XX.1838 </date></head><pb n="23"/><p>1838</p><p>Den 5. July. Ist mir eine <rs ref="#i922726" type="person">Urenkelin</rs> <rs ref="#i892101" type="object">gebohren<lb/></rs>worden: von Fr <rs ref="#i868031" type="person">Burkart Vischer</rs>.<lb/>Gott seegne den neuen Ankömling auch<lb/>die andern lieben Kinder die mein<lb/>Herz erfreuen!</p></div><div xml:id="d23412704" corresp="d908930" ><head resp="#editor">Tagebucheintrag<date> XX.XX.1838 </date></head><pb n="23"/><p>den 4. [?] Nov. kam meine alteste Großtochter<lb/>Fr. <rs ref="#i867913" type="person">Hoffmann</rs> mit einem <rs ref="#i922744" type="person">Knaben</rs> <rs ref="#i892101" type="object">nieder<lb/></rs></p><pb n="24"/><p>moge der so späth Nachgekommne<lb/>die Freude der <rs ref="#i867913" type="person"><rs ref="#i868665" type="person">Eltern</rs></rs> in ihren<lb/><rs ref="#i899058" type="object">vorgerückten Jahren</rs> machen Gott<lb/>seegne sie u führe sie auf seine Wege!</p></div><div xml:id="d23412705" corresp="d908937" ><head resp="#editor">Tagebucheintrag<date> XX.XX.1839 </date></head><pb n="25"/><p>1839</p><p>Marz den 7 Am Ende vorigen Monats<lb/><rs ref="#i873950" type="object">verlobte</rs> sich mein Enkel <rs ref="#i867962" type="person">R. Para.<lb/></rs>mit Jf.<rs ref="#i868701" type="person"> J. V.<lb/></rs></p><p>[48] </p><p>M<del>lla</del> Seryni [?] Neustock [unles.]</p><p>Wittwe von Fäsch [unles.]<lb/>Fäsch</p><p>Fr Fäsch Otteni [?] Gürtler.</p><p>Mission</p><p>Bibel Anstalt</p></div>
       </body></text>
   </TEI>
    