<?xml version="1.0"?>
    <?xml-model href="http://www.tei-c.org/release/xml/tei/custom/schema/relaxng/tei_all.rng" type="application/xml" schematypens="http://relaxng.org/ns/structure/1.0"?>    
    <TEI xmlns="http://www.tei-c.org/ns/1.0" xml:id="d897087">
       <teiHeader>
          <fileDesc>
             <titleStmt>
                <title>Heft 16 (1819-1821)
                </title>
                <author>Anna Maria Preiswerk-Iselin</author>
             </titleStmt>
             <publicationStmt>
                <publisher xml:id="editor">Tagebücher Anna Maria Preiswerk-Iselin Projekt</publisher>
                <pubPlace>Basel</pubPlace>
                <date when="2022-03">March 2021</date>
                <availability>
                   <licence notBefore="2022-03-01" target="http://creativecommons.org/licenses/by-sa/4.0/">
                      <p>[...]</p>
                      <p>This work is licensed under a Creative Commons Attribution-ShareAlike 4.0 International License.</p>
                      <p> You are free to: <list>
                            <item> Share — copy and redistribute the material in any medium or format</item>
                            <item> Adapt — remix, transform, and build upon the material</item>
                         </list>
                      </p>
                      <p> Under the following terms: <list>
                            <item> Attribution — You must give appropriate credit, provide a link to the license, and indicate if changes were made. You
                               may do so in any reasonable manner, but not in any way that suggests the licensor endorses you or your use.</item>
                            <item> ShareAlike — If you remix, transform, or build upon the material, you must distribute your contributions under the same
                               license as the original.</item>
                            <item> No additional restrictions — You may not apply legal terms or technological measures that legally restrict others from
                               doing anything the license permits.</item>
                         </list>
                      </p>
                      <p>The licence was added on March first, 2022.</p>
                   </licence>
                </availability>
             </publicationStmt>
             <sourceDesc>
                <msDesc>
                   <msIdentifier>
                      <settlement>Basel</settlement>
                      <repository>Staatsarchiv</repository>
                      <idno>StABS PA 511 304-03-04</idno>
                      <msName>Heft 12 (1815-1816) - Anna Maria Preiswerk-Iselin </msName>
                   </msIdentifier>
                </msDesc>
    <listPerson><person xml:id="i835771"><persName>Dietrich Preiswerk-Bischoff</persName></person><person xml:id="i836927"><persName>Dietrich Preiswerk-Bischoff</persName></person><person xml:id="i835869"><persName>Lux</persName></person><person xml:id="i898798"><persName>Friedrich Philipp Wilmsen</persName></person><person xml:id="i898813"><persName>Walter Scott</persName></person><person xml:id="i898840"><persName>Adam Storck</persName></person><person xml:id="i898878"><persName>Samuel Baur</persName></person><person xml:id="i898905"><persName>János Genersich</persName></person><person xml:id="i869649"><persName>Georg Konrad Horst</persName></person><person xml:id="i867825"><persName>Isaak Iselin-Forcart</persName></person><person xml:id="i899031"><persName>Johann Lorenz von Mosheim</persName></person><person xml:id="i867913"><persName>Maria Helena Hoffmann-Preiswerk</persName></person><person xml:id="i869675"><persName>Johann Paul Friedrich Richter</persName></person><person xml:id="i899177"><persName>Francesco Petrarca</persName></person><person xml:id="i869834"><persName>Johann Georg Müller</persName></person><person xml:id="i899207"><persName>Aurelius von Hippo (Aurelius Augustinus)</persName></person><person xml:id="i899227"><persName>Cicero (Marcu Tulius)</persName></person><person xml:id="i868068"><persName>Sophia Vischer-Preiswerk</persName></person><person xml:id="i836841"><persName>Benedict Vischer-Preiswerk</persName></person><person xml:id="i868031"><persName>Sophia Burckhardt-Vischer</persName></person><person xml:id="i835885"><persName>Anna Maria Preiswerk-Forcart</persName></person><person xml:id="i899279"><persName>Johann Rudolf Forcart-Weiss</persName></person><person xml:id="i899315"><persName>Dietrich Forcart-Merian</persName></person><person xml:id="i899332"><persName>Gertrud Forcart-Merian</persName></person><person xml:id="i836759"><persName>Anna Maria Burckhardt-La Roche-Preiswerk</persName></person><person xml:id="i899364"><persName>Anton von Bucher</persName></person><person xml:id="i899403"><persName>Julius von Voß</persName></person><person xml:id="i899441"><persName>Johann Samuel Bail</persName></person><person xml:id="i899501"><persName>Ann Martin Taylor</persName></person><person xml:id="i899538"><persName>Johann Karl Fürchtegott Schlegel</persName></person><person xml:id="i899565"><persName>Johann Georg Rosenmüller</persName></person><person xml:id="i899602"><persName>Johann Andreas Christian Löhr</persName></person><person xml:id="i899617"><persName>Johann Heinrich Tieftrunk</persName></person></listPerson><listObject><object xml:id="i874141" type="tag"><objectIdentifier><objectName>Gedanken über den Tod</objectName></objectIdentifier></object><object xml:id="i874029" type="tag"><objectIdentifier><objectName>Rückblick</objectName></objectIdentifier></object><object xml:id="i874064" type="tag"><objectIdentifier><objectName>Empfinden</objectName></objectIdentifier></object><object xml:id="i873943" type="tag"><objectIdentifier><objectName>Alter(n)</objectName></objectIdentifier></object><object xml:id="i874077" type="tag"><objectIdentifier><objectName>Tätigkeiten</objectName></objectIdentifier></object><object xml:id="i898746" type="tag"><objectIdentifier><objectName>Schmerz/Krankheit Familie</objectName></objectIdentifier></object><object xml:id="i873825" type="tag"><objectIdentifier><objectName>Altersgebrechen</objectName></objectIdentifier></object><object xml:id="i873845" type="tag"><objectIdentifier><objectName>Krankheit</objectName></objectIdentifier></object><object xml:id="i874486" type="tag"><objectIdentifier><objectName>Gedanken zur Ehe</objectName></objectIdentifier></object><object xml:id="i873873" type="tag"><objectIdentifier><objectName>Tod Kinder</objectName></objectIdentifier></object><object xml:id="i873990" type="tag"><objectIdentifier><objectName>Selbstreflexion</objectName></objectIdentifier></object><object xml:id="i874090" type="tag"><objectIdentifier><objectName>Personenbeschreibung</objectName></objectIdentifier></object><object xml:id="i873929" type="tag"><objectIdentifier><objectName>Trauer</objectName></objectIdentifier></object><object xml:id="i873922" type="tag"><objectIdentifier><objectName>Religion</objectName></objectIdentifier></object><object xml:id="i898776" type="book_etc"><objectIdentifier><objectName>Rauschenbusch: Idaline, oder das Fest der Einkleidung in der Abtey zu Heiligensee, 1818.</objectName></objectIdentifier></object><object xml:id="i898787" type="book_etc"><objectIdentifier><objectName>Wilmsen: (Euphrosyne oder) Deutsches Lesebuch zur Bildung des Geistes und Herzhens für die Schule und das Haus,1819.</objectName></objectIdentifier></object><object xml:id="i898856" type="book_etc"><objectIdentifier><objectName>Wilmsen: Eugenia. Oder: das Leben des Glaubens und der Liebe, 1819.</objectName></objectIdentifier></object><object xml:id="i898867" type="book_etc"><objectIdentifier><objectName>Baur: Denkwürdigkeiten aus der Menschen=, Voelker= und Sittengeschichte alter und neuer Zeit, 1819.</objectName></objectIdentifier></object><object xml:id="i898894" type="book_etc"><objectIdentifier><objectName>Genersich: Cornelia für reifende Mädchen, 1819.</objectName></objectIdentifier></object><object xml:id="i898921" type="book_etc"><objectIdentifier><objectName>Horst: Dämonomagie, 1818.</objectName></objectIdentifier></object><object xml:id="i910686" type="tag"><objectIdentifier><objectName>Sorgen</objectName></objectIdentifier></object><object xml:id="i873901" type="tag"><objectIdentifier><objectName>Trennung</objectName></objectIdentifier></object><object xml:id="i898951" type="tag"><objectIdentifier><objectName>Datierung Anna Maria Preiswerk-Iselin</objectName></objectIdentifier></object><object xml:id="i874436" type="tag"><objectIdentifier><objectName>Über das weibliche Geschlecht</objectName></objectIdentifier></object><object xml:id="i874235" type="tag"><objectIdentifier><objectName>Ausbildung</objectName></objectIdentifier></object><object xml:id="i873936" type="tag"><objectIdentifier><objectName>Philosophie</objectName></objectIdentifier></object><object xml:id="i898969" type="book_etc"><objectIdentifier><objectName>Park: Reisen im Innern von Afrika, 1799.</objectName></objectIdentifier></object><object xml:id="i898980" type="book_etc"><objectIdentifier><objectName>Florello: Theomela, 1817.</objectName></objectIdentifier></object><object xml:id="i873838" type="tag"><objectIdentifier><objectName>Unbekannte Person</objectName></objectIdentifier></object><object xml:id="i874895" type="tag"><objectIdentifier><objectName>Mädchenschule?</objectName></objectIdentifier></object><object xml:id="i873852" type="tag"><objectIdentifier><objectName>Brief</objectName></objectIdentifier></object><object xml:id="i922909" type="tag"><objectIdentifier><objectName>Ruhe</objectName></objectIdentifier></object><object xml:id="i873964" type="tag"><objectIdentifier><objectName>Selbstkritik</objectName></objectIdentifier></object><object xml:id="i899009" type="tag"><objectIdentifier><objectName>Wunsch</objectName></objectIdentifier></object><object xml:id="i899020" type="tag"><objectIdentifier><objectName>StABS, PA 511a 304-03-10</objectName></objectIdentifier></object><object xml:id="i873159" type="tag"><objectIdentifier><objectName>Ortserwähnung</objectName></objectIdentifier></object><object xml:id="i899046" type="book_etc"><objectIdentifier><objectName>Mosheim: Erzählung der neuesten Chinesischen Kirchengeschichte, 1748.</objectName></objectIdentifier></object><object xml:id="i899058" type="tag"><objectIdentifier><objectName>Alter(n) anderer Personen</objectName></objectIdentifier></object><object xml:id="i873859" type="tag"><objectIdentifier><objectName>Ratschlag an die Kinder</objectName></objectIdentifier></object><object xml:id="i874045" type="tag"><objectIdentifier><objectName>Gedanken zur Erziehung</objectName></objectIdentifier></object><object xml:id="i899135" type="tag"><objectIdentifier><objectName>StABS PA 511a 604-20-13</objectName></objectIdentifier></object><object xml:id="i873831" type="tag"><objectIdentifier><objectName>Selbstzeugnis schreiben</objectName></objectIdentifier></object><object xml:id="i873887" type="tag"><objectIdentifier><objectName>Tod</objectName></objectIdentifier></object><object xml:id="i922997" type="tag"><objectIdentifier><objectName>Wehmut</objectName></objectIdentifier></object><object xml:id="i922763" type="tag"><objectIdentifier><objectName>Wohlbefinden</objectName></objectIdentifier></object><object xml:id="i874148" type="tag"><objectIdentifier><objectName>Besuch</objectName></objectIdentifier></object><object xml:id="i899194" type="book_etc"><objectIdentifier><objectName>Müller: Bekenntnisse merkwürdiger Männer von sich selbst.</objectName></objectIdentifier></object><object xml:id="i922800" type="tag"><objectIdentifier><objectName>Einsamkeit</objectName></objectIdentifier></object><object xml:id="i875143" type="tag"><objectIdentifier><objectName>Stadt-Land</objectName></objectIdentifier></object><object xml:id="i899255" type="tag"><objectIdentifier><objectName>Schwangerschaft</objectName></objectIdentifier></object><object xml:id="i873908" type="tag"><objectIdentifier><objectName>Geschäfte</objectName></objectIdentifier></object><object xml:id="i899265" type="tag"><objectIdentifier><objectName>Umzug</objectName></objectIdentifier></object><object xml:id="i873915" type="tag"><objectIdentifier><objectName>Haushalt</objectName></objectIdentifier></object><object xml:id="i899353" type="book_etc"><objectIdentifier><objectName>Horst: Andachtsbuch für die gebildete Jugend, 1818.</objectName></objectIdentifier></object><object xml:id="i899380" type="book_etc"><objectIdentifier><objectName>Klessing, Bucher’s sämmtliche Werke, 1819–1820.</objectName></objectIdentifier></object><object xml:id="i899391" type="book_etc"><objectIdentifier><objectName>Genersich: Weltgeschichte für gebildete Frauenzimmer, 1817.</objectName></objectIdentifier></object><object xml:id="i899419" type="book_etc"><objectIdentifier><objectName>Voß: Der Vortrag oder so gelangt die Wahrheit zum Thron, 1819.</objectName></objectIdentifier></object><object xml:id="i899430" type="book_etc"><objectIdentifier><objectName>Voß: Der Einsiedler von Canossa, 1818.</objectName></objectIdentifier></object><object xml:id="i899455" type="book_etc"><objectIdentifier><objectName> Bail: Unterhaltungen für nachdenkende Christen, 1818–1819</objectName></objectIdentifier></object><object xml:id="i899466" type="book_etc"><objectIdentifier><objectName>Vater: Jahrbuch der häuslichen Andacht, 1820.</objectName></objectIdentifier></object><object xml:id="i899477" type="book_etc"><objectIdentifier><objectName>Sturm: Unterhaltungen mit Gott in den Morgenstunden, 1768.</objectName></objectIdentifier></object><object xml:id="i899516" type="book_etc"><objectIdentifier><objectName>Taylor: Winke für Jungfrauen und Frauen, 1819.</objectName></objectIdentifier></object><object xml:id="i899527" type="book_etc"><objectIdentifier><objectName>Harmes: Emilie, oder die Macht wahrer edler Weiblichkeit, 1819.</objectName></objectIdentifier></object><object xml:id="i899554" type="book_etc"><objectIdentifier><objectName>Schlegel: Ueber den Geist der Religiosität, 1819.</objectName></objectIdentifier></object><object xml:id="i899580" type="book_etc"><objectIdentifier><objectName>Rosenmüller: Morgen= und Abend=Andachten, 1820.</objectName></objectIdentifier></object><object xml:id="i899591" type="book_etc"><objectIdentifier><objectName>Löhr: Das erste Gebet= und Andachtsbüchlein der Kindheit, 1820.</objectName></objectIdentifier></object><object xml:id="i899631" type="book_etc"><objectIdentifier><objectName>Tieftrunk: Das Weltall nach Menschlicher Ansicht, 1821.</objectName></objectIdentifier></object></listObject>
    </sourceDesc>
      </fileDesc>
      <profileDesc>
         <textClass>
            <!-- vérifier !!! -->
            <catRef scheme="#genre" target="#journal"/>
         </textClass>
         <langUsage>
            <language ident="de">Deutsch</language>
         </langUsage>
      </profileDesc>
   </teiHeader>
       <text><body><div xml:id="d23405377" corresp="d897097" ><head resp="#editor">Tagebucheintrag<date> 11.07.1819 </date></head><pb n="1"/><p> </p><p>1819 7 11<lb/><rs ref="#i874029" type="object">Eine schwere Zeit</rs> hat das Schicksal über mich<lb/>verhängt, warum mußte ich schon so vielen<lb/>harten <rs ref="#i874064" type="object">Leiden</rs>, dem <rs ref="#i874141" type="object">Verlurst</rs> so mancher derer die<lb/>mir theuer waren, ihre Leiden, und so manchen<lb/><supplied>andern</supplied> Herz durchschneidenden Kummer überleben,<lb/>nicht <rs ref="#i873943" type="object">um das Ende meiner Tage</rs> in Ruhe u unge-<lb/>störter <rs ref="#i874077" type="object">Thätigkeit</rs> zuzubringen, nein, um durch<lb/>das <rs ref="#i898746" type="object">Leiden der meinigen</rs> aufs neue gekümmert<lb/>und zermalmt zu werden? Warum nimmt der<lb/>Himmel nicht <del>mich</del>, deren <rs ref="#i873825" type="object">Kräfte täglich mehr hinschwinden<lb/></rs>u die wenig mehr wirken wird, von dieser Erde<lb/>weg u läßt den kraftvollen <rs ref="#i835771" type="person">Sohn</rs> bald <rs ref="#i873845" type="object">genesen</rs>?<lb/>Bin ich <rs ref="#i874141" type="object">noch nicht reif zu Ernde</rs> [sic]!<lb/>Doch sollte ich gegen dich o gütigster weisester<lb/>Vater murren ich weis ja daß unsre schwache<lb/>Einsicht, deine Wege u Führungen nicht beurtheilen<lb/>kann von deiner Güte überzeugt sage ich, dein<lb/>Wille geschehe! Meine Wehmuth meine Klagen</p><pb n="2"/><p> </p><p>verzeihest du der du mein mütterliches zur<lb/>Zärtlichkeit zur Theilnahme geschaffen, verleihe<lb/>mir die Stärke immer mit Ergebung sagen zu<lb/>können, dein Wille geschehe!<lb/> </p><p>Es ist eine unergründliche, bewunderungswürdige<lb/>Thätigkeit, ein Werden, u Zergehn zu neuem<lb/>Werden ein Anziehen u Zurückstoßen ein ewig<lb/>neues Schaffen, Ursachen u Wirkungen in der kör-<lb/>perlichen Weld, welche der menschliche Verstand<lb/>nur oberflächlich sieht, sie anstaund und in Bewunder-<lb/>ung stille anbeten muß. Sollte nicht in der<lb/>moralischen geistigen Weld eine ähnliche Wirksam-<lb/>keit statthaben! Eine Vorhersehung die auf ewig<lb/>von Gott bestimmten Gesetzen unwandelbar ruht<lb/>wo jeder gute Gedanke neue gute Gedanken, jeder<lb/>Funke reiner Liebe neue Liebe erzeugt: wo jeder<lb/>böse Gedanke, jeder Funke von Haß u Neid die</p><pb n="5"/><p> </p><p>Unrecht thun, am wenigste einem, der meinem<lb/>lieben nun Abgeschiednen, theuer war: ich vergebe<lb/><rs ref="#i874486" type="object">ihm von Herzen alles Leiden was ich durch ihn<lb/></rs>erduldet; Gott allein weis wie manichfach und<lb/>hart es für mich zu tragen war!<lb/>Ein hartes Opfer hat Gott, von mir gefodert, mein<lb/>armes, schon mit so vielen Wunden belastetet<lb/>Herz, tief, sehr tief verwundet. Aber ein stiller<lb/>Trost bleibt mir, daß Gott mein Herz u mein Wille<lb/>prüft, u daß auch die so mir theuer waren und<lb/>sind, wo nicht schon hier, doch gewiß jenseits erkennen<lb/>werden, was sie oft miskannten, daß ich von<lb/>ganzer Seele nur an ihrem wahren Wohl arbeitete<lb/>so viel mir Gott Kräfte verlieh. Mein einziges<lb/>Streben mein einziges Gebet zu Gott sey: laß es<lb/>nur denen wohlgehn die du mir nache gebracht,<lb/>führe mich und sie durch Leiden u Trübsale aber führ<lb/>uns ganz zu dir hin u laß uns dich ganz erkennen!</p></div><div xml:id="d23405378" corresp="d897105" ><head resp="#editor"><date> 05.09.1819 </date></head><pb n="6"/><p> </p><p>1819 9 5<lb/>Hat der Himmel mir so empfindliche Leiden u schweren<lb/>Kummer mir zugeschickt um mich in dieser Schule<lb/>zu <rs ref="#i873990" type="object">prüfen u zu bessern</rs>, od sind es Folgen meiner<lb/>Vergehn u Straffen derselben? Doch das Letztere<lb/>hoffe ich nicht fürchten zu dürfen: zwar ist vor Gott<lb/>kein Mensch gerecht, allso auch ich nicht: aber zu<lb/>seiner Güte darf ich hoffen daß er mir die<lb/>Fehler so ich unvorsetzlich begangen, <supplied>habe</supplied> vergeben<lb/>haben werde! Je mehr ich über die <rs ref="#i898746" type="object">Schicksale<lb/></rs>der Menschen besonders meiner eignen <rs ref="#i874029" type="object">nachdenke<lb/></rs>je mehr glaube ich daß wir unsere Urtheile über<lb/>Glück u Unglück über Schuld u nicht Schuld sehr<lb/>zurück halten müssen – sie sehr wenig beurtheilen<lb/>können. Eine Verwicklung von Umständen<lb/>können einen Menschen in Verbindung mit Andern<lb/>bringen deren Schicksal er mit tragen muß</p><pb n="7"/><p> </p><p>es können harte Unglücksfälle ihn treffen<lb/>die sein Herz tief verwunden, ihm auf einige<lb/>Zeit alles Irdische als Trug u Blendwerk zum<lb/>Eckel machen; aber dagegen wird seine Seele<lb/>sich mehr zu Gott, zum Unsichtbaren, zu seiner<lb/>Vervollkomnung hinwenden, u so kann ihm das<lb/>Wohlthat werden was Andere als Folge ihrer<lb/>Fehler als die größten Übel ansehn, ja zuweilen<lb/>gar in Verzweiflung stürzen!<lb/>Mir scheint kein Loos könne schmerzlicher seyn<lb/>als das so mich betroffen: von 2 Söhnen die mir so<lb/>nache am Herzen lagen für deren Erziechung ich all <lb/>meine Kräfte aufboth, deren vorzügliche Geistes-<lb/>gaben mich erfreuten, aber deren heftige ererbte<lb/><rs ref="#i874090" type="object">Gemüthesart</rs> eine Quelle von Kumer u Leiden für<lb/>mich war, <rs ref="#i873873" type="object">stirbt</rs> mir der <rs ref="#i836927" type="person">eine</rs> in der Blüthe</p><pb n="8"/><p> </p><p>der Jahr an den Folgen zu tief geschlagner<lb/><rs ref="#i873845" type="object">Wunde</rs> u unbezwungnem Schmerz, in den<lb/>jämerlichsten langen Leiden, weg!<lb/>Der <rs ref="#i835869" type="person">Andere</rs> beträgt sich theilnehmend wohlwollend<lb/>u nimt die Geschäfte seines Bruders zum Vortheil<lb/>dessen Familie, ganz über sich: dadurch verstärkt<lb/>er meine Liebe zu ihm u macht mir ihn noch<lb/>theurer. Aber ach dieser arme Sohn ist in<lb/>Verhältnissen die sein<supplied>e</supplied> Wohlseyn seine Ruhe<lb/>u Gesundheit zerstören! Ich sehe ihn leidend<lb/>abgehärmt freudenleer: wie muß mein Herz<lb/>dabei <rs ref="#i873929" type="object">bluten</rs>!</p></div><div xml:id="d23405379" corresp="d897118" ><head resp="#editor"><date> 20.11.1819 </date></head><pb n="8"/><p>19 11 20<lb/>Zeige mir <rs ref="#i873922" type="object">Gott</rs> die Wege auf welchen ich den<lb/>mit <rs ref="#i873929" type="object">Kummer</rs> erfüllten <rs ref="#i874141" type="object">Rest meines Lebens</rs> würdig<lb/>u Schuldlos, u nützlich zum Wohl der Meinen</p><pb n="9"/><p> </p><p>noch zubringen kan; laß mich das so deine<lb/>Güte mir verliehen in Demuth u auf christliche<lb/>Weise geniesen, als ein weiser Haushalter<lb/>deiner Gaben! Durch langes Leiden, durch<lb/>mancherlei Schmerz gedrückt, kann nur die Hoffnung<lb/>zu Gott mich halten u stärken. Auf eines hoffte<lb/>ich noch immer! – Auf die Liebe der Meinigen,<lb/>aber wie gebrechlich, wie verwickelt ist alles<lb/>Menschliche! – Wie oft bringt Misverstand<lb/>uns beim reinsten Willen bei der innigsten<lb/>Liebe, nur Kummer u <rs ref="#i910686" type="object">Sorge</rs>!!<lb/>In Liebevollen Familien Verhältnissen mein Leben<lb/>zuzubringen u so am Abend des Lebens noch Liebe<lb/>zu geben u Liebe freudig zu empfangen, war mein<lb/>Wunsch: doch die Verhältnisse gestatten mirs nicht, es<lb/>schmerzt mich wohl sehr: doch ziehe dich in dich selbst<lb/>zurück, noch von der Weld nie befriedigtes Herz: höre<lb/><rs ref="#i873990" type="object">nicht auf zu lieben, zu vergeben, zu vergeßen</rs>!</p><pb n="10"/><p> </p><p>Thue gegen die Deinen was du kannst: halte fest<lb/>an Gott u erwarte nur von ihm Hilfe; es mag noch<lb/>so Hartes über dich kommen, mit Vertrauen und Liebe<lb/>läßt sich alles ertragen! Sollst du nicht mehr<lb/>unter den Menschen wirken können, so ziehe dich in die<lb/>Stille zurück, aber verliere nie die Hoffnung, nie den<lb/>Willen dazu: arbeite an deiner eignen Besserung u<lb/>dadurch kannst du doch vieleicht auch noch Andern<lb/>nützlich werden. Erlaube dir nie keine Klage als<lb/>wo es für dein u Andrer Wohl noth thut das unrecht<lb/>zu rügen. Sei im Stillen freudig zu Gott, so wird<lb/>deine Freudigkeit eine Sp[r]ache werden die in Andrer<lb/>Herzen leuchtet u Ruhe darein giessen kann!</p><pb n="12"/><p> </p><p>Allgeme Zeitung sehr gepriesen<lb/>Idalien. od das <rs ref="#i898776" type="book_etc">Fest der Einkleidung</rs>. 2 Rthl<lb/><rs ref="#i898787" type="book_etc">Euphrosine</rs>. die Schule u das Haus. <lb/>von <rs ref="#i898798" type="person">Wilmsen</rs>.<lb/>Das Fäulein vom See. Ein Gedicht von <rs ref="#i898813" type="person">Walther Scott</rs>.<lb/>Übersetzt von <rs ref="#i898840" type="person">Adam Starck</rs>. 1 Rthl 12 gro<lb/><rs ref="#i898856" type="book_etc">Eugenie od das Leben des Glaubens u d Liebe<lb/></rs>Von Wilmsen. 1 Thl 18 gr<lb/><rs ref="#i898867" type="book_etc">Menschen, Völker u Sittengemälde</rs>. von <rs ref="#i898878" type="person">Sam Bauer<lb/><rs ref="#i898894" type="book_etc"></rs>Cornelia,</rs> für reifende Mädchen. Von Prof <rs ref="#i898905" type="person">Genersich<lb/></rs>Ich habe nicht Zeit genug sie ganz zu durchgehn doch scheint mir<lb/>nichts als gewöhliches nichts kräftiges<lb/><rs ref="#i898921" type="book_etc">Dämonomagie</rs> von <rs ref="#i869649" type="person">Georg Conrad Horst<lb/></rs></p></div><div xml:id="d23405380" corresp="d897126" ><head resp="#editor"><date> 28.11.1819 </date></head><pb n="13"/><p> </p><p>1819 11 28<lb/>Ein <rs ref="#i898746" type="object">hartes Schicksal</rs> drückt meine Seele darnieder,<lb/>ich fühle zwar daß obschon mein <rs ref="#i873943" type="object">Körper leidet<lb/></rs>durch das <rs ref="#i873929" type="object">bluten des Mutterherzen</rs>, so steht Gott<lb/>meinem Geiste bei: ich darf hoffen fest hoffen, nur<lb/>für diese Weld hätte ich den <rs ref="#i873873" type="object">Theuren</rs> verloren!<lb/>Nicht auch ganz für hier, ist er für mich, für die<lb/>Seinen verloren: sein Andenken umschwebe mich,<lb/>und sie, schon verklärt hienieden, ziehe uns ab vom<lb/>Vergänglichen hin zu dem <rs ref="#i874141" type="object">Unvergänglichen</rs> wo<lb/>allein Ruhe u Friede wohnt! Gott verleihe mir<lb/>Kraft, so lang ich noch hienieden walle, das bei<lb/>den Kindern des [<rs ref="#i835869" type="person">unles.</rs>] bewirken zu können!</p></div><div xml:id="d23405381" corresp="d897134" ><head resp="#editor"><date> 31.12.1819 </date></head><pb n="13"/><p>Mit <rs ref="#i898746" type="object">drückenden Leiden</rs> ist<rs ref="#i874029" type="object"> dies Jahr </rs>mir<lb/>hinüber gegangen und am Ende desselben stehe<lb/>ich hart gedrückt vor dir o Gott! der du allein<lb/>die größe meiner Leiden kennest! Schmerzlich<lb/>ist es Kinder die man liebt von sich <rs ref="#i873901" type="object">getrennt<lb/></rs>zu sehn aber noch schmerzlicher, ja tief drückend,<lb/>sie unglücklich, zum Theil durch eigne Schuld unglück-</p><pb n="14"/><p> </p><p>lich zu wissen. Nichts kann mich trösten als die<lb/>Hoffnung daß Gott das Unglück über meinen<lb/><rs ref="#i835869" type="person">Sohn</rs> schickt um ihn<rs ref="#i874090" type="object"> seine Fehler einsehn zu lassen<lb/></rs>möge das geschehn! Es ist schwer, sehr schwer<lb/>denn angebohren, ererbt u seinem Wesen<lb/>ganz eigen sind sie: wie hat der Arme<lb/>es verschuldet!</p><pb n="15"/><p> </p><p>Wir sind alle Zöglinge od Opfer (meist<lb/>beides zusammen) unsrer jüngst vergangnen<lb/>vernünftlenden, witzlenden, glaubensleeren Zeit.<lb/>O möchte doch ein neues Licht bei uns <supplied>einkehren</supplied> <del>aufleben</del><lb/>möchte kindlicher Sinn, Glauben, Hoffnung u<lb/>Liebe wieder unter uns einkehren!<lb/>Möchte nur im Stillen hie u da ein fromes<lb/>Herz sich ihnen aufschließen; durch das schöne<lb/>Beispiel von Seelenruhe Gottergebung, Demuth<lb/>und Bruderliebe andere zur Nachahmung u<lb/>Begeisterung!</p></div><div xml:id="d23405382" corresp="d897142" ><head resp="#editor"><date> 29.01.1820 </date></head><pb n="15"/><p>1820 1 29<lb/><rs ref="#i874029" type="object">Heute sind es 40 Jahre </rs>daß ich nach harten<lb/>Schmerz u schönen Hoffnungen meinen ältern<lb/><rs ref="#i835771" type="person">Sohn</rs> zum ersten Mal an mein Herz drückte.<lb/>Beinahe 40 Jahre war er der Gegenstand meiner<lb/>Sorgen, meiner Hoffnungen auch meiner Freuden<lb/>Vor 6 Monaten nahm ein hartes Schicksal ihn wieder</p><pb n="16"/><p> </p><p>von meiner Seite, aber nicht aus meinem Herzen<lb/>hart ergreift mich der Gedanke an die Leiden<lb/>die der Arme <supplied>so</supplied> lange so unaussprechlich lit: wäre<lb/>nicht mein Glaube an die Weisheit der Vorsehung<lb/>so fest gewesen, ich wäre vor Schmerz ver-<lb/>zweifelt. Aber die Hoffnung daß der nun<lb/>Erlößte, von Gott dort wie hier zur höchren<lb/>Bestimmung führen wird, daß ich ihn vereint<lb/>mit denen die meinem Herzen schon früher<lb/>entrissen worden,<rs ref="#i874141" type="object"> in Kurzem wieder finden<lb/></rs>werde, daß wir dan erst uns rein kennen<lb/>heilger lieben werden. Sollte ich nicht in<lb/>Demuth Gott für all die Freuden danken die<lb/>ich so lange genoßen, seine Gnade u Güte<lb/>über meine aus Unwißenheit begangnen Fehler<lb/>anflehn. Möchte mir Gott die Kraft verleihn<lb/>noch meinen Enkeln nützlich ein Beispiel der<lb/>ruhigen Ergebung in den Willen Gottes <supplied>der</supplied><lb/>der Freude in Gott seyn!</p></div><div xml:id="d23405383" corresp="d897150" ><head resp="#editor"><date> 18.12.1819 </date></head><p>[18. Dezember 1819<rs ref="#i898951" type="object">]<lb/></rs></p><pb n="17"/><p> </p><p>1819 12 18<lb/> „<rs ref="#i898776" type="book_etc">Idaline</rs> od. das Fest der Einkleidung <lb/>in der Abtei zu Heiligensee.“<lb/>Ich finde ausserordentlich viel Wahres u Treffen-<lb/>des in diesem Werkchen; obwohl es kein eigentliches<lb/>Kunstprodukt ist, so enthält es doch so viele u<lb/>tiefe Kenntnisse des <rs ref="#i874436" type="object">weiblichen Herzens</rs> u seinen<lb/>Bedürfnissen, so viel Geist wahrer Frömmigkeit<lb/>daß es Allen welchen an Reinigung ihres<lb/>Herzens u Hinstreben zur wahren Frömmigkeit<lb/>zu thun ist, u denen so mit <rs ref="#i874235" type="object">Bildung</rs> der weibl. Jugend<lb/>sich abgeben von großem Nutzen seyn muß.<lb/>Seite 25. der Gedanke die Mädchen viel schreiben<lb/>u wenig lesen zu lassen ist trefflich<lb/>- 27.  Erlernung der lateinischen Sprache kann auch, <lb/>so sonderbar das auffält, viel zur Bildung eines <lb/>ernsten u festen Charakters beitragen <lb/>- 29.  „Man muß das Leben kennen um zu wissen wie<lb/>man leben soll. Kurz, Herzensbildung ohne<lb/>Geistesbildung giebt es nicht.“</p><pb n="18"/><p> </p><p>Seite 29. Der Gedanke daß die Mädchen alles<lb/>was zur Verschönerung ihrer Zimmer u <lb/>für ihre ausserordentlichen Ausgaben nothig haben <lb/>sich durch Fleiß u Geschicklichkeit selbst anschaffen <lb/>müssen, gefällt mir sehr wohl.<lb/>- 75. „Sie (Eugenien) sah den Ort wo die Kinder den <lb/>Verhältnissen entrissen waren, wodurch sie <lb/>in der Weld eben so viel zur Eitelkeit als zur<lb/>Geistesträgheit geführt werden.“<lb/>- 76, 77. Vortheile sie mit Gartenarbeiten zu beschäftigen <lb/>sehr wahr „Wir haben nur dan an der Natur <lb/>Freude wenn wir sie bearbeiten, wenn sie <lb/>unter unsern Handen eine Gestalt gewinnt <lb/>wenn wir sie erziehn helfen, den was ist ein <lb/>weibliches Wesen wenn es nicht erziehn kann, entweder <lb/>Gottes Menschenkinder od Gottes Pflanzenkinder, am besten <lb/>beide zugleich.[“]<lb/>97–99. Als Fr von L. zauderte Benedickten von ihren ehemaligen <lb/>Freuden auf einer Schweizerreise zu erinnern antwortet <lb/>sie „Warum nicht, hier ist Gott, u dort war Gott, in dem</p><pb n="19"/><p> </p><p>brausenden Waßersturz u den Kräutern jener <lb/>Felsen. Dem Reinen ist alles rein; möchten wir<lb/>nur immer rein seyn in der Weld, wie Vieles könnten <lb/>wir dan geniesen![“] Noch manches Schöne folgt<lb/>110) „Die wahre Religion geht aus Ceremonien nicht hervor, <lb/>das Herz muß rein werden dan erst kann der <lb/>Mensch die Gottheit schauen. Ein unreines Herz<lb/>kann die hoche Bedeutung vieler Gebräuche nicht <lb/>faßen und der Mensch muß auf andern Wegen <lb/>zum Erkennen der Gottheit gebracht werden. <lb/>Dulden u Wirken sind diese Wege, das <lb/>Leben in der Weld muß Liebe u Ernst einflößen,<lb/>wo diese sind da geht dem Menschen ein Licht <lb/>bei den Gebräuchen auf. – U das Viele was <lb/>er im Leben gesammelt vereint sich in ihm. <lb/>Bewahre ich meine Seele ja dan ist unser Tempel <lb/>reich für mich[“]<lb/>165 „Wie glücklich daß meine Mutter es mir möglich <lb/>gemacht mich im mechanischen Leben leicht zu bewegen</p><pb n="20"/><p> </p><p>Wie glücklich der Mensch, der dan noch wirken <lb/>kann, wenn er unfähig geworden ist die ganze <lb/>Kraft seines Geistes auf etwas zu richten. <lb/>So ordnete ich den Haushalt, Gegenstände <lb/>die nicht zu dem hinführten was mich verwundet<lb/>hätte.[“]<lb/>Seite 190 „Es muß ein gewißer Mechanismus im Leben <lb/>sein, sagte Jd. Der Mensch muß sich durch irgend <lb/>etwas selbst binden, wir können nicht immer <lb/>in den Höchen verweilen die des Geistes Heimath <lb/>sind; wohl uns wenn die Zeit die dem niedern Elemente <lb/>gehört damit ausgefüllt wird Andern den <lb/>dereinstigen Aufschwung zu erleichtern.[“]<lb/>200-214. Entstehung der Abtei. Geeignet Mädchen <lb/>zu Erhebung ihres Gefühls vorzulesen.<lb/>236. „Aber es war mir als ob man dort (in protestantischen <lb/>Ländern) des Lebens Ungemach kräftiger trüge, <lb/>der freundlichen Natur selbst entgegen gienge, wo wir <lb/>die Heiligen wirken lassen, u in dem man die Bilder</p><pb n="21"/><p> </p><p>des Hohen in sich selbst erzeugt, auch ihrer mehr <lb/>froh werde. Geduldiger gieng ich durch katholische, <lb/>hoffender, wagender durch protestantische Länder.[“]<lb/>274 [„]Die Häuser u das Familienleben sind die wahren <lb/>Tempel u die wahre Verehrung Gottes. Da kan <lb/>die Stunde abgewartet werden wo sich etwas <lb/>Hoches mit dem Herzen vermählen soll u das <lb/>Gute kann gepflegt werden – dan giebt das <lb/>Leben selbst dem Menschen seine Religion, die <lb/>auf dem Boden selbst entsproßen ist u von seiner <lb/>Lebenssonne genährt wird.[“]</p></div><div xml:id="d23405384" corresp="d897158" ><head resp="#editor"><date> 10.02.1820 </date></head><pb n="22"/><p> </p><p>182 2 0<lb/>Es ist eine anerkannte <rs ref="#i873936" type="object">Wahrheit</rs>, daß<lb/>es für den Menschen kein erhabneres Schau-<lb/>spiel gebe als ein tugendhafter Mensch der<lb/>mit dem Unglück ringt. – Und doch kann<lb/>es uns oft schwer auffallen daß Gott das <lb/>Böse in der Weld zuläßt! Welch ein Wieder-<lb/>spruch! O <rs ref="#i873922" type="object">Gott</rs> wie kurzsichtig sind wir<lb/>arme Menschen, wie erhaben deine Weisheit<lb/>von welcher dem reinen Herzen doch zuweilen<lb/>ein Strahl zufließt!</p></div><div xml:id="d23405385" corresp="d897166" ><head resp="#editor"><date> XX.02.1820 </date></head><pb n="22"/><p>1820 2<lb/>Nach Durchlesung des<rs ref="#i873922" type="object"> Evang Johannes <lb/></rs>Christi Geist.<lb/>Was Christus Geist wohl sey? Ist er was anders <lb/>als das tiefste Gefühl inwohnender Gottheit<lb/>die ihr Euch Christen nennt, fragt euch ob ähnliches <lb/>ihr fühlt!</p></div><div xml:id="d23405386" corresp="d897174" ><head resp="#editor">Tagebucheintrag<date> 08.02.1820 </date></head><p>[08. Februar 1820<rs ref="#i898951" type="object">]<lb/></rs></p><pb n="23"/><p> </p><p>1820 2 8<lb/><rs ref="#i898969" type="book_etc">Mungo Parks Reisen</rs>.<lb/>„Es ist merkwürdig daß der Afrikaner<lb/>eher Schläge vergiebt als ein Schimpfwort auf<lb/>seine Voreltern „Schlagt mich, aber schimpft<lb/>meine Mutter nicht“ ist ein gewöhnlicher Ausdruck<lb/>bei den Sklaven.“<lb/> </p><p> „<rs ref="#i898980" type="book_etc">Der Tempel Gottes<lb/></rs>Nicht der Himmel vermags, und nicht der <lb/>Himel Himmel,<lb/>Gott zu faßen, und doch fast ihn in Demuth <lb/>das Herz[“]<lb/> </p><p> „Gott u Vorsehung<lb/>Vorsicht leugnet u Gott die Vernunft mit <lb/>zweiflender Kühnheit;<lb/>Kühner u schöner vertraut beiden ein<lb/>zärtliches Herz. [“]</p><pb n="24"/><p> </p><p>[„]Vernunft u Glaube<lb/>Nur das Dunckel der Nacht enthüllt uns<lb/>die höchern Welten, <lb/>Blendendes Sonnenlicht deckt sie mit<lb/>nichtiger Luft<lb/>Allso Vernunft, die Erderleuchterin hellet <lb/>die Nächte,<lb/>Aber verbirgt uns das Land, welches dem <lb/>Glauben nur strahlt. [“]<lb/> </p><p>[„]Weg zum Göttlichen<lb/>Licht u Leben und Liebe drei Strahlen <lb/>göttlichen Ursprungs:<lb/>Ihnen mit heiligem Sinn folge zum Ursprung <lb/>hinauf[“]<lb/> </p><p>[„]Sonne u Sonnenstrahl.<lb/>Gott ist die Sonne, ich kaum ein Strälchen <lb/>seines Lichtes<lb/>Trenn ich von ihm mich ab, bin ich ein finsteres<lb/>Nichts[“]</p><p> [25]<lb/> </p><p>Ohne durch etwas anders als innige<lb/>Theilnahme, so mein Herz an jedem Leidenden<lb/>Menschen nimt, beruffen zu seyn; fühle ich <del>mich</del> gedrungen<lb/><rs ref="#i873838" type="object">Ihnen</rs> erstens meine Theilnahme zu bezeugen<lb/>u dan wo möglich Ihnen ein Mittel anzuweisen<lb/>durch welches Sie auf eine edle Art Ihren<lb/>Schmerz lindern, u ich will nicht sagen, Ihre Beleidigung<lb/>rechen; aber doch der Weld wieder zeigen können<lb/>daß Sie edel genug denken um Aufopferungen<lb/>zu ertragen u weise genug um von dem<lb/>was die Vorsehung Ihnen beschert, einen<lb/>für die Menschheit wohlthätigen Gebrauch zu<lb/>machen.  Ich zweifle zwar nicht daß Sie<lb/>durch die Theilnahme ihrer Verwandte u Freunde<lb/>besonders aber durch die Tröstungen <supplied>der</supplied><lb/>der Religion die alleinfähig ist uns alle</p><pb n="26"/><p>Misgeschicke dieses Lebens mit Demuth er-<lb/>dulden zu machen, gestärkt u getröstet<lb/>seyen, <supplied>so</supplied> glaube aber doch daß Sie durch<lb/>Annahme meines Vorschlags, der einzig<lb/>u allein aus religiösen Grundsätzen<lb/>hergeleitet ist, sie sich in eine Lage<lb/>versetzen würden die Ihrem edlen<lb/>Herzen und Ihren wohlwollenden Einsichten<lb/>einen edlen Wirkungskreis u die schönste<lb/>Befriedig anweisen würde.<lb/>Ich möchte Ihnen nemlich den Vorschlag thun<lb/>mit Ihren Einsichten u mit dem was Sie<lb/>von Ihrem Vermögen entübrigen könnten<lb/>eine<rs ref="#i874895" type="object"> Anstalt zur Erziechung <del>armer</del> junger<lb/>Mädchen zu stiften</rs>, welches unter der Leitung<lb/>einiger mit Ihnen sich vereinigenden Frauen</p><pb n="27"/><p> </p><p>und unter Aufsicht einiger Männer von der<lb/>Geistlichkeit od von der Schulverwaltung stehn<lb/>würde. Erschrecken Sie nicht über meinen<lb/>Vorschlag! Ein Werk daß unter keiner<lb/>andren Absicht begonnen wird als um der<lb/>leidenden Menschheit zu Hilfe zu kommen<lb/>u um sich Gott gefällig zu machen, das wird<lb/>Er, durch den Beistand guter edler Menschen<lb/>deren Rath Sie leiten würde, gewiß ge-<lb/>deihen lassen! Muth und Standhaftigkeit<lb/>dazu, verleihen uns die Grundsätze wahrer<lb/>Religiosität.<lb/>Unsere Vorfahren stifteten Klöster um<lb/>die Menschen der verdorbnen Weld zu<lb/>entziehn u Gott gefällig zu machen: der fort-<lb/>rückende Geist der Zeit hat sie zerstört; aber<lb/>der Sinn in dem sie handelten wird kein edles</p><pb n="28"/><p> </p><p>Gemüth verlachen, nein derselbe <supplied>Geist</supplied> der sie<lb/>beseelte, wird verehrt werden, er wird<lb/>aus dem Schutt der Zeit erneuert u<lb/>veredelt hervorgehn! Wir sollen Kinder<lb/>dem Verderben entreissen um sie gebessert<lb/>u Gott gefälliger, unter die Menschen zurück<lb/>kehren zu lassen, wo sie als nützliche Glieder<lb/>der Gesellschaft sich thätig beweisen sollen.<lb/>Der Plan den ich im Auge habe sollte mehr<lb/>als einen Zweck haben: erst den schon benannten<lb/>u dan sollte er noch zur edlen <rs ref="#i874235" type="object">Beschäftigung<lb/></rs>würdiger <rs ref="#i874436" type="object">Frauenzimmer</rs> dienen, welche entweder<lb/>ihre Pflichten als Töchter u Mütter schon<lb/>entrichtet*; od solchen welche durch ein besonderes<lb/>Schicksal an keine Bande je geknüpft waren,<lb/>die vieleicht sich durch ein hartes Geschick<lb/>einsam u verlassen <supplied>ohne</supplied> ohne Interesse, die</p><pb n="29"/><p> </p><p>ihrem Herzen genügt, sich bei einem Werk<lb/>das zum Wohl der Menschheit zweckt, gerne<lb/>thätig beweisen würden! Manche würden<lb/>im Fall seyn durch Beitrage zur Erweiterung<lb/>der Anstalt beizutragen; Andere würden<lb/>durch ihr Thun u thätige Hilfe das Werk<lb/>befödern u zufrieden dadurch auch von <lb/>Sorgen entladen werden!<lb/>Meine langen Erfahrungen haben mich überzeugt<lb/>daß Unthätigkeit des Körpers so wohl als<lb/>des Geistes der Zunder von unendlichen<lb/>Leiden u Krankheiten sey: Beschäftigung u<lb/>Anwendung der Fähigkeiten u Kräfte hingegen<lb/>bringt Leben, Gesundheit u Heiterkeit im<lb/>Menschen hervor. Sollte es allso nicht Pflicht<lb/>seyn für sich u Ander jede Thätigkeit so in<lb/>uns liegt in Übung zu bringen jede Kraft die<lb/>in uns schläft zu wecken? U so viel in uns liegt</p><pb n="30"/><p> </p><p>ein Gleiches bei Andern zu befodern?<lb/>Ist das Unterlassen nicht Geringschätzung<lb/>der Gaben Gottes nicht undankbarkeit<lb/>gegen die höchste Liebe? Ich habe vielerlei<lb/>Menschen zu beobachten Gelegenheit gehabt u<lb/>habe unter denen welche mit allen Glücksgütern<lb/>überschüttet waren wenig Zufriedenheit u<lb/>wahre Ruhe gefunden; aber weit mehr unter<lb/>denen die sich bewußt waren nach dem<lb/>Beispiel ihres göttlichen Lehrers wahres Gute<lb/>unter ihren Brüdern verbreitet zu haben.<lb/>Könnte ich Sie Geehrteste in die schöne Lage<lb/>versetzen sich sagen zu können „ich lebe nicht<lb/>vergebens, ich habe einen Baum gepflanzt<lb/>der auch nach meinem Übergang in eine bessere<lb/>Weld, von fromen Selen fortgepflegt, Vielen<lb/>zur Erquikung dienen wird!“ Ein Vorschlag wie</p><pb n="31"/><p> </p><p>dieser erfodert ruhige u reife Überlegung<lb/>und stille Selbstprüffung seines Innern vor<lb/>Gott. Denken Sie allso darüber nach und<lb/>lassen Sie mich, wenn es Ihnen gefällig ist u<lb/>Sie die Sache nicht verwerfen, so laßen <rs ref="#i873838" type="object">Sie<lb/></rs>mich in einem der ersten Wochen blatt des<lb/>künftigen Mo Dez wissen daß Sie den <rs ref="#i873852" type="object">Brief<lb/></rs>A.L. empfangen, mit dem Überschickten zufrieden<lb/>wären u eine 2te Übersendung wünschten.<lb/>Inzwischen arbeite ich meinen Plan noch mehr<lb/>aus, um ihn entweder Ihnen od andern schätzba[ren]<lb/>Personen mitzutheilen. Möchten Sie bald<lb/>empfinden was wir im Leben so vielfält, aber oft<lb/>spät, erfahren, daß da wo wir anfänglich<lb/>glaubten ein großes Unglück zu erleiden, die <lb/>Vorsehung alles zu unserm Besten leite!<lb/>Dies ist mein innigster Wunsch!</p></div><div xml:id="d23405387" corresp="d897182" ><head resp="#editor"><date> 18.11.1820 </date></head><pb n="32"/><p> </p><p>1820 11 19<lb/>Vorbereitungstag zum<rs ref="#i873922" type="object"> Heil-Abendmahl.<lb/></rs>Darf ich mit freiem Gemüth mich dem Tische des Herrn<lb/>nahen, ist mein Herz reiner worden, sind Glaube,<lb/>Liebe und Hoffnung lebendiger in mir? Ich strebe darnach<lb/>und darf auch hoffen durch die Kraft Gottes, ruhiger,<lb/>ergebener, gelassener in seine Fügungen geworden<lb/>zu seyn: auch darf ich sagen daß durch eine festere<lb/>ruhigere Ergebung an Gott, ich weniger Ängstlichkeit<lb/>vor den Menschen habe, ohne sie deswegen weniger<lb/>zu achten; ich kann <rs ref="#i922909" type="object">ruhiger</rs> in alle Fügungen des<lb/>Schicksals mich ergeben; kan mit freudiger Hoffnung<lb/>an <rs ref="#i874141" type="object">mein Ende</rs> denken; doch o Gott wie weit bin ich<lb/>noch von dem wahren Ziele entfernt wie <rs ref="#i873964" type="object">schwach<lb/></rs>bin ich noch in allem! Wie so manches sollte ich thun<lb/>um den Meinigen ein Beispiel wahrer Frömmigkeit<lb/>zu sein und sie auch in ihnen zu befödern! Harte<lb/>Wege hat mich die Vorsehung geführt, schwere Prüffungen<lb/>mir zugedacht! O bin ich nicht vieleicht auch selbst an<lb/>manchen <supplied>selbst</supplied> Schuld? Hätte ich nicht vieleicht durch<lb/>mehr Festigkeit, mehr Vertrauen zu Dir manches ab-<lb/>wenden können? Doch Du kennest mein Inneres, Du</p><pb n="33"/><p> </p><p>weißt mit wie vielen Hindernißen ich zu kämpfen hatte<lb/>Deine Güte, Deine Liebe ist unendlich, auch mir wirst<lb/>Du meine Schwachheit vergeben, und mir durch Dein<lb/>Wort Kraft schenken Dir immer nächer zu kommen!<lb/>Auch die heilige Handlung die ich vorhabe will ich aus<lb/>allen Kräfften zu diesem Zwecke benützen!</p></div><div xml:id="d23405388" corresp="d897190" ><head resp="#editor"><date> 19.11.1820 </date></head><pb n="33"/><p>1820 11 19<lb/>Drei Dinge <rs ref="#i899009" type="object">wünsche</rs> ich mir: Erstens, den<lb/><rs ref="#i874141" type="object">Rest meiner Tage</rs> in Gottes freier Natur<lb/>zu verleben!<lb/>2t. Meine Kräffte noch zum Wohl der Menschheit <lb/>thätig beweisen zu können!<lb/>3t. Erhöchung meines bessern Ichs durch <lb/>Annächerung Gottes durch Christus!</p></div><div xml:id="d23405389" corresp="d897198" ><head resp="#editor"><date> 12.12.1820 </date></head><pb n="33"/><p>1820 12 12<lb/>Meines sel. <rs ref="#i867825" type="person">Vaters</rs> <rs ref="#i899020" type="object">Tagebuch</rs> vom Jahr 1750<lb/>vom 11 Mai bis 22 Brachmonat von Seite 461–<lb/>660. Wie unaussprechlich ergreiffend u rührend<lb/>mir diese Lecktür ist! Welcher <rs ref="#i874090" type="object">heitere</rs>, klare <lb/>ruhige Sinn, wie wohldenkend u scharfsehend zu-<lb/>gleich! Es enthält besonders seine Urtheile</p><pb n="34"/><p> </p><p>über die Menschen mit denen er umgieng<lb/>u über seine Lecktur. Von erstern<lb/>sind besonders interessant die Charackterriesti[k]<lb/>von <rs ref="#i873838" type="object">H Doct Iselin</rs> u von <rs ref="#i873838" type="object">H Doct. Huber</rs>  in<lb/><rs ref="#i873159" type="object">Mutenz</rs>. Seine Lecktur war <rs ref="#i899031" type="person">Mosheim<lb/><rs ref="#i899046" type="book_etc"></rs>Kirchengeschichte</rs> u ein Werk von H. <rs ref="#i873838" type="object">Lorn</rs> nebst<lb/>juristischen Büchern, welche Letzern ich nicht<lb/>berühre, allein d Anmerkungen zur Kirchen-<lb/>geschichte waren mir äusserst interessant<lb/>wie sein wahrer kindlich religioser Sinn<lb/>verbunden mit Scharfsinn u Forschungskraft<lb/>aus Allem hervor leuchtet. Wie schön ist<lb/>es sich in die <rs ref="#i899058" type="object">Jugendjahre</rs> eines so edlen<lb/>reinen Menschen zu versetzen und noch wenn<lb/>dieser Mann uns so nahe ist wenn sein<lb/>Blut in unsern Adern fließt! O möge sein<lb/>Geist auch mich beseelen möge ich ohne</p><pb n="35"/><p> </p><p>Scham u ohne Reue denken können daß<lb/>er mein Vater war!</p></div><div xml:id="d23406018" corresp="d897206" ><head resp="#editor"><date> 28.12.1820 </date></head><pb n="35"/><p>20 12 28<lb/>Ich lese so viel mir Zeit bleibt in des Sl <rs ref="#i867825" type="person">Vaters<lb/><rs ref="#i899020" type="object"></rs>Tagebuch</rs> fort. Wie so vieles mich rührt,<lb/>wie tief u freudig es mich ergreift wenn<lb/>seine Bemerkungen mit den meinen über-<lb/>einstimmen, besonders über <rs ref="#i873922" type="object">Religionssachen</rs>:<lb/>so z.B. seine schöne Erklärung von d drei-<lb/>einigkeit, seine Gedanken über Opfer,<lb/>und Versöhnung; wie wohl thut es wenn man<lb/>einen so edeln reinchristlichen Mann, über<lb/>Gegenstände die einem oft beunruhigt u<lb/>über welche man sich doch gegen Niemand<lb/>erklären kann, weder gegen Gläubige noch<lb/>Ungläubige, aus verschiednen Ursachen,<lb/>wenn man einen solchen Mann mit sich über-<lb/>einstimmend denken sieht! <lb/>Das folgende<lb/>gleiches Heft von 1821 [verm. Seite 45]</p></div><div xml:id="d23405392" corresp="d897214" ><head resp="#editor"><date> 15.11.1819 </date></head><p>[15. November 1819<rs ref="#i898951" type="object">]<lb/></rs></p><pb n="36"/><p> </p><p>1819 11 15<lb/>Vertrauen in sich und Andre<lb/>Unterschied des Selbstvertrauen u des Eigendünkels<lb/>Vortheil der <rs ref="#i873922" type="object">Religion<lb/></rs>Besonnenheit welche aus der Ruhe entsteht<lb/>Zerstreutheit</p></div><div xml:id="d23405393" corresp="d897222" ><head resp="#editor"><date> 15.12.1819 </date></head><pb n="37"/><p> </p><p>1819 12 15<lb/>Meine <rs ref="#i873852" type="object">Briefe</rs> an <rs ref="#i867913" type="person">Maria Preiswerkh</rs> a <rs ref="#i873159" type="object">Yverdon<lb/></rs>Schrieb ihr, über ihr Mangel an Zutrauen in sich<lb/>u Andere: über ihre Ängstlichkeit.</p></div><div xml:id="d23406024" corresp="d897230" ><head resp="#editor"><date> 12.12.1820 </date></head><pb n="37"/><p>20 12 12<lb/>Vortheile der <rs ref="#i873922" type="object">Religiosität</rs>.<lb/>Hast <rs ref="#i867913" type="person">du</rs> meine Liebe, dir durch die richtigen<lb/>Begriffe, welche <supplied>dir</supplied> der Unterricht <supplied>über</supplied> in der<lb/>Religion dir geben wird, mehr Ruhe des Gemüths<lb/>erworben, so wirst du in all dein denken u<lb/>Thun mehr Besonnenheit legen können; doch<lb/>denke ja nicht daß diese Vortheile leicht u schnell<lb/>errungen seyn werden! <rs ref="#i873859" type="object">Erst nach eifrigem Streben<lb/></rs>erlangen wir einen kleinen Theil davon, aber dieser<lb/>macht uns Muth zum Weiterrücken, denn so lange<lb/>der Mensch lebt hat er an sich selbst zu bessern.<lb/>Ich meine Liebe, sehe noch immer <rs ref="#i873990" type="object">an mir Manches</rs> zu<lb/>das ich <del>abzulegen habe</del> u doch darf ich sagen daß <supplied>ich</supplied> mir von Jugend<lb/>auf an meiner Besserung gelegen war: doch das<lb/>soll uns weder verzagt noch ängstlich machen</p><pb n="38"/><p> </p><p>wenn wir denken Gott kennt unser guter Wülle,<lb/>die Kräfte die er uns verliehn, seine Güte,<lb/>u Liebe u Langmuth wird uns tragen und<lb/>unsern guten Willen dadurch stärken daß er<lb/>uns Gelegenheit zum Fortschreiten im Guten<lb/>anbiethen wird oft u täglich durch unaussprechlich<lb/>viel Gutes das wir leider zu oft nicht achten<lb/>zuweilen auch durch bittre Leiden, die aus<lb/>seiner Hand auch Wohlthaten für uns werden wenn<lb/>wir sie benutzen u uns dadurch belehren u bessern.<lb/>So meine Liebe wenn wir mit kindlicher Unterwerfung<lb/>uns zu Gott wenden so werden wir die Ruhe haben<lb/>bei welcher Besonnenheit statt haben kann: diese<lb/>ist eine Kostbare Perle welche uns hilft das<lb/>Gute das wir lernen sollen, oder sonst hören, die<lb/>Ereignisse die sich um uns zutragen in uns aufzu-<lb/>nehmen u zu benutzen; und was nicht minder<lb/>schätzenswerth ist, das so vielfaltige Gute u<lb/>Schöne das uns Gott giebt tief zu fühlen u dankbar<lb/>zu geniessen. Dies stimmt uns zu der edlen Freude</p><pb n="39"/><p> </p><p>welche das Herz durchdringt u zum Guten antreibt.<lb/>Sie, die Besonnenheit, ist das Gegentheil der<lb/>Zerstreutheit deren Schädlichkeit wir künftig<lb/>miteinander betrachten wollen.</p></div><div xml:id="d23406025" corresp="d897237" ><head resp="#editor"><date> XX.12.1820 </date></head><p>[39] </p><p>1820</p><p>D 10 Mai schrieb ich <rs ref="#i867913" type="person">Marie</rs> u sagte ihr noch<lb/>mals wie <rs ref="#i873859" type="object">Religion u wahre Frömigkeit<lb/></rs>Menschenfurcht vertreibt u Verträglichkeit Ruhe<lb/>u Liebe ins Herz gieße. Ihre <rs ref="#i873852" type="object">Antwort</rs> war sehr<lb/>gut, beinahe zu künstlich zum nächsten Brief<lb/>Wie <rs ref="#i873922" type="object">Religion</rs> uns richtige Begriffe über unsere<lb/>Bestimmung geben, in all unser Thun einfluß<lb/>haben unsere Achtung für uns selbst erhöhen<lb/>u uns das kleinste wie das größre Geschäft<lb/>als uns aufgelegte Pflicht ansehn machen; beson-<lb/>ders in der Jugend die <rs ref="#i874235" type="object">Ausbildung</rs> all unsrer<lb/>Kräfte u Fähigkeiten <supplied>auch</supplied> denn sehen wir dieselben</p><pb n="40"/><p> </p><p>wie wir sollen als Geschenke Gottes an, so müssen<lb/>wir dieselben hochschätzen: sie vernachlässigen<lb/>wäre Undankbarkeit! Jeder Anlaß sie<lb/>Auszubilden muß uns als eine neue Wohlthat<lb/>erscheinen u so von uns benutzt werden<lb/>dann zeigen wir daß wir nicht nur Hörer<lb/>sondern Thäter des Wortes sind. Schrieb ihr das <lb/>d 18 Juny<lb/> </p><p>In einem folgenden. Vortheile der <lb/>geübten Kräfte u Fähigkeiten</p></div><div xml:id="d23405395" corresp="d897245" ><head resp="#editor"><date> 30.01.1821 </date></head><pb n="40"/><p>1821 1 30<lb/>Werde <rs ref="#i867913" type="person">ihr</rs> <rs ref="#i873852" type="object">schreiben</rs>. <rs ref="#i873859" type="object">Wichtigkeit</rs> des<lb/><rs ref="#i873922" type="object">Religionsunterricht</rs>, besonders in Bezug auf<lb/>die Anerkennung der Würde des Menschen.<lb/>Aus dieser geht einer der größten Vortheile<lb/>der menschlichen Natur hervor; nehmlich daß<lb/>er durch Liebe seine Existenz vervielfältigen<lb/>kann. Durch reine Menschenliebe versetzen</p><pb n="41"/><p> </p><p>wir uns in das daseyn Andrer, theilen<lb/>ihren Schmerz und ihre Freuden, tragen<lb/>zu Linderung Erstrer u Erhöchung Letzterer<lb/>bei, und beides bringt Wonne in unsere<lb/>Seele! Dan erst werden wir Christus<lb/>ähnlich, verdienen den edlen Namen Christen.<lb/>Wie fällt dan aller niedrigen Eigennutz,<lb/>alle kleinliche Selbstsucht aus unserm Gemüthe.<lb/>Wenn wir doch den herrlichen Ausspruch „Gott<lb/>schuff den Menschen nach seinem Bilde“ nur<lb/>recht u immer beherzigen möchten!</p></div><div xml:id="d23405396" corresp="d897253" ><head resp="#editor"><date> 02.01.1821 </date></head><pb n="45"/><p>									1821<lb/>d 2 Jenn<lb/>Ein neues, von Gott, mir unerwartet geschenktes<lb/>Jahr, beginne wieder. Mit dem vesten Gelübte<lb/>stehe ich vor dir o Gott, es so zu benutzen daß<lb/>es zu meiner Besserung dienen möchte, daß<lb/>ich durch Gemüths Ruhe, durch Geduld, durch<lb/>Freimüthigkeit u Muth zum Guten, den<lb/>Meinen zur Aufmunterung dienen möchte!<lb/><rs ref="#i873825" type="object">Meine Tage nahen sich die Abnahme aller<lb/>meiner Kräfte</rs>; o Gott erhalte mir nur<lb/>noch so viele damit kein Unmuth sich meiner<lb/>bemächtige daß ich nie dir misfällig noch<lb/>den Meinen zur Last fallen möge!</p></div><div xml:id="d23405397" corresp="d897261" ><head resp="#editor"><date> 15.01.1821 </date></head><pb n="46"/><p>1821 1 15<lb/>Aus meines <rs ref="#i867825" type="person">Vaters</rs> S1 <rs ref="#i899020" type="object">Tagebuch</rs> 1750 Seite 896.<lb/>Über die <rs ref="#i874045" type="object">Wichtigkeit bei Kindern</rs> die Stimme<lb/>des Gewissens laut werden zu lassen, sie zu<lb/>ihren eignen Richtern zu machen u ihre Straffen<lb/>sich selbst zu auferlegen. Wie durch diese<lb/>Gewohnheit dieser innere Richter laut und<lb/>strenge werden wird. „Man würde sie dadurch<lb/>nach u nach in die Fertigkeit bringen u zu handeln<lb/>wie sie denken. Denn ist das nicht unschatzbar<lb/>seine Grundsatze aus eigner Quelle zu hohlen.<lb/>Denn dieses macht die Vollkommenheit des Menschen<lb/>aus, richtig denken u recht handlen</p></div><div xml:id="d23405398" corresp="d897269" ><head resp="#editor"><date> 22.01.1821 </date></head><pb n="47"/><p> </p><p>22. Januar 1821<lb/>Endlich ist mir das <rs ref="#i899135" type="object">Tagebuch</rs> meines gelie[bten] <rs ref="#i835771" type="person">Sohns</rs> selig zu ge<lb/>sichte gekommen: wie schmerzlich <rs ref="#i922997" type="object">wehmütig</rs> macht mich<lb/>diese Lectur! Ist es nicht hart für eine <rs ref="#i898746" type="object">Mutter</rs> deren<lb/>Herz so sehr an ihren Kindern hieng einen so liebenden<lb/><rs ref="#i873929" type="object">Sohn sich entrissen zu wissen</rs>! O wie bestättigt sich<lb/>meine oft so schmerzliche Vermuthung, meine [unles.]<lb/><rs ref="#i899009" type="object">Wünsche</rs>, daß wenn er sich den Studien gewiedmet,<lb/>in andre Verhältnisse getretten; <rs ref="#i874029" type="object">so wäre sein<lb/>Körper gesünder u sein Geist heitrer geblieben</rs>.<lb/>Wenn ich denke welchen Kummer mir sein <rs ref="#i873901" type="object">Zeitverlurst<lb/></rs>in <rs ref="#i873159" type="object">Paris</rs> machte, wie vergeblich ich dagegen ge-<lb/>kämpft, wie viel Schmerz bei seiner Rückkehr zu<lb/>sehn welchen wiedrigen Einfluß dieser Aufenthalt<lb/>auf ihn gemacht, wie sehr ich darüber litt u aus<lb/>seinem <rs ref="#i874090" type="object">Benehmen</rs> glauben mußte daß er meine<lb/>Liebe nicht erkenne! Wie rührend ist es nun<lb/>für mich zu sehen wie er alles das während seinem<lb/>Aufenthalt in Hamburg anerkannt, wie er seine<lb/>Gesinnungen gegen mich so liebevoll äussert!<lb/>Aber der Arme wie vieles hatte er damals zu<lb/>leiden, wie sehr schmerzte ihn meine <rs ref="#i874486" type="object">unglückliche<lb/></rs>Lage! Wie kümerte ihn seines Vaters leidige<lb/>Geschäffte, wie wenig Nahrung hatte sein Geist.</p><pb n="48"/><p> </p><p>Wie tröstlich ist mir sein Abscheu vor allem Schlechten<lb/>u Niedrigen! O hätte der Gute nur damals einen<lb/>weisen väterlichen Freund gefunden der seine<lb/>Grundsätze noch mehr befestigt, der fern von<lb/>Aberglauben u fern von Freigeisterei ihm<lb/>die wahre Quelle der Ruhe u Freiheit gezeigt<lb/>hätte! Wie empfänglich war er für alles<lb/>Gute u Schöne, wie tief rührten ihn die schönen Stellen<lb/>von<rs ref="#i869675" type="person"> J. P. Richter</rs>! O wie ganz war er damals<lb/>mein Sohn! Gottlob daß ihm aufs Ende in <rs ref="#i873159" type="object">Hamburg<lb/></rs>leichter wurde! Wie entzückt mich die Stelle<lb/>die er nach einem Spaziergang in <rs ref="#i873159" type="object">Wandsbeck</rs> bei<lb/>H <rs ref="#i873838" type="object">Busch</rs> <rs ref="#i873831" type="object">schrieb</rs> u die ich hier abschreibe „dieses<lb/>Kommen u gehen der Himmelskörper“ (die Sonne war<lb/>untergegangen u der Mond stieg herauf) „brachte<lb/>mich auf die Wanderungen des Menschen; die Sonne<lb/>geht auf die Sonne geht unter, sie ist aber nicht<lb/>vernichtet, weil sie unsichtbar worden ist, bald er-<lb/>scheint sie wieder schöner u größer, u auch du o<lb/>Mensch kommst u gehst, glaube aber nicht daß</p><pb n="49"/><p> </p><p>du vergehest. – Wie jene aufgeht nach dem sie<lb/>untergegangen ist, <rs ref="#i873887" type="object">wirst auch du auferstehen<lb/></rs>schöner und besser. Eine Stimme in mir rief<lb/>mir das zu, und ermahnte mich dieses Leben,<lb/>den Vorplatz eines Bessern, mit Sachen zu<lb/>bereichern die mir einst dienen können! Ich<lb/>werde ihr folgen dieser göttlichen Stimme u<lb/>werde suchen dieses Leben so gut durchzubringen<lb/>als meine Kräffte es erlauben; u dann werde<lb/>ich zu jeder Stunde muthig meinem Ende ent-<lb/>gegen sehen können.</p></div><div xml:id="d23405399" corresp="d897277" ><head resp="#editor">Tagebucheintrag<date> 30.01.1821 </date></head><p>[49] </p><p>21 1 30<lb/><rs ref="#i873831" type="object">Wie tief es rührt von lieben <rs ref="#i873887" type="object">Verstorbnen<lb/></rs>etwas schriftliches zu lesen</rs>, wie man sich da<lb/>wieder in ihrer Nähe fühlt, liebender u herzlicher<lb/>als es je vorher geschehen war! Desto mehr wenn<lb/>ihr edles Herz ihre zarten Gefühle sich so ganz<lb/>unverholen aussprechen. Aber ach Gott<lb/>wie vieles hatte der gute <rs ref="#i835771" type="person">Sohn</rs> zu <rs ref="#i898746" type="object">leiden</rs>, wie<lb/>peinlich waren von jeher so manche seiner</p><pb n="50"/><p> </p><p>seiner Verhaltnisse! Hätten so mancherlei<lb/>Sorgen ihn nicht darniedergedrückt wie<lb/>anders hätte Körper u Geist sich erhoben,<lb/>hätte er nach seinem Wunsch den Studien<lb/>wiedmen können, <rs ref="#i873859" type="object">was hätte sein heller Kopf<lb/></rs>nicht leisten können! Doch wer kann gegen die<lb/>Wege des Schicksals verfügen! Ein höcher Geist<lb/>leitet unsre Wege u wird mit vater Güte jedes<lb/>seiner Kinder, hier od dort zu ihrer Vollendung<lb/>bringen! So walle denn in Gottes großer Schöpfung<lb/>wo er dich auch immer hinstellt. Nur mir bleibe<lb/>der himmlische Glaube daß wir uns wiederfinden<lb/>werden!<lb/>Seit dem ich die mir so theuren Hefte ausgelesen<lb/>ists mir als ob ein treuer lieber Freund<lb/>von mir <rs ref="#i873929" type="object">weggereißt</rs> wäre. Doch in<lb/>einiger Zeit nehme ich sie wieder vor<lb/>u <rs ref="#i922763" type="object">erhole mich damit<lb/></rs></p></div><div xml:id="d23405400" corresp="d897284" ><head resp="#editor"><date> 25.01.1821 </date></head><pb n="51"/><p>1821 1 25<lb/>Ich hatte gestern wieder eine sehr schmerzliche <rs ref="#i874148" type="object">Unterredung<lb/></rs>mit <rs ref="#i835869" type="person">L.</rs> O Gott wie wie kümmert mich der Arme<lb/>er hat ein<rs ref="#i898746" type="object"> hartes Schicksal</rs> u machts sichs durch<lb/>eigne Schuld noch härter: könnte ich ihn nur<lb/>zur Einsicht davon bringen! Allein wenn ich mit<lb/>ihm rede so zerreißt mich sein Jammer so sehr, daß<lb/>ich darüber meine Geistes Gegenwart verlier u<lb/>das nicht sage was ich sollte. Nun habe ich ihm<lb/>Heute über einiges <rs ref="#i873852" type="object">geschrieben</rs>, doch bleibt noch<lb/><rs ref="#i873859" type="object">manches das ich künftig mündlich thun muß</rs>! Z.B.<lb/>Was war die Absicht [xxx] Wo<lb/>kann das hinführen! Nur du o Gott kanst helfen. </p></div><div xml:id="d23405401" corresp="d897292" ><head resp="#editor"><date> 26.01.1821 </date></head><p>Gestern Abend war mein <rs ref="#i835869" type="person">S</rs>. <rs ref="#i874148" type="object">wieder hier</rs>: ich habe<lb/>kräftiger als vorher<rs ref="#i873859" type="object"> mit ihm geredt</rs>, ich glaube<lb/>nicht ohne Nutzen: allein noch bin ich nicht<lb/><rs ref="#i873964" type="object">ganz mit mir zufrieden</rs>, ich rede noch nicht<lb/>so frei als ich sollte, die Besorgniß zu erbittern<lb/>u wehe zu thun hält mich noch zurück die Wahrheit<lb/>frei zu sagen; und doch glaube ich daß sie allein,<lb/>ob sie gleich anfangs schmerzt, allein den wahren<lb/>Nutzen bringe. Mein Gott werde ich dan nie<lb/>von dieser Schwachheit ganz frei werden!</p></div><div xml:id="d23405402" corresp="d897300" ><head resp="#editor"><date> 26.01.1821 </date></head><pb n="53"/><p> </p><p>26. Januar 1821</p><p>21 1 26<lb/>Ich lese nun Franz <rs ref="#i899177" type="person">Petraca<rs ref="#i899194" type="book_etc"></rs> Leben</rs>, von <rs ref="#i869834" type="person">J. G. Müller<lb/></rs>unbeschreiblich <rs ref="#i922763" type="object">wohl thut</rs> mir diese kräfftige Nahrung,<lb/>wie ganz anders als den elenden durchwässerten,<lb/>neuen Leckturen für <rs ref="#i874436" type="object">Frauenzimmer</rs>! Welche<lb/>nur schwächen u entkräften. Ich habe nun<lb/>die 2 ersten Gespräche des P. mit dem h. <rs ref="#i899207" type="person">Augustin<lb/></rs>vollendet wie schön führen sie auf die richtige<lb/>Schätzung des Lebens, wie kräfftig zur Selbst-<lb/>prüffung. Mir thut nichts wöhler als die<lb/>Sprüche der <rs ref="#i873936" type="object">alten Dichter</rs>, so schön an ihren Platz<lb/>gestellt u richtig ausgelegt. O könnte ich<lb/>nur meinem <rs ref="#i835869" type="person">Sohn</rs> eine ruhige Durchlesung dieser<lb/>Gespräche <rs ref="#i873859" type="object">beibringen</rs>! Aber seine Lage läßt ihn <lb/>nie recht zu sich selbst kommen.<lb/>„3tes Gespräch Seite 128. „Wenn ich hierinnen irre,<lb/>so irre ich gern u lasse mir meinen Irrthum<lb/>nicht nehmen<rs ref="#i899194" type="book_etc">“</rs>,  sagte <rs ref="#i899227" type="person">Cicero</rs>[7] vom Glauben an die<lb/>Unsterblichkeit der Seele. </p></div><div xml:id="d23405403" corresp="d897307" ><head resp="#editor">Tagebucheintrag<date> 01.02.1821 </date></head><pb n="54"/><p>21 2 1 <lb/>Ich <rs ref="#i874148" type="object">besuchte</rs> heute wieder meine Tochter <rs ref="#i868068" type="person">Vischer<lb/></rs>die ich seit 14 Tag nicht gesehn hatte, mir<lb/>war bange da ich gestern hörte<rs ref="#i836841" type="person"> Hr. V.<lb/></rs>sey <rs ref="#i898746" type="object">krank</rs>: doch als ich kam war er<lb/>wieder ausgegangen, dies sey dem<lb/>Himmel dank. Meine Tochter traf ich<lb/>wohl an; möge nur ihre Gesundheit<lb/>sich fort gut halten u sie ein gesundes<lb/><rs ref="#i899255" type="object">Kind bekommen</rs>! Wie innig wäre meine<lb/>Freude welches Leben brächte das wieder<lb/>in ihre! Wie viel besser werden nicht<lb/>ins <rs ref="#i874045" type="object">gemein die Kinder erzogen</rs> wo mehrere<lb/>als wo sind als wo nur eins ist, wie<lb/>gut würde es in so mancher Rücksicht auf<lb/>die I. wirken wenn <rs ref="#i868031" type="person">sie</rs> noch Schwesterchen od<lb/>Bdh hätte! Wie <rs ref="#i922800" type="object">leer</rs> finde ichs immer bei</p><pb n="55"/><p> </p><p>Hause wenn ich von einer meiner Tochtern<lb/>zurück kehre! So gerne ich einen Theil meiner<lb/>Zeit mich einsam beschäfftige, so ist es doch<lb/>meinem Herzen Bedürfnist unter liebenden<lb/>Menschen zu wohnen; das einsam wohnen<lb/>in der <rs ref="#i875143" type="object">Statt</rs> ist mir höchst peinlich u<lb/>auch dies machte es mir zum Bedürfniß<lb/>auf dem Lande zu wohnen den da fühlt<lb/>man die Einsamkeit lange nicht so, man<lb/>ist nicht so <supplied>ferne</supplied> <del>nahe</del> um den Wunsch immer<lb/>zu fühlen beisamen zu seyn. Ich hätte nie<lb/>geglaubt daß mir das allein wohnen so <lb/>schwer fallen würde; da ich doch so manches<lb/>noch gerne ausführen möchte, aber zu<lb/>dem brauchte ich von den vielen Geschäfften<lb/>von <rs ref="#i873159" type="object">St. Chr.</rs> befreit seyn. Gefällt es dem</p><pb n="56"/><p> </p><p>Himmel daß ichs <rs ref="#i873908" type="object">verkauffe</rs> o dan wünsche ich<lb/><rs ref="#i899265" type="object">mir nur einen kleinen ländlichen Aufenthalt<lb/></rs>nahe bei der Statt wo ich den großten Theil<lb/>des Jahrs wohnte, in der Statt dan<lb/>nur einige Zimmer die mich wenig kosteten.<lb/>Wie schön wäre es wenn ich dan ein Theil<lb/>meiner <rs ref="#i873915" type="object">Einkünfte</rs> auf was Bessers ver-<lb/>wenden könnte! Wie glücklich ist man<lb/>wenn man sich von Bedürftnissen frei<lb/>machen kann um mit dem was sie uns<lb/>gekostet hätten was Bessers zu versuchen.<lb/>Daß ich das zum Theil nun schon auf einige<lb/>Weise so eingerichtet, daß ich <supplied>jetz</supplied> nur<lb/>eine <rs ref="#i873838" type="object">Magd</rs> habe; daß ich des Pferdes<lb/>entbehre: und daß ich das kann ohne<lb/>Andere zu beneiden, ohne mich darüber</p><pb n="57"/><p> </p><p>zu schämen: od doch nur selten sich dergleichen<lb/>Gefühle in mir regen u bald wieder unter-<lb/>drückt sind, dafür danke ich Gott.<lb/>Daß meine jetzige Wohnung mich so viel<lb/>kostet u so wenig Genuß giebt das ärgert<lb/>mich wohl: allein <rs ref="#i874029" type="object">es ist gegen meinen Willen<lb/></rs>so gegangen u wie es gegangen hat mir vielen<lb/>Schmerz gemacht, aber auch das ist ver-<lb/>schmerzt u verziehen. Könnte mein <rs ref="#i874895" type="object">Projekt<lb/></rs>in erfüllung gehn so wäre das alles gehoben<lb/>doch das liegt noch in weitem Feld! Inzwischen<lb/>sollen meine Gedanken nicht ganz davon abgehn,<lb/>mich dazu tüchtig zu machen ist auf jeden<lb/>Fall gut: mich auf Wiedersprüche, Tadel,<lb/>Spott gefaßt machen u mich auf alles [unles.]<lb/>das ist Ausbildung meiner Kräffte u wird</p><pb n="58"/><p> </p><p>mir auch in allem zu statten komen.<lb/>Und sollte ich das Alles nicht mehr bedürfen<lb/>ruffte mich Gott von hinnen o so werde<lb/>ich ruhig seinem Ruff folgen, auch darauf<lb/>bin ich bereit u darf ruhig an mein Ende<lb/>denken weil ich hoffen darf Gott werde<lb/>mir Schwachheiten vergeben!</p></div><div xml:id="d23405404" corresp="d897315" ><head resp="#editor"><date> 09.02.1821 </date></head><pb n="58"/><p>21 2 9<lb/>Ich nehme mir vor zu <rs ref="#i899279" type="person">O. F</rs>. zu gehn in der <supplied>Hoffnung</supplied> <del>Absicht</del><lb/>das <rs ref="#i898746" type="object">traurige Verhältniß</rs> meines <rs ref="#i835869" type="person">Sohns</rs> mit<lb/>seiner<rs ref="#i835885" type="person"> Fr</rs> u seinen <rs ref="#i899315" type="person"><rs ref="#i899332" type="person">Schwiegereltern</rs></rs> wo möglich<lb/>zu mildern: ich kann mir nur wenig davon<lb/>versprechen u sehe viel peinliches für mich<lb/>voraus: allein eine innere Stimme rufft mir<lb/>zu ich müßte es thun. Soll man nicht alles<lb/>versuchen, sind wir nicht imer des guten<lb/>Erfolgs unsers Thuns ungewiß? Es thut<lb/>mir wehe den <rs ref="#i899058" type="object">alten Mann</rs> mit schmerzlichen</p><pb n="59"/><p> </p><p>Sachen zu unterhalten; allein er kennt ja <lb/>alles u leidet darüber, sollte ihm mein<lb/>Streben die Sache zu mildern den misfallen?<lb/>Freilich sucht er sich jetzt vorzuspiegeln <lb/>Seine <rs ref="#i835885" type="person">Gßtochter</rs> sey nicht so fehlbar, u des<lb/>Gegentheils muß ich ihn ja überzeugen, das<lb/>Muß ihm wehe thun: allein ich bin das der<lb/>Sache selbst, meinem Sohn, u mir, auch der<lb/>Rettung des <rs ref="#i836759" type="person">Kindes</rs> schuldig.</p><pb n="60"/><p> </p><p><rs ref="#i899353" type="book_etc">Andachtsbuch</rs> für die gebildete Jugend von Georg Con. Horst<lb/>habs für <rs ref="#i873838" type="object">Jf Stahl</rs> gekauft 3te Auflage 1819<lb/><rs ref="#i899364" type="person">Buchers</rs> samtliche Werke. Herausgegeben von <rs ref="#i899380" type="book_etc">Klessing<lb/></rs>über die Jesuiten. Soll sehr interresant seyn. A Zeitung<lb/>Weldgeschichte für geb <rs ref="#i899391" type="book_etc">Frauenzimmer</rs> von <rs ref="#i898905" type="person">Genersich</rs> d. d.<lb/><rs ref="#i899403" type="person">Voß</rs>, J. v., der deutsche donquixotte<lb/>– der <rs ref="#i899419" type="book_etc">Vortrag</rs> od so gelangt <supplied>man zu</supplied> <del>die Wahrheit</del> zum Thron<lb/>– der <rs ref="#i899430" type="book_etc">Einsiedler</rs> von Kanossa.<lb/><rs ref="#i899441" type="person">Bail</rs>. <rs ref="#i899455" type="book_etc">Unterhaltungen</rs> für Nachdenkende Christen.<lb/>sehr gepriesen. À 6fr.<lb/><rs ref="#i899466" type="book_etc">Jahrbuch</rs> der häuslichen Andacht. 6fr 2ter Jahrgang<lb/>Lieder. <rs ref="#i899477" type="book_etc">Unterhaltungen</rs> mit Gott in d Abendstunden<lb/>4 fr. 10h<lb/><rs ref="#i899516" type="book_etc">Winke für Jungf. u Frauen</rs> von Mistrez <rs ref="#i899501" type="person">Taylor</rs> <lb/>von Ongar. 3fr.<lb/><rs ref="#i899527" type="book_etc">Emilie.</rs> Od die Macht wahrer edler Weiblichkeit<lb/>von Henriette Hs. 2bd 5 fr. </p><pb n="61"/><p> </p><p><rs ref="#i899538" type="person">Schlegel</rs> (J.K.F.) über den <rs ref="#i899554" type="book_etc">Geist der Religiosität <lb/></rs>aller Zeiten 2 Thl 2 Rhthl 18 G<lb/> </p><p><rs ref="#i899565" type="person">Rosenmüllers</rs> <rs ref="#i899580" type="book_etc">Morgen u AbendAndachten</rs> 7 Auflage <lb/>1 fr</p><p><rs ref="#i899591" type="book_etc">Gebet u Andachtsbüchlin für Kinder</rs> von <rs ref="#i899602" type="person">Löhr<lb/></rs>2 fr.<lb/><rs ref="#i899631" type="book_etc">Das Weltall nach menschlicher Ansicht</rs> <lb/>von <rs ref="#i899617" type="person">Tieftrunck</rs>. 3 fr. 1821.</p></div>
       </body></text>
   </TEI>
    