<?xml version="1.0"?>
    <?xml-model href="http://www.tei-c.org/release/xml/tei/custom/schema/relaxng/tei_all.rng" type="application/xml" schematypens="http://relaxng.org/ns/structure/1.0"?>    
    <TEI xmlns="http://www.tei-c.org/ns/1.0" xml:id="d871001">
       <teiHeader>
          <fileDesc>
             <titleStmt>
                <title>Heft 4 (1796)
                </title>
                <author>Anna Maria Preiswerk-Iselin</author>
             </titleStmt>
             <publicationStmt>
                <publisher xml:id="editor">Tagebücher Anna Maria Preiswerk-Iselin Projekt</publisher>
                <pubPlace>Basel</pubPlace>
                <date when="2022-03">March 2021</date>
                <availability>
                   <licence notBefore="2022-03-01" target="http://creativecommons.org/licenses/by-sa/4.0/">
                      <p>[...]</p>
                      <p>This work is licensed under a Creative Commons Attribution-ShareAlike 4.0 International License.</p>
                      <p> You are free to: <list>
                            <item> Share — copy and redistribute the material in any medium or format</item>
                            <item> Adapt — remix, transform, and build upon the material</item>
                         </list>
                      </p>
                      <p> Under the following terms: <list>
                            <item> Attribution — You must give appropriate credit, provide a link to the license, and indicate if changes were made. You
                               may do so in any reasonable manner, but not in any way that suggests the licensor endorses you or your use.</item>
                            <item> ShareAlike — If you remix, transform, or build upon the material, you must distribute your contributions under the same
                               license as the original.</item>
                            <item> No additional restrictions — You may not apply legal terms or technological measures that legally restrict others from
                               doing anything the license permits.</item>
                         </list>
                      </p>
                      <p>The licence was added on March first, 2022.</p>
                   </licence>
                </availability>
             </publicationStmt>
             <sourceDesc>
                <msDesc>
                   <msIdentifier>
                      <settlement>Basel</settlement>
                      <repository>Staatsarchiv</repository>
                      <idno>StABS PA 511 304-03-04</idno>
                      <msName>Heft 12 (1815-1816) - Anna Maria Preiswerk-Iselin </msName>
                   </msIdentifier>
                </msDesc>
    <listPerson><person xml:id="i869675"><persName>Johann Paul Friedrich Richter</persName></person><person xml:id="i836791"><persName>Anna Maria Preiswerk</persName></person><person xml:id="i835836"><persName>Susanna Paravicini-Preiswerk</persName></person><person xml:id="i833926"><persName>Helena Preiswerk</persName></person><person xml:id="i835869"><persName>Lux</persName></person><person xml:id="i867938"><persName>Niclaus Preiswerk-Iselin</persName></person><person xml:id="i837069"><persName>Helena Iselin-Forcart</persName></person><person xml:id="i837057"><persName>Helena Iselin</persName></person><person xml:id="i835771"><persName>Dietrich Preiswerk-Bischoff</persName></person><person xml:id="i868068"><persName>Sophia Vischer-Preiswerk</persName></person><person xml:id="i867825"><persName>Isaak Iselin-Forcart</persName></person><person xml:id="i837084"><persName>Helena Iselin-Iselin</persName></person></listPerson><listObject><object xml:id="i873831" type="tag"><objectIdentifier><objectName>Selbstzeugnis schreiben</objectName></objectIdentifier></object><object xml:id="i898746" type="tag"><objectIdentifier><objectName>Schmerz/Krankheit Familie</objectName></objectIdentifier></object><object xml:id="i873825" type="tag"><objectIdentifier><objectName>Altersgebrechen</objectName></objectIdentifier></object><object xml:id="i873901" type="tag"><objectIdentifier><objectName>Trennung</objectName></objectIdentifier></object><object xml:id="i873990" type="tag"><objectIdentifier><objectName>Selbstreflexion</objectName></objectIdentifier></object><object xml:id="i874011" type="tag"><objectIdentifier><objectName>Furcht</objectName></objectIdentifier></object><object xml:id="i874045" type="tag"><objectIdentifier><objectName>Gedanken zur Erziehung</objectName></objectIdentifier></object><object xml:id="i899058" type="tag"><objectIdentifier><objectName>Alter(n) anderer Personen</objectName></objectIdentifier></object><object xml:id="i874090" type="tag"><objectIdentifier><objectName>Personenbeschreibung</objectName></objectIdentifier></object><object xml:id="i873964" type="tag"><objectIdentifier><objectName>Selbstkritik</objectName></objectIdentifier></object><object xml:id="i873838" type="tag"><objectIdentifier><objectName>Unbekannte Person</objectName></objectIdentifier></object><object xml:id="i884031" type="tag"><objectIdentifier><objectName>Gedanke zur Politik</objectName></objectIdentifier></object><object xml:id="i873880" type="tag"><objectIdentifier><objectName>Tod Familie</objectName></objectIdentifier></object><object xml:id="i873894" type="tag"><objectIdentifier><objectName>Allgemeine Stimmung</objectName></objectIdentifier></object><object xml:id="i873873" type="tag"><objectIdentifier><objectName>Tod Kinder</objectName></objectIdentifier></object><object xml:id="i873929" type="tag"><objectIdentifier><objectName>Trauer</objectName></objectIdentifier></object><object xml:id="i873866" type="tag"><objectIdentifier><objectName>Reisen</objectName></objectIdentifier></object><object xml:id="i873915" type="tag"><objectIdentifier><objectName>Haushalt</objectName></objectIdentifier></object><object xml:id="i874077" type="tag"><objectIdentifier><objectName>Tätigkeiten</objectName></objectIdentifier></object><object xml:id="i873845" type="tag"><objectIdentifier><objectName>Krankheit</objectName></objectIdentifier></object><object xml:id="i874003" type="tag"><objectIdentifier><objectName>Verhalten</objectName></objectIdentifier></object></listObject>
    </sourceDesc>
      </fileDesc>
      <profileDesc>
         <textClass>
            <!-- vérifier !!! -->
            <catRef scheme="#genre" target="#journal"/>
         </textClass>
         <langUsage>
            <language ident="de">Deutsch</language>
         </langUsage>
      </profileDesc>
   </teiHeader>
       <text><body><div xml:id="d23387967" corresp="d871010" ><head resp="#editor">Epitom<date> 20.01.1797 </date></head><pb n="1"/><p>97 1 20<lb/>Auszüge aus dem <rs ref="#i869675" type="person">Hesprus<lb/></rs></p><p>[„]Nur ein Mensch, der nach einem Freunde so wie <lb/>nach einer Freundin schmachtet, verdient beide, <lb/>aber es giebt Menschen die aus der Erde <lb/>gehen ohne je darüber besorgt oder betrübt <lb/>gewesen zu sein, daß sie niemand darin <lb/>geliebt hatte. Derjenige der nach dem <lb/>Comercien Tractat der Kaufleute, nach dem <lb/>gesellschaftlichen Vertrag der Weltleute <lb/>sogar nach dem Gränz- und Tausch Vertrag <lb/>der Liebe nichts höcheres kennt, ein solcher - <lb/>dessen fahles Herz nichts weis von der <lb/>Bruderunität befreundeter Menschen, vom <lb/>Anastomasieren ihrer edlen Gefäße und <lb/>von ihrer Eidgenossenschaft in Streit und <lb/>Schmerz – ich sehe aber nicht warum <lb/>ich von diesem Tropfen so lange rede <lb/>da er nicht einmal in Flamnis Sehnen sich <lb/>einzufühlen weiß &amp; der ein liebendes achtendes <lb/>Herz begehrte, weil seine Fehler u seine <lb/>Tugenden in gleichem Maße abstießen.[“]</p></div><div xml:id="d23387970" corresp="d871027" ><head resp="#editor">Tagebucheintrag<date> 15.02.1797 </date></head><pb n="2"/><p>97 2 15<lb/>Diese mir vorgenommene im vor<supplied>gefallne</supplied> <lb/><rs ref="#i873831" type="object">stehenden Blat angefangne</rs> Beschäftigung <lb/>mußte ich abbrechen, weil die <rs ref="#i898746" type="object">Krank-<lb/>heit </rs>meiner <rs ref="#i836791" type="person">Tochter</rs>, die Wartung die <lb/>dieselbe fo[r]derte, der Schmerz den sie <lb/>mir verursachte, meinen schon sehr <lb/><rs ref="#i873825" type="object">zerrütteten Körper</rs> so darniederschlug <lb/>daß das schreiben mir eine Unmög-<lb/>lichkeit wurde. Möchte Gott ihre <lb/>anscheinende Wiederherstellung zulassen, <lb/>so würden auch meine Krafte sich wieder <lb/>erholen, und ich würde wieder im Stande <lb/>sein für das Wohl aller meiner Kinder <lb/>wirksam zu seyn; ach Gott wie wehe that <lb/>mir die <rs ref="#i873901" type="object">Trennung</rs> von einem Theil der-<lb/>selben! Wie werde ich dem Himmel danken <lb/>wenn er mich wieder mit allen vereint. <lb/>Doch auch diese traurig durchlebte Zeit <lb/>war nicht ohne Nuzen für mich, ich habe vieles</p><pb n="3"/><p><rs ref="#i873990" type="object">erfahren</rs> aus dem ich Nuzen ziehen kan. <lb/>Die Krankheit und Schwäche des Körpers <lb/>hat sehr verschiedene Wirkungen, sie <lb/>können sehr heilsam seyn, können aber <lb/>den moralischen Charakter des Menschen <lb/>sehr erniedrigen, sie machen die <lb/>Nichtigkeit vieler dinge einsehen, führen <lb/>zu den reinen Quellen des Trostes und <lb/>der Hoffnungen; hingegen aber, da <lb/>die Kräften sehr ermattet sind, die <lb/>Thätigkeit, die zur Fröhlichkeit führt, <lb/>fehlt, neigt sich das Gemüth zu mürischen <lb/>Gesinungen, zu Argwohn Neid <rs ref="#i874011" type="object">Furcht</rs>, <lb/>Ängstlichkeit, welche sehr schwer zu <lb/>bekämpfen sind; es ist ein Kampf <lb/>wer darin besteht, <del>dem</del> wird unverfälschtes <lb/>Gold zum Lohn; wehe dem der Unterliegt! <lb/>Gott gebe mir Kraft daß ich bestehe!</p></div><div xml:id="d23387973" corresp="d871027" ><head resp="#editor">Tagebucheintrag<date> 15.02.1797 </date></head><pb n="5"/><p> </p><p>97 2 15<lb/>Wäre es nicht gut<rs ref="#i874045" type="object"> den Kindern</rs> in einem <lb/>gewißen dazu dienlichen <rs ref="#i899058" type="object">Alter</rs> den Kopf <lb/>mit Helden Geschichten und Heldenthaten <lb/>anzufüllen? Könnte man nicht dieser dadurch <lb/>angefeurten Imagination bei erwachender <lb/>Vernunft die herlichste Richtung geben? <lb/>Sollte man nicht bei <del>der</del> Erziechung <supplied>de</supplied> mehr <lb/>den Gang befolgen, den die Natur bey <lb/>Erziechung des ganzen Menschengeschlechts <lb/>genomen hat? Wie vieles bleibt dem <lb/>Menschen hierüber noch zu denken und <lb/>zu thun über. Wie wenig ist noch gethan</p></div><div xml:id="d23387975" corresp="d871046" ><head resp="#editor">Tagebucheintrag<date> 16.02.1797 </date></head><pb n="5"/><p>16</p><p>Die Leidenschaften sollte man nicht auszurotten <lb/>sondern sie zu lenken suchen; aus dem <rs ref="#i874045" type="object">Kinde</rs> <lb/>herausbilden was in ihm liegt, aber nicht <lb/>hereinfliken wollen, was nicht hereinpaßt. <lb/>Ein leichter froher Sieg macht zu allem Guten <lb/>geneigt, den zu erhalten scheint mir das Wichtig-<lb/>ste; Unausgebildete Kräfte und Fähigkeiten <lb/><supplied>machen</supplied> <del>lassen</del> den Menschen in Unruh und Unordnung</p><pb n="6"/><p> </p><p>gerathen; <supplied>U</supplied> ausgebildete, bringen ihn <lb/>in Thätigkeit, und Thätigkeit macht <lb/>froh, und froh seyn stärkt Körper <lb/>und Geist, sezt in Freyheit und macht <lb/>zu allem <supplied>Gut</supplied>e Großen und Edlen geneigt. <lb/>Will man aus dem Menschen mehr <lb/>machen als die Natur will, so legt man <lb/>ihm eine Last auf die ihn zu Boden drückt <lb/>die Körper und Geist schwächt, ihn <lb/>mit allem unzufrieden, und zur Thätig-<lb/>keit unfähig macht, mit dumer <lb/>Aufgeblasenheit sehe <del>solche</del> [ein Wort getilgt, unleserlich, evtl. <supplied>diese</supplied>] auf die <lb/>weniger gelehrten herunter, erregen <lb/>in <supplied>denselben</supplied> <del>diesen</del> natürlicherweise Neid <lb/>Bitterkeit und Verachtung, diese wirkt <lb/>auf Erstere zurück, und bring Haß <lb/>statt Menschenliebe.</p></div><div xml:id="d23387977" corresp="d871055" ><head resp="#editor">Tagebucheintrag<date> 17.02.1797 </date></head><pb n="7"/><p> </p><p>17</p><p>Gestern machte ich <rs ref="#i835836" type="person">Susan</rs> scharfe Vorwürfe <lb/>über <rs ref="#i874045" type="object">Trägheit und Leichtsinn</rs>, besonders <lb/>über ihre gefährliche Neigung nur Gefallen <lb/>am Umgang mit Menschen zu haben, die <lb/>ihre oberflächlichen und scheinbaren Eigenschaften <lb/>lobten, sie war gerührt und zeigte mir <lb/>Liebe u Rührung, dis war mir Beweis daß <lb/>ich ihr in diesem leztern Punkt zum Theil <lb/>unrecht that, dis soll mich warnen, sonst möchte <lb/>meine Unbilligkeit, die Wirksamkeit meiner <lb/>Vorstellungen schwächen. <rs ref="#i835836" type="person">Su</rs> hat ein empfind-<lb/>sames Herz <rs ref="#i874090" type="object">ein feines Gefühl</rs>, <supplied>aber</supplied> u viele <lb/>Fähigkeit aber leider haben eben diese Vorzüge <lb/>ihr <supplied>z</supplied> unzeitiges Lob erworben, und die Anstreng-<lb/><supplied>g</supplied>ung ihrer Kräfte gehemmt.</p></div><div xml:id="d23387981" corresp="d871065" ><head resp="#editor">Tagebucheintrag<date> 18.02.1797 </date></head><pb n="7"/><p>18</p><p>Gestern sang <rs ref="#i835836" type="person">Susan</rs> während dem ich <rs ref="#i873831" type="object">schrieb</rs> <lb/>ein mattes<rs ref="#i884031" type="object"> Französisches Liedchen</rs> im einem <lb/>fort, ich ärgerte mich darüber u machte <lb/>ihr über ihren Geschmak <rs ref="#i874045" type="object">bittere Vorwürfe</rs> <lb/>so daß ich <rs ref="#i873964" type="object">mit mir selbst unzufrieden</rs> war.</p><pb n="8"/><p> </p><p>Weil ich mir sagte daß man den Geschmak <lb/>nicht einschmälen könne. Auf den Abenn <lb/>gieng<supplied>en</supplied> sie ans Clavier, sang mit meiner <lb/><rs ref="#i873838" type="object">Niece</rs> schöne deutsche Lieder, und wie mir <lb/>schien, mit Gefühl, ich war mit mir <lb/>selbst unein wie ich mir die Sache er-<lb/>klaren sollte; verstellen kan sie sich nicht, <lb/>und durch ein Vorwurf den Geschmack <lb/>wenden ist nicht wohl möglich.<lb/>Ich glaube daß viele gute Eigenschaften <lb/>auch edle Triebe oft im Menschen, nicht <lb/>fehlen wenn sie sich schon nicht aussern, <lb/>sondern nur auf eine Gelegenheit warten <lb/>sich äussern zu können; aber das glaubte <lb/>ich nicht daß ein Anfall von übler Laune <lb/>von mir, eine gute Wirkung haben würde, <lb/>aber es war vieleicht nicht nur Laune <supplied>von <lb/>mir</supplied>, es war unangenehmes Gefühl ihres <lb/>üblen Geschmacks, der mir vieleicht an einem <lb/>Fremden gleichgültig gewesen wäre, es <lb/>wäre in diesem Fall Erfolg meiner Liebe</p><pb n="9"/><p> </p><p>zu ihr, und alles was aus dieser Quelle <lb/>fließ wird immer Nutzen bringen, wenn <lb/>diese Quelle vorher nicht getrübt worden. <lb/>Deswegen glaube ich immer, daß gute <lb/>Lehren von den Eltern bei den Kindern mehr <lb/>Eingang, als von Fremden finden werden.</p></div><div xml:id="d23387984" corresp="d871076" ><head resp="#editor">Tagebucheintrag<date> 23.02.1797 </date></head><pb n="9"/><p>2 23</p><p>Aber sollte nicht die Lebe der Eltern ganz <lb/>anders beschaffen seyn als sie es meistens <lb/>ist, um wirklich <rs ref="#i874045" type="object">gute Wirkung zu bringen</rs>, <lb/>die Meisten Eltern lieben ihre Kinder nur <lb/>weil sie die ihrigen sind, nicht aus Menschen <lb/>liebe, sondern aus Eigenliebe, werden die <lb/>Kinder größer, u fangen sie an durch sich <lb/>selbst und nicht ganz nach der Eltern Willen <lb/>zu handlen so erkaltet diese Liebe <del>fast</del> ganz <lb/>und nur gegen Fremde scheinen sie sich zu <lb/>lieben, es ist dan mehr ein Vertrag als <lb/>Liebe <supplied>zu seyn das</supplied> was sie bindet.<lb/>Sollten nicht die Eltern sich frühe alle Mühe <lb/>geben den Kindern zu zeigen daß sie an ihnen <lb/>nichts lieben als was an jedem andern Kind</p><pb n="10"/><p> </p><p>ihnen liebenswürdig seyn würde. Dadurch <lb/>schon würde den Kindern eine Achtung und <lb/>Liebe zum <supplied>ihren Eltern</supplied> Guten, und zu ihren <lb/>Eltern eingeflößt, die viel fester und <lb/>bleibender wäre als alle Vertrags Liebe.</p></div><div xml:id="d23387986" corresp="d871085" ><head resp="#editor">Tagebucheintrag<date> 01.04.1797 </date></head><pb n="10"/><p>1 Aprill<lb/>Ach was für ein schmerzlicher Zufall hat <lb/>meine Seele darniedergebeugt, hat jede Quelle <lb/>der Freude ausgetrocknet, tief ist sie geschlagen <lb/>die Wunde die nie ganz heilen wird! <lb/><rs ref="#i898746" type="object">Traurig </rs>floßen meine Tage dahin beküm-<lb/>mert über das Schiksal meiner guten <rs ref="#i836791" type="person">A M <lb/></rs>die schon 13 Monden krank u schwach darnie-<lb/>der lag, oft habe ich mit bangem Kampf vor <lb/>Gott mich gefaßt gemacht ihr Verlurst zu <lb/>ertragen; schmerzlich war mir die <rs ref="#i873901" type="object">Tren-<lb/>nung</rs> von einem Theil meiner Kinder, o mit <lb/>welcher bangen Sehnsucht freute ich mich <lb/>meine liebe <rs ref="#i833926" type="person">Lene</rs> mein muntrer <rs ref="#i835869" type="person">Lux </rs>wie-<lb/>der in meine Arme zu faßen!<lb/><rs ref="#i836791" type="person">A M</rs> besserte sich u mit jedem Stral von</p><pb n="11"/><p> </p><p>Hoffnung, mehrte sich meine Sehnsucht <lb/>meine Lieben wiederzusehen, ach Gott als <lb/>dann durfte ich mich klagen! U wie war <lb/>meine Lage wenn ich sie gegen der jetzigen <lb/>vergleiche! Schon einige Zeit erwartete <lb/>ich in Besuch von meinem <rs ref="#i867938" type="person">Mann</rs> u hoffte auch <lb/>meine <rs ref="#i837069" type="person">Mutter</rs> werde mit kommen, sie kamen <lb/>aber ach Gott! Auch unser Würdige Freund <lb/><rs ref="#i873838" type="object">Pf M</rs> mit; inig war meine Freude, nur <lb/>schien mir Schmerz auf dem Gesicht meiner <lb/><rs ref="#i837069" type="person">Mutter</rs> gezeichnet, ich schrieb es dem <rs ref="#i873880" type="object">Tod</rs> <lb/>von der <rs ref="#i837057" type="person">Hel Iselin</rs> der mir selbst so ausserst <lb/>schmerzlich war zu.<lb/>Aber ach Gott wie schreklich wurden mir <lb/>den andern Morgen <supplied>mir</supplied> die Augen geöfnet <lb/>als der gute <rs ref="#i873838" type="object">D B</rs> mir sagte, ob ich nicht ver-<lb/>wundert gewesen meine <rs ref="#i837069" type="person">Mutter</rs> u H <rs ref="#i873838" type="object">Pf M</rs> <lb/>zu sehen, auch habe er Traurigkeit auf dem <lb/>Gesicht meines <rs ref="#i867938" type="person">Mann’s</rs> bemerkt, wie vom</p><pb n="12"/><p> </p><p>Blitz gerührt <rs ref="#i873894" type="object">zitterte</rs> ich, wollte mehr <lb/>wissen, aber er durfte nicht weiter reden. <lb/>Ich eilte zu<rs ref="#i873838" type="object"> Pf M</rs>; immer immer werden <lb/>die schreklichen Worte in meiner Seele <lb/>tönnen, die mir sagten daß meine<rs ref="#i833926" type="person"> Lene<rs ref="#i873873" type="object"></rs> nicht <lb/>mehr sey</rs>, meine <rs ref="#i833926" type="person">Lene</rs> das liebende von <lb/>Gesundheit strotzende fleißige gefällige <lb/>Mädchen! Sie auf die all meine Hoffnung <lb/>gerichtet war, wenn ich dacht, wie viel <lb/>Schonung <rs ref="#i836791" type="person">A M </rs>u ich zu Wiederherstellung <lb/>der Gesundheit würden nöthig haben, <lb/>sie die durch Fleiß sich Kenntniße erwor-<lb/>ben durch die sie ihre jüngern Geschwistert <lb/>hätte so nützlich seyn können, ist nicht mehr, <lb/>ist von mir gerissen ohne daß ich zu <lb/>ihrer Labung was thun konnte ohne Um-<lb/>armung, <rs ref="#i873929" type="object">ohne Abschied</rs>, ohne daß ich ihr <lb/>zeigen konnte wie lieb sie mir war.</p><pb n="13"/><p> </p><p>Ach du weißt es doch liebe liebe selge <lb/>was du mir warst was du mir noch bist <lb/>was ich gerne für dich gethan hätte! O könn-<lb/>test du die Thräne meiner Wehmuth aus <lb/>dem Lande der Verklärten sehen, nicht stören <lb/>sollten sie dich <supplied><del>nicht</del></supplied> es sind nicht Thränen der <lb/>Verzweiflung, es sind Thränen der Weh-<lb/>muth der Hoffnung, der Andung der Liebe, <lb/>Pfand des Wiedersehns, Thränen deren <lb/>der Mensch sich nicht zu schämen hat.</p></div><div xml:id="d23388002" corresp="d871112" ><head resp="#editor">Tagebucheintrag<date> 14.04.1797 </date></head><pb n="13"/><p>14</p><p>Was für eine <rs ref="#i873929" type="object">schmerzlich Bahn</rs> bin ich seit <lb/>langem gewandeld? Welch <rs ref="#i898746" type="object">schmerzliches Leiden <lb/></rs>hat der Himmel über mich verhängd? <lb/>Was ich über alles schätze über alles liebe, <lb/>was ich immer über alles schätzte und liebte <lb/>sind und waren meine Kinder: Und nun <rs ref="#i873873" type="object">reißt <lb/></rs>das Schiksal mit eiserner Hand <del>zwei</del> von meiner <lb/>Seite d.’ Mertz starb nach einem 6 tägigen <lb/>Fieber meine <rs ref="#i833926" type="person">Lene</rs>, getrennt seit 2 Monden <lb/>von mir und <supplied>meinem</supplied> ihren beiden Schwestern</p><pb n="14"/><p> </p><p>gemäht wurde sie, wie eine Blume die <lb/>des Morgens sich oefnet und des Abends <lb/>unter der Sense des Schnitters fällt. <lb/>Schrecklich war der Schlag meinem Herzen, <lb/>eine schauervolle Zeit vo Thränen des <lb/>Schmerz’s u der Wehmuth in Menge <lb/>von meinen Augen floßen <supplied>do</supplied> wo aber auch <lb/>zugleich die Vorsehung mir Trostgründe <lb/>verlieh, und Kraft schenkte für die Erleich-<lb/>terung der Leiden meiner armen leiden-<lb/>den <rs ref="#i836791" type="person">Amy</rs> zu sorgen.<lb/>Lang und groß waren die Leiden dieser <lb/>guten offnen redlichen wahrheit<supplied>s</supplied> liebenden <lb/>Seele. Der Schmerz über den Verlurst <lb/><rs ref="#i833926" type="person">deiner Schwester</rs>, die <del>dir</del> nicht nur Schwester, <lb/>die deine innigste Freundin war, der <lb/>Kummer über die Leiden deiner Mutter, <lb/>zerrissen langsam <supplied>de</supplied> und schmerzlich die <lb/>schwachen Faden die deinen Körper noch <lb/>an deine Seele banden; bald würdest</p><pb n="15"/><p> </p><p>du vereinet mit deiner innig geliebten <lb/>aufgelößt sind die Feßeln dieses irdischen <lb/>Lebens, wo deine Freymüthigkeit tausend <lb/>Klipen, deine Tugend vieleicht fallen, und <lb/>redliche Einfalt Spott angetroffen hätte. <lb/>Ruhet vereint gute Seelen, kurz waren <lb/>für Euch die flüchtigen Freuden dieser <lb/>Erde! Wie ein heitrer Frühlingstag ist <lb/>dein Leben verfloßen liebe sanfte <rs ref="#i833926" type="person">Lene</rs>! <lb/>Einer gefährlichen, aber mit reitzender <lb/>Hoffnung begleiteder Schifffahrt, glich dein <lb/>mit so vielen körperlichen Leiden gedrücktes <lb/>Leben gute redliche <rs ref="#i836791" type="person">Ammi</rs>!<lb/>Eure <rs ref="#i873901" type="object">Trennung</rs> ist für lange das Grab meiner <lb/>Freuden, wo ich hintrette sagt mir alles <lb/>hier wandelden die Lieben an deiner Seite <lb/>jeder Baum jede Blume jedes Blat ruft mir <lb/>eure Spur mit beissendem Stachel in mein <lb/>Bussen, und reißt die immer blutende Wunde mit <lb/>tausend Stichen wunden; was ich ehmals in selgen <lb/>Zeiten, da ich euch ihr Lieben noch an meiner Seite</p><pb n="16"/><p> </p><p>hatte mit vielfältigem Vergnügen ansah <lb/>weil euer Genuß meine Seele erhöhte und <lb/><supplied>mich zum</supplied> <del>mir das</del> Mitgefühl vergönnte ist nun, da <lb/><rs ref="#i833926" type="person"><rs ref="#i836791" type="person">ihr</rs></rs> getrennt von mir seyd, tod und freu-<lb/>denleer für mich; nur ein Trost o ihr <lb/>Lieben! Kan der Gedanke an euch mir <lb/>gewähren, das Leben nur das so freuden <lb/>leer, das so durch Schmerz getrübt für <lb/>mich ist nur das Leben habt ihr verlohren, <lb/>eure aufblühenden Seelen deren Fähikeiten <lb/>sich kaum entwickelten, die noch keine <lb/>Leidenschaft verunstaltete die fern von <lb/>Eigennutz, nur liebend und Freude verbring-<lb/>end waren, haben sie nur abgelegt, diese <lb/>Hüllen, die das Werkzeug der Seelenkräfte <lb/><supplied>aber auch</supplied> auf dieser Erde, aber oft auch <lb/>ihre Kerker sind; abgelegt; Eine Güte <lb/>deren größe kein Sterblicher begreiffen, und <lb/>deren Größe nur jeder in dem Maaße begreift,</p><pb n="17"/><p> </p><p>als seine eigne Seele der hochen Empfindun-<lb/>gen der Güte und Liebe fähig sind, diese <lb/>unendliche Vaterliebe hat dieses Erdenleben <lb/>euch geschenkt er der diese Hüllen euch <lb/>gegeben und genommen, bleibt Vater für <lb/>eure Seelen, die nun diesem Erdenrund <lb/>entnomen, an einer andern Stelle der <lb/>Statt Gottes schweben, nur eine andere Stelle <lb/>der Übung und des Aufsteigens ist euch <lb/>angewiesen, ja gewiß ich werde dereinst <lb/>euch wiederfinden! Sollten unsere Hoffnungen <lb/>höcher steigen als die unendliche Güte? <lb/>Wer hat in unsere Seelen gepflanzt <supplied>der</supplied> <lb/>die Hoffnung die Ahndung, die Sehnsucht <lb/>nach höchrem steigen, wars nicht die un-<lb/>endliche Güte? Ja und diese wird und <lb/>kan nicht wanken nicht zurückgehn: ja <lb/>Gott ist größer als unser Herz, herrliche <lb/>Zuversicht!<lb/>So ruhet dan sanft ihr mir auf ewig</p><pb n="18"/><p> </p><p>Geliebten. Nicht für dieses Leben allein <lb/>war es geknüpft das Band der Liebe <lb/>zwischen euch und mir, dereinst soll <lb/>und muß ich euch wiederfinden; <lb/>Meine Thränen mein Schmerz soll <lb/>und kan eure Ruhe nicht stören: <lb/>mit Hoffnung sind sie werwebt, und <lb/>werden <supplied>dereinst</supplied> Saat zu höchern <lb/>Freuden werden; eure Trennung hat mir <lb/>viel Leiden gebracht, aber gerne will ich <lb/>sie tragen die Last der Trübsale, die Weh-<lb/>muth die mir eure Entfernung verursacht <lb/>ist mir Pfand, daß ich dereinst höchrer <lb/>Liebe fähig, euch finden, und eurer ver-<lb/>klärtern Liebe geniesen werden. Abgezogen <lb/>von dem was gemeiniglich von Menschen <lb/>gesucht geehrt geliebt wird, will ich nur <lb/>suchen nur lieben nur schätzen, was auch <lb/>beym Gedanken an eure Gruft, mir <lb/>würdig scheinen kan. Was kan meine <lb/>Seele mehr furchten auf dieser Erde</p><pb n="19"/><p> </p><p>nachdem sie die hartesten Proben überstanden <lb/>ohne kindische Klage ohne Menschenfurcht <lb/>will ich forthin wandlen nur der Tugend <lb/>und Wahrheit getreu durch dis Leben, das <lb/>ich nur in so fern schätzen kan als ich es <lb/>durch Gebrauch verdiene, welches ich nieder-<lb/>zulegen in die Hand meines Schöpfers kei-<lb/>nen Augenblick scheue. Was ists das mich <lb/>nach hienieden bindet? Die Liebe zu meinen <lb/>Kinder, aber wie kindisch müßte diese be-<lb/>schaffen seyn, wenn sie mein Muth zum <lb/>Guten schwächen könnte! In der Hand des <lb/>Schöpfer wandeln sie wie ich, nur in so <lb/>fern darf ich hoffen zu ihrem Wohl bei-<lb/>zutragen, als mein <del>Betragen</del> ihrer Nachahmung wür-<lb/>dig seyn wird. All mein Thun sey ferner <lb/>euch geweiht ihr Lieben, gewährt, der <lb/>Himmel mir die Gunst zu eurem Nutzen <lb/>was beizutragen so soll mein Leben mir</p><pb n="20"/><p> </p><p>heilig seyn. Soll euer Leben <del>sich</del> länger <lb/>ersträcken als das der lieben Getrennten <lb/>soll ich euch so lang ich hier noch wandle <lb/>neben mir wissen? O welch entzücken! <lb/>Aber dis vom Himmel zu bitten wage ich <lb/>nur in so fern, als die Verlängerung <lb/>desselben eurer höchren Volkomenheit  <lb/>nicht könnte hinderlich seyn, wenn dis <lb/>wäre o wie wollte ich gerne noch <lb/>die Wunde auch euch zu verlieren <lb/>in mein Herz stoßen, die letzte, wäre <lb/>es die letze dieses Erdenlebens. <lb/>Sanf ruhet ihr liebenden Seelen <lb/>wie zwei Schutzengel, scheint ihr mir <lb/>zur Seite zu gehen, und immer immer <lb/>soll der Gedanke an euch jede gute <lb/>und schöne Empfindung in mir stärken <lb/>und beleben; jede Unwürdige töden. <lb/>Meine Liebe zu euch strahle zurück auf</p><pb n="21"/><p> </p><p>eure zurückgebliebenen <rs ref="#i835771" type="person"><rs ref="#i835836" type="person"><rs ref="#i835869" type="person"><rs ref="#i868068" type="person">Geschwistert</rs></rs></rs></rs> <lb/>und belebe in ihnen jeden Trieb zum <lb/>Guten. Wie froh will ich dan noch jeden <lb/>Schmerz, jedes Leiden dieses Lebens <lb/>ertragen, nur das könnte ich nicht <lb/>ertragen, sie durch Schuld unglücklich <lb/>zu sehen, es zu verhüten sey einzig mein <lb/>Bestreben.<lb/> </p><p>Die <rs ref="#i873866" type="object">Rückkunft</rs> meines Sohn’s <rs ref="#i835771" type="person">dt </rs>hat mein <lb/>Herz u Seele wieder neues Intresse <lb/>gegeben, nichts kan mir in meiner jetzigen <lb/>Lage genügen als Beschäftigung mit den <lb/>Kindern, aber schwer liegt es auf mir <lb/>daß ich überall nicht genüge leisten kan, <lb/>ist’s die Bestimmung des Menschen im allge-<lb/>meinen oder nur die meine besonders, immer <lb/>mehr zu wollen als zu können? Oder ist es <lb/>meine Schuld daß mein Können meinem Wollen</p><pb n="22"/><p> </p><p>nie entspricht. <rs ref="#i873825" type="object">Meine Gesundheit</rs> ist er-<lb/>schöpft, meine <rs ref="#i873915" type="object">Hausgeschäpfte</rs> zu ausgedehnt <lb/>für den Theil meiner Kräften die ich daran <lb/>wenden möchte, meiner Neigung zur Aus-<lb/><rs ref="#i874077" type="object">bildung meines Geistes</rs> die für meine <lb/><rs ref="#i874045" type="object">Kinder so nützlich wären</rs> könnte ich nie <lb/>entsprechen. Dis halte ich nebst anderm <lb/>Kummer der an m einem Herzen nagt die <lb/>Quelle meiner <rs ref="#i873845" type="object">Kränklichkeit</rs>; aber die-<lb/>se Umstände <supplied>zu ändern</supplied> kan ich nicht ändern. <lb/>die Vorsehung hat mir sie aufgelegt, ich <lb/>muß sie tragen so gut ich kan, es kömmt <lb/>nicht darauf an was in der Weld durch <lb/>mich verrichtet <supplied>wird</supplied> werde, sondern auf mein <lb/>Bestreben das Gute zu verrichten.<lb/>Der Mensch ist freilich zum Theil Herr seines <lb/>Schiksales doch wie viel hängt dasselbe auch <lb/>von Umständen ausser ihm ab, mein Trost <lb/>darf doch der seyn daß keine eigennützigen</p><pb n="23"/><p> </p><p>Absichten je meine Handlungen führten <lb/>und meine Umstände bestimmten. <lb/>Der Himmel stärke mein Streben, und <lb/>laß mich nicht sinken unter der Last meiner <lb/>Umstände.<lb/>Ich fühle wohl daß der wenige Genuß <lb/>den ich von meiner Jugend an von den Men-<lb/>schen empfieng mich zu sehr von denselben <lb/>zurückzog mich in mich selbst verschloß, <lb/>o wie schlug von früher Jugend auf mein <lb/>Herz für Freundschaft und Liebe, aber wo <lb/>fand es je ganz genüge? Von einem <rs ref="#i867825" type="person">Vater <lb/></rs>zärtlich geliebt, von einem <rs ref="#i867825" type="person">Vater</rs> wie es <lb/>wenige giebt, dem aber das Schiksal auch <lb/>harte Feßeln auflegte, u der nicht das für <lb/>die seinen seyn konnte was er gewis <lb/>wollte, bei ihm allein fand ich der Mensch <lb/>der des Menschen würdig handelte, meine <lb/><rs ref="#i837069" type="person">Mutter</rs> liebte ich mit kindlicher Zärtlichkeit</p><pb n="24"/><p> </p><p>aber ihre Ängstlichkeit den Menschen zu <lb/>misfallen, ihre <rs ref="#i874090" type="object">Unterwürfigkeit</rs> in alle <lb/>Frohndienste von Gebräuchen und thorichten <lb/>Anständigkeits=Regeln schienen mir so <lb/>sehr mit der Güte ihres Herzens u der <lb/>Liebe für ihre Kinder zu streitten, daß mein <lb/>Herz darüber oft bluttete. Aus Liebe zu <lb/>allem was mir Pflicht war, <rs ref="#i874003" type="object">zog</rs> ich mich <lb/>von allen Vergnügen ausser dem Hause <lb/>zurück, meine Mutter u ältere <rs ref="#i837084" type="person">Schwester<lb/></rs>nanten dis Kaltsinn u mangel an Geschmak <lb/>dies zog mich etwas zurück, machte mich <lb/>auf mich selbst stolz, und erzeugte oft <lb/>kleine Misheligkeiten, wo ich sogar von <lb/>meinem <rs ref="#i867825" type="person">Vater</rs> miskant wurde, weil ich <lb/>gegen meine <rs ref="#i837069" type="person">Mutter</rs> nie klagen wollte. <lb/>Und so bist zu armes auf allen Seiten <lb/>beleidigte sich gern aufopfernde und <lb/>sich wirklich aufopfernde Herz, bis itzt</p></div>
       </body></text>
   </TEI>
    