<?xml version="1.0"?>
    <?xml-model href="http://www.tei-c.org/release/xml/tei/custom/schema/relaxng/tei_all.rng" type="application/xml" schematypens="http://relaxng.org/ns/structure/1.0"?>    
    <TEI xmlns="http://www.tei-c.org/ns/1.0" xml:id="d891345">
       <teiHeader>
          <fileDesc>
             <titleStmt>
                <title>Heft 13 (1816-1817)
                </title>
                <author>Anna Maria Preiswerk-Iselin</author>
             </titleStmt>
             <publicationStmt>
                <publisher xml:id="editor">Tagebücher Anna Maria Preiswerk-Iselin Projekt</publisher>
                <pubPlace>Basel</pubPlace>
                <date when="2022-03">March 2021</date>
                <availability>
                   <licence notBefore="2022-03-01" target="http://creativecommons.org/licenses/by-sa/4.0/">
                      <p>[...]</p>
                      <p>This work is licensed under a Creative Commons Attribution-ShareAlike 4.0 International License.</p>
                      <p> You are free to: <list>
                            <item> Share — copy and redistribute the material in any medium or format</item>
                            <item> Adapt — remix, transform, and build upon the material</item>
                         </list>
                      </p>
                      <p> Under the following terms: <list>
                            <item> Attribution — You must give appropriate credit, provide a link to the license, and indicate if changes were made. You
                               may do so in any reasonable manner, but not in any way that suggests the licensor endorses you or your use.</item>
                            <item> ShareAlike — If you remix, transform, or build upon the material, you must distribute your contributions under the same
                               license as the original.</item>
                            <item> No additional restrictions — You may not apply legal terms or technological measures that legally restrict others from
                               doing anything the license permits.</item>
                         </list>
                      </p>
                      <p>The licence was added on March first, 2022.</p>
                   </licence>
                </availability>
             </publicationStmt>
             <sourceDesc>
                <msDesc>
                   <msIdentifier>
                      <settlement>Basel</settlement>
                      <repository>Staatsarchiv</repository>
                      <idno>StABS PA 511 304-03-04</idno>
                      <msName>Heft 12 (1815-1816) - Anna Maria Preiswerk-Iselin </msName>
                   </msIdentifier>
                </msDesc>
    <listPerson><person xml:id="i869993"><persName>Caroline Rudolphi</persName></person><person xml:id="i837069"><persName>Helena Iselin-Forcart</persName></person><person xml:id="i836791"><persName>Anna Maria Preiswerk</persName></person><person xml:id="i869942"><persName>Johann Heinrich Pestalozzi</persName></person><person xml:id="i835869"><persName>Lux</persName></person><person xml:id="i835885"><persName>Anna Maria Preiswerk-Forcart</persName></person><person xml:id="i869556"><persName>Johann Gottfried von Herder-Flachsland</persName></person><person xml:id="i869458"><persName>Johann Wolfgang von Goethe</persName></person><person xml:id="i891710"><persName>Johann Heinrich Voß</persName></person><person xml:id="i869433"><persName>Salomon Gessner</persName></person><person xml:id="i869954"><persName>Gottlieb Konrad Pfeffel</persName></person><person xml:id="i869611"><persName>Ludwig Christoph Heinrich Hölty</persName></person><person xml:id="i869239"><persName>Gottfried August Bürger</persName></person><person xml:id="i870018"><persName>Johann Christoph Friedrich von Schiller</persName></person><person xml:id="i837130"><persName>Isaac Iselin</persName></person><person xml:id="i867913"><persName>Maria Helena Hoffmann-Preiswerk</persName></person><person xml:id="i868031"><persName>Sophia Burckhardt-Vischer</persName></person><person xml:id="i868056"><persName>Sophia Thurneysen-Paravicini</persName></person><person xml:id="i869821"><persName>Friedrich Heinrich Karl de la Motte Fouqué</persName></person><person xml:id="i869636"><persName>Franz Christoph Horn</persName></person><person xml:id="i870006"><persName>Johann Gaudenz von Salis-Seewis</persName></person></listPerson><listObject><object xml:id="i874880" type="book_etc"><objectIdentifier><objectName>Gemälde weiblicher Erziehung, 2 Bde. </objectName></objectIdentifier></object><object xml:id="i891596" type="tag"><objectIdentifier><objectName>Mädchenpensionat von Rudolph, Caroline (1785)</objectName></objectIdentifier></object><object xml:id="i874895" type="tag"><objectIdentifier><objectName>Mädchenschule?</objectName></objectIdentifier></object><object xml:id="i874029" type="tag"><objectIdentifier><objectName>Rückblick</objectName></objectIdentifier></object><object xml:id="i873990" type="tag"><objectIdentifier><objectName>Selbstreflexion</objectName></objectIdentifier></object><object xml:id="i874235" type="tag"><objectIdentifier><objectName>Ausbildung</objectName></objectIdentifier></object><object xml:id="i874077" type="tag"><objectIdentifier><objectName>Tätigkeiten</objectName></objectIdentifier></object><object xml:id="i875143" type="tag"><objectIdentifier><objectName>Stadt-Land</objectName></objectIdentifier></object><object xml:id="i874148" type="tag"><objectIdentifier><objectName>Besuch</objectName></objectIdentifier></object><object xml:id="i873901" type="tag"><objectIdentifier><objectName>Trennung</objectName></objectIdentifier></object><object xml:id="i873964" type="tag"><objectIdentifier><objectName>Selbstkritik</objectName></objectIdentifier></object><object xml:id="i873929" type="tag"><objectIdentifier><objectName>Trauer</objectName></objectIdentifier></object><object xml:id="i910645" type="tag"><objectIdentifier><objectName>Trübe Stimmung</objectName></objectIdentifier></object><object xml:id="i873894" type="tag"><objectIdentifier><objectName>Allgemeine Stimmung</objectName></objectIdentifier></object><object xml:id="i874436" type="tag"><objectIdentifier><objectName>Über das weibliche Geschlecht</objectName></objectIdentifier></object><object xml:id="i922841" type="tag"><objectIdentifier><objectName>Übelbefinden</objectName></objectIdentifier></object><object xml:id="i874045" type="tag"><objectIdentifier><objectName>Gedanken zur Erziehung</objectName></objectIdentifier></object><object xml:id="i873943" type="tag"><objectIdentifier><objectName>Alter(n)</objectName></objectIdentifier></object><object xml:id="i891654" type="tag"><objectIdentifier><objectName>Heirat</objectName></objectIdentifier></object><object xml:id="i874486" type="tag"><objectIdentifier><objectName>Gedanken zur Ehe</objectName></objectIdentifier></object><object xml:id="i873922" type="tag"><objectIdentifier><objectName>Religion</objectName></objectIdentifier></object><object xml:id="i910699" type="tag"><objectIdentifier><objectName>Heiterkeit</objectName></objectIdentifier></object><object xml:id="i873845" type="tag"><objectIdentifier><objectName>Krankheit</objectName></objectIdentifier></object><object xml:id="i873825" type="tag"><objectIdentifier><objectName>Altersgebrechen</objectName></objectIdentifier></object><object xml:id="i891684" type="book_etc"><objectIdentifier><objectName>Herder, Johann Gottfried von: Johann Gottfried von Herders Herders sämmtliche Werke zur schönen Literatur und Kunst, 3. Bd.</objectName></objectIdentifier></object><object xml:id="i883976" type="book_etc"><objectIdentifier><objectName>Goethe, Johann Wolfgang: Wilhelm Meisters Lehrjahre</objectName></objectIdentifier></object><object xml:id="i891699" type="book_etc"><objectIdentifier><objectName>Homer: Ilias.</objectName></objectIdentifier></object><object xml:id="i891726" type="book_etc"><objectIdentifier><objectName>Gessner, Salomon: Idyllen.</objectName></objectIdentifier></object><object xml:id="i891737" type="book_etc"><objectIdentifier><objectName>Pfeffel, Gottlieb Konrad: Der Perlenkranz.</objectName></objectIdentifier></object><object xml:id="i891750" type="book_etc"><objectIdentifier><objectName>Hölty, Ludwig Christoph Heinrich: Ludw. Heinr. Ch. Hölty’s Gedichte.</objectName></objectIdentifier></object><object xml:id="i891761" type="book_etc"><objectIdentifier><objectName>Bürger, Gottfried August: Gedichte.</objectName></objectIdentifier></object><object xml:id="i874226" type="tag"><objectIdentifier><objectName>Gedanken zur Gesellschaft</objectName></objectIdentifier></object><object xml:id="i873936" type="tag"><objectIdentifier><objectName>Philosophie</objectName></objectIdentifier></object><object xml:id="i891778" type="book_etc"><objectIdentifier><objectName> Schiller, Friedrich: Die Worte des Wahns.</objectName></objectIdentifier></object><object xml:id="i884031" type="tag"><objectIdentifier><objectName>Gedanke zur Politik</objectName></objectIdentifier></object><object xml:id="i873838" type="tag"><objectIdentifier><objectName>Unbekannte Person</objectName></objectIdentifier></object><object xml:id="i874019" type="tag"><objectIdentifier><objectName>Zweifel</objectName></objectIdentifier></object><object xml:id="i873950" type="tag"><objectIdentifier><objectName>Ereignis</objectName></objectIdentifier></object><object xml:id="i873831" type="tag"><objectIdentifier><objectName>Selbstzeugnis schreiben</objectName></objectIdentifier></object><object xml:id="i884071" type="tag"><objectIdentifier><objectName>Wetter</objectName></objectIdentifier></object><object xml:id="i891828" type="book_etc"><objectIdentifier><objectName>de la Motte: Das Schlachtfeld. Eine nordische Abentheure.</objectName></objectIdentifier></object><object xml:id="i874141" type="tag"><objectIdentifier><objectName>Gedanken über den Tod</objectName></objectIdentifier></object><object xml:id="i891852" type="book_etc"><objectIdentifier><objectName>Salis-Seewis,Das Grab. 1783</objectName></objectIdentifier></object></listObject>
    </sourceDesc>
      </fileDesc>
      <profileDesc>
         <textClass>
            <!-- vérifier !!! -->
            <catRef scheme="#genre" target="#journal"/>
         </textClass>
         <langUsage>
            <language ident="de">Deutsch</language>
         </langUsage>
      </profileDesc>
   </teiHeader>
       <text><body><div xml:id="d23400511" corresp="d891355" ><head resp="#editor">Tagebucheintrag<date> 16.06.1816 </date></head><pb n="1"/><p> </p><p>1816 6 16<lb/>In den <rs ref="#i874880" type="book_etc">Briefen</rs> von <rs ref="#i869993" type="person">C. Rudolphi</rs>, herrscht doch ein trefflicher<lb/>Geist! Nicht zur Ausführung des <rs ref="#i874895" type="object">ganzen Plans</rs> ist das<lb/>liebliche Gemälde in den meisten Fällen tauglich da so manches<lb/>zusamen treffen müßte, das selten oder nie zusamen trifft.<lb/>Aber das eine Annäherung daran möglich ist, hat<lb/>die edle Seele an ihrer eignen <rs ref="#i891596" type="object">Anstalt</rs> bewiesen.<lb/>Aber welche Hilfsquellen hatte sie, die so vielen fehlen<lb/>der gute Wille, das Gefühl dessen was Noth thue, kanns<lb/>nicht ausrichten; denn diese<supplied>s</supplied> glaube ich wohl zu haben,<lb/>allein es fehlte mir hinreichender <rs ref="#i874235" type="object">jugendlicher Unter-<lb/>richt,</rs> die Natur hatte mich mit mancherlei Gaben beglückt<lb/>aber <rs ref="#i874029" type="object">zu frühe</rs> ward ich aus einem milden Boden in ein rohes<lb/>Erdreich verpflanzt, wo das Beste in mir sich verstecken,<lb/>wo die edelste Sehnsucht nie befriedigt wurde. Mit harten<lb/>Schlägen des Schicksals wurde ich heimgesucht, in der Schule<lb/>manichfaltiger Leiden wurde ich vielfältig geprüft, meine<lb/>Liebe zum Guten u Wahren ist dadurch nicht gesunken, meiner<lb/>Pflich getreu zu seyn, so viel Gutes zu thun als ich konnte, das<lb/>war doch meist mein <rs ref="#i873990" type="object">größtes Bestreben</rs> u ist es noch<lb/>dies hat auch bis dahin meiner Seele die innere Ruhe<lb/>und Zufriedenheit gewehrt, die mein Leben unter den hartesten</p><pb n="2"/><p> </p><p>Stürmen erhielt u meine Leiden versüßte.<lb/>Seit einiger Zeit aber befällt mich oft eine tiefe Traurigkeit<lb/>gegen die ich hart zu kämpfen habe; was mag wohl die Ursache<lb/>davon seyn? Die gänzliche Veränderungen <rs ref="#i910645" type="object">meiner Lage </rs>meiner<lb/>Beschäftigungen; das mag wohl zum Theil Ursache davon<lb/>seyn! Im Schoos der freien Natur, genöthigt zu<rs ref="#i874077" type="object"> länd-<lb/>lichen Beschäftigungen</rs>, die ich als meine Pflich ansah u<lb/>die meinen Körper stärkten u meinen Geist vom<lb/>elenden Getriebe des <rs ref="#i875143" type="object">Stattlebens</rs> abzogen u angenehm<lb/>beschäftigten, dabey mir noch Ruhe <supplied>gab</supplied> liessen mich mit<lb/>lesen zu unterrichten; o das war ein Leben das für<lb/>mich taugte! Einige Wochen dort von Personen die mir<lb/>lieb waren <rs ref="#i874148" type="object">besucht</rs>, genoß ich in ihrem Umgange<lb/><supplied>mch das</supplied> die süssesten gesellschaftlichen Freuden: o was kann<lb/>das elende Stattleben dagegen geben! Ja ich darf<lb/>um Euch trauern ihr lieben Gefilde wo ich so ruhig das<lb/>Leben des bessern Landmans leben konnte, wo ich der<lb/>schönen Natur, all der herrlichen Gaben Gottes froh mit<lb/>dem Bewußtseyn eines nicht müssigen Mitgliedes heiter</p><pb n="3"/><p> </p><p><supplied>u froh</supplied> geniessen <supplied>konnte</supplied>, wo ich beym Aufgang der Sonne<lb/>mich freuen konnte, eine Zahl froher Menschen für mich<lb/>beschäftigt zu wissen, die für die Ihrigen den Unterhalt<lb/>sich erwarben, die zuweilen durch mich belehrt, getröstet,<lb/>unterstützt mir mit Liebe und Dankbarkeit entgegen<lb/>kammen. O könnte, könnte ich ferners Euch zu Hilfe eilen!<lb/>Mein Herz blutet u kann nur so wenig thun.<lb/>Welche Seeligkeit genoß ich dort wenn meine junge<lb/>Nachkömlinge sich froh u heiter im Schooße der freien<lb/>Natur fühlten. Wenn sie mit mir das Seegen des Himmels sich<lb/>freuten, die einfachen Gaben der Muttererde mit Dankge-<lb/>fühl genoßen! O ihr lieben Gefilde um euch laßt mich<lb/>trauern, doch dankbar aber wehmüthig trauern; nicht<lb/>mir allein schenktet ihr frohe Stunden, selig wurden sie erst<lb/>wenn sie die mitgenossen die mir theuer waren! Dank für<lb/>die ruhigen seligen Stunden welche meine <supplied>selg</supplied> <del>jetz nun [unles.]</del> <rs ref="#i837069" type="person">Mutter</rs> in euch<lb/>durchlebte, rauschet sanft ihr schön belaubten Bäume, <del>dank</del> für die<lb/>lieblichen Schatten die angenehme Kühlung die ihr gewährtet,<lb/>wachset frisch empor ihr jungen Bäume die ich gepflanz um<lb/>den Lieblingsplatz der besten Mutter zu schmücken! Eitel war</p><pb n="4"/><p> </p><p>mein Beginnen! Ehe ihr grüntet war schon die Theure er-<lb/>blasset u ihr bliebet mir nur das Andenken meiner ge-<lb/>rechtesten Trauer! Auch ich werde eures Schattens nicht<lb/>genissen eure Früchte nicht pflücken, aber süße Wehmut werdet<lb/>ihr aus der Ferne oft in mein Herz lispeln. Möge ein gefühl<lb/>volles Herz eures Schattens geniessen u eine dankbare Hand<lb/>eure Früchte pflücken! <lb/>Und du Heiliger Hain, wo die Gebeine meiner theuren <rs ref="#i836791" type="person">A.M.<lb/></rs>ruh, wo so manches theure Angedenken oft meine Seele umschwebte<lb/>u entfernt noch oft umschweben wird; bleibe von Stürmen<lb/>befreit! O ihr prachtvollen Eichen <supplied>lis</supplied> rauschet <supplied>u</supplied> lange u<lb/>mild über die theuersten Manen! Täglich waret ihr<lb/>mir nahe, aber mit jedem Tage wurdet ihr mir werther u<lb/>werther. Jeder erneute Genuß mehrt nun der <rs ref="#i873901" type="object">Trennung</rs> schweres<lb/>Gefühl. Leblos waret ihr zwar doch herrlich erhöhetes<lb/>Leben goßet ihr täglich u mehr in die sehnsuchtsvolle Brust.<lb/>Lebloos <del>zwar</del> schenktet ihr mir, was oft Lebendige mir nehmen.<lb/>Jedes Genußes Gedanke strömme erinnerrnde Freuden dankbar<lb/>der Himmlischen Macht in das verwundete Herz! Fliehe, o Schwermuth [?]<lb/>flieh, schmerzt dich der Gegenwart Dornen, leb in der<lb/>vorigen Zeit, die die Erinnerung schmückt.</p><pb n="5"/><p> </p><p>Nach Liebenden sehnt sich mein Herz; nach der erhabensten Freude,<lb/>mitzutheilen was gut, was mir am schönsten beglückend<lb/>für das aufwachsende Herz, einzig beseeligend mir scheint.<lb/>Pflanzen der Liebe, Keim des kindlichen Gehorsams, und alles<lb/>dessen so löblich u sanft sich nur dem Menschen geziemt.<lb/>Hab ich <rs ref="#i873964" type="object">mich reiflich geprüft</rs> ob auch die himmlische Gabe<lb/>mir von Oben gewährt ob ich nicht frevlend beginne<lb/>Was das Gemüth wohl wünsch, aber die Kraft nicht vermag<lb/>Schwer u beklommen lieg ich <supplied>mich zu des</supplied> <del>oft</del> muthloos u <rs ref="#i873929" type="object">traurig</rs> darnieder<lb/>bittend um Beystand von Oben um der langmüthigen Liebe<lb/>Ruhig u sanftes Gefühl um des gemässigten Ernstes<lb/>Warnend u bessernde Kraft! Wollt ihr mein Wollen beglücken,<lb/>O so will ich geduldig tragen noch mancherlei Noth!<lb/>Darf ich am Ende nun sagen daß auch ein Körnchen des Guten,<lb/>Ich auf der Erde gesaet. Ruhig entferne ich mich dan<lb/>Aus diesem Lande der Dämmerung, suchend ein helleres Licht,<lb/>das wir hienieden nur ahnen, hoffend es Jenseitz zu schaun.</p></div><div xml:id="d23400512" corresp="d891363" ><head resp="#editor">Stimmung<date> 21.06.1816 </date></head><pb n="6"/><p> </p><p>1816 6 21<lb/><rs ref="#i873894" type="object">Sehnsucht<lb/></rs>Wie das leben so unstät, so flüchtig die lieblichsten Freude<lb/>Was uns heute beglückt, morgen entflieht es uns schon,<lb/>Fandest zu lang schon das Herz, das lieblich das deine erfüllte<lb/>Ewig glaubtest du fest dieses liebliche Band.<lb/>Doch es wechselt die Zeit, es wechselt des Menschen Beginnen<lb/>Selbst dein eigner Sinn siehet <del>ja</del> nicht Gestern wie heut<lb/>Und was bleibt dir zurück, nur ein wehmütiges Sehnen<lb/>Nach dem entflohenen Glück, das in dem Schwinden weit schöner<lb/>Als in der Gegenwart scheint, Einsam stehest du da<lb/>Suchend was nie wiederkehret. Zieht in dich selbst dich zurück<lb/>Schmerzlich leidend und kalt, verschmähend was könnte dich trösten<lb/>Glücklich preis ich den Mensch, der fern nie vom heimlichen Herde<lb/>nur in dem engen Bezirg seiner Geliebten stets lebt,<lb/>der die Laufbahn beschließt, ehe das harte Geschick ihm<lb/>Seine Geliebten <supplied>geraubt</supplied> <del>entreisst</del>, der von den Seinen gepflegt<lb/>Sanft in die Ewigkeit [ein Wort getilgt] <del>zieht</del>! Seelig o selig bist du!<lb/>Doch <supplied>wenn das nicht beschert</supplied> <del>noch selger vielleicht</del> wer mit des Schicksals Schlägen<lb/>Kämpfend, mit herrlichem Muth, tief zwar die Leiden empfindet<lb/>nie sich sinkend ergiebt, streitend die Laufbahn einst endet<lb/>Hoffend ein höheres Ziel, das ihm erst Jenseits gewährt.</p></div><div xml:id="d23400513" corresp="d891371" ><head resp="#editor">Tagebucheintrag<date> 23.06.1816 </date></head><pb n="7"/><p> </p><p>16 6 23<lb/>Froher Sinn<lb/>In dem härtesten Leiden hast du nie mich verlassen<lb/>Ruhig gelassener Sinn; <rs ref="#i922841" type="object">warum fliehst du mich jetz</rs>?<lb/>Pries ich nicht immer dich hoch, hielt über Reichtum u Glück<lb/><supplied>Und Glück</supplied> Über die höchsten Ehren dich über alles mir theur?<lb/>Hab ich dich frevlend verscherzt durch Wünsche nach andern Dingen<lb/>O wie büß ich so hart, diesen irrigen Sinn!<lb/>Nur wer deiner stets hoft, vertrauend auf Beystand von Oben<lb/>dem nur bleibst du getreu, bis in <del>die</del> ruhige Gruft.<lb/>Kehr o kehre zurük! Verzeichend dem reuenden Sünder,<lb/>der so empfindlich gestraft ewige Rückkehr gelobt!<lb/>Tief es fühlend daß <supplied>daß</supplied> nichts, nichts deinen Werth mir <supplied>mir</supplied> ersetzt</p><pb n="8"/><p> </p><p>Mit Erstaunen bemerke ich wie ein richtiges <supplied>erlernen</supplied> und<lb/>vollständiges <rs ref="#i874235" type="object">Erlernen</rs> einiger, nur der nothwendigsten<lb/>Bildungszweige, den Charackter so selbständig, frei<lb/>u offen machen! Wie glücklich der Mensch der solche<lb/>Bildung erhalten hat! Mir ahndete das immer u deswegen<lb/>gefiel mir die<rs ref="#i869942" type="person"> Pest[alozzi]</rs> Methode so sehr u ich wünsche sie<lb/>den Kindern die mir nahe sind mitzutheilen; soll das<lb/>mir nicht Freude machen nun den Weg dazu gefunden<lb/>zu haben? Aber recht schmerzlich fällt mir dabey mein<lb/><rs ref="#i873964" type="object">elendes Unvermögen</rs>, erzeugt durch ein vielseitiges<lb/>Halbwissen ohne Ordnung u Regel dabey auf!<lb/>Eine harte Prüfung ist es für mich <supplied>mein Unvermögen</supplied> <del>dasselbe</del><lb/>geduldig zu ertragen u den leichten u freien Gang<lb/>eines wohl Unterrichteten ohne Neid zu ertragen.<lb/>Oft muß ich zu meinem Trost mir sagen daß es eben<lb/>so verdienstlich sey die Vorzüge Andrer gehörig<lb/>zu schätzen, als dieselben selbst zu besitzen?<lb/>Meine Laufbahn hienieden u deren Aufgabe ist eigent-<lb/>lich zu Ende, nach dem was sonst vom <rs ref="#i874436" type="object">Weibe</rs> gefodert ist;</p><pb n="9"/><p> </p><p>aber der Drang meiner Kräfte sagt mir doch daß ich noch<lb/>was wirken sollte; gebe mir Gott nur Kräfte u Selbst-<lb/>überwindung dazu!</p></div><div xml:id="d23400514" corresp="d891379" ><head resp="#editor">Stimmung<date> 01.07.1816 </date></head><pb n="9"/><p>1816 7 1 <lb/>Um das zu seyn was ich<rs ref="#i873990" type="object"> in meiner jetzigen Lage</rs> seyn sollte, bleib<lb/>noch vieles in meinem Innern in Übereinstimmung zu bringen.<lb/>Ruhigere Ansicht des Geschickes das mir beschieden, gänzliche<lb/>Ergebung in den Willen der Vorsehung; Wie klein ist der Mensch,<lb/>wie klein komm ich mir vor, wenn ich mich nach dem hochen Vor-<lb/>bilde unsers göttlichens Lehrers vergleiche! Wie bald bin<lb/>ich nicht darniedergeschlagen, wenn ich hie u da Fehler an den<lb/>Meinigen zu bemerken glaube! Wie oft erbittert mich die<lb/>Unart meiner Enkelinnen u dieses verhindert doch sicher die<lb/>gute Wirkung meiner <rs ref="#i874045" type="object">Ermahnungen</rs>: was habe ich für einen<lb/>Anspruch zu fodern daß die Meinigen mit besonderen Fähigkeiten<lb/>begabt seyn sollen? Ruhig soll ich die Schickung annehmen, eifrig<lb/>so viel von mir abhängt das Übel zu verbessern suchen.<lb/>Es ist war daß ich vieles über den verkehrten Sinn dieser<lb/>Mädchen zu klagen habe, daß ich viel leichter Verlurst u Unglück<lb/>ertragen würde als der Gedanke daß meine Abkömmlinge<lb/>so elende Menschen werden sollten; aber was kann ich dem<lb/>Himmel vorschreiben? Dem Übel entgegenarbeiten ist meine<lb/>einzige Pflicht</p><pb n="10"/><p> </p><p>Entflohne Hoffnungen<lb/><rs ref="#i873943" type="object">Frühling des Lebens</rs> du glänzest lieblich mit herrlichen Blüthen<lb/>Schöner Hoffnungen empor! Freust dich der wärmenden Sonne<lb/>der Kraft von aussen u innen, hoffst auf vielfältige Früchte,<lb/>Kennst nicht die störende Macht nicht die verborgnen Feinde<lb/>Weist nichts vom Wurm der zernagt, im Keime die werdenden Blüthe<lb/>Kennst weder Hagel noch Sturm <del>der</del> erst im Sommer zerstört.<lb/>Doch es eilet die Zeit es fallen der Hoffnungen Blüthe<lb/>Viele, so viele dahin! Was dich im Lenze erfreut<lb/>zerrinnet wie Schnee an der Sonne, flieht von der Seite dir weg<lb/>Einsam stehest du bald, die vielfachen Wunden des Herzens<lb/>tief nur fühlend u schmerzlich, trüb scheint die Gegenwart dir<lb/>Nur die Vergangenheit schön. Nur der Gedanke allein<lb/>daß ein allwaltender Vater, Lenz u Sommer u Herbst<lb/>Sonne, Regen u Wachsthum, Stürme Hagel u Frost<lb/>Alles, ganz weislich geordnet; daß du nur Lebend suchen<lb/>Endlich zum Ziele einst kömmst. Diese Hoffnung &amp; Herz<lb/>diese nur schwinde dir nie!</p></div><div xml:id="d23400515" corresp="d891387" ><head resp="#editor">Tagebucheintrag<date> XX.07.1816 </date></head><pb n="11"/><p> </p><p>1816</p><p>Den 8. July vollzog mein Sohn <rs ref="#i835869" type="person">L.</rs> seine <rs ref="#i891654" type="object">Verbindung</rs> mit Jf <rs ref="#i835885" type="person">M F<lb/></rs>möge diese Verbindung zu beider Glück dienen! Möge diese<lb/>Verbindung ihr Glück gründen! Möge dieses, meinen vielfältigen<lb/>Kummer den ich <rs ref="#i874486" type="object"><supplied>über</supplied> </rs>[xxx]<lb/>Leer ist nun das mütterliche Haus; möchte das Glück der<lb/>Kinder sie über ihre Einsamkeit entschädigen.<lb/>Mögen die Tage so der Himmel mir noch schenkt, zu meiner<lb/>Veredlung u zur Veredlung <supplied>der</supplied> <del>der Meinen</del> wohl von mir angewandt<lb/>werden!</p></div><div xml:id="d23400516" corresp="d891395" ><head resp="#editor">Stimmung<date> 12.07.1816 </date></head><pb n="11"/><p>12)</p><p>Ferne sey forthin der Unmuth die Klage von meinem Herzen.<lb/><rs ref="#i874029" type="object">Hartes ist mir zwar vieles</rs> im Leben begegnet; schmerzliches<lb/>fühl ich wohl vieles jetzt noch: doch habe ich dan vergeblich<lb/>gelernt daß des Menschen Leben ein Kampf mit Wieder-<lb/>wärtigkeiten sey; haben das nicht alle Weisen von Salomon<lb/>bis auf unsere Tage gepredigt? U warum <rs ref="#i873990" type="object">sollte es für mich<lb/></rs>anders seyn? Viele taumeln zwar fröhlich durchs Leben<lb/>einher; aber sind sie deswegen hocher beglückt?<lb/>Ich will nicht fühllos seyn beym Leiden welches die Meinen<lb/>betrift, aber nicht ängstlich will ich darüber klagen:<lb/>Ohne Schmerz kann ichs wohl nicht sehn wie eines der lieblichen<lb/>Bande die in früherer Zeit lieblich mit Freuden mich umwand<lb/>sich eins.</p></div><div xml:id="d23400517" corresp="d891403" ><head resp="#editor">Sinnspruch<date> 14.07.1816 </date></head><p>16 7 14<lb/>Was auch das harte Geschick<lb/>Von Gütern der Erde dir raubet; <lb/>Klage nicht weibisch u feig,<lb/>Halte den ruhigen Sinn.<lb/>Was war zu jeglicher Zeit,<lb/>die Quelle die Ruhe dir brachte? <lb/>Wars nicht die schöne Natur<lb/>Wars nicht die inner Stimme<lb/>daß der, so dich weislich bereitet <lb/>Schonend dein Junges durchschaut <lb/>Liebend dein Wollen dir lohnt <lb/>fand ich nicht Wonne genug,<lb/>Im Worte des himmlischen Geistes <lb/>das deinen Lieblingen du,<lb/>Vater des Lichtes gewährtest? <lb/>denk ich des süssen Gefühls,<lb/>das mich oft mächtig erfaßte, <lb/>Wenn ich ein edles Gemüthth <lb/>Aehnlich dem meinen erblickte. <lb/>Wenn es auch lange schon<lb/>dieser Erde entrißen<lb/>Andere Welten bewohnt<lb/>fühlt ihm, mich innigst verwandt <lb/>dachte der glücklichen Zeit</p><p>[12b]</p><p>Wo die allmächtige Hand<lb/>die gütig den Saamen gestreuet <lb/>Mich auch, zur Erndte gereift,<lb/>den Meinen vereinigen werde<lb/>Und ich sollte nun Jetzo<lb/>So nah dem gewünschten Ziele <lb/>Ueber den Sorgen der Weld <lb/>Klagend, die Ruhe vermissen? <lb/>Fliehe, o fliehe hinweg,<lb/>du Geist der bänglichen Sorgen <lb/>Was du nicht ändern kannst,<lb/>Stell es der Vorsicht anheim <lb/>Wandle geruhigen Sinns<lb/>Wo dich das Schicksal hinsetzet <lb/>Sey’s in der Mauern der Statt <lb/>Sey’s in die ländliche Hütte<lb/>Selbst nur gehe den Gang, <lb/>Welcher dem Bessern geziemt. <lb/>Hat zum Wirken dir noch<lb/>der Himmel die Kräfte beschieden, <lb/>O so gebrauche sie froh!<lb/>Bist zur Ruh du gewiesen<lb/>Stille dan suche dein Heil.<lb/>durch dein ruhiges Seyn</p><pb n="13"/><p>durch Freudigkeit u durch Liebe <lb/>Seys in der Ruh, im Geschäft <lb/>Kannst du noch Saamen des Guten <lb/>keime der Liebe ausstreun.</p></div><div xml:id="d23400518" corresp="d891411" ><head resp="#editor">Tagebucheintrag<date> 15.07.1816 </date></head><pb n="13"/><p>1816 7 15<lb/>Wie verschieden gebraucht der Mensch seine Kräfte, wie oft<lb/>ist unter äusserm Schein innere Armseeligkeit verborgen?<lb/>Aber doch ist gewiß daß ein <rs ref="#i874077" type="object">thätiger</rs> Mensch, in was er<lb/>auch seine Kräfte übe, immer ein angenehmrer Gegenstand<lb/>ist, als ein schläfriger. Wie lebhaft sahe ich (an dem alten<lb/>Manne den ich Gestern in seiner vollen Thätigkeit erblickte)<lb/>wie das frühe üben der Kräfte, das Thätigseyn, das, nach einem<lb/>fest sich vorgesetzten Ziele streben, <rs ref="#i873943" type="object">die Kräfte erhält u belebt</rs>.<lb/>Das sollte man bey der <rs ref="#i874045" type="object">Erziechung</rs> wohl bemerken: nur schaue <lb/>man wohl was man den für ein Ziele zu erstreben vorstecke.<lb/>Nicht jede Thätigkeit ist für den bessern Menschen edel<lb/>u wünschenswerth. <lb/> </p></div><div xml:id="d23400519" corresp="d891419" ><head resp="#editor">Stimmung<date> 16.07.1816 </date></head><pb n="13"/><p>16)</p><p>Welche Wohltat ist es einen <rs ref="#i910699" type="object">heitern</rs> Geist zu haben; wie<lb/>wohl war nur diesen Morgen da ich durch <rs ref="#i873922" type="object">Gottes</rs> Hilfe mich etwas<lb/>aus meinem so <rs ref="#i922841" type="object">schwer lastenden Unmuth </rs>herausreissen konnte<lb/>Ein Kampf ist doch wirklich das Leben u wer in demselben ermattet<lb/>verliert den Preis. Möchte mir der Himmel zu fernerm Streite<lb/>Kraft verleihn! O wie beschämt mich meine vergangne <rs ref="#i910645" type="object">Nieder-<lb/>geschlagenheit!<lb/></rs></p></div><div xml:id="d23400520" corresp="d891427" ><head resp="#editor">Tagebucheintrag<date> 26.07.1816 </date></head><pb n="14"/><p>16 7 26<lb/>Kann nicht der Geist so wie der Körper auf einige Zeit kranke<lb/>seyn u dan wieder genesen? Das <del>Erste</del> sehe ich an mir das andre<lb/>hoffe ich u fühle es auch zum Theil schon. Wie eine <rs ref="#i873845" type="object">Krankheit<lb/></rs>des Körpers, wenn man den Grund des Übels einsieht u die<lb/>gehörigen mittel mit Entschloßenheit dagegen anwendet<lb/>die Besserung der körperlichen Kräfte bewirken kann,<lb/>allso kann auch eine Krankheit unsres Geistes zu unsrer<lb/>Besserung beitragen, wenn wir unsern Muth zusamen<lb/>raffen um den Grund des Übels zu erforschen u demselben<lb/><supplied>Übel</supplied> durch kräftige Entschloßenheit entgegen zu arbeiten<lb/>suchen. Wie manches Fehl erblicken wir bey solchen Anlässen<lb/>im Grund unsers Herzens, von welchen wir vorher uns<lb/>gänzlich frei glaubten u sehen daß unsere vermeinte<lb/>Stärcke nicht unzerstörbar sey. Nur Muth unablässiges<lb/><rs ref="#i873990" type="object">Bestreben, Strenge gegen uns selbst</rs>, können uns<lb/>in solchen Umständen zur Genesung helfen. Wäre dieser<lb/>Muth nicht der edelste der allen andern an Werth über-<lb/>träfe? Du jammerst oft daß dir nicht vergönnt sey deine<lb/>Kräfte gehörig anzuwenden u doch wie vieles, vieles<lb/>bleibt dir doch hierin noch zu thun! Nun will ich mir’s zur<lb/>heiligsten Pflicht machen, wenn ein Unmuth mich befallen will<lb/>mich zusamenzuraffen u meine goldnen Lebensregeln, die</p><pb n="15"/><p> </p><p>ich mir gesamelt in Anwendung zu bringen suchen.<lb/>Diese Regeln waren folgende: „Nicht die Umstände<lb/>in welchen wir uns befänden, sondern die Art wie wir <lb/>dieselben benutzten, mache unsern Werth aus, und dieser<lb/>solle doch allein unsers Streben Ziel seyn.[“] Diese Regel<lb/>allein wenn ich sie ganz in mein Leben aufgenommen,<lb/>wie ganz anders wäre mein Sinn! Wenn wir gute<lb/>Vorsätze in manchen Umständen mit Erfolg anwenden<lb/>so bläht uns das auf, wir glauben fest zu stehen: aber<lb/>kömmt dan eine Wiederwärtigkeit über uns die uns stärker<lb/>angreift, wie leicht sind dann unsre schönen Grundsätze<lb/>vergessen! Wir klagen das Schicksal an wo wir uns selbst<lb/>anklagen sollten. Diese Anlässe <supplied>zeigen</supplied> sollen wir als Schick-<lb/>ungen der Vorsehung, uns zu bessern, anwenden; so sehr sie <lb/>uns demüthigen so sehr können sie daneben unsern Muth beleben<lb/>wenn wir die Gefahr vor uns sehen uns durch wiedrige Umstände<lb/>besiegen zu lassen.<lb/>Mich kümmert <del>es</del> oft sehr daß ich <rs ref="#i873825" type="object">die Kräfte nicht mehr habe</rs> dieses<lb/>oder jenes zu thun welches ich ehmals mit Leichtigkeit vollbrachte.<lb/>Ist das aber nicht Schwäche, Thorheit? Soll ich wollen was<lb/>die Natur mir versagt? Sehe ich nicht alle Menschen um mich<lb/>her <rs ref="#i873943" type="object">ältern und hinwelken</rs>, selbst die starksten Naturen unter</p><p>[16a]<lb/> </p><p>der Stärke der Zeit: was bleibt mir hierin zu thun als<lb/>durch willige Unterwerfung mit dem Gang der Natur zu-<lb/>frieden zu seyn! Die Kräfte die mir noch vergönnt sind<lb/>wohl anzuwenden u mit Ruhe u Dankbarkeit auf die Tage<lb/><rs ref="#i874029" type="object">zurück zu sehen wo ich thätiger seyn konnte</rs> und vertrauensvoll<lb/>hinüber zu blicken u zu hoffen daß über kurz od lang mir ein neuer<lb/><rs ref="#i874895" type="object">Wirkungskreis</rs> von der Vorsehung werde angewiesen seyn!<lb/>Wie wenig, wie nichts ist doch alles thun alles wirken der Menschen<lb/>wie oft zerstören die Umstände die schönsten Thaten, wie oft<lb/>auch kann die Vorsehung die schwarze That eines Bösewichts, so lenken,<lb/>daß das Wohl der Menschheit daraus entstehe!<lb/>Der Höchste leitet die Weld u aller Menschen thun wie wenig<lb/>ist es. Tröste dich allso wenn du wenig thun, wenn dirs an<lb/>Gelegenheit fehlt dich zu unterrichten; sagt nicht <rs ref="#i873922" type="object">Paulus</rs> „das Wissen<lb/>blähet auf, aber die Liebe bessert“. Allso was du thuest das<lb/>geschehe in Liebe u Ergebung in die Vorsehung.<lb/> </p></div><div xml:id="d23400496" corresp="d891435" ><head resp="#editor">Tagebucheintrag<date> 27.07.1816 </date></head><p>16 7 27<lb/>„Die hochste Liebe wie die hochste Kunst<lb/>Ist Andacht. Dem zerstreueten Gemüth<lb/>Erscheint die Wahrheit u die Schönheit nie;<lb/>Sie die aus Vielen nicht gesamelt wird,<lb/>die, in sich Eins u Alles, jeden Theil<lb/>Mit sich belebet u vergeistiget.<rs ref="#i891684" type="book_etc">“<lb/><rs ref="#i869556" type="person"></rs>Herders</rs> Legenden<lb/>Eine äusser feine Dichtung wie auch die vorhergehenden besonders, der <lb/>gerettete Jüngling u die Krone. Besonders aber ist mir diese erste aufgefallen <lb/>weil sie Ideen</p><p>[17; wohl eher Beilage?!]<lb/> </p><p><rs ref="#i869993" type="person">Car Rudolphi</rs> giebt folgende Gedichte an die sie für<lb/>10–12 Jährige Mädchen wählte um ihr Schönheitssinn u<lb/>poetisches Gefühl zu wecken. „<rs ref="#i883976" type="book_etc">Kennst du das Land</rs> von <rs ref="#i869458" type="person">Göthe<lb/><rs ref="#i891699" type="book_etc"></rs>Hecktors Abschied von Andromache; <rs ref="#i891710" type="person">Voss</rs> Uebersetzung</rs>. <lb/><rs ref="#i869433" type="person">Geßnerische</rs> <rs ref="#i891726" type="book_etc">Idyllen</rs>.<lb/>den <rs ref="#i891737" type="book_etc">Perlenkranz</rs> von <rs ref="#i869954" type="person">Pfeffel<lb/><rs ref="#i869611" type="person"></rs>Hölty’s</rs> <rs ref="#i891750" type="book_etc">Elegie auf ein Landmädchen</rs>.<lb/><rs ref="#i869239" type="person">Bürgers</rs> <rs ref="#i891761" type="book_etc">Blümchen Wunderhold</rs>.</p><p>[18, Fortsetzung von S. 16??]<lb/> </p><p>in mir zurück ruften die mir oft schon lebhaft vorschwebten.<lb/>Ich bedaurte nehmlich daß mit den Misbräuchen der catholischen<lb/><rs ref="#i873922" type="object">Religion</rs>, die durch die Reformation sind abgeschaft worden<lb/>so manch<supplied>e so manche</supplied> segenbringendes Bild, mit weggethan<lb/>wurde. So ist zum Beyspiel das Bild der Mutter Jesu, welches<lb/>durch <del>den</del> Misbrauch den man davon machte, die Wegschaffung<lb/>erlitten hatte; aber wie Schade, welches schöne Bild reiner<lb/>edler <rs ref="#i874436" type="object">Weiblichkeit</rs> liegt nicht darin! Was kann nicht, besonders<lb/>für das weibliche Geschlecht, Edles zur Herzensbildung daraus<lb/>gezogen werden! Diese himmlische Demuth, diese reine göttliche<lb/>Liebe, was kann ihr zur Bildung u Nahrung junger Herzen an<lb/>die Seite gesetz werden! Misbrauch von der einen Seite,<lb/>etwas rohe Leidenschaftlichkeit von der andern, haben die<lb/>Verbannung dieses schönen Sinnbildes aus unsern Chathekismen<lb/>bewirkt, ja dasselbe so gar zu einem Gegenstand des Spottes<lb/>der gebildet seyn wollenden Weld, gemacht! Gewis wird die<lb/>Zeit kommen wo man einsehn wird daß nebst der Bildung des Kopfes<lb/>auch die des Herzens ein wahres, ja das größte Bedürfnis<lb/>sey. Es war ein Zeitalter des Verspottens u Verlachens, aber<lb/>ich hoffe es sey bald vorüber! Die Vorsehung lies es zu um viele<lb/>schädliche Dornen u Disteln zu verbrennen, durch den Rauch dieses</p><pb n="19"/><p> </p><p>Brandes wurde mancher edle Wahrheitskeim unterdrückt,<lb/>aber diese werden vom Unkraut gereinigt, desto lebhafter<lb/>wieder hervorkeimen. Das wahre Bedürftnis der Menschen<lb/>Natur einzusehen, sollte wohl das Streben aller ausgezeichneten<lb/>Menschen seyn: würde das nicht beitragen den Frieden im<lb/>Innern des einzelnen Menschen so wie den in den Familien,<lb/>u den in der größern<rs ref="#i874226" type="object"> Familie dem Staate</rs> hervor zu bringen?<lb/>Ob der Mensch wohl fähig sey auf der Erde in einen Stand der<lb/>Ruhe, der Übereinstimmung mit seinen ganzen <rs ref="#i873936" type="object">Wesen</rs> gebracht<lb/>zu werden, ob nicht ewiger Kampf seine Bestimmung sey?<lb/>Das ist wohl schwer zu entscheiden. <rs ref="#i870018" type="person">Sch</rs> <rs ref="#i891778" type="book_etc">sagt</rs>, das Gute, das Schöne<lb/>führt ewig Streit nie wird der Feind ihm erliegen; aber im<lb/>Streben nach dieser Harmonie, ein Erlangen derselben auf<lb/>einen gewissen Grad, nebst dem ewigen Kampf mit dem<lb/>Bösen und  Schlechten; diese Möglichkeit zeigt uns die Erfahrung<lb/>an einigen edlen Menschen. Selbst die Geschichte der ersten<lb/>Christen zeigt uns das Vorbild sowohl des harten Kampfs, als<lb/>der erlangten Seelenruhe, schon auf der Erde; sie zeigt uns<lb/>nebst dem Aposteln die im Kampf für die Wahrheit rühmlich<lb/>gesiegt indem sie <supplied>ein</supplied> Opfer derselben wurden, auch einen<lb/>Johannes, der nicht weniger der Wahrheit getreu, ein Jahrhundert<lb/>durchlebte, mit der Ruhe eines Engels in Menschengestalt.</p><pb n="20"/><p> </p><p>Sollte das wahre und würdig ausgeführte Bild einer Maria,<lb/>nicht die Grundlage jeder guten <rs ref="#i874045" type="object">weiblichen Erziehung</rs> seyn?<lb/>Könnte nicht jede Andere mit ihr vereinigt werden u würde<lb/>sie nicht den zuweilen schädlichen Einfluß der ander heben u<lb/>zernichten? Würde sie nicht ein Gegengift sowohl gegen Schwarmer-<lb/>ei als gegen das zu groß Hinstreben nach unnützem Wissen,<lb/>gegen die so vielfältig sich zeigende Schwermuth seyn?<lb/>Unser gegenwärtig, doch Gottlob bald vergangnes Zeitalter<lb/>wollte nur Wissen u Thun: das schöne Hinstreben nach einem<lb/>Höchern, das reine Seyn, das nur der Ewige prüft u lohnt,<lb/>das würde hinthangesetzt, oder armselig verkrüpelt darge-<lb/>stellt; welche traurige Folgen hatte das nicht! Viele gehen<lb/>zwar durch das leben ohne das Übel nur zu ahnden aber andere<lb/>u gewis die edlern leiden auf mancherlei Weise, haben oft nicht<lb/>Kraft sich herauszuziehen u gerathen unwillkürlich auf Irrwege<lb/>die gefährlich sind u ihnen keine Ruhe gewähren nur wenigen<lb/>gelingt es das Wahre zu finden u dies unter vielfältigem Kampf,<lb/>Irregehn u Leiden.<lb/>Wie vieles wurde u wird jetzt noch für Vorurtheil verlacht<lb/>u verspottet, weil mans nicht kennt u nicht prüft. Ich mochte <lb/>von jeher dieses nicht leiden, es that mir innigst wehe weil ichs<lb/>als ein Mangel von religiosem Gefühl u wahrer Menschenliebe, oder</p><pb n="21"/><p> </p><p>als armseliger Leichtsinn ansah. Wie kurzsichtig muß der Mensch<lb/>seyn der nicht in seinen eignen religions formlen Sachen findet<lb/>die ihm auf irgend eine Weise nicht ganz mit <del>der</del> nur nach dem<lb/>äussern urtheilenden Vernunft zu übereinstimmen scheinen; u doch <lb/>wenn er seiner Religion zugethan ist, wird ihm jeder Spott<lb/>darüber wehe thun: sollte er dann nicht auch ein Gleiches von<lb/>Andern denken u über das was andern heilig ist sich enthalten<lb/>zu spotten. Ich bin überzeugt daß beynache jeder religiose<lb/>Gebrauch, so abgeschmackt er uns auch vorkommen mag, zu irgend<lb/>einer Zeit zu irgend einer Bildungsstuffe der Menschheit, passen<lb/>konnte, u fast immer aus wohlwolenden Absichten sey eingeführt<lb/>worden. Wie verschieden sind die körperlichen Kräfte u Bedürfnisse<lb/>der Menschen, wie verschieden die ihres Herzens u ihres Geistes,<lb/>der bessere Mensch wird gewis lieber prüffen u dabei wird er<lb/>wahrlich oft finden daß unser Zeitalter vieles verwirft, nicht<lb/>wegen allzu feiner Bildung sondern wegen allzu großer Herzlosigkeit.</p></div><div xml:id="d23400497" corresp="d891443" ><head resp="#editor">Tagebucheintrag<date> 29.07.1816 </date></head><pb n="21"/><p>16 7 29<lb/>Was den edlen Menschen ausmacht, scheint mir das tiefe Gefühl<lb/>von Liebe u Hochachtung für das so ihm achtungswerth vorkommt, zu sagen<lb/>man hat in der ohnlängst vergangenen Zeit im Schwindel der Aufklärung<lb/>alles herunterzusetzen gesucht was vorher in Achtung stund, man<lb/>wollte aller Irthümer zerstreuen, that wohl manches Schädliche weg<lb/>aber unterdrück auch zugleich das edle Gefühl von Liebe u Achthung<lb/>in vieler Menschen Brust! Doch dieses edle Kleinod kann nicht<lb/>untergehn, die himmlische Güte die es in der Menschen Brust gepflanz</p><pb n="22"/><p> </p><p>wird es warten u pflegen u es neu wieder aufleben lassen in<lb/>des Menschen Brust! Die verfloßne zeit war herunterreissen<lb/>des Veralteten bestimmt, o möchte die gegenwärtige u zukünftige<lb/>glücklich im wiederaufbauen seyn! Die <rs ref="#i884031" type="object">FamilienVerhältnisse<lb/></rs>sind im kleinen die Verhältnisse des Staates, das sieht man<lb/>doch ganz bestimmt; es wird von Oben nach Unten von Unten nach<lb/>Oben gewirkt allso kann im allerkleinsten auch ein Jeder das<lb/>Seine zum Wohl oder Weh des Ganzen beytragen. Es arbeite allso<lb/>jeder an seiner Stelle so viel er kann um das Bessere wieder<lb/>hervorzubringen .</p></div><div xml:id="d23400498" corresp="d891451" ><head resp="#editor">Tagebucheintrag<date> 04.08.1816 </date></head><pb n="22"/><p>1816 8 4<lb/>So <rs ref="#i873922" type="object">Gott</rs> mir seinen Beistand nicht versagt so habe ich es ziemlich weit<lb/>gebracht mich ganz in seine Fügungen zu schicken, keinen andern Zweck<lb/>vor mir zu haben als ruhig das zu thun was das Schicksal fodert<lb/>nicht mit Zwang sondern aus Liebe. Der Himmel hat mich wieder<lb/>eine Prüffungszeit bestehen lassen die mir viele Überwindung<lb/>kostete, aber eben darum daß sie mir schwer zu stehen kam, sah<lb/>ich ein wie weit schwächer ich sey als ich glaubte, sah ein wie<lb/>nöthig ichs noch habe mich in Demuth Geduld u christlichem Muth<lb/>zu üben; diese <rs ref="#i873990" type="object">Demüthigung</rs> lernte mich den rechten Weg, von dem<lb/>ich etwas abgekommen war wieder suchen u ich hoffe er lies<lb/>mich ihn finden.</p></div><div xml:id="d23400499" corresp="d891460" ><head resp="#editor">Tagebucheintrag<date> 13.08.1816 </date></head><pb n="23"/><p>16 8 13<lb/>Der Mensch der eine lebhafte Imagination hat u dabei den <lb/>besten Willen andern zu helfen laß sich oft zuviel durch Projeckte<lb/>die ihm zu andrer Wohl dienlich scheinen dahin reissen u wenn<lb/>diesen ihre Ansichten denn anders sind, wenn sie aus<lb/>Eitelkeit, Übermuth, Trägheit ihr eigen Wohl nicht einsehn<lb/>wollen so thut das wehe, sehr wehe besonders wenn diese<lb/>Personen uns nahe angehen! Es ist mir nicht möglich<lb/>stille zu seyn wenn ich glaube durch Thätigkeit etwas Gutes<lb/>zu bewirken. Ich soll mich zwar wohl hütten durch zu hartes<lb/>Eingreiffen den Wiederstand zu vermehren: aber aus<lb/>Ängstlichkeit hie u da wehe zu tun will ich nicht schweigen;<lb/>das Wehethun das aus der Einsicht der Wahrheit kömmt u<lb/>aus Liebe bewirkt wird, kann u muß zum Guten führen,<lb/>wenn die Menschen mit denen wir zu thun haben nicht ganz<lb/>blind sind. Ich soll allso <rs ref="#i873990" type="object">mein Möglichstes thun</rs>, setze ich<lb/>nicht durch so habe ich mir selbst keine Vorwürfe zu machen<lb/>auch ganz vergebens wird es nicht seyn, was jetzt mein<lb/>liebevolles Streben nicht zur Einsicht bringt, wird das <supplied>das</supplied><lb/>Schicksal in der Folge thun. Allso ohne Furcht aber nur aus<lb/>Liebe kräftig gehandelt.<lb/>Es ist im Zeitlichen wie im Geistigen; die meisten Menschen<lb/>bessern sich nur darum nicht, weil sie den Muth u die Kraft nicht</p><pb n="24"/><p> </p><p>haben ihre Fehler einzusehen; so eben in dem oekonomischen<lb/>der <supplied>Haus</supplied> Zeitlichen Güter: wenn der <rs ref="#i874226" type="object">Mensch</rs> seine Lage<lb/>einsehn wollte, so wäre immer zu helfen; allein auch hierin<lb/>haben die Meisten den Muth nicht es so zu sehen wie es ist,<lb/>Schmeichelei von Andern u von ihnen selbst verblendet sie u<lb/>die Verblendung stürzt sie ins Verderben. Die armse-<lb/>ligen Schmeichler ziehn sich zurück u in den Verunglückten<lb/>zieht statt vernünftiger Reue, Menschenhass u Bitterkeit ein;<lb/>er will auf die andern schieben wessen er selbst schuld ist.</p></div><div xml:id="d23400521" corresp="d891460" ><head resp="#editor">Tagebucheintrag<date> 13.08.1816 </date></head><pb n="24"/><p>16 8 13<lb/>Es ist doch wahrlich die schönste Erscheinung, einen Mann <lb/>von lebhaftem Charackter, der mit Eifer das Gute befördern<lb/>will; der mit fürigem Abscheu gegen alles Schlechte eifert,<lb/>Es war für mich höchst interessant den <rs ref="#i873838" type="object">Ch. Jailler</rs> zu hören,<lb/>er rufte mir die vorigen schönen Zeiten zurück wo mir<lb/>das Glück ofters ward solche Menschen zu sehen.<lb/>Dieser Mann der seine Tage bis dahin im Kriegsdienst<lb/>zugebracht, die höchsten Stuffen desselben erstiegen, doch<lb/>mit Abscheu gegen alle Greuel des Kriegs reden hören;<lb/>hören mit welcher Freimüthigkeit er den Mächtigen, von<lb/>welchen sein Aufsteigen abhing, die Wahrheit sagen durfte</p><pb n="25"/><p> </p><p>an der Wahrheit dessen was er sagte, darf ich nicht zweifeln:<lb/>denn ein Mann der von den Großen verfolgt, sich ruhig<lb/>zurückzieht seine Muß u Kräfte zum Wohl der Menschheit<lb/>zur Bildung seiner Mitbürger mit so vielem Eifer wiedmet<lb/>denn soll mein Herz keiner Großsprecherei fähig halten<lb/>denn diese ist nur schwachen Menschen eigen.<lb/>Welche schöne brennende Vaterlandsliebe, welche heiße<lb/>Verachtung gegen alle die so dasselbe ins Verderben<lb/>brachten! Aber gegen einen edlen Mann von<lb/>kräftigem Muth, welch elendes Gesindel gegenüber!<lb/>Doch die Vorsehung die solche Menschen erhält wird<lb/>sie nicht nutzlos fürs Wohl der Menschheit arbeiten lassen,</p></div><div xml:id="d23400500" corresp="d891468" ><head resp="#editor">Tagebucheintrag<date> 15.08.1816 </date></head><pb n="26"/><p>1616 8 15 <lb/>Ich habe schon <rs ref="#i873964" type="object">manches Gute unterlassen</rs>, nicht eigentlich<lb/>aus Furcht aber mehr aus einer theils angeborner theils<lb/>durch des öftern zurückstossen von den Menschen.<lb/>Nun findet sich wieder ein Anlaß wo mein Inneres mir<lb/>laut zuruft ich sollte meine Meinung frei u offen<lb/>erklären u wenn ich die Meinen darüber berathe so<lb/>stimmen sie für Zurückhaltung, Schonung u d g .<lb/><rs ref="#i874019" type="object">Was soll ich thun?</rs> Es würde mich sehr kränken durch<lb/>einen unvorsichtigen Schritt etwas zu verderben;<lb/>allein was ist meine Absicht? Ich will ja nur Hilfe<lb/>anbiethen, will mich selbst allen den Beschwerden (wenn es welch<lb/>sind) unterziehen, so ich von ihnen fodere. Ich bin Mutter u dar<lb/>allso mich zur Sache annehmen, wer soll kräftiger helfen wollen<lb/>als eine Mutter wer inniger lieben, auf wenn kann man<lb/>fester bauen? Die Bande der Natur sind nicht nur verschieden<lb/>nach den Gemüthsarten, sie sind es auch stark, sehr stark<lb/>nach dem Grad der Verbindungen, Elternliebe geht über<lb/>alle, Kindesliebe ist schon <supplied>ist schon</supplied> getheilter besonders wenn<lb/>die K[ind]d[er] auch verheurathet sind u Familien haben. Geschwisterliebe<lb/>so enge sie auch in der Jugend geknüpft wurde, wird doch<lb/>lockrer, so bald jedes seine eigne Familie hat: davon</p><pb n="27"/><p> </p><p>habe ich an mir das Beyspiel, ich liebte in der Jugend meinen<lb/>jüngeren <rs ref="#i837130" type="person">Bruder</rs> so sehr ich nur zu lieben fähig war, ich liebe<lb/>ihn jetzt noch u bin über seine Unfälle sehr gerührt, würde<lb/>ihm von Herzen gerne helfen, wenn ich könnte: allein ich<lb/>fühle doch die Unfälle meiner Kinder weit schwerer, fühle<lb/>sie mit dem Gedanken der Verpflichtung ihnen helfen zu<lb/>sollen. Eben das verpflichtet mich die Sache selbst zu über-<lb/>nehmen u sie nicht andern zu überlassen, welche mit eben<lb/>so gutem Willen, vieleicht mit mehr Einsicht – aber mit<lb/>weniger lebhaftem Intressen für die Sache, belebt sind;<lb/>ihre Einsichten will ich dankbar mit eignem Eifer benutzen.<lb/>Der Mann der in der Weld lebt wird durch so vielerlei<lb/>zerstreut; die <rs ref="#i874436" type="object">Frau</rs> die nur ihrer Familie lebt, muß<lb/>nothwendig inniger u fester lieben.<lb/>Die Frauen werden oft beschuldigt sich in Sachen zu mischen die<lb/>nicht<supplied>s</supplied> ihres Faches sind, sie werden oft auf eine ungerechte<lb/>Weise von den Männern hintangesetzt weil diese, besonders<lb/>bei uns, sich allein einen festen Willen anerkennen: allein<lb/>das soll mich nicht abschrecken: die Frauen mögen wohl<lb/>oft selbst an dieser Herabsetzung schuld seyn! Thue ein<lb/>jegliches was es für seine Pflicht hält u erkenne mit Liebe<lb/>die Rechte der Andern, so bleibt das Gewissen rein!</p></div><div xml:id="d23400501" corresp="d891476" ><head resp="#editor">Tagebucheintrag<date> 22.08.1816 </date></head><pb n="28"/><p>1816 8 22<lb/>Wie schwer drückt das <rs ref="#i873950" type="object">Unglück</rs> auf mein Herz! O es giebt<lb/>Falle wo wir glauben uns ganz nicht helfen zu können;<lb/>nur der Glaube, das Zutrauen zu Gott, kann uns vor<lb/>ganzlicher Trostlosigkeit helfen. Stehe mir bey<lb/>o Allerbarmer, gieb mir deinen Rath wie ich mich ver-<lb/>halten soll!</p></div><div xml:id="d23400502" corresp="d891484" ><head resp="#editor">Tagebucheintrag<date> 06.10.1816 </date></head><pb n="28"/><p>1816 10 6<lb/>Wie selten kömmt einem doch in dem unruhigen öden <rs ref="#i875143" type="object">Stattleben<lb/><rs ref="#i873831" type="object"></rs>Gedanken die des Aufzeichnens werth sind</rs>. Tagsüber sie zuweilen<lb/>in der Stille der Nacht so werden sie bald wieder durch das<lb/>Einseitige des Tages verwischt; was ist doch eigentlich<lb/><rs ref="#i873990" type="object">Leben</rs>? Ist es nicht denken u handeln? Als ich noch vieles<lb/><rs ref="#i874077" type="object">zu thun hatte</rs>, kam ich immer bey ruhigen Augenblicken<lb/>zum vernünftigen Denken; jetzt da ich wenig bestimmtes<lb/>zu thun habe komme ich seltner dazu: mein<lb/>Körper u Geist schläft; ich muß mir eine meinem<lb/>Geist u meinem Körper angemessene Beschäftigung anweisen<lb/>eine bei welcher ich einen vernünftigen Zweck vorsehe.</p></div><div xml:id="d23400503" corresp="d891492" ><head resp="#editor">Stimmung<date> 10.10.1816 </date></head><pb n="29"/><p>1815 10 10 <lb/><supplied>der</supplied> Spaziergang im <rs ref="#i884071" type="object">Herbst<lb/></rs>Welche <rs ref="#i910699" type="object">frohe Gefühle</rs>, erregst du im <rs ref="#i884071" type="object">herbstlichen</rs> Schmucke,<lb/>Vielfach gezierte Natur! Noch so reichlich beladen bist du,<lb/>von den Gaben Pomonens; wie die Äpfel die Birnen,<lb/>Wie sich die färbende Traube, lieblich dem fühlenden zeigt!<lb/>O wie enzücken das Auge, die nah u fern liegenden Berge,<lb/>Mit vielartigem Grün, Roth auch, u gelblich durchmischt.<lb/>Bräunlich hebt sich hervor, die neu aufgebrochene Furche<lb/>Hie u daschon bestreut mit Keimen zu künftigem Segen.<lb/>Bist du im Sterben so schon noch, du Allernährerin Erde!<lb/>Scheinst mir das Sinnbild zu seyn, eines wohltätigen Weisen,<lb/>Der in die Furchen der Zeit, herrlichen Saamen gestreut,<lb/>Der nun <rs ref="#i873943" type="object">am Abend des Lebens</rs>, sich des Vollbrachten erfreuend,<lb/>Hoffend, die schönere Zukunft, liebend der Allmacht vertrauend.<lb/> </p><p>Wunsch<lb/>Wollte das Schicksal mir hold, in dieser lieblichen Gegend,<lb/>Eine Hütte verleihn, klein nur, doch ruhig u frei!<lb/>O da ruht ich so sanft, vergessend die Stürme des Lebens:<lb/>Mir sey dan noch gewährt, mit Euch ihr freundlichen Geister,<lb/>Alter u neuerer Zeit, mit der schönen Natur, der Kunst auch<lb/>Mich zu erfreuen: was mir der Himmel bescher<del>r</del>t das sey dan</p><pb n="30"/><p> </p><p><supplied>da sey dan</supplied> Mit freigebiger Hand, dankbar vertheilet es geniessen<lb/><supplied>Es geniessen</supplied> Alle geliebten davon, auch der Bedürftige mit!</p></div><div xml:id="d23400504" corresp="d891500" ><head resp="#editor">Tagebucheintrag<date> 13.10.1816 </date></head><pb n="30"/><p>1816 10 13 <lb/><rs ref="#i884031" type="object">Liberale Denkungsart<lb/></rs>Dieses Wort wird so oft gebraucht u gerühmt u doch<lb/>habe ich schon vielfältig bemerkt daß die so das thun,<lb/>doch in ihrem Betragen keine liberalen Gesinnungen<lb/>äussern: ich dachte schon oft darüber nach u fand<lb/>daß es bei dieser Eigenschaft wie bei jeder Tugend sey,<lb/>der Mensch kann sie nur in so ferne schätzen als er fähig<lb/>ist sie zu erkennen u Kraft genug hat ihr seinen<lb/>kleineigen Leidenschaften unterzuordnen.<lb/>So sehr ich Menschen die sich bitterlich beklagen über Zwang<lb/>in Äusserung der Gesinnungen, alter Schlendrian u.d.g.<lb/>wirklich sind dieser ihre Begriffe etwas aufgeklärter als<lb/>deren ihre, über welche sie klagen: aber stößt ihnen<lb/>ein andrer auf, der weiter, oder anders sieht als sie,<lb/>gleich wird er ein excenterischer Kopf, ein Schwärmer<lb/>geheisen: so drückt u beschränkt einer den andern<lb/>denn jeder kennt u preist nur seine Kappe.<lb/>Ein beschränkter Mensch kann unmöglich liberale<lb/>Gesinnungen haben: je beschränkter je absprechender<lb/>u herrschsüchtiger in jedem Sinn. – Nur der Mensch</p><pb n="31"/><p> </p><p>so Gefühl hat für die unendlich manigfachen Kräfte,<lb/>u Schöheiten der körperlichen u geistigen Naturen,<lb/><supplied>nun</supplied> kan ein Dichter seyn. – Nur der, so eine freie<lb/>Einsicht in die innerlichen Verschiedenheiten der geistigen<lb/>Kräfte hat, kan eine wahre liberale Denkungsart<lb/>haben.<lb/> </p><p>Der Bürger beschwert sich über jeden Despotismus der Großen;<lb/>aber hat nicht jener auch der seine, den er ausübt u als<lb/>Recht ansieht u eben so fest daran hält als die Großen<lb/>an dem ihrigen? Wo ist doch wahre Freiheit wahres<lb/>Menschenrecht wirklich anerkannt? So hörte ich letzthin<lb/>einen Mann, über Ungerechtigkeit u Bedrückung<lb/>bitterlich klagen: aber der gleiche M. ist nun im Fall seine<lb/>Tochter an einen Mann zu verheurathen der reich, gelehrt,<lb/>aber der Tochter sehr misfällig ist, u letzteres nicht<lb/>ohne guten Gründe: wir wollen doch sehn wie weit<lb/>die freie <rs ref="#i874486" type="object">Denkungsart dieses Mannes</rs> geht?</p><p>Nun einmal habe ich mich zu Gunsten der Menschheit<lb/>betrogen; möchte das mir oft geschehen!</p></div><div xml:id="d23400505" corresp="d891508" ><head resp="#editor">Tagebucheintrag<date> 28.10.1816 </date></head><pb n="32"/><p>1816 10 28<lb/>Ich bin so wenig über die Fortschritte der <rs ref="#i867913" type="person"><rs ref="#i868031" type="person"><rs ref="#i868056" type="person">Mädche</rs></rs></rs>n zufrieden<lb/>daß ich darüber oft ganz darniedergeschlagen bin:<lb/>ist es die <rs ref="#i874045" type="object">Methode</rs>? Ist es die nicht gute Anwendung<lb/>derselben? Ersters glaube ich nicht: Letzters mag wohl<lb/>zum Theil in etwas statt haben: es sollte mehr Leben, mehr<lb/>Aufmunterung dabei statt haben, man sollte den Kindern<lb/>zum schnellen Denken, ohne eigentlich für sie zu denken, doch<lb/>Anweisung dazu geben. Sie haben sehr wenig Fertigkeit<lb/>allein ich glaube nicht daß diese gestärkt werden wenn<lb/>man sie gar zu lange an demselben nachdenken laßt;<lb/>sondern, wenn man <del>nach</del> ihren Fähigkeiten, ihnen die Sache<lb/>vorzeigte, wie sie gedacht u gefunden werden müßte, so <lb/>würde das den Kd. Denkfähigkeit mehr födern u in<lb/>Übung bringen. Ich sehe aber wohl wie schwer das <supplied>zu</supplied><lb/>Richtige, darin zu finden ist u weis es selbst nicht genau<lb/>anzugeben. Doch war alles was bis dahin gethan worden<lb/>nicht ohne gute Wirkung u ich hoffe u sehe zum Theil schon ein<lb/>daß der Weg gebahnt u alles bald besser gehn werde.<lb/>Ich sehe daß schon auf die Gemüther der Kinder gewirkt worden<lb/>daß sie mit mehr Lust an ihren Geschäfften sind, auch mehr<lb/>Zutraulichkeit zu mir u <rs ref="#i873838" type="object">Jfr. St.</rs> haben.</p></div><div xml:id="d23400522" corresp="d891508" ><head resp="#editor">Tagebucheintrag<date> 28.10.1816 </date></head><pb n="33"/><p>16 10 28<lb/>Wie die <rs ref="#i873922" type="object">Religiosität</rs> wieder einen so merkwürdigen Schwung<lb/>nimt! Es ist mir sehr erfreulich das zu sehen: freilich ist<lb/>sie mit Schwärmerei u Aberglauben vermischt! Ist eine<lb/>Rückwirckung des vorher traurig herrschenden Unglaubens;<lb/>Ist das entgegengesetzte Äusserste: kann allso nicht das<lb/>Rechte seyn. – Aber wo ist für den schwachen menschlichen<lb/>Geist das eigentliche Wahre zu finden? – Ist nicht Irthum<lb/>ewig sein Loos? Allein bei jeder Religion, liegt doch<lb/>immer Furcht Gottes u Moralität zur Grundlage, wenn<lb/>Sie auch mit noch vielen Irthümern vermischt seyn möchte.<lb/>Bei Ireligiositet hingegen, wo sind die Schranken die<lb/>den Ungebildeten u selbst den dem Anschein nach sehr<lb/>Gebildeten in den Schranken halten?</p></div><div xml:id="d23400506" corresp="d891516" ><head resp="#editor">Tagebucheintrag<date> 11.11.1816 </date></head><pb n="33"/><p>1816 11 11<lb/>Allmanach von <rs ref="#i869821" type="person">de la Motte Fouquet</rs> <rs ref="#i891828" type="book_etc">Seite 257</rs> [unles.]<lb/>eine Novelle von <rs ref="#i869636" type="person">Franz Horn.</rs> Giebt zu manchem<lb/>Fehltritt Veranlassung: enthält aber doch viel <lb/>Schönes u Wahres u hat mir Freude gemacht.</p></div><div xml:id="d23400507" corresp="d891524" ><head resp="#editor">Tagebucheintrag<date> 16.11.1816 </date></head><pb n="33"/><p>1816 11 16<lb/><rs ref="#i873990" type="object">Muth im Reden u Handlen</rs> sollen wir doch immer beweisen<lb/>u uns weder durch Menschenfurcht, noch durch den Mangel<lb/>an gutem Erfolg abschrecken lassen. Es hat mir vor einigem <lb/>viele Anstreng gekostet über eine Sache offen meine Meinung</p><pb n="34"/><p> </p><p>zu sagen weil ich voraus sah schmerzlich zu beleidigen u <lb/>vieleicht keinen Nutzen daraus erfolgen würde: ich hielt<lb/>es aber für meine Pflicht. That es; sah aber lange<lb/>keinen Erfolg; war aber doch mit mir zufrieden,<lb/>u ertrug, wohl mit Schmerz aber ohne Reue, die Bitter-<lb/>keit die meine Freimüthigkeit erzeugt hatte.<lb/>Wie sehr freut es mich aber jetzt dass ich sehe dass man<lb/>meine Gründe u Absichten eingesehen, u wo nicht ganz<lb/>darnach gehandelt, doch empfunden dass man so handeln<lb/>sollte.</p></div><div xml:id="d23400508" corresp="d891532" ><head resp="#editor">Tagebucheintrag<date> 18.11.1816 </date></head><pb n="34"/><p>18 11 16<lb/>Ich wohnte gestern der <rs ref="#i874235" type="object">Kinderlehre</rs> in der <rs ref="#i873922" type="object">Kirche</rs> bei, ich<lb/>hoffte daß der <rs ref="#i873838" type="object">Pfarrer</rs>, von dem ich vieles rühmens hörte,<lb/>meinen Erwartungen entsprechen würde allein ich war<lb/>schmerzlich betrogen. Er behandelte die Bitte des Unser-<lb/>Vaters „Vergieb uns unsre Schulden“ u w. [?] Er behandelte <lb/>die Sache so ganz auf alttestamentliche Weise, verglich<lb/>Gott einem strengen Schuldherrn, der nur durch Christi Blut<lb/>für unsere Schulden Genugtuung erhalten hat: ich kann <lb/>diese jüdisch christlichen Vorstellungen von Gott nicht leiden:<lb/> </p><pb n="35"/><p> </p><p>ist es dan nicht einmal Zeit daß wir ganz Christen<lb/>seyen u von Gott uns christliche Vorstellungen machen?<lb/>Wie gemein u sinnlich ist das Bild eines Gottes der<lb/>bezahlt seyn will! Es scheint mir eine so einfache,<lb/>mit der Vernunft u dem gebildeten Herzen, ganz überein-<lb/>stimmende Idee, sich Gott als den allgütigsten u allweisesten<lb/>Vater vorzustellen; lernt uns ihn Christus nicht als<lb/>solchen kennen? Warum bleibt man doch immer nur<lb/>am Buchstaben hangen da uns doch Christus, selbst u<lb/>auch seine Apostel, nur auf den innern Sinn seiner<lb/>Worte hinweiset, da er meist nur durch Gleichnisse<lb/>u Sinnbilder spricht u immer nur zum Kerne hinweiset?<lb/>„Wer Ohren hat zu hören der höre“ hat er nicht Manches<lb/>in einen Schleier eingehüllt weil seine Zeitgenossen noch<lb/>nicht fähig waren es zu faßen, wurde nicht manches<lb/>so gesagt, so eingekleidet daß es mit den Begriffen der<lb/>damaligen Zeit nicht zu sehr abstoßte? An den Begriff<lb/>der Juden</p><pb n="36"/><p> </p><p>Ich las so eben in dem 4ten Buche Esra, u finde<lb/>darin, freilich unter vielen dunkeln, die herrlich-<lb/>sten Lehrsätze; besonders ist darin der Glaube an<lb/>Unsterblichkeit so kräftig dargethan. Immer aber<lb/>besonder bei dieser letzten Durchlesung der Bibel<lb/>freuen mich die Stellen des alten Testamentes, wo <lb/>diese Lehre u dieser Glaube so helle hervorleuchten, sie<lb/>sind mir ein erfreulicher Beweis der Gnade Gottes<lb/>die den Menschen von Anfang her nicht ohne Licht<lb/>nicht ohne die Spur des göttlichen Bildes gelassen, die <lb/>jedem der nach Wahrheit rang, auch Trost u Erqui-<lb/>kung sandte. Ich wünschte immer man benützte<lb/>in der christlichen Unterweisung diese schönen lehr-<lb/>reichen Stellen mehr u setzte sie in treffenden Einklang<lb/>mit der beseeligenden Lehre Christi!<lb/> </p><p>Die Landesverweisung war bei den Alten die größte<lb/>Straffe die man über einen Menschen ergehn lassen<lb/>konnte: es giebt so noch jetz eine andere Art von<lb/>Verweisung die dem Menschen nicht minder hart zu ertra-</p><pb n="37"/><p> </p><p>gen ist; nehmlich wenn er von einer Art von Thätig-<lb/>keit, für die seine Natur geschaffen ist, in welcher<lb/>er frohes Leben findet, weggerissen u in eine<lb/>andere die für ihn nicht paßt, oder gar in eine unthätige <lb/>unthätige Lage versetzt wird. Nur die Weisen des<lb/>Alterthums ertrugen ihre Verweisung ohne in Fehler<lb/>oder Verzweiflung zu gerathen; wohl dem welcher<lb/>vom Himmel Weisheit erhalten, um die Andere<lb/>Verweisung gut zu bestehn!<lb/> </p><p>Wissen u empfinden<lb/>Lern ich dies oder jenes, es schafft in dem dunkeln Pfade<lb/>dieses Lebens mir einen erhelleten Punkt.<lb/>Schenket die Gottheit mir den Augenblick schöner Empfindung<lb/>Ists ein beseligender Blick in die zukünftige Weld.<lb/> </p><p>Wehmühtige</p></div><div xml:id="d23400509" corresp="d891540" ><head resp="#editor">Stimmung<date> 17.04.1817 </date></head><pb n="38"/><p>1817 4 17<lb/>Im <rs ref="#i873943" type="object">Alter</rs> ist es gar zu schwer von seinen<lb/>Gewohnheiten, seinen Umgebungen nach den leblosen<lb/>abzugehen, man lebt mehr in der Vergangenheit<lb/>als in der Gegenwart, alte Gegenstände so uns diese<lb/>zurück ruffen sind uns theuer; nach dem neuen gelü-<lb/>stet uns wenig man gewohnt sich nicht leicht mehr<lb/>daran: wie peinlich habe ich das in den letzten<lb/>Jahren erfahren! Ich kämpfe mit allen Gründen<lb/>der Vernunft dagegen u werde ferner mich zu<lb/>halten suchen, allein die Natur vertheidigt ihre Rechte.</p></div><div xml:id="d23400510" corresp="d891548" ><head resp="#editor">Tagebucheintrag<date> 18.04.1817 </date></head><pb n="38"/><p>18</p><p>Wie <rs ref="#i874141" type="object">manche Pflanze stirb</rs> dahin aus Mangel an<lb/>Sonne, aus Mangel an wohlthätiger Begiessung!<lb/>Wie manches menschliche Herz ebenso!<lb/><rs ref="#i870006" type="person">„</rs>Das arme Herz hienieden durch manchen Kampf bewegt,<lb/>Erlangt den süssen Frieden nur wenn es nicht mehr schlägt<rs ref="#i891852" type="book_etc">“<lb/></rs> </p><p>Wie wahr ist es daß der Mensch nur durch die<lb/><rs ref="#i873922" type="object">Religion</rs> die wahre innere Ruhe erhält die ihn die <lb/>Beschwerden dieses Lebens ruhig ertragen lassen: was<lb/><rs ref="#i873990" type="object">wäre ich ohne Sie?</rs> Was kann man nicht durch sie?</p></div>
       </body></text>
   </TEI>
    